CASE_ID,GROUP_ID,CENTER_CASE,RADIUS_FRACTION,POINT_INDEX
F00001,F01,L02950,0.005,0
F00002,F01,L02950,0.005,1
F00003,F01,L02950,0.005,2
F00004,F01,L02950,0.005,3
F00005,F01,L02950,0.005,4
F00006,F01,L02950,0.005,5
F00007,F01,L02950,0.005,6
F00008,F01,L02950,0.005,7
F00009,F01,L02950,0.005,8
F00010,F01,L02950,0.005,9
F00011,F01,L02950,0.005,10
F00012,F01,L02950,0.005,11
F00013,F01,L02950,0.005,12
F00014,F01,L02950,0.005,13
F00015,F01,L02950,0.005,14
F00016,F01,L02950,0.005,15
F00017,F01,L02950,0.005,16
F00018,F01,L02950,0.005,17
F00019,F01,L02950,0.005,18
F00020,F01,L02950,0.005,19
F00021,F01,L02950,0.005,20
F00022,F01,L02950,0.005,21
F00023,F01,L02950,0.005,22
F00024,F01,L02950,0.005,23
F00025,F01,L02950,0.005,24
F00026,F01,L02950,0.005,25
F00027,F01,L02950,0.005,26
F00028,F01,L02950,0.005,27
F00029,F01,L02950,0.005,28
F00030,F01,L02950,0.005,29
F00031,F01,L02950,0.005,30
F00032,F01,L02950,0.005,31
F00033,F01,L02950,0.005,32
F00034,F01,L02950,0.005,33
F00035,F01,L02950,0.005,34
F00036,F01,L02950,0.005,35
F00037,F01,L02950,0.005,36
F00038,F01,L02950,0.005,37
F00039,F01,L02950,0.005,38
F00040,F01,L02950,0.005,39
F00041,F01,L02950,0.005,40
F00042,F01,L02950,0.005,41
F00043,F01,L02950,0.005,42
F00044,F01,L02950,0.005,43
F00045,F01,L02950,0.005,44
F00046,F01,L02950,0.005,45
F00047,F01,L02950,0.005,46
F00048,F01,L02950,0.005,47
F00049,F01,L02950,0.005,48
F00050,F01,L02950,0.005,49
F00051,F01,L02950,0.005,50
F00052,F01,L02950,0.005,51
F00053,F01,L02950,0.005,52
F00054,F01,L02950,0.005,53
F00055,F01,L02950,0.005,54
F00056,F01,L02950,0.005,55
F00057,F01,L02950,0.005,56
F00058,F01,L02950,0.005,57
F00059,F01,L02950,0.005,58
F00060,F01,L02950,0.005,59
F00061,F01,L02950,0.005,60
F00062,F01,L02950,0.005,61
F00063,F01,L02950,0.005,62
F00064,F01,L02950,0.005,63
F00065,F01,L02950,0.005,64
F00066,F01,L02950,0.005,65
F00067,F01,L02950,0.005,66
F00068,F01,L02950,0.005,67
F00069,F01,L02950,0.005,68
F00070,F01,L02950,0.005,69
F00071,F01,L02950,0.005,70
F00072,F01,L02950,0.005,71
F00073,F01,L02950,0.005,72
F00074,F01,L02950,0.005,73
F00075,F01,L02950,0.005,74
F00076,F01,L02950,0.005,75
F00077,F01,L02950,0.005,76
F00078,F01,L02950,0.005,77
F00079,F01,L02950,0.005,78
F00080,F01,L02950,0.005,79
F00081,F01,L02950,0.005,80
F00082,F01,L02950,0.005,81
F00083,F01,L02950,0.005,82
F00084,F01,L02950,0.005,83
F00085,F01,L02950,0.005,84
F00086,F01,L02950,0.005,85
F00087,F01,L02950,0.005,86
F00088,F01,L02950,0.005,87
F00089,F01,L02950,0.005,88
F00090,F01,L02950,0.005,89
F00091,F01,L02950,0.005,90
F00092,F01,L02950,0.005,91
F00093,F01,L02950,0.005,92
F00094,F01,L02950,0.005,93
F00095,F01,L02950,0.005,94
F00096,F01,L02950,0.005,95
F00097,F01,L02950,0.005,96
F00098,F01,L02950,0.005,97
F00099,F01,L02950,0.005,98
F00100,F01,L02950,0.005,99
F00101,F01,L02950,0.005,100
F00102,F01,L02950,0.005,101
F00103,F01,L02950,0.005,102
F00104,F01,L02950,0.005,103
F00105,F01,L02950,0.005,104
F00106,F01,L02950,0.005,105
F00107,F01,L02950,0.005,106
F00108,F01,L02950,0.005,107
F00109,F01,L02950,0.005,108
F00110,F01,L02950,0.005,109
F00111,F01,L02950,0.005,110
F00112,F01,L02950,0.005,111
F00113,F01,L02950,0.005,112
F00114,F01,L02950,0.005,113
F00115,F01,L02950,0.005,114
F00116,F01,L02950,0.005,115
F00117,F01,L02950,0.005,116
F00118,F01,L02950,0.005,117
F00119,F01,L02950,0.005,118
F00120,F01,L02950,0.005,119
F00121,F01,L02950,0.005,120
F00122,F01,L02950,0.005,121
F00123,F01,L02950,0.005,122
F00124,F01,L02950,0.005,123
F00125,F01,L02950,0.005,124
F00126,F01,L02950,0.005,125
F00127,F01,L02950,0.005,126
F00128,F01,L02950,0.005,127
F00129,F01,L02950,0.005,128
F00130,F01,L02950,0.005,129
F00131,F01,L02950,0.005,130
F00132,F01,L02950,0.005,131
F00133,F01,L02950,0.005,132
F00134,F01,L02950,0.005,133
F00135,F01,L02950,0.005,134
F00136,F01,L02950,0.005,135
F00137,F01,L02950,0.005,136
F00138,F01,L02950,0.005,137
F00139,F01,L02950,0.005,138
F00140,F01,L02950,0.005,139
F00141,F01,L02950,0.005,140
F00142,F01,L02950,0.005,141
F00143,F01,L02950,0.005,142
F00144,F01,L02950,0.005,143
F00145,F01,L02950,0.005,144
F00146,F01,L02950,0.005,145
F00147,F01,L02950,0.005,146
F00148,F01,L02950,0.005,147
F00149,F01,L02950,0.005,148
F00150,F01,L02950,0.005,149
F00151,F01,L02950,0.005,150
F00152,F01,L02950,0.005,151
F00153,F01,L02950,0.005,152
F00154,F01,L02950,0.005,153
F00155,F01,L02950,0.005,154
F00156,F01,L02950,0.005,155
F00157,F01,L02950,0.005,156
F00158,F01,L02950,0.005,157
F00159,F01,L02950,0.005,158
F00160,F01,L02950,0.005,159
F00161,F01,L02950,0.005,160
F00162,F01,L02950,0.005,161
F00163,F01,L02950,0.005,162
F00164,F01,L02950,0.005,163
F00165,F01,L02950,0.005,164
F00166,F01,L02950,0.005,165
F00167,F01,L02950,0.005,166
F00168,F01,L02950,0.005,167
F00169,F01,L02950,0.005,168
F00170,F01,L02950,0.005,169
F00171,F01,L02950,0.005,170
F00172,F01,L02950,0.005,171
F00173,F01,L02950,0.005,172
F00174,F01,L02950,0.005,173
F00175,F01,L02950,0.005,174
F00176,F01,L02950,0.005,175
F00177,F01,L02950,0.005,176
F00178,F01,L02950,0.005,177
F00179,F01,L02950,0.005,178
F00180,F01,L02950,0.005,179
F00181,F01,L02950,0.005,180
F00182,F01,L02950,0.005,181
F00183,F01,L02950,0.005,182
F00184,F01,L02950,0.005,183
F00185,F01,L02950,0.005,184
F00186,F01,L02950,0.005,185
F00187,F01,L02950,0.005,186
F00188,F01,L02950,0.005,187
F00189,F01,L02950,0.005,188
F00190,F01,L02950,0.005,189
F00191,F01,L02950,0.005,190
F00192,F01,L02950,0.005,191
F00193,F01,L02950,0.005,192
F00194,F01,L02950,0.005,193
F00195,F01,L02950,0.005,194
F00196,F01,L02950,0.005,195
F00197,F01,L02950,0.005,196
F00198,F01,L02950,0.005,197
F00199,F01,L02950,0.005,198
F00200,F01,L02950,0.005,199
F00201,F01,L02950,0.005,200
F00202,F01,L02950,0.005,201
F00203,F01,L02950,0.005,202
F00204,F01,L02950,0.005,203
F00205,F01,L02950,0.005,204
F00206,F01,L02950,0.005,205
F00207,F01,L02950,0.005,206
F00208,F01,L02950,0.005,207
F00209,F01,L02950,0.005,208
F00210,F01,L02950,0.005,209
F00211,F01,L02950,0.005,210
F00212,F01,L02950,0.005,211
F00213,F01,L02950,0.005,212
F00214,F01,L02950,0.005,213
F00215,F01,L02950,0.005,214
F00216,F01,L02950,0.005,215
F00217,F01,L02950,0.005,216
F00218,F01,L02950,0.005,217
F00219,F01,L02950,0.005,218
F00220,F01,L02950,0.005,219
F00221,F01,L02950,0.005,220
F00222,F01,L02950,0.005,221
F00223,F01,L02950,0.005,222
F00224,F01,L02950,0.005,223
F00225,F01,L02950,0.005,224
F00226,F01,L02950,0.005,225
F00227,F01,L02950,0.005,226
F00228,F01,L02950,0.005,227
F00229,F01,L02950,0.005,228
F00230,F01,L02950,0.005,229
F00231,F01,L02950,0.005,230
F00232,F01,L02950,0.005,231
F00233,F01,L02950,0.005,232
F00234,F01,L02950,0.005,233
F00235,F01,L02950,0.005,234
F00236,F01,L02950,0.005,235
F00237,F01,L02950,0.005,236
F00238,F01,L02950,0.005,237
F00239,F01,L02950,0.005,238
F00240,F01,L02950,0.005,239
F00241,F01,L02950,0.005,240
F00242,F01,L02950,0.005,241
F00243,F01,L02950,0.005,242
F00244,F01,L02950,0.005,243
F00245,F01,L02950,0.005,244
F00246,F01,L02950,0.005,245
F00247,F01,L02950,0.005,246
F00248,F01,L02950,0.005,247
F00249,F01,L02950,0.005,248
F00250,F01,L02950,0.005,249
F00251,F01,L02950,0.005,250
F00252,F01,L02950,0.005,251
F00253,F01,L02950,0.005,252
F00254,F01,L02950,0.005,253
F00255,F01,L02950,0.005,254
F00256,F01,L02950,0.005,255
F00257,F01,L02950,0.005,256
F00258,F01,L02950,0.005,257
F00259,F01,L02950,0.005,258
F00260,F01,L02950,0.005,259
F00261,F01,L02950,0.005,260
F00262,F01,L02950,0.005,261
F00263,F01,L02950,0.005,262
F00264,F01,L02950,0.005,263
F00265,F01,L02950,0.005,264
F00266,F01,L02950,0.005,265
F00267,F01,L02950,0.005,266
F00268,F01,L02950,0.005,267
F00269,F01,L02950,0.005,268
F00270,F01,L02950,0.005,269
F00271,F01,L02950,0.005,270
F00272,F01,L02950,0.005,271
F00273,F01,L02950,0.005,272
F00274,F01,L02950,0.005,273
F00275,F01,L02950,0.005,274
F00276,F01,L02950,0.005,275
F00277,F01,L02950,0.005,276
F00278,F01,L02950,0.005,277
F00279,F01,L02950,0.005,278
F00280,F01,L02950,0.005,279
F00281,F01,L02950,0.005,280
F00282,F01,L02950,0.005,281
F00283,F01,L02950,0.005,282
F00284,F01,L02950,0.005,283
F00285,F01,L02950,0.005,284
F00286,F01,L02950,0.005,285
F00287,F01,L02950,0.005,286
F00288,F01,L02950,0.005,287
F00289,F01,L02950,0.005,288
F00290,F01,L02950,0.005,289
F00291,F01,L02950,0.005,290
F00292,F01,L02950,0.005,291
F00293,F01,L02950,0.005,292
F00294,F01,L02950,0.005,293
F00295,F01,L02950,0.005,294
F00296,F01,L02950,0.005,295
F00297,F01,L02950,0.005,296
F00298,F01,L02950,0.005,297
F00299,F01,L02950,0.005,298
F00300,F01,L02950,0.005,299
F00301,F01,L02950,0.005,300
F00302,F01,L02950,0.005,301
F00303,F01,L02950,0.005,302
F00304,F01,L02950,0.005,303
F00305,F01,L02950,0.005,304
F00306,F01,L02950,0.005,305
F00307,F01,L02950,0.005,306
F00308,F01,L02950,0.005,307
F00309,F01,L02950,0.005,308
F00310,F01,L02950,0.005,309
F00311,F01,L02950,0.005,310
F00312,F01,L02950,0.005,311
F00313,F01,L02950,0.005,312
F00314,F01,L02950,0.005,313
F00315,F01,L02950,0.005,314
F00316,F01,L02950,0.005,315
F00317,F01,L02950,0.005,316
F00318,F01,L02950,0.005,317
F00319,F01,L02950,0.005,318
F00320,F01,L02950,0.005,319
F00321,F01,L02950,0.005,320
F00322,F01,L02950,0.005,321
F00323,F01,L02950,0.005,322
F00324,F01,L02950,0.005,323
F00325,F01,L02950,0.005,324
F00326,F01,L02950,0.005,325
F00327,F01,L02950,0.005,326
F00328,F01,L02950,0.005,327
F00329,F01,L02950,0.005,328
F00330,F01,L02950,0.005,329
F00331,F01,L02950,0.005,330
F00332,F01,L02950,0.005,331
F00333,F01,L02950,0.005,332
F00334,F01,L02950,0.005,333
F00335,F01,L02950,0.005,334
F00336,F01,L02950,0.005,335
F00337,F01,L02950,0.005,336
F00338,F01,L02950,0.005,337
F00339,F01,L02950,0.005,338
F00340,F01,L02950,0.005,339
F00341,F01,L02950,0.005,340
F00342,F01,L02950,0.005,341
F00343,F01,L02950,0.005,342
F00344,F01,L02950,0.005,343
F00345,F01,L02950,0.005,344
F00346,F01,L02950,0.005,345
F00347,F01,L02950,0.005,346
F00348,F01,L02950,0.005,347
F00349,F01,L02950,0.005,348
F00350,F01,L02950,0.005,349
F00351,F01,L02950,0.005,350
F00352,F01,L02950,0.005,351
F00353,F01,L02950,0.005,352
F00354,F01,L02950,0.005,353
F00355,F01,L02950,0.005,354
F00356,F01,L02950,0.005,355
F00357,F01,L02950,0.005,356
F00358,F01,L02950,0.005,357
F00359,F01,L02950,0.005,358
F00360,F01,L02950,0.005,359
F00361,F01,L02950,0.005,360
F00362,F01,L02950,0.005,361
F00363,F01,L02950,0.005,362
F00364,F01,L02950,0.005,363
F00365,F01,L02950,0.005,364
F00366,F01,L02950,0.005,365
F00367,F01,L02950,0.005,366
F00368,F01,L02950,0.005,367
F00369,F01,L02950,0.005,368
F00370,F01,L02950,0.005,369
F00371,F01,L02950,0.005,370
F00372,F01,L02950,0.005,371
F00373,F01,L02950,0.005,372
F00374,F01,L02950,0.005,373
F00375,F01,L02950,0.005,374
F00376,F01,L02950,0.005,375
F00377,F01,L02950,0.005,376
F00378,F01,L02950,0.005,377
F00379,F01,L02950,0.005,378
F00380,F01,L02950,0.005,379
F00381,F01,L02950,0.005,380
F00382,F01,L02950,0.005,381
F00383,F01,L02950,0.005,382
F00384,F01,L02950,0.005,383
F00385,F01,L02950,0.005,384
F00386,F01,L02950,0.005,385
F00387,F01,L02950,0.005,386
F00388,F01,L02950,0.005,387
F00389,F01,L02950,0.005,388
F00390,F01,L02950,0.005,389
F00391,F01,L02950,0.005,390
F00392,F01,L02950,0.005,391
F00393,F01,L02950,0.005,392
F00394,F01,L02950,0.005,393
F00395,F01,L02950,0.005,394
F00396,F01,L02950,0.005,395
F00397,F01,L02950,0.005,396
F00398,F01,L02950,0.005,397
F00399,F01,L02950,0.005,398
F00400,F01,L02950,0.005,399
F00401,F01,L02950,0.005,400
F00402,F01,L02950,0.005,401
F00403,F01,L02950,0.005,402
F00404,F01,L02950,0.005,403
F00405,F01,L02950,0.005,404
F00406,F01,L02950,0.005,405
F00407,F01,L02950,0.005,406
F00408,F01,L02950,0.005,407
F00409,F01,L02950,0.005,408
F00410,F01,L02950,0.005,409
F00411,F01,L02950,0.005,410
F00412,F01,L02950,0.005,411
F00413,F01,L02950,0.005,412
F00414,F01,L02950,0.005,413
F00415,F01,L02950,0.005,414
F00416,F01,L02950,0.005,415
F00417,F01,L02950,0.005,416
F00418,F01,L02950,0.005,417
F00419,F01,L02950,0.005,418
F00420,F01,L02950,0.005,419
F00421,F01,L02950,0.005,420
F00422,F01,L02950,0.005,421
F00423,F01,L02950,0.005,422
F00424,F01,L02950,0.005,423
F00425,F01,L02950,0.005,424
F00426,F01,L02950,0.005,425
F00427,F01,L02950,0.005,426
F00428,F01,L02950,0.005,427
F00429,F01,L02950,0.005,428
F00430,F01,L02950,0.005,429
F00431,F01,L02950,0.005,430
F00432,F01,L02950,0.005,431
F00433,F01,L02950,0.005,432
F00434,F01,L02950,0.005,433
F00435,F01,L02950,0.005,434
F00436,F01,L02950,0.005,435
F00437,F01,L02950,0.005,436
F00438,F01,L02950,0.005,437
F00439,F01,L02950,0.005,438
F00440,F01,L02950,0.005,439
F00441,F01,L02950,0.005,440
F00442,F01,L02950,0.005,441
F00443,F01,L02950,0.005,442
F00444,F01,L02950,0.005,443
F00445,F01,L02950,0.005,444
F00446,F01,L02950,0.005,445
F00447,F01,L02950,0.005,446
F00448,F01,L02950,0.005,447
F00449,F01,L02950,0.005,448
F00450,F01,L02950,0.005,449
F00451,F01,L02950,0.005,450
F00452,F01,L02950,0.005,451
F00453,F01,L02950,0.005,452
F00454,F01,L02950,0.005,453
F00455,F01,L02950,0.005,454
F00456,F01,L02950,0.005,455
F00457,F01,L02950,0.005,456
F00458,F01,L02950,0.005,457
F00459,F01,L02950,0.005,458
F00460,F01,L02950,0.005,459
F00461,F01,L02950,0.005,460
F00462,F01,L02950,0.005,461
F00463,F01,L02950,0.005,462
F00464,F01,L02950,0.005,463
F00465,F01,L02950,0.005,464
F00466,F01,L02950,0.005,465
F00467,F01,L02950,0.005,466
F00468,F01,L02950,0.005,467
F00469,F01,L02950,0.005,468
F00470,F01,L02950,0.005,469
F00471,F01,L02950,0.005,470
F00472,F01,L02950,0.005,471
F00473,F01,L02950,0.005,472
F00474,F01,L02950,0.005,473
F00475,F01,L02950,0.005,474
F00476,F01,L02950,0.005,475
F00477,F01,L02950,0.005,476
F00478,F01,L02950,0.005,477
F00479,F01,L02950,0.005,478
F00480,F01,L02950,0.005,479
F00481,F01,L02950,0.005,480
F00482,F01,L02950,0.005,481
F00483,F01,L02950,0.005,482
F00484,F01,L02950,0.005,483
F00485,F01,L02950,0.005,484
F00486,F01,L02950,0.005,485
F00487,F01,L02950,0.005,486
F00488,F01,L02950,0.005,487
F00489,F01,L02950,0.005,488
F00490,F01,L02950,0.005,489
F00491,F01,L02950,0.005,490
F00492,F01,L02950,0.005,491
F00493,F01,L02950,0.005,492
F00494,F01,L02950,0.005,493
F00495,F01,L02950,0.005,494
F00496,F01,L02950,0.005,495
F00497,F01,L02950,0.005,496
F00498,F01,L02950,0.005,497
F00499,F01,L02950,0.005,498
F00500,F01,L02950,0.005,499
F00501,F01,L02950,0.005,500
F00502,F01,L02950,0.005,501
F00503,F01,L02950,0.005,502
F00504,F01,L02950,0.005,503
F00505,F01,L02950,0.005,504
F00506,F01,L02950,0.005,505
F00507,F01,L02950,0.005,506
F00508,F01,L02950,0.005,507
F00509,F01,L02950,0.005,508
F00510,F01,L02950,0.005,509
F00511,F01,L02950,0.005,510
F00512,F01,L02950,0.005,511
F00513,F01,L02950,0.005,512
F00514,F01,L02950,0.005,513
F00515,F01,L02950,0.005,514
F00516,F01,L02950,0.005,515
F00517,F01,L02950,0.005,516
F00518,F01,L02950,0.005,517
F00519,F01,L02950,0.005,518
F00520,F01,L02950,0.005,519
F00521,F01,L02950,0.005,520
F00522,F01,L02950,0.005,521
F00523,F01,L02950,0.005,522
F00524,F01,L02950,0.005,523
F00525,F01,L02950,0.005,524
F00526,F01,L02950,0.005,525
F00527,F01,L02950,0.005,526
F00528,F01,L02950,0.005,527
F00529,F01,L02950,0.005,528
F00530,F01,L02950,0.005,529
F00531,F01,L02950,0.005,530
F00532,F01,L02950,0.005,531
F00533,F01,L02950,0.005,532
F00534,F01,L02950,0.005,533
F00535,F01,L02950,0.005,534
F00536,F01,L02950,0.005,535
F00537,F01,L02950,0.005,536
F00538,F01,L02950,0.005,537
F00539,F01,L02950,0.005,538
F00540,F01,L02950,0.005,539
F00541,F01,L02950,0.005,540
F00542,F01,L02950,0.005,541
F00543,F01,L02950,0.005,542
F00544,F01,L02950,0.005,543
F00545,F01,L02950,0.005,544
F00546,F01,L02950,0.005,545
F00547,F01,L02950,0.005,546
F00548,F01,L02950,0.005,547
F00549,F01,L02950,0.005,548
F00550,F01,L02950,0.005,549
F00551,F01,L02950,0.005,550
F00552,F01,L02950,0.005,551
F00553,F01,L02950,0.005,552
F00554,F01,L02950,0.005,553
F00555,F01,L02950,0.005,554
F00556,F01,L02950,0.005,555
F00557,F01,L02950,0.005,556
F00558,F01,L02950,0.005,557
F00559,F01,L02950,0.005,558
F00560,F01,L02950,0.005,559
F00561,F01,L02950,0.005,560
F00562,F01,L02950,0.005,561
F00563,F01,L02950,0.005,562
F00564,F01,L02950,0.005,563
F00565,F01,L02950,0.005,564
F00566,F01,L02950,0.005,565
F00567,F01,L02950,0.005,566
F00568,F01,L02950,0.005,567
F00569,F01,L02950,0.005,568
F00570,F01,L02950,0.005,569
F00571,F01,L02950,0.005,570
F00572,F01,L02950,0.005,571
F00573,F01,L02950,0.005,572
F00574,F01,L02950,0.005,573
F00575,F01,L02950,0.005,574
F00576,F01,L02950,0.005,575
F00577,F01,L02950,0.005,576
F00578,F01,L02950,0.005,577
F00579,F01,L02950,0.005,578
F00580,F01,L02950,0.005,579
F00581,F01,L02950,0.005,580
F00582,F01,L02950,0.005,581
F00583,F01,L02950,0.005,582
F00584,F01,L02950,0.005,583
F00585,F01,L02950,0.005,584
F00586,F01,L02950,0.005,585
F00587,F01,L02950,0.005,586
F00588,F01,L02950,0.005,587
F00589,F01,L02950,0.005,588
F00590,F01,L02950,0.005,589
F00591,F01,L02950,0.005,590
F00592,F01,L02950,0.005,591
F00593,F01,L02950,0.005,592
F00594,F01,L02950,0.005,593
F00595,F01,L02950,0.005,594
F00596,F01,L02950,0.005,595
F00597,F01,L02950,0.005,596
F00598,F01,L02950,0.005,597
F00599,F01,L02950,0.005,598
F00600,F01,L02950,0.005,599
F00601,F01,L02950,0.005,600
F00602,F01,L02950,0.005,601
F00603,F01,L02950,0.005,602
F00604,F01,L02950,0.005,603
F00605,F01,L02950,0.005,604
F00606,F01,L02950,0.005,605
F00607,F01,L02950,0.005,606
F00608,F01,L02950,0.005,607
F00609,F01,L02950,0.005,608
F00610,F01,L02950,0.005,609
F00611,F01,L02950,0.005,610
F00612,F01,L02950,0.005,611
F00613,F01,L02950,0.005,612
F00614,F01,L02950,0.005,613
F00615,F01,L02950,0.005,614
F00616,F01,L02950,0.005,615
F00617,F01,L02950,0.005,616
F00618,F01,L02950,0.005,617
F00619,F01,L02950,0.005,618
F00620,F01,L02950,0.005,619
F00621,F01,L02950,0.005,620
F00622,F01,L02950,0.005,621
F00623,F01,L02950,0.005,622
F00624,F01,L02950,0.005,623
F00625,F01,L02950,0.005,624
F00626,F01,L02950,0.005,625
F00627,F01,L02950,0.005,626
F00628,F01,L02950,0.005,627
F00629,F01,L02950,0.005,628
F00630,F01,L02950,0.005,629
F00631,F01,L02950,0.005,630
F00632,F01,L02950,0.005,631
F00633,F01,L02950,0.005,632
F00634,F01,L02950,0.005,633
F00635,F01,L02950,0.005,634
F00636,F01,L02950,0.005,635
F00637,F01,L02950,0.005,636
F00638,F01,L02950,0.005,637
F00639,F01,L02950,0.005,638
F00640,F01,L02950,0.005,639
F00641,F01,L02950,0.005,640
F00642,F01,L02950,0.005,641
F00643,F01,L02950,0.005,642
F00644,F01,L02950,0.005,643
F00645,F01,L02950,0.005,644
F00646,F01,L02950,0.005,645
F00647,F01,L02950,0.005,646
F00648,F01,L02950,0.005,647
F00649,F01,L02950,0.005,648
F00650,F01,L02950,0.005,649
F00651,F01,L02950,0.005,650
F00652,F01,L02950,0.005,651
F00653,F01,L02950,0.005,652
F00654,F01,L02950,0.005,653
F00655,F01,L02950,0.005,654
F00656,F01,L02950,0.005,655
F00657,F01,L02950,0.005,656
F00658,F01,L02950,0.005,657
F00659,F01,L02950,0.005,658
F00660,F01,L02950,0.005,659
F00661,F01,L02950,0.005,660
F00662,F01,L02950,0.005,661
F00663,F01,L02950,0.005,662
F00664,F01,L02950,0.005,663
F00665,F01,L02950,0.005,664
F00666,F01,L02950,0.005,665
F00667,F01,L02950,0.005,666
F00668,F01,L02950,0.005,667
F00669,F01,L02950,0.005,668
F00670,F01,L02950,0.005,669
F00671,F01,L02950,0.005,670
F00672,F01,L02950,0.005,671
F00673,F01,L02950,0.005,672
F00674,F01,L02950,0.005,673
F00675,F01,L02950,0.005,674
F00676,F01,L02950,0.005,675
F00677,F01,L02950,0.005,676
F00678,F01,L02950,0.005,677
F00679,F01,L02950,0.005,678
F00680,F01,L02950,0.005,679
F00681,F01,L02950,0.005,680
F00682,F01,L02950,0.005,681
F00683,F01,L02950,0.005,682
F00684,F01,L02950,0.005,683
F00685,F01,L02950,0.005,684
F00686,F01,L02950,0.005,685
F00687,F01,L02950,0.005,686
F00688,F01,L02950,0.005,687
F00689,F01,L02950,0.005,688
F00690,F01,L02950,0.005,689
F00691,F01,L02950,0.005,690
F00692,F01,L02950,0.005,691
F00693,F01,L02950,0.005,692
F00694,F01,L02950,0.005,693
F00695,F01,L02950,0.005,694
F00696,F01,L02950,0.005,695
F00697,F01,L02950,0.005,696
F00698,F01,L02950,0.005,697
F00699,F01,L02950,0.005,698
F00700,F01,L02950,0.005,699
F00701,F01,L02950,0.005,700
F00702,F01,L02950,0.005,701
F00703,F01,L02950,0.005,702
F00704,F01,L02950,0.005,703
F00705,F01,L02950,0.005,704
F00706,F01,L02950,0.005,705
F00707,F01,L02950,0.005,706
F00708,F01,L02950,0.005,707
F00709,F01,L02950,0.005,708
F00710,F01,L02950,0.005,709
F00711,F01,L02950,0.005,710
F00712,F01,L02950,0.005,711
F00713,F01,L02950,0.005,712
F00714,F01,L02950,0.005,713
F00715,F01,L02950,0.005,714
F00716,F01,L02950,0.005,715
F00717,F01,L02950,0.005,716
F00718,F01,L02950,0.005,717
F00719,F01,L02950,0.005,718
F00720,F01,L02950,0.005,719
F00721,F01,L02950,0.005,720
F00722,F01,L02950,0.005,721
F00723,F01,L02950,0.005,722
F00724,F01,L02950,0.005,723
F00725,F01,L02950,0.005,724
F00726,F01,L02950,0.005,725
F00727,F01,L02950,0.005,726
F00728,F01,L02950,0.005,727
F00729,F01,L02950,0.005,728
F00730,F01,L02950,0.005,729
F00731,F01,L02950,0.005,730
F00732,F01,L02950,0.005,731
F00733,F01,L02950,0.005,732
F00734,F01,L02950,0.005,733
F00735,F01,L02950,0.005,734
F00736,F01,L02950,0.005,735
F00737,F01,L02950,0.005,736
F00738,F01,L02950,0.005,737
F00739,F01,L02950,0.005,738
F00740,F01,L02950,0.005,739
F00741,F01,L02950,0.005,740
F00742,F01,L02950,0.005,741
F00743,F01,L02950,0.005,742
F00744,F01,L02950,0.005,743
F00745,F01,L02950,0.005,744
F00746,F01,L02950,0.005,745
F00747,F01,L02950,0.005,746
F00748,F01,L02950,0.005,747
F00749,F01,L02950,0.005,748
F00750,F01,L02950,0.005,749
F00751,F01,L02950,0.005,750
F00752,F01,L02950,0.005,751
F00753,F01,L02950,0.005,752
F00754,F01,L02950,0.005,753
F00755,F01,L02950,0.005,754
F00756,F01,L02950,0.005,755
F00757,F01,L02950,0.005,756
F00758,F01,L02950,0.005,757
F00759,F01,L02950,0.005,758
F00760,F01,L02950,0.005,759
F00761,F01,L02950,0.005,760
F00762,F01,L02950,0.005,761
F00763,F01,L02950,0.005,762
F00764,F01,L02950,0.005,763
F00765,F01,L02950,0.005,764
F00766,F01,L02950,0.005,765
F00767,F01,L02950,0.005,766
F00768,F01,L02950,0.005,767
F00769,F01,L02950,0.005,768
F00770,F01,L02950,0.005,769
F00771,F01,L02950,0.005,770
F00772,F01,L02950,0.005,771
F00773,F01,L02950,0.005,772
F00774,F01,L02950,0.005,773
F00775,F01,L02950,0.005,774
F00776,F01,L02950,0.005,775
F00777,F01,L02950,0.005,776
F00778,F01,L02950,0.005,777
F00779,F01,L02950,0.005,778
F00780,F01,L02950,0.005,779
F00781,F01,L02950,0.005,780
F00782,F01,L02950,0.005,781
F00783,F01,L02950,0.005,782
F00784,F01,L02950,0.005,783
F00785,F01,L02950,0.005,784
F00786,F01,L02950,0.005,785
F00787,F01,L02950,0.005,786
F00788,F01,L02950,0.005,787
F00789,F01,L02950,0.005,788
F00790,F01,L02950,0.005,789
F00791,F01,L02950,0.005,790
F00792,F01,L02950,0.005,791
F00793,F01,L02950,0.005,792
F00794,F01,L02950,0.005,793
F00795,F01,L02950,0.005,794
F00796,F01,L02950,0.005,795
F00797,F01,L02950,0.005,796
F00798,F01,L02950,0.005,797
F00799,F01,L02950,0.005,798
F00800,F01,L02950,0.005,799
F00801,F01,L02950,0.005,800
F00802,F01,L02950,0.005,801
F00803,F01,L02950,0.005,802
F00804,F01,L02950,0.005,803
F00805,F01,L02950,0.005,804
F00806,F01,L02950,0.005,805
F00807,F01,L02950,0.005,806
F00808,F01,L02950,0.005,807
F00809,F01,L02950,0.005,808
F00810,F01,L02950,0.005,809
F00811,F01,L02950,0.005,810
F00812,F01,L02950,0.005,811
F00813,F01,L02950,0.005,812
F00814,F01,L02950,0.005,813
F00815,F01,L02950,0.005,814
F00816,F01,L02950,0.005,815
F00817,F01,L02950,0.005,816
F00818,F01,L02950,0.005,817
F00819,F01,L02950,0.005,818
F00820,F01,L02950,0.005,819
F00821,F01,L02950,0.005,820
F00822,F01,L02950,0.005,821
F00823,F01,L02950,0.005,822
F00824,F01,L02950,0.005,823
F00825,F01,L02950,0.005,824
F00826,F01,L02950,0.005,825
F00827,F01,L02950,0.005,826
F00828,F01,L02950,0.005,827
F00829,F01,L02950,0.005,828
F00830,F01,L02950,0.005,829
F00831,F01,L02950,0.005,830
F00832,F01,L02950,0.005,831
F00833,F01,L02950,0.005,832
F00834,F01,L02950,0.005,833
F00835,F01,L02950,0.005,834
F00836,F01,L02950,0.005,835
F00837,F01,L02950,0.005,836
F00838,F01,L02950,0.005,837
F00839,F01,L02950,0.005,838
F00840,F01,L02950,0.005,839
F00841,F01,L02950,0.005,840
F00842,F01,L02950,0.005,841
F00843,F01,L02950,0.005,842
F00844,F01,L02950,0.005,843
F00845,F01,L02950,0.005,844
F00846,F01,L02950,0.005,845
F00847,F01,L02950,0.005,846
F00848,F01,L02950,0.005,847
F00849,F01,L02950,0.005,848
F00850,F01,L02950,0.005,849
F00851,F01,L02950,0.005,850
F00852,F01,L02950,0.005,851
F00853,F01,L02950,0.005,852
F00854,F01,L02950,0.005,853
F00855,F01,L02950,0.005,854
F00856,F01,L02950,0.005,855
F00857,F01,L02950,0.005,856
F00858,F01,L02950,0.005,857
F00859,F01,L02950,0.005,858
F00860,F01,L02950,0.005,859
F00861,F01,L02950,0.005,860
F00862,F01,L02950,0.005,861
F00863,F01,L02950,0.005,862
F00864,F01,L02950,0.005,863
F00865,F01,L02950,0.005,864
F00866,F01,L02950,0.005,865
F00867,F01,L02950,0.005,866
F00868,F01,L02950,0.005,867
F00869,F01,L02950,0.005,868
F00870,F01,L02950,0.005,869
F00871,F01,L02950,0.005,870
F00872,F01,L02950,0.005,871
F00873,F01,L02950,0.005,872
F00874,F01,L02950,0.005,873
F00875,F01,L02950,0.005,874
F00876,F01,L02950,0.005,875
F00877,F01,L02950,0.005,876
F00878,F01,L02950,0.005,877
F00879,F01,L02950,0.005,878
F00880,F01,L02950,0.005,879
F00881,F01,L02950,0.005,880
F00882,F01,L02950,0.005,881
F00883,F01,L02950,0.005,882
F00884,F01,L02950,0.005,883
F00885,F01,L02950,0.005,884
F00886,F01,L02950,0.005,885
F00887,F01,L02950,0.005,886
F00888,F01,L02950,0.005,887
F00889,F01,L02950,0.005,888
F00890,F01,L02950,0.005,889
F00891,F01,L02950,0.005,890
F00892,F01,L02950,0.005,891
F00893,F01,L02950,0.005,892
F00894,F01,L02950,0.005,893
F00895,F01,L02950,0.005,894
F00896,F01,L02950,0.005,895
F00897,F01,L02950,0.005,896
F00898,F01,L02950,0.005,897
F00899,F01,L02950,0.005,898
F00900,F01,L02950,0.005,899
F00901,F01,L02950,0.005,900
F00902,F01,L02950,0.005,901
F00903,F01,L02950,0.005,902
F00904,F01,L02950,0.005,903
F00905,F01,L02950,0.005,904
F00906,F01,L02950,0.005,905
F00907,F01,L02950,0.005,906
F00908,F01,L02950,0.005,907
F00909,F01,L02950,0.005,908
F00910,F01,L02950,0.005,909
F00911,F01,L02950,0.005,910
F00912,F01,L02950,0.005,911
F00913,F01,L02950,0.005,912
F00914,F01,L02950,0.005,913
F00915,F01,L02950,0.005,914
F00916,F01,L02950,0.005,915
F00917,F01,L02950,0.005,916
F00918,F01,L02950,0.005,917
F00919,F01,L02950,0.005,918
F00920,F01,L02950,0.005,919
F00921,F01,L02950,0.005,920
F00922,F01,L02950,0.005,921
F00923,F01,L02950,0.005,922
F00924,F01,L02950,0.005,923
F00925,F01,L02950,0.005,924
F00926,F01,L02950,0.005,925
F00927,F01,L02950,0.005,926
F00928,F01,L02950,0.005,927
F00929,F01,L02950,0.005,928
F00930,F01,L02950,0.005,929
F00931,F01,L02950,0.005,930
F00932,F01,L02950,0.005,931
F00933,F01,L02950,0.005,932
F00934,F01,L02950,0.005,933
F00935,F01,L02950,0.005,934
F00936,F01,L02950,0.005,935
F00937,F01,L02950,0.005,936
F00938,F01,L02950,0.005,937
F00939,F01,L02950,0.005,938
F00940,F01,L02950,0.005,939
F00941,F01,L02950,0.005,940
F00942,F01,L02950,0.005,941
F00943,F01,L02950,0.005,942
F00944,F01,L02950,0.005,943
F00945,F01,L02950,0.005,944
F00946,F01,L02950,0.005,945
F00947,F01,L02950,0.005,946
F00948,F01,L02950,0.005,947
F00949,F01,L02950,0.005,948
F00950,F01,L02950,0.005,949
F00951,F01,L02950,0.005,950
F00952,F01,L02950,0.005,951
F00953,F01,L02950,0.005,952
F00954,F01,L02950,0.005,953
F00955,F01,L02950,0.005,954
F00956,F01,L02950,0.005,955
F00957,F01,L02950,0.005,956
F00958,F01,L02950,0.005,957
F00959,F01,L02950,0.005,958
F00960,F01,L02950,0.005,959
F00961,F01,L02950,0.005,960
F00962,F01,L02950,0.005,961
F00963,F01,L02950,0.005,962
F00964,F01,L02950,0.005,963
F00965,F01,L02950,0.005,964
F00966,F01,L02950,0.005,965
F00967,F01,L02950,0.005,966
F00968,F01,L02950,0.005,967
F00969,F01,L02950,0.005,968
F00970,F01,L02950,0.005,969
F00971,F01,L02950,0.005,970
F00972,F01,L02950,0.005,971
F00973,F01,L02950,0.005,972
F00974,F01,L02950,0.005,973
F00975,F01,L02950,0.005,974
F00976,F01,L02950,0.005,975
F00977,F01,L02950,0.005,976
F00978,F01,L02950,0.005,977
F00979,F01,L02950,0.005,978
F00980,F01,L02950,0.005,979
F00981,F01,L02950,0.005,980
F00982,F01,L02950,0.005,981
F00983,F01,L02950,0.005,982
F00984,F01,L02950,0.005,983
F00985,F01,L02950,0.005,984
F00986,F01,L02950,0.005,985
F00987,F01,L02950,0.005,986
F00988,F01,L02950,0.005,987
F00989,F01,L02950,0.005,988
F00990,F01,L02950,0.005,989
F00991,F01,L02950,0.005,990
F00992,F01,L02950,0.005,991
F00993,F01,L02950,0.005,992
F00994,F01,L02950,0.005,993
F00995,F01,L02950,0.005,994
F00996,F01,L02950,0.005,995
F00997,F01,L02950,0.005,996
F00998,F01,L02950,0.005,997
F00999,F01,L02950,0.005,998
F01000,F01,L02950,0.005,999
F01001,F01,L02950,0.005,1000
F01002,F01,L02950,0.005,1001
F01003,F01,L02950,0.005,1002
F01004,F01,L02950,0.005,1003
F01005,F01,L02950,0.005,1004
F01006,F01,L02950,0.005,1005
F01007,F01,L02950,0.005,1006
F01008,F01,L02950,0.005,1007
F01009,F01,L02950,0.005,1008
F01010,F01,L02950,0.005,1009
F01011,F01,L02950,0.005,1010
F01012,F01,L02950,0.005,1011
F01013,F01,L02950,0.005,1012
F01014,F01,L02950,0.005,1013
F01015,F01,L02950,0.005,1014
F01016,F01,L02950,0.005,1015
F01017,F01,L02950,0.005,1016
F01018,F01,L02950,0.005,1017
F01019,F01,L02950,0.005,1018
F01020,F01,L02950,0.005,1019
F01021,F01,L02950,0.005,1020
F01022,F01,L02950,0.005,1021
F01023,F01,L02950,0.005,1022
F01024,F01,L02950,0.005,1023
F01025,F02,L02950,0.01,0
F01026,F02,L02950,0.01,1
F01027,F02,L02950,0.01,2
F01028,F02,L02950,0.01,3
F01029,F02,L02950,0.01,4
F01030,F02,L02950,0.01,5
F01031,F02,L02950,0.01,6
F01032,F02,L02950,0.01,7
F01033,F02,L02950,0.01,8
F01034,F02,L02950,0.01,9
F01035,F02,L02950,0.01,10
F01036,F02,L02950,0.01,11
F01037,F02,L02950,0.01,12
F01038,F02,L02950,0.01,13
F01039,F02,L02950,0.01,14
F01040,F02,L02950,0.01,15
F01041,F02,L02950,0.01,16
F01042,F02,L02950,0.01,17
F01043,F02,L02950,0.01,18
F01044,F02,L02950,0.01,19
F01045,F02,L02950,0.01,20
F01046,F02,L02950,0.01,21
F01047,F02,L02950,0.01,22
F01048,F02,L02950,0.01,23
F01049,F02,L02950,0.01,24
F01050,F02,L02950,0.01,25
F01051,F02,L02950,0.01,26
F01052,F02,L02950,0.01,27
F01053,F02,L02950,0.01,28
F01054,F02,L02950,0.01,29
F01055,F02,L02950,0.01,30
F01056,F02,L02950,0.01,31
F01057,F02,L02950,0.01,32
F01058,F02,L02950,0.01,33
F01059,F02,L02950,0.01,34
F01060,F02,L02950,0.01,35
F01061,F02,L02950,0.01,36
F01062,F02,L02950,0.01,37
F01063,F02,L02950,0.01,38
F01064,F02,L02950,0.01,39
F01065,F02,L02950,0.01,40
F01066,F02,L02950,0.01,41
F01067,F02,L02950,0.01,42
F01068,F02,L02950,0.01,43
F01069,F02,L02950,0.01,44
F01070,F02,L02950,0.01,45
F01071,F02,L02950,0.01,46
F01072,F02,L02950,0.01,47
F01073,F02,L02950,0.01,48
F01074,F02,L02950,0.01,49
F01075,F02,L02950,0.01,50
F01076,F02,L02950,0.01,51
F01077,F02,L02950,0.01,52
F01078,F02,L02950,0.01,53
F01079,F02,L02950,0.01,54
F01080,F02,L02950,0.01,55
F01081,F02,L02950,0.01,56
F01082,F02,L02950,0.01,57
F01083,F02,L02950,0.01,58
F01084,F02,L02950,0.01,59
F01085,F02,L02950,0.01,60
F01086,F02,L02950,0.01,61
F01087,F02,L02950,0.01,62
F01088,F02,L02950,0.01,63
F01089,F02,L02950,0.01,64
F01090,F02,L02950,0.01,65
F01091,F02,L02950,0.01,66
F01092,F02,L02950,0.01,67
F01093,F02,L02950,0.01,68
F01094,F02,L02950,0.01,69
F01095,F02,L02950,0.01,70
F01096,F02,L02950,0.01,71
F01097,F02,L02950,0.01,72
F01098,F02,L02950,0.01,73
F01099,F02,L02950,0.01,74
F01100,F02,L02950,0.01,75
F01101,F02,L02950,0.01,76
F01102,F02,L02950,0.01,77
F01103,F02,L02950,0.01,78
F01104,F02,L02950,0.01,79
F01105,F02,L02950,0.01,80
F01106,F02,L02950,0.01,81
F01107,F02,L02950,0.01,82
F01108,F02,L02950,0.01,83
F01109,F02,L02950,0.01,84
F01110,F02,L02950,0.01,85
F01111,F02,L02950,0.01,86
F01112,F02,L02950,0.01,87
F01113,F02,L02950,0.01,88
F01114,F02,L02950,0.01,89
F01115,F02,L02950,0.01,90
F01116,F02,L02950,0.01,91
F01117,F02,L02950,0.01,92
F01118,F02,L02950,0.01,93
F01119,F02,L02950,0.01,94
F01120,F02,L02950,0.01,95
F01121,F02,L02950,0.01,96
F01122,F02,L02950,0.01,97
F01123,F02,L02950,0.01,98
F01124,F02,L02950,0.01,99
F01125,F02,L02950,0.01,100
F01126,F02,L02950,0.01,101
F01127,F02,L02950,0.01,102
F01128,F02,L02950,0.01,103
F01129,F02,L02950,0.01,104
F01130,F02,L02950,0.01,105
F01131,F02,L02950,0.01,106
F01132,F02,L02950,0.01,107
F01133,F02,L02950,0.01,108
F01134,F02,L02950,0.01,109
F01135,F02,L02950,0.01,110
F01136,F02,L02950,0.01,111
F01137,F02,L02950,0.01,112
F01138,F02,L02950,0.01,113
F01139,F02,L02950,0.01,114
F01140,F02,L02950,0.01,115
F01141,F02,L02950,0.01,116
F01142,F02,L02950,0.01,117
F01143,F02,L02950,0.01,118
F01144,F02,L02950,0.01,119
F01145,F02,L02950,0.01,120
F01146,F02,L02950,0.01,121
F01147,F02,L02950,0.01,122
F01148,F02,L02950,0.01,123
F01149,F02,L02950,0.01,124
F01150,F02,L02950,0.01,125
F01151,F02,L02950,0.01,126
F01152,F02,L02950,0.01,127
F01153,F02,L02950,0.01,128
F01154,F02,L02950,0.01,129
F01155,F02,L02950,0.01,130
F01156,F02,L02950,0.01,131
F01157,F02,L02950,0.01,132
F01158,F02,L02950,0.01,133
F01159,F02,L02950,0.01,134
F01160,F02,L02950,0.01,135
F01161,F02,L02950,0.01,136
F01162,F02,L02950,0.01,137
F01163,F02,L02950,0.01,138
F01164,F02,L02950,0.01,139
F01165,F02,L02950,0.01,140
F01166,F02,L02950,0.01,141
F01167,F02,L02950,0.01,142
F01168,F02,L02950,0.01,143
F01169,F02,L02950,0.01,144
F01170,F02,L02950,0.01,145
F01171,F02,L02950,0.01,146
F01172,F02,L02950,0.01,147
F01173,F02,L02950,0.01,148
F01174,F02,L02950,0.01,149
F01175,F02,L02950,0.01,150
F01176,F02,L02950,0.01,151
F01177,F02,L02950,0.01,152
F01178,F02,L02950,0.01,153
F01179,F02,L02950,0.01,154
F01180,F02,L02950,0.01,155
F01181,F02,L02950,0.01,156
F01182,F02,L02950,0.01,157
F01183,F02,L02950,0.01,158
F01184,F02,L02950,0.01,159
F01185,F02,L02950,0.01,160
F01186,F02,L02950,0.01,161
F01187,F02,L02950,0.01,162
F01188,F02,L02950,0.01,163
F01189,F02,L02950,0.01,164
F01190,F02,L02950,0.01,165
F01191,F02,L02950,0.01,166
F01192,F02,L02950,0.01,167
F01193,F02,L02950,0.01,168
F01194,F02,L02950,0.01,169
F01195,F02,L02950,0.01,170
F01196,F02,L02950,0.01,171
F01197,F02,L02950,0.01,172
F01198,F02,L02950,0.01,173
F01199,F02,L02950,0.01,174
F01200,F02,L02950,0.01,175
F01201,F02,L02950,0.01,176
F01202,F02,L02950,0.01,177
F01203,F02,L02950,0.01,178
F01204,F02,L02950,0.01,179
F01205,F02,L02950,0.01,180
F01206,F02,L02950,0.01,181
F01207,F02,L02950,0.01,182
F01208,F02,L02950,0.01,183
F01209,F02,L02950,0.01,184
F01210,F02,L02950,0.01,185
F01211,F02,L02950,0.01,186
F01212,F02,L02950,0.01,187
F01213,F02,L02950,0.01,188
F01214,F02,L02950,0.01,189
F01215,F02,L02950,0.01,190
F01216,F02,L02950,0.01,191
F01217,F02,L02950,0.01,192
F01218,F02,L02950,0.01,193
F01219,F02,L02950,0.01,194
F01220,F02,L02950,0.01,195
F01221,F02,L02950,0.01,196
F01222,F02,L02950,0.01,197
F01223,F02,L02950,0.01,198
F01224,F02,L02950,0.01,199
F01225,F02,L02950,0.01,200
F01226,F02,L02950,0.01,201
F01227,F02,L02950,0.01,202
F01228,F02,L02950,0.01,203
F01229,F02,L02950,0.01,204
F01230,F02,L02950,0.01,205
F01231,F02,L02950,0.01,206
F01232,F02,L02950,0.01,207
F01233,F02,L02950,0.01,208
F01234,F02,L02950,0.01,209
F01235,F02,L02950,0.01,210
F01236,F02,L02950,0.01,211
F01237,F02,L02950,0.01,212
F01238,F02,L02950,0.01,213
F01239,F02,L02950,0.01,214
F01240,F02,L02950,0.01,215
F01241,F02,L02950,0.01,216
F01242,F02,L02950,0.01,217
F01243,F02,L02950,0.01,218
F01244,F02,L02950,0.01,219
F01245,F02,L02950,0.01,220
F01246,F02,L02950,0.01,221
F01247,F02,L02950,0.01,222
F01248,F02,L02950,0.01,223
F01249,F02,L02950,0.01,224
F01250,F02,L02950,0.01,225
F01251,F02,L02950,0.01,226
F01252,F02,L02950,0.01,227
F01253,F02,L02950,0.01,228
F01254,F02,L02950,0.01,229
F01255,F02,L02950,0.01,230
F01256,F02,L02950,0.01,231
F01257,F02,L02950,0.01,232
F01258,F02,L02950,0.01,233
F01259,F02,L02950,0.01,234
F01260,F02,L02950,0.01,235
F01261,F02,L02950,0.01,236
F01262,F02,L02950,0.01,237
F01263,F02,L02950,0.01,238
F01264,F02,L02950,0.01,239
F01265,F02,L02950,0.01,240
F01266,F02,L02950,0.01,241
F01267,F02,L02950,0.01,242
F01268,F02,L02950,0.01,243
F01269,F02,L02950,0.01,244
F01270,F02,L02950,0.01,245
F01271,F02,L02950,0.01,246
F01272,F02,L02950,0.01,247
F01273,F02,L02950,0.01,248
F01274,F02,L02950,0.01,249
F01275,F02,L02950,0.01,250
F01276,F02,L02950,0.01,251
F01277,F02,L02950,0.01,252
F01278,F02,L02950,0.01,253
F01279,F02,L02950,0.01,254
F01280,F02,L02950,0.01,255
F01281,F02,L02950,0.01,256
F01282,F02,L02950,0.01,257
F01283,F02,L02950,0.01,258
F01284,F02,L02950,0.01,259
F01285,F02,L02950,0.01,260
F01286,F02,L02950,0.01,261
F01287,F02,L02950,0.01,262
F01288,F02,L02950,0.01,263
F01289,F02,L02950,0.01,264
F01290,F02,L02950,0.01,265
F01291,F02,L02950,0.01,266
F01292,F02,L02950,0.01,267
F01293,F02,L02950,0.01,268
F01294,F02,L02950,0.01,269
F01295,F02,L02950,0.01,270
F01296,F02,L02950,0.01,271
F01297,F02,L02950,0.01,272
F01298,F02,L02950,0.01,273
F01299,F02,L02950,0.01,274
F01300,F02,L02950,0.01,275
F01301,F02,L02950,0.01,276
F01302,F02,L02950,0.01,277
F01303,F02,L02950,0.01,278
F01304,F02,L02950,0.01,279
F01305,F02,L02950,0.01,280
F01306,F02,L02950,0.01,281
F01307,F02,L02950,0.01,282
F01308,F02,L02950,0.01,283
F01309,F02,L02950,0.01,284
F01310,F02,L02950,0.01,285
F01311,F02,L02950,0.01,286
F01312,F02,L02950,0.01,287
F01313,F02,L02950,0.01,288
F01314,F02,L02950,0.01,289
F01315,F02,L02950,0.01,290
F01316,F02,L02950,0.01,291
F01317,F02,L02950,0.01,292
F01318,F02,L02950,0.01,293
F01319,F02,L02950,0.01,294
F01320,F02,L02950,0.01,295
F01321,F02,L02950,0.01,296
F01322,F02,L02950,0.01,297
F01323,F02,L02950,0.01,298
F01324,F02,L02950,0.01,299
F01325,F02,L02950,0.01,300
F01326,F02,L02950,0.01,301
F01327,F02,L02950,0.01,302
F01328,F02,L02950,0.01,303
F01329,F02,L02950,0.01,304
F01330,F02,L02950,0.01,305
F01331,F02,L02950,0.01,306
F01332,F02,L02950,0.01,307
F01333,F02,L02950,0.01,308
F01334,F02,L02950,0.01,309
F01335,F02,L02950,0.01,310
F01336,F02,L02950,0.01,311
F01337,F02,L02950,0.01,312
F01338,F02,L02950,0.01,313
F01339,F02,L02950,0.01,314
F01340,F02,L02950,0.01,315
F01341,F02,L02950,0.01,316
F01342,F02,L02950,0.01,317
F01343,F02,L02950,0.01,318
F01344,F02,L02950,0.01,319
F01345,F02,L02950,0.01,320
F01346,F02,L02950,0.01,321
F01347,F02,L02950,0.01,322
F01348,F02,L02950,0.01,323
F01349,F02,L02950,0.01,324
F01350,F02,L02950,0.01,325
F01351,F02,L02950,0.01,326
F01352,F02,L02950,0.01,327
F01353,F02,L02950,0.01,328
F01354,F02,L02950,0.01,329
F01355,F02,L02950,0.01,330
F01356,F02,L02950,0.01,331
F01357,F02,L02950,0.01,332
F01358,F02,L02950,0.01,333
F01359,F02,L02950,0.01,334
F01360,F02,L02950,0.01,335
F01361,F02,L02950,0.01,336
F01362,F02,L02950,0.01,337
F01363,F02,L02950,0.01,338
F01364,F02,L02950,0.01,339
F01365,F02,L02950,0.01,340
F01366,F02,L02950,0.01,341
F01367,F02,L02950,0.01,342
F01368,F02,L02950,0.01,343
F01369,F02,L02950,0.01,344
F01370,F02,L02950,0.01,345
F01371,F02,L02950,0.01,346
F01372,F02,L02950,0.01,347
F01373,F02,L02950,0.01,348
F01374,F02,L02950,0.01,349
F01375,F02,L02950,0.01,350
F01376,F02,L02950,0.01,351
F01377,F02,L02950,0.01,352
F01378,F02,L02950,0.01,353
F01379,F02,L02950,0.01,354
F01380,F02,L02950,0.01,355
F01381,F02,L02950,0.01,356
F01382,F02,L02950,0.01,357
F01383,F02,L02950,0.01,358
F01384,F02,L02950,0.01,359
F01385,F02,L02950,0.01,360
F01386,F02,L02950,0.01,361
F01387,F02,L02950,0.01,362
F01388,F02,L02950,0.01,363
F01389,F02,L02950,0.01,364
F01390,F02,L02950,0.01,365
F01391,F02,L02950,0.01,366
F01392,F02,L02950,0.01,367
F01393,F02,L02950,0.01,368
F01394,F02,L02950,0.01,369
F01395,F02,L02950,0.01,370
F01396,F02,L02950,0.01,371
F01397,F02,L02950,0.01,372
F01398,F02,L02950,0.01,373
F01399,F02,L02950,0.01,374
F01400,F02,L02950,0.01,375
F01401,F02,L02950,0.01,376
F01402,F02,L02950,0.01,377
F01403,F02,L02950,0.01,378
F01404,F02,L02950,0.01,379
F01405,F02,L02950,0.01,380
F01406,F02,L02950,0.01,381
F01407,F02,L02950,0.01,382
F01408,F02,L02950,0.01,383
F01409,F02,L02950,0.01,384
F01410,F02,L02950,0.01,385
F01411,F02,L02950,0.01,386
F01412,F02,L02950,0.01,387
F01413,F02,L02950,0.01,388
F01414,F02,L02950,0.01,389
F01415,F02,L02950,0.01,390
F01416,F02,L02950,0.01,391
F01417,F02,L02950,0.01,392
F01418,F02,L02950,0.01,393
F01419,F02,L02950,0.01,394
F01420,F02,L02950,0.01,395
F01421,F02,L02950,0.01,396
F01422,F02,L02950,0.01,397
F01423,F02,L02950,0.01,398
F01424,F02,L02950,0.01,399
F01425,F02,L02950,0.01,400
F01426,F02,L02950,0.01,401
F01427,F02,L02950,0.01,402
F01428,F02,L02950,0.01,403
F01429,F02,L02950,0.01,404
F01430,F02,L02950,0.01,405
F01431,F02,L02950,0.01,406
F01432,F02,L02950,0.01,407
F01433,F02,L02950,0.01,408
F01434,F02,L02950,0.01,409
F01435,F02,L02950,0.01,410
F01436,F02,L02950,0.01,411
F01437,F02,L02950,0.01,412
F01438,F02,L02950,0.01,413
F01439,F02,L02950,0.01,414
F01440,F02,L02950,0.01,415
F01441,F02,L02950,0.01,416
F01442,F02,L02950,0.01,417
F01443,F02,L02950,0.01,418
F01444,F02,L02950,0.01,419
F01445,F02,L02950,0.01,420
F01446,F02,L02950,0.01,421
F01447,F02,L02950,0.01,422
F01448,F02,L02950,0.01,423
F01449,F02,L02950,0.01,424
F01450,F02,L02950,0.01,425
F01451,F02,L02950,0.01,426
F01452,F02,L02950,0.01,427
F01453,F02,L02950,0.01,428
F01454,F02,L02950,0.01,429
F01455,F02,L02950,0.01,430
F01456,F02,L02950,0.01,431
F01457,F02,L02950,0.01,432
F01458,F02,L02950,0.01,433
F01459,F02,L02950,0.01,434
F01460,F02,L02950,0.01,435
F01461,F02,L02950,0.01,436
F01462,F02,L02950,0.01,437
F01463,F02,L02950,0.01,438
F01464,F02,L02950,0.01,439
F01465,F02,L02950,0.01,440
F01466,F02,L02950,0.01,441
F01467,F02,L02950,0.01,442
F01468,F02,L02950,0.01,443
F01469,F02,L02950,0.01,444
F01470,F02,L02950,0.01,445
F01471,F02,L02950,0.01,446
F01472,F02,L02950,0.01,447
F01473,F02,L02950,0.01,448
F01474,F02,L02950,0.01,449
F01475,F02,L02950,0.01,450
F01476,F02,L02950,0.01,451
F01477,F02,L02950,0.01,452
F01478,F02,L02950,0.01,453
F01479,F02,L02950,0.01,454
F01480,F02,L02950,0.01,455
F01481,F02,L02950,0.01,456
F01482,F02,L02950,0.01,457
F01483,F02,L02950,0.01,458
F01484,F02,L02950,0.01,459
F01485,F02,L02950,0.01,460
F01486,F02,L02950,0.01,461
F01487,F02,L02950,0.01,462
F01488,F02,L02950,0.01,463
F01489,F02,L02950,0.01,464
F01490,F02,L02950,0.01,465
F01491,F02,L02950,0.01,466
F01492,F02,L02950,0.01,467
F01493,F02,L02950,0.01,468
F01494,F02,L02950,0.01,469
F01495,F02,L02950,0.01,470
F01496,F02,L02950,0.01,471
F01497,F02,L02950,0.01,472
F01498,F02,L02950,0.01,473
F01499,F02,L02950,0.01,474
F01500,F02,L02950,0.01,475
F01501,F02,L02950,0.01,476
F01502,F02,L02950,0.01,477
F01503,F02,L02950,0.01,478
F01504,F02,L02950,0.01,479
F01505,F02,L02950,0.01,480
F01506,F02,L02950,0.01,481
F01507,F02,L02950,0.01,482
F01508,F02,L02950,0.01,483
F01509,F02,L02950,0.01,484
F01510,F02,L02950,0.01,485
F01511,F02,L02950,0.01,486
F01512,F02,L02950,0.01,487
F01513,F02,L02950,0.01,488
F01514,F02,L02950,0.01,489
F01515,F02,L02950,0.01,490
F01516,F02,L02950,0.01,491
F01517,F02,L02950,0.01,492
F01518,F02,L02950,0.01,493
F01519,F02,L02950,0.01,494
F01520,F02,L02950,0.01,495
F01521,F02,L02950,0.01,496
F01522,F02,L02950,0.01,497
F01523,F02,L02950,0.01,498
F01524,F02,L02950,0.01,499
F01525,F02,L02950,0.01,500
F01526,F02,L02950,0.01,501
F01527,F02,L02950,0.01,502
F01528,F02,L02950,0.01,503
F01529,F02,L02950,0.01,504
F01530,F02,L02950,0.01,505
F01531,F02,L02950,0.01,506
F01532,F02,L02950,0.01,507
F01533,F02,L02950,0.01,508
F01534,F02,L02950,0.01,509
F01535,F02,L02950,0.01,510
F01536,F02,L02950,0.01,511
F01537,F02,L02950,0.01,512
F01538,F02,L02950,0.01,513
F01539,F02,L02950,0.01,514
F01540,F02,L02950,0.01,515
F01541,F02,L02950,0.01,516
F01542,F02,L02950,0.01,517
F01543,F02,L02950,0.01,518
F01544,F02,L02950,0.01,519
F01545,F02,L02950,0.01,520
F01546,F02,L02950,0.01,521
F01547,F02,L02950,0.01,522
F01548,F02,L02950,0.01,523
F01549,F02,L02950,0.01,524
F01550,F02,L02950,0.01,525
F01551,F02,L02950,0.01,526
F01552,F02,L02950,0.01,527
F01553,F02,L02950,0.01,528
F01554,F02,L02950,0.01,529
F01555,F02,L02950,0.01,530
F01556,F02,L02950,0.01,531
F01557,F02,L02950,0.01,532
F01558,F02,L02950,0.01,533
F01559,F02,L02950,0.01,534
F01560,F02,L02950,0.01,535
F01561,F02,L02950,0.01,536
F01562,F02,L02950,0.01,537
F01563,F02,L02950,0.01,538
F01564,F02,L02950,0.01,539
F01565,F02,L02950,0.01,540
F01566,F02,L02950,0.01,541
F01567,F02,L02950,0.01,542
F01568,F02,L02950,0.01,543
F01569,F02,L02950,0.01,544
F01570,F02,L02950,0.01,545
F01571,F02,L02950,0.01,546
F01572,F02,L02950,0.01,547
F01573,F02,L02950,0.01,548
F01574,F02,L02950,0.01,549
F01575,F02,L02950,0.01,550
F01576,F02,L02950,0.01,551
F01577,F02,L02950,0.01,552
F01578,F02,L02950,0.01,553
F01579,F02,L02950,0.01,554
F01580,F02,L02950,0.01,555
F01581,F02,L02950,0.01,556
F01582,F02,L02950,0.01,557
F01583,F02,L02950,0.01,558
F01584,F02,L02950,0.01,559
F01585,F02,L02950,0.01,560
F01586,F02,L02950,0.01,561
F01587,F02,L02950,0.01,562
F01588,F02,L02950,0.01,563
F01589,F02,L02950,0.01,564
F01590,F02,L02950,0.01,565
F01591,F02,L02950,0.01,566
F01592,F02,L02950,0.01,567
F01593,F02,L02950,0.01,568
F01594,F02,L02950,0.01,569
F01595,F02,L02950,0.01,570
F01596,F02,L02950,0.01,571
F01597,F02,L02950,0.01,572
F01598,F02,L02950,0.01,573
F01599,F02,L02950,0.01,574
F01600,F02,L02950,0.01,575
F01601,F02,L02950,0.01,576
F01602,F02,L02950,0.01,577
F01603,F02,L02950,0.01,578
F01604,F02,L02950,0.01,579
F01605,F02,L02950,0.01,580
F01606,F02,L02950,0.01,581
F01607,F02,L02950,0.01,582
F01608,F02,L02950,0.01,583
F01609,F02,L02950,0.01,584
F01610,F02,L02950,0.01,585
F01611,F02,L02950,0.01,586
F01612,F02,L02950,0.01,587
F01613,F02,L02950,0.01,588
F01614,F02,L02950,0.01,589
F01615,F02,L02950,0.01,590
F01616,F02,L02950,0.01,591
F01617,F02,L02950,0.01,592
F01618,F02,L02950,0.01,593
F01619,F02,L02950,0.01,594
F01620,F02,L02950,0.01,595
F01621,F02,L02950,0.01,596
F01622,F02,L02950,0.01,597
F01623,F02,L02950,0.01,598
F01624,F02,L02950,0.01,599
F01625,F02,L02950,0.01,600
F01626,F02,L02950,0.01,601
F01627,F02,L02950,0.01,602
F01628,F02,L02950,0.01,603
F01629,F02,L02950,0.01,604
F01630,F02,L02950,0.01,605
F01631,F02,L02950,0.01,606
F01632,F02,L02950,0.01,607
F01633,F02,L02950,0.01,608
F01634,F02,L02950,0.01,609
F01635,F02,L02950,0.01,610
F01636,F02,L02950,0.01,611
F01637,F02,L02950,0.01,612
F01638,F02,L02950,0.01,613
F01639,F02,L02950,0.01,614
F01640,F02,L02950,0.01,615
F01641,F02,L02950,0.01,616
F01642,F02,L02950,0.01,617
F01643,F02,L02950,0.01,618
F01644,F02,L02950,0.01,619
F01645,F02,L02950,0.01,620
F01646,F02,L02950,0.01,621
F01647,F02,L02950,0.01,622
F01648,F02,L02950,0.01,623
F01649,F02,L02950,0.01,624
F01650,F02,L02950,0.01,625
F01651,F02,L02950,0.01,626
F01652,F02,L02950,0.01,627
F01653,F02,L02950,0.01,628
F01654,F02,L02950,0.01,629
F01655,F02,L02950,0.01,630
F01656,F02,L02950,0.01,631
F01657,F02,L02950,0.01,632
F01658,F02,L02950,0.01,633
F01659,F02,L02950,0.01,634
F01660,F02,L02950,0.01,635
F01661,F02,L02950,0.01,636
F01662,F02,L02950,0.01,637
F01663,F02,L02950,0.01,638
F01664,F02,L02950,0.01,639
F01665,F02,L02950,0.01,640
F01666,F02,L02950,0.01,641
F01667,F02,L02950,0.01,642
F01668,F02,L02950,0.01,643
F01669,F02,L02950,0.01,644
F01670,F02,L02950,0.01,645
F01671,F02,L02950,0.01,646
F01672,F02,L02950,0.01,647
F01673,F02,L02950,0.01,648
F01674,F02,L02950,0.01,649
F01675,F02,L02950,0.01,650
F01676,F02,L02950,0.01,651
F01677,F02,L02950,0.01,652
F01678,F02,L02950,0.01,653
F01679,F02,L02950,0.01,654
F01680,F02,L02950,0.01,655
F01681,F02,L02950,0.01,656
F01682,F02,L02950,0.01,657
F01683,F02,L02950,0.01,658
F01684,F02,L02950,0.01,659
F01685,F02,L02950,0.01,660
F01686,F02,L02950,0.01,661
F01687,F02,L02950,0.01,662
F01688,F02,L02950,0.01,663
F01689,F02,L02950,0.01,664
F01690,F02,L02950,0.01,665
F01691,F02,L02950,0.01,666
F01692,F02,L02950,0.01,667
F01693,F02,L02950,0.01,668
F01694,F02,L02950,0.01,669
F01695,F02,L02950,0.01,670
F01696,F02,L02950,0.01,671
F01697,F02,L02950,0.01,672
F01698,F02,L02950,0.01,673
F01699,F02,L02950,0.01,674
F01700,F02,L02950,0.01,675
F01701,F02,L02950,0.01,676
F01702,F02,L02950,0.01,677
F01703,F02,L02950,0.01,678
F01704,F02,L02950,0.01,679
F01705,F02,L02950,0.01,680
F01706,F02,L02950,0.01,681
F01707,F02,L02950,0.01,682
F01708,F02,L02950,0.01,683
F01709,F02,L02950,0.01,684
F01710,F02,L02950,0.01,685
F01711,F02,L02950,0.01,686
F01712,F02,L02950,0.01,687
F01713,F02,L02950,0.01,688
F01714,F02,L02950,0.01,689
F01715,F02,L02950,0.01,690
F01716,F02,L02950,0.01,691
F01717,F02,L02950,0.01,692
F01718,F02,L02950,0.01,693
F01719,F02,L02950,0.01,694
F01720,F02,L02950,0.01,695
F01721,F02,L02950,0.01,696
F01722,F02,L02950,0.01,697
F01723,F02,L02950,0.01,698
F01724,F02,L02950,0.01,699
F01725,F02,L02950,0.01,700
F01726,F02,L02950,0.01,701
F01727,F02,L02950,0.01,702
F01728,F02,L02950,0.01,703
F01729,F02,L02950,0.01,704
F01730,F02,L02950,0.01,705
F01731,F02,L02950,0.01,706
F01732,F02,L02950,0.01,707
F01733,F02,L02950,0.01,708
F01734,F02,L02950,0.01,709
F01735,F02,L02950,0.01,710
F01736,F02,L02950,0.01,711
F01737,F02,L02950,0.01,712
F01738,F02,L02950,0.01,713
F01739,F02,L02950,0.01,714
F01740,F02,L02950,0.01,715
F01741,F02,L02950,0.01,716
F01742,F02,L02950,0.01,717
F01743,F02,L02950,0.01,718
F01744,F02,L02950,0.01,719
F01745,F02,L02950,0.01,720
F01746,F02,L02950,0.01,721
F01747,F02,L02950,0.01,722
F01748,F02,L02950,0.01,723
F01749,F02,L02950,0.01,724
F01750,F02,L02950,0.01,725
F01751,F02,L02950,0.01,726
F01752,F02,L02950,0.01,727
F01753,F02,L02950,0.01,728
F01754,F02,L02950,0.01,729
F01755,F02,L02950,0.01,730
F01756,F02,L02950,0.01,731
F01757,F02,L02950,0.01,732
F01758,F02,L02950,0.01,733
F01759,F02,L02950,0.01,734
F01760,F02,L02950,0.01,735
F01761,F02,L02950,0.01,736
F01762,F02,L02950,0.01,737
F01763,F02,L02950,0.01,738
F01764,F02,L02950,0.01,739
F01765,F02,L02950,0.01,740
F01766,F02,L02950,0.01,741
F01767,F02,L02950,0.01,742
F01768,F02,L02950,0.01,743
F01769,F02,L02950,0.01,744
F01770,F02,L02950,0.01,745
F01771,F02,L02950,0.01,746
F01772,F02,L02950,0.01,747
F01773,F02,L02950,0.01,748
F01774,F02,L02950,0.01,749
F01775,F02,L02950,0.01,750
F01776,F02,L02950,0.01,751
F01777,F02,L02950,0.01,752
F01778,F02,L02950,0.01,753
F01779,F02,L02950,0.01,754
F01780,F02,L02950,0.01,755
F01781,F02,L02950,0.01,756
F01782,F02,L02950,0.01,757
F01783,F02,L02950,0.01,758
F01784,F02,L02950,0.01,759
F01785,F02,L02950,0.01,760
F01786,F02,L02950,0.01,761
F01787,F02,L02950,0.01,762
F01788,F02,L02950,0.01,763
F01789,F02,L02950,0.01,764
F01790,F02,L02950,0.01,765
F01791,F02,L02950,0.01,766
F01792,F02,L02950,0.01,767
F01793,F02,L02950,0.01,768
F01794,F02,L02950,0.01,769
F01795,F02,L02950,0.01,770
F01796,F02,L02950,0.01,771
F01797,F02,L02950,0.01,772
F01798,F02,L02950,0.01,773
F01799,F02,L02950,0.01,774
F01800,F02,L02950,0.01,775
F01801,F02,L02950,0.01,776
F01802,F02,L02950,0.01,777
F01803,F02,L02950,0.01,778
F01804,F02,L02950,0.01,779
F01805,F02,L02950,0.01,780
F01806,F02,L02950,0.01,781
F01807,F02,L02950,0.01,782
F01808,F02,L02950,0.01,783
F01809,F02,L02950,0.01,784
F01810,F02,L02950,0.01,785
F01811,F02,L02950,0.01,786
F01812,F02,L02950,0.01,787
F01813,F02,L02950,0.01,788
F01814,F02,L02950,0.01,789
F01815,F02,L02950,0.01,790
F01816,F02,L02950,0.01,791
F01817,F02,L02950,0.01,792
F01818,F02,L02950,0.01,793
F01819,F02,L02950,0.01,794
F01820,F02,L02950,0.01,795
F01821,F02,L02950,0.01,796
F01822,F02,L02950,0.01,797
F01823,F02,L02950,0.01,798
F01824,F02,L02950,0.01,799
F01825,F02,L02950,0.01,800
F01826,F02,L02950,0.01,801
F01827,F02,L02950,0.01,802
F01828,F02,L02950,0.01,803
F01829,F02,L02950,0.01,804
F01830,F02,L02950,0.01,805
F01831,F02,L02950,0.01,806
F01832,F02,L02950,0.01,807
F01833,F02,L02950,0.01,808
F01834,F02,L02950,0.01,809
F01835,F02,L02950,0.01,810
F01836,F02,L02950,0.01,811
F01837,F02,L02950,0.01,812
F01838,F02,L02950,0.01,813
F01839,F02,L02950,0.01,814
F01840,F02,L02950,0.01,815
F01841,F02,L02950,0.01,816
F01842,F02,L02950,0.01,817
F01843,F02,L02950,0.01,818
F01844,F02,L02950,0.01,819
F01845,F02,L02950,0.01,820
F01846,F02,L02950,0.01,821
F01847,F02,L02950,0.01,822
F01848,F02,L02950,0.01,823
F01849,F02,L02950,0.01,824
F01850,F02,L02950,0.01,825
F01851,F02,L02950,0.01,826
F01852,F02,L02950,0.01,827
F01853,F02,L02950,0.01,828
F01854,F02,L02950,0.01,829
F01855,F02,L02950,0.01,830
F01856,F02,L02950,0.01,831
F01857,F02,L02950,0.01,832
F01858,F02,L02950,0.01,833
F01859,F02,L02950,0.01,834
F01860,F02,L02950,0.01,835
F01861,F02,L02950,0.01,836
F01862,F02,L02950,0.01,837
F01863,F02,L02950,0.01,838
F01864,F02,L02950,0.01,839
F01865,F02,L02950,0.01,840
F01866,F02,L02950,0.01,841
F01867,F02,L02950,0.01,842
F01868,F02,L02950,0.01,843
F01869,F02,L02950,0.01,844
F01870,F02,L02950,0.01,845
F01871,F02,L02950,0.01,846
F01872,F02,L02950,0.01,847
F01873,F02,L02950,0.01,848
F01874,F02,L02950,0.01,849
F01875,F02,L02950,0.01,850
F01876,F02,L02950,0.01,851
F01877,F02,L02950,0.01,852
F01878,F02,L02950,0.01,853
F01879,F02,L02950,0.01,854
F01880,F02,L02950,0.01,855
F01881,F02,L02950,0.01,856
F01882,F02,L02950,0.01,857
F01883,F02,L02950,0.01,858
F01884,F02,L02950,0.01,859
F01885,F02,L02950,0.01,860
F01886,F02,L02950,0.01,861
F01887,F02,L02950,0.01,862
F01888,F02,L02950,0.01,863
F01889,F02,L02950,0.01,864
F01890,F02,L02950,0.01,865
F01891,F02,L02950,0.01,866
F01892,F02,L02950,0.01,867
F01893,F02,L02950,0.01,868
F01894,F02,L02950,0.01,869
F01895,F02,L02950,0.01,870
F01896,F02,L02950,0.01,871
F01897,F02,L02950,0.01,872
F01898,F02,L02950,0.01,873
F01899,F02,L02950,0.01,874
F01900,F02,L02950,0.01,875
F01901,F02,L02950,0.01,876
F01902,F02,L02950,0.01,877
F01903,F02,L02950,0.01,878
F01904,F02,L02950,0.01,879
F01905,F02,L02950,0.01,880
F01906,F02,L02950,0.01,881
F01907,F02,L02950,0.01,882
F01908,F02,L02950,0.01,883
F01909,F02,L02950,0.01,884
F01910,F02,L02950,0.01,885
F01911,F02,L02950,0.01,886
F01912,F02,L02950,0.01,887
F01913,F02,L02950,0.01,888
F01914,F02,L02950,0.01,889
F01915,F02,L02950,0.01,890
F01916,F02,L02950,0.01,891
F01917,F02,L02950,0.01,892
F01918,F02,L02950,0.01,893
F01919,F02,L02950,0.01,894
F01920,F02,L02950,0.01,895
F01921,F02,L02950,0.01,896
F01922,F02,L02950,0.01,897
F01923,F02,L02950,0.01,898
F01924,F02,L02950,0.01,899
F01925,F02,L02950,0.01,900
F01926,F02,L02950,0.01,901
F01927,F02,L02950,0.01,902
F01928,F02,L02950,0.01,903
F01929,F02,L02950,0.01,904
F01930,F02,L02950,0.01,905
F01931,F02,L02950,0.01,906
F01932,F02,L02950,0.01,907
F01933,F02,L02950,0.01,908
F01934,F02,L02950,0.01,909
F01935,F02,L02950,0.01,910
F01936,F02,L02950,0.01,911
F01937,F02,L02950,0.01,912
F01938,F02,L02950,0.01,913
F01939,F02,L02950,0.01,914
F01940,F02,L02950,0.01,915
F01941,F02,L02950,0.01,916
F01942,F02,L02950,0.01,917
F01943,F02,L02950,0.01,918
F01944,F02,L02950,0.01,919
F01945,F02,L02950,0.01,920
F01946,F02,L02950,0.01,921
F01947,F02,L02950,0.01,922
F01948,F02,L02950,0.01,923
F01949,F02,L02950,0.01,924
F01950,F02,L02950,0.01,925
F01951,F02,L02950,0.01,926
F01952,F02,L02950,0.01,927
F01953,F02,L02950,0.01,928
F01954,F02,L02950,0.01,929
F01955,F02,L02950,0.01,930
F01956,F02,L02950,0.01,931
F01957,F02,L02950,0.01,932
F01958,F02,L02950,0.01,933
F01959,F02,L02950,0.01,934
F01960,F02,L02950,0.01,935
F01961,F02,L02950,0.01,936
F01962,F02,L02950,0.01,937
F01963,F02,L02950,0.01,938
F01964,F02,L02950,0.01,939
F01965,F02,L02950,0.01,940
F01966,F02,L02950,0.01,941
F01967,F02,L02950,0.01,942
F01968,F02,L02950,0.01,943
F01969,F02,L02950,0.01,944
F01970,F02,L02950,0.01,945
F01971,F02,L02950,0.01,946
F01972,F02,L02950,0.01,947
F01973,F02,L02950,0.01,948
F01974,F02,L02950,0.01,949
F01975,F02,L02950,0.01,950
F01976,F02,L02950,0.01,951
F01977,F02,L02950,0.01,952
F01978,F02,L02950,0.01,953
F01979,F02,L02950,0.01,954
F01980,F02,L02950,0.01,955
F01981,F02,L02950,0.01,956
F01982,F02,L02950,0.01,957
F01983,F02,L02950,0.01,958
F01984,F02,L02950,0.01,959
F01985,F02,L02950,0.01,960
F01986,F02,L02950,0.01,961
F01987,F02,L02950,0.01,962
F01988,F02,L02950,0.01,963
F01989,F02,L02950,0.01,964
F01990,F02,L02950,0.01,965
F01991,F02,L02950,0.01,966
F01992,F02,L02950,0.01,967
F01993,F02,L02950,0.01,968
F01994,F02,L02950,0.01,969
F01995,F02,L02950,0.01,970
F01996,F02,L02950,0.01,971
F01997,F02,L02950,0.01,972
F01998,F02,L02950,0.01,973
F01999,F02,L02950,0.01,974
F02000,F02,L02950,0.01,975
F02001,F02,L02950,0.01,976
F02002,F02,L02950,0.01,977
F02003,F02,L02950,0.01,978
F02004,F02,L02950,0.01,979
F02005,F02,L02950,0.01,980
F02006,F02,L02950,0.01,981
F02007,F02,L02950,0.01,982
F02008,F02,L02950,0.01,983
F02009,F02,L02950,0.01,984
F02010,F02,L02950,0.01,985
F02011,F02,L02950,0.01,986
F02012,F02,L02950,0.01,987
F02013,F02,L02950,0.01,988
F02014,F02,L02950,0.01,989
F02015,F02,L02950,0.01,990
F02016,F02,L02950,0.01,991
F02017,F02,L02950,0.01,992
F02018,F02,L02950,0.01,993
F02019,F02,L02950,0.01,994
F02020,F02,L02950,0.01,995
F02021,F02,L02950,0.01,996
F02022,F02,L02950,0.01,997
F02023,F02,L02950,0.01,998
F02024,F02,L02950,0.01,999
F02025,F02,L02950,0.01,1000
F02026,F02,L02950,0.01,1001
F02027,F02,L02950,0.01,1002
F02028,F02,L02950,0.01,1003
F02029,F02,L02950,0.01,1004
F02030,F02,L02950,0.01,1005
F02031,F02,L02950,0.01,1006
F02032,F02,L02950,0.01,1007
F02033,F02,L02950,0.01,1008
F02034,F02,L02950,0.01,1009
F02035,F02,L02950,0.01,1010
F02036,F02,L02950,0.01,1011
F02037,F02,L02950,0.01,1012
F02038,F02,L02950,0.01,1013
F02039,F02,L02950,0.01,1014
F02040,F02,L02950,0.01,1015
F02041,F02,L02950,0.01,1016
F02042,F02,L02950,0.01,1017
F02043,F02,L02950,0.01,1018
F02044,F02,L02950,0.01,1019
F02045,F02,L02950,0.01,1020
F02046,F02,L02950,0.01,1021
F02047,F02,L02950,0.01,1022
F02048,F02,L02950,0.01,1023
F02049,F03,L02950,0.02,0
F02050,F03,L02950,0.02,1
F02051,F03,L02950,0.02,2
F02052,F03,L02950,0.02,3
F02053,F03,L02950,0.02,4
F02054,F03,L02950,0.02,5
F02055,F03,L02950,0.02,6
F02056,F03,L02950,0.02,7
F02057,F03,L02950,0.02,8
F02058,F03,L02950,0.02,9
F02059,F03,L02950,0.02,10
F02060,F03,L02950,0.02,11
F02061,F03,L02950,0.02,12
F02062,F03,L02950,0.02,13
F02063,F03,L02950,0.02,14
F02064,F03,L02950,0.02,15
F02065,F03,L02950,0.02,16
F02066,F03,L02950,0.02,17
F02067,F03,L02950,0.02,18
F02068,F03,L02950,0.02,19
F02069,F03,L02950,0.02,20
F02070,F03,L02950,0.02,21
F02071,F03,L02950,0.02,22
F02072,F03,L02950,0.02,23
F02073,F03,L02950,0.02,24
F02074,F03,L02950,0.02,25
F02075,F03,L02950,0.02,26
F02076,F03,L02950,0.02,27
F02077,F03,L02950,0.02,28
F02078,F03,L02950,0.02,29
F02079,F03,L02950,0.02,30
F02080,F03,L02950,0.02,31
F02081,F03,L02950,0.02,32
F02082,F03,L02950,0.02,33
F02083,F03,L02950,0.02,34
F02084,F03,L02950,0.02,35
F02085,F03,L02950,0.02,36
F02086,F03,L02950,0.02,37
F02087,F03,L02950,0.02,38
F02088,F03,L02950,0.02,39
F02089,F03,L02950,0.02,40
F02090,F03,L02950,0.02,41
F02091,F03,L02950,0.02,42
F02092,F03,L02950,0.02,43
F02093,F03,L02950,0.02,44
F02094,F03,L02950,0.02,45
F02095,F03,L02950,0.02,46
F02096,F03,L02950,0.02,47
F02097,F03,L02950,0.02,48
F02098,F03,L02950,0.02,49
F02099,F03,L02950,0.02,50
F02100,F03,L02950,0.02,51
F02101,F03,L02950,0.02,52
F02102,F03,L02950,0.02,53
F02103,F03,L02950,0.02,54
F02104,F03,L02950,0.02,55
F02105,F03,L02950,0.02,56
F02106,F03,L02950,0.02,57
F02107,F03,L02950,0.02,58
F02108,F03,L02950,0.02,59
F02109,F03,L02950,0.02,60
F02110,F03,L02950,0.02,61
F02111,F03,L02950,0.02,62
F02112,F03,L02950,0.02,63
F02113,F03,L02950,0.02,64
F02114,F03,L02950,0.02,65
F02115,F03,L02950,0.02,66
F02116,F03,L02950,0.02,67
F02117,F03,L02950,0.02,68
F02118,F03,L02950,0.02,69
F02119,F03,L02950,0.02,70
F02120,F03,L02950,0.02,71
F02121,F03,L02950,0.02,72
F02122,F03,L02950,0.02,73
F02123,F03,L02950,0.02,74
F02124,F03,L02950,0.02,75
F02125,F03,L02950,0.02,76
F02126,F03,L02950,0.02,77
F02127,F03,L02950,0.02,78
F02128,F03,L02950,0.02,79
F02129,F03,L02950,0.02,80
F02130,F03,L02950,0.02,81
F02131,F03,L02950,0.02,82
F02132,F03,L02950,0.02,83
F02133,F03,L02950,0.02,84
F02134,F03,L02950,0.02,85
F02135,F03,L02950,0.02,86
F02136,F03,L02950,0.02,87
F02137,F03,L02950,0.02,88
F02138,F03,L02950,0.02,89
F02139,F03,L02950,0.02,90
F02140,F03,L02950,0.02,91
F02141,F03,L02950,0.02,92
F02142,F03,L02950,0.02,93
F02143,F03,L02950,0.02,94
F02144,F03,L02950,0.02,95
F02145,F03,L02950,0.02,96
F02146,F03,L02950,0.02,97
F02147,F03,L02950,0.02,98
F02148,F03,L02950,0.02,99
F02149,F03,L02950,0.02,100
F02150,F03,L02950,0.02,101
F02151,F03,L02950,0.02,102
F02152,F03,L02950,0.02,103
F02153,F03,L02950,0.02,104
F02154,F03,L02950,0.02,105
F02155,F03,L02950,0.02,106
F02156,F03,L02950,0.02,107
F02157,F03,L02950,0.02,108
F02158,F03,L02950,0.02,109
F02159,F03,L02950,0.02,110
F02160,F03,L02950,0.02,111
F02161,F03,L02950,0.02,112
F02162,F03,L02950,0.02,113
F02163,F03,L02950,0.02,114
F02164,F03,L02950,0.02,115
F02165,F03,L02950,0.02,116
F02166,F03,L02950,0.02,117
F02167,F03,L02950,0.02,118
F02168,F03,L02950,0.02,119
F02169,F03,L02950,0.02,120
F02170,F03,L02950,0.02,121
F02171,F03,L02950,0.02,122
F02172,F03,L02950,0.02,123
F02173,F03,L02950,0.02,124
F02174,F03,L02950,0.02,125
F02175,F03,L02950,0.02,126
F02176,F03,L02950,0.02,127
F02177,F03,L02950,0.02,128
F02178,F03,L02950,0.02,129
F02179,F03,L02950,0.02,130
F02180,F03,L02950,0.02,131
F02181,F03,L02950,0.02,132
F02182,F03,L02950,0.02,133
F02183,F03,L02950,0.02,134
F02184,F03,L02950,0.02,135
F02185,F03,L02950,0.02,136
F02186,F03,L02950,0.02,137
F02187,F03,L02950,0.02,138
F02188,F03,L02950,0.02,139
F02189,F03,L02950,0.02,140
F02190,F03,L02950,0.02,141
F02191,F03,L02950,0.02,142
F02192,F03,L02950,0.02,143
F02193,F03,L02950,0.02,144
F02194,F03,L02950,0.02,145
F02195,F03,L02950,0.02,146
F02196,F03,L02950,0.02,147
F02197,F03,L02950,0.02,148
F02198,F03,L02950,0.02,149
F02199,F03,L02950,0.02,150
F02200,F03,L02950,0.02,151
F02201,F03,L02950,0.02,152
F02202,F03,L02950,0.02,153
F02203,F03,L02950,0.02,154
F02204,F03,L02950,0.02,155
F02205,F03,L02950,0.02,156
F02206,F03,L02950,0.02,157
F02207,F03,L02950,0.02,158
F02208,F03,L02950,0.02,159
F02209,F03,L02950,0.02,160
F02210,F03,L02950,0.02,161
F02211,F03,L02950,0.02,162
F02212,F03,L02950,0.02,163
F02213,F03,L02950,0.02,164
F02214,F03,L02950,0.02,165
F02215,F03,L02950,0.02,166
F02216,F03,L02950,0.02,167
F02217,F03,L02950,0.02,168
F02218,F03,L02950,0.02,169
F02219,F03,L02950,0.02,170
F02220,F03,L02950,0.02,171
F02221,F03,L02950,0.02,172
F02222,F03,L02950,0.02,173
F02223,F03,L02950,0.02,174
F02224,F03,L02950,0.02,175
F02225,F03,L02950,0.02,176
F02226,F03,L02950,0.02,177
F02227,F03,L02950,0.02,178
F02228,F03,L02950,0.02,179
F02229,F03,L02950,0.02,180
F02230,F03,L02950,0.02,181
F02231,F03,L02950,0.02,182
F02232,F03,L02950,0.02,183
F02233,F03,L02950,0.02,184
F02234,F03,L02950,0.02,185
F02235,F03,L02950,0.02,186
F02236,F03,L02950,0.02,187
F02237,F03,L02950,0.02,188
F02238,F03,L02950,0.02,189
F02239,F03,L02950,0.02,190
F02240,F03,L02950,0.02,191
F02241,F03,L02950,0.02,192
F02242,F03,L02950,0.02,193
F02243,F03,L02950,0.02,194
F02244,F03,L02950,0.02,195
F02245,F03,L02950,0.02,196
F02246,F03,L02950,0.02,197
F02247,F03,L02950,0.02,198
F02248,F03,L02950,0.02,199
F02249,F03,L02950,0.02,200
F02250,F03,L02950,0.02,201
F02251,F03,L02950,0.02,202
F02252,F03,L02950,0.02,203
F02253,F03,L02950,0.02,204
F02254,F03,L02950,0.02,205
F02255,F03,L02950,0.02,206
F02256,F03,L02950,0.02,207
F02257,F03,L02950,0.02,208
F02258,F03,L02950,0.02,209
F02259,F03,L02950,0.02,210
F02260,F03,L02950,0.02,211
F02261,F03,L02950,0.02,212
F02262,F03,L02950,0.02,213
F02263,F03,L02950,0.02,214
F02264,F03,L02950,0.02,215
F02265,F03,L02950,0.02,216
F02266,F03,L02950,0.02,217
F02267,F03,L02950,0.02,218
F02268,F03,L02950,0.02,219
F02269,F03,L02950,0.02,220
F02270,F03,L02950,0.02,221
F02271,F03,L02950,0.02,222
F02272,F03,L02950,0.02,223
F02273,F03,L02950,0.02,224
F02274,F03,L02950,0.02,225
F02275,F03,L02950,0.02,226
F02276,F03,L02950,0.02,227
F02277,F03,L02950,0.02,228
F02278,F03,L02950,0.02,229
F02279,F03,L02950,0.02,230
F02280,F03,L02950,0.02,231
F02281,F03,L02950,0.02,232
F02282,F03,L02950,0.02,233
F02283,F03,L02950,0.02,234
F02284,F03,L02950,0.02,235
F02285,F03,L02950,0.02,236
F02286,F03,L02950,0.02,237
F02287,F03,L02950,0.02,238
F02288,F03,L02950,0.02,239
F02289,F03,L02950,0.02,240
F02290,F03,L02950,0.02,241
F02291,F03,L02950,0.02,242
F02292,F03,L02950,0.02,243
F02293,F03,L02950,0.02,244
F02294,F03,L02950,0.02,245
F02295,F03,L02950,0.02,246
F02296,F03,L02950,0.02,247
F02297,F03,L02950,0.02,248
F02298,F03,L02950,0.02,249
F02299,F03,L02950,0.02,250
F02300,F03,L02950,0.02,251
F02301,F03,L02950,0.02,252
F02302,F03,L02950,0.02,253
F02303,F03,L02950,0.02,254
F02304,F03,L02950,0.02,255
F02305,F03,L02950,0.02,256
F02306,F03,L02950,0.02,257
F02307,F03,L02950,0.02,258
F02308,F03,L02950,0.02,259
F02309,F03,L02950,0.02,260
F02310,F03,L02950,0.02,261
F02311,F03,L02950,0.02,262
F02312,F03,L02950,0.02,263
F02313,F03,L02950,0.02,264
F02314,F03,L02950,0.02,265
F02315,F03,L02950,0.02,266
F02316,F03,L02950,0.02,267
F02317,F03,L02950,0.02,268
F02318,F03,L02950,0.02,269
F02319,F03,L02950,0.02,270
F02320,F03,L02950,0.02,271
F02321,F03,L02950,0.02,272
F02322,F03,L02950,0.02,273
F02323,F03,L02950,0.02,274
F02324,F03,L02950,0.02,275
F02325,F03,L02950,0.02,276
F02326,F03,L02950,0.02,277
F02327,F03,L02950,0.02,278
F02328,F03,L02950,0.02,279
F02329,F03,L02950,0.02,280
F02330,F03,L02950,0.02,281
F02331,F03,L02950,0.02,282
F02332,F03,L02950,0.02,283
F02333,F03,L02950,0.02,284
F02334,F03,L02950,0.02,285
F02335,F03,L02950,0.02,286
F02336,F03,L02950,0.02,287
F02337,F03,L02950,0.02,288
F02338,F03,L02950,0.02,289
F02339,F03,L02950,0.02,290
F02340,F03,L02950,0.02,291
F02341,F03,L02950,0.02,292
F02342,F03,L02950,0.02,293
F02343,F03,L02950,0.02,294
F02344,F03,L02950,0.02,295
F02345,F03,L02950,0.02,296
F02346,F03,L02950,0.02,297
F02347,F03,L02950,0.02,298
F02348,F03,L02950,0.02,299
F02349,F03,L02950,0.02,300
F02350,F03,L02950,0.02,301
F02351,F03,L02950,0.02,302
F02352,F03,L02950,0.02,303
F02353,F03,L02950,0.02,304
F02354,F03,L02950,0.02,305
F02355,F03,L02950,0.02,306
F02356,F03,L02950,0.02,307
F02357,F03,L02950,0.02,308
F02358,F03,L02950,0.02,309
F02359,F03,L02950,0.02,310
F02360,F03,L02950,0.02,311
F02361,F03,L02950,0.02,312
F02362,F03,L02950,0.02,313
F02363,F03,L02950,0.02,314
F02364,F03,L02950,0.02,315
F02365,F03,L02950,0.02,316
F02366,F03,L02950,0.02,317
F02367,F03,L02950,0.02,318
F02368,F03,L02950,0.02,319
F02369,F03,L02950,0.02,320
F02370,F03,L02950,0.02,321
F02371,F03,L02950,0.02,322
F02372,F03,L02950,0.02,323
F02373,F03,L02950,0.02,324
F02374,F03,L02950,0.02,325
F02375,F03,L02950,0.02,326
F02376,F03,L02950,0.02,327
F02377,F03,L02950,0.02,328
F02378,F03,L02950,0.02,329
F02379,F03,L02950,0.02,330
F02380,F03,L02950,0.02,331
F02381,F03,L02950,0.02,332
F02382,F03,L02950,0.02,333
F02383,F03,L02950,0.02,334
F02384,F03,L02950,0.02,335
F02385,F03,L02950,0.02,336
F02386,F03,L02950,0.02,337
F02387,F03,L02950,0.02,338
F02388,F03,L02950,0.02,339
F02389,F03,L02950,0.02,340
F02390,F03,L02950,0.02,341
F02391,F03,L02950,0.02,342
F02392,F03,L02950,0.02,343
F02393,F03,L02950,0.02,344
F02394,F03,L02950,0.02,345
F02395,F03,L02950,0.02,346
F02396,F03,L02950,0.02,347
F02397,F03,L02950,0.02,348
F02398,F03,L02950,0.02,349
F02399,F03,L02950,0.02,350
F02400,F03,L02950,0.02,351
F02401,F03,L02950,0.02,352
F02402,F03,L02950,0.02,353
F02403,F03,L02950,0.02,354
F02404,F03,L02950,0.02,355
F02405,F03,L02950,0.02,356
F02406,F03,L02950,0.02,357
F02407,F03,L02950,0.02,358
F02408,F03,L02950,0.02,359
F02409,F03,L02950,0.02,360
F02410,F03,L02950,0.02,361
F02411,F03,L02950,0.02,362
F02412,F03,L02950,0.02,363
F02413,F03,L02950,0.02,364
F02414,F03,L02950,0.02,365
F02415,F03,L02950,0.02,366
F02416,F03,L02950,0.02,367
F02417,F03,L02950,0.02,368
F02418,F03,L02950,0.02,369
F02419,F03,L02950,0.02,370
F02420,F03,L02950,0.02,371
F02421,F03,L02950,0.02,372
F02422,F03,L02950,0.02,373
F02423,F03,L02950,0.02,374
F02424,F03,L02950,0.02,375
F02425,F03,L02950,0.02,376
F02426,F03,L02950,0.02,377
F02427,F03,L02950,0.02,378
F02428,F03,L02950,0.02,379
F02429,F03,L02950,0.02,380
F02430,F03,L02950,0.02,381
F02431,F03,L02950,0.02,382
F02432,F03,L02950,0.02,383
F02433,F03,L02950,0.02,384
F02434,F03,L02950,0.02,385
F02435,F03,L02950,0.02,386
F02436,F03,L02950,0.02,387
F02437,F03,L02950,0.02,388
F02438,F03,L02950,0.02,389
F02439,F03,L02950,0.02,390
F02440,F03,L02950,0.02,391
F02441,F03,L02950,0.02,392
F02442,F03,L02950,0.02,393
F02443,F03,L02950,0.02,394
F02444,F03,L02950,0.02,395
F02445,F03,L02950,0.02,396
F02446,F03,L02950,0.02,397
F02447,F03,L02950,0.02,398
F02448,F03,L02950,0.02,399
F02449,F03,L02950,0.02,400
F02450,F03,L02950,0.02,401
F02451,F03,L02950,0.02,402
F02452,F03,L02950,0.02,403
F02453,F03,L02950,0.02,404
F02454,F03,L02950,0.02,405
F02455,F03,L02950,0.02,406
F02456,F03,L02950,0.02,407
F02457,F03,L02950,0.02,408
F02458,F03,L02950,0.02,409
F02459,F03,L02950,0.02,410
F02460,F03,L02950,0.02,411
F02461,F03,L02950,0.02,412
F02462,F03,L02950,0.02,413
F02463,F03,L02950,0.02,414
F02464,F03,L02950,0.02,415
F02465,F03,L02950,0.02,416
F02466,F03,L02950,0.02,417
F02467,F03,L02950,0.02,418
F02468,F03,L02950,0.02,419
F02469,F03,L02950,0.02,420
F02470,F03,L02950,0.02,421
F02471,F03,L02950,0.02,422
F02472,F03,L02950,0.02,423
F02473,F03,L02950,0.02,424
F02474,F03,L02950,0.02,425
F02475,F03,L02950,0.02,426
F02476,F03,L02950,0.02,427
F02477,F03,L02950,0.02,428
F02478,F03,L02950,0.02,429
F02479,F03,L02950,0.02,430
F02480,F03,L02950,0.02,431
F02481,F03,L02950,0.02,432
F02482,F03,L02950,0.02,433
F02483,F03,L02950,0.02,434
F02484,F03,L02950,0.02,435
F02485,F03,L02950,0.02,436
F02486,F03,L02950,0.02,437
F02487,F03,L02950,0.02,438
F02488,F03,L02950,0.02,439
F02489,F03,L02950,0.02,440
F02490,F03,L02950,0.02,441
F02491,F03,L02950,0.02,442
F02492,F03,L02950,0.02,443
F02493,F03,L02950,0.02,444
F02494,F03,L02950,0.02,445
F02495,F03,L02950,0.02,446
F02496,F03,L02950,0.02,447
F02497,F03,L02950,0.02,448
F02498,F03,L02950,0.02,449
F02499,F03,L02950,0.02,450
F02500,F03,L02950,0.02,451
F02501,F03,L02950,0.02,452
F02502,F03,L02950,0.02,453
F02503,F03,L02950,0.02,454
F02504,F03,L02950,0.02,455
F02505,F03,L02950,0.02,456
F02506,F03,L02950,0.02,457
F02507,F03,L02950,0.02,458
F02508,F03,L02950,0.02,459
F02509,F03,L02950,0.02,460
F02510,F03,L02950,0.02,461
F02511,F03,L02950,0.02,462
F02512,F03,L02950,0.02,463
F02513,F03,L02950,0.02,464
F02514,F03,L02950,0.02,465
F02515,F03,L02950,0.02,466
F02516,F03,L02950,0.02,467
F02517,F03,L02950,0.02,468
F02518,F03,L02950,0.02,469
F02519,F03,L02950,0.02,470
F02520,F03,L02950,0.02,471
F02521,F03,L02950,0.02,472
F02522,F03,L02950,0.02,473
F02523,F03,L02950,0.02,474
F02524,F03,L02950,0.02,475
F02525,F03,L02950,0.02,476
F02526,F03,L02950,0.02,477
F02527,F03,L02950,0.02,478
F02528,F03,L02950,0.02,479
F02529,F03,L02950,0.02,480
F02530,F03,L02950,0.02,481
F02531,F03,L02950,0.02,482
F02532,F03,L02950,0.02,483
F02533,F03,L02950,0.02,484
F02534,F03,L02950,0.02,485
F02535,F03,L02950,0.02,486
F02536,F03,L02950,0.02,487
F02537,F03,L02950,0.02,488
F02538,F03,L02950,0.02,489
F02539,F03,L02950,0.02,490
F02540,F03,L02950,0.02,491
F02541,F03,L02950,0.02,492
F02542,F03,L02950,0.02,493
F02543,F03,L02950,0.02,494
F02544,F03,L02950,0.02,495
F02545,F03,L02950,0.02,496
F02546,F03,L02950,0.02,497
F02547,F03,L02950,0.02,498
F02548,F03,L02950,0.02,499
F02549,F03,L02950,0.02,500
F02550,F03,L02950,0.02,501
F02551,F03,L02950,0.02,502
F02552,F03,L02950,0.02,503
F02553,F03,L02950,0.02,504
F02554,F03,L02950,0.02,505
F02555,F03,L02950,0.02,506
F02556,F03,L02950,0.02,507
F02557,F03,L02950,0.02,508
F02558,F03,L02950,0.02,509
F02559,F03,L02950,0.02,510
F02560,F03,L02950,0.02,511
F02561,F03,L02950,0.02,512
F02562,F03,L02950,0.02,513
F02563,F03,L02950,0.02,514
F02564,F03,L02950,0.02,515
F02565,F03,L02950,0.02,516
F02566,F03,L02950,0.02,517
F02567,F03,L02950,0.02,518
F02568,F03,L02950,0.02,519
F02569,F03,L02950,0.02,520
F02570,F03,L02950,0.02,521
F02571,F03,L02950,0.02,522
F02572,F03,L02950,0.02,523
F02573,F03,L02950,0.02,524
F02574,F03,L02950,0.02,525
F02575,F03,L02950,0.02,526
F02576,F03,L02950,0.02,527
F02577,F03,L02950,0.02,528
F02578,F03,L02950,0.02,529
F02579,F03,L02950,0.02,530
F02580,F03,L02950,0.02,531
F02581,F03,L02950,0.02,532
F02582,F03,L02950,0.02,533
F02583,F03,L02950,0.02,534
F02584,F03,L02950,0.02,535
F02585,F03,L02950,0.02,536
F02586,F03,L02950,0.02,537
F02587,F03,L02950,0.02,538
F02588,F03,L02950,0.02,539
F02589,F03,L02950,0.02,540
F02590,F03,L02950,0.02,541
F02591,F03,L02950,0.02,542
F02592,F03,L02950,0.02,543
F02593,F03,L02950,0.02,544
F02594,F03,L02950,0.02,545
F02595,F03,L02950,0.02,546
F02596,F03,L02950,0.02,547
F02597,F03,L02950,0.02,548
F02598,F03,L02950,0.02,549
F02599,F03,L02950,0.02,550
F02600,F03,L02950,0.02,551
F02601,F03,L02950,0.02,552
F02602,F03,L02950,0.02,553
F02603,F03,L02950,0.02,554
F02604,F03,L02950,0.02,555
F02605,F03,L02950,0.02,556
F02606,F03,L02950,0.02,557
F02607,F03,L02950,0.02,558
F02608,F03,L02950,0.02,559
F02609,F03,L02950,0.02,560
F02610,F03,L02950,0.02,561
F02611,F03,L02950,0.02,562
F02612,F03,L02950,0.02,563
F02613,F03,L02950,0.02,564
F02614,F03,L02950,0.02,565
F02615,F03,L02950,0.02,566
F02616,F03,L02950,0.02,567
F02617,F03,L02950,0.02,568
F02618,F03,L02950,0.02,569
F02619,F03,L02950,0.02,570
F02620,F03,L02950,0.02,571
F02621,F03,L02950,0.02,572
F02622,F03,L02950,0.02,573
F02623,F03,L02950,0.02,574
F02624,F03,L02950,0.02,575
F02625,F03,L02950,0.02,576
F02626,F03,L02950,0.02,577
F02627,F03,L02950,0.02,578
F02628,F03,L02950,0.02,579
F02629,F03,L02950,0.02,580
F02630,F03,L02950,0.02,581
F02631,F03,L02950,0.02,582
F02632,F03,L02950,0.02,583
F02633,F03,L02950,0.02,584
F02634,F03,L02950,0.02,585
F02635,F03,L02950,0.02,586
F02636,F03,L02950,0.02,587
F02637,F03,L02950,0.02,588
F02638,F03,L02950,0.02,589
F02639,F03,L02950,0.02,590
F02640,F03,L02950,0.02,591
F02641,F03,L02950,0.02,592
F02642,F03,L02950,0.02,593
F02643,F03,L02950,0.02,594
F02644,F03,L02950,0.02,595
F02645,F03,L02950,0.02,596
F02646,F03,L02950,0.02,597
F02647,F03,L02950,0.02,598
F02648,F03,L02950,0.02,599
F02649,F03,L02950,0.02,600
F02650,F03,L02950,0.02,601
F02651,F03,L02950,0.02,602
F02652,F03,L02950,0.02,603
F02653,F03,L02950,0.02,604
F02654,F03,L02950,0.02,605
F02655,F03,L02950,0.02,606
F02656,F03,L02950,0.02,607
F02657,F03,L02950,0.02,608
F02658,F03,L02950,0.02,609
F02659,F03,L02950,0.02,610
F02660,F03,L02950,0.02,611
F02661,F03,L02950,0.02,612
F02662,F03,L02950,0.02,613
F02663,F03,L02950,0.02,614
F02664,F03,L02950,0.02,615
F02665,F03,L02950,0.02,616
F02666,F03,L02950,0.02,617
F02667,F03,L02950,0.02,618
F02668,F03,L02950,0.02,619
F02669,F03,L02950,0.02,620
F02670,F03,L02950,0.02,621
F02671,F03,L02950,0.02,622
F02672,F03,L02950,0.02,623
F02673,F03,L02950,0.02,624
F02674,F03,L02950,0.02,625
F02675,F03,L02950,0.02,626
F02676,F03,L02950,0.02,627
F02677,F03,L02950,0.02,628
F02678,F03,L02950,0.02,629
F02679,F03,L02950,0.02,630
F02680,F03,L02950,0.02,631
F02681,F03,L02950,0.02,632
F02682,F03,L02950,0.02,633
F02683,F03,L02950,0.02,634
F02684,F03,L02950,0.02,635
F02685,F03,L02950,0.02,636
F02686,F03,L02950,0.02,637
F02687,F03,L02950,0.02,638
F02688,F03,L02950,0.02,639
F02689,F03,L02950,0.02,640
F02690,F03,L02950,0.02,641
F02691,F03,L02950,0.02,642
F02692,F03,L02950,0.02,643
F02693,F03,L02950,0.02,644
F02694,F03,L02950,0.02,645
F02695,F03,L02950,0.02,646
F02696,F03,L02950,0.02,647
F02697,F03,L02950,0.02,648
F02698,F03,L02950,0.02,649
F02699,F03,L02950,0.02,650
F02700,F03,L02950,0.02,651
F02701,F03,L02950,0.02,652
F02702,F03,L02950,0.02,653
F02703,F03,L02950,0.02,654
F02704,F03,L02950,0.02,655
F02705,F03,L02950,0.02,656
F02706,F03,L02950,0.02,657
F02707,F03,L02950,0.02,658
F02708,F03,L02950,0.02,659
F02709,F03,L02950,0.02,660
F02710,F03,L02950,0.02,661
F02711,F03,L02950,0.02,662
F02712,F03,L02950,0.02,663
F02713,F03,L02950,0.02,664
F02714,F03,L02950,0.02,665
F02715,F03,L02950,0.02,666
F02716,F03,L02950,0.02,667
F02717,F03,L02950,0.02,668
F02718,F03,L02950,0.02,669
F02719,F03,L02950,0.02,670
F02720,F03,L02950,0.02,671
F02721,F03,L02950,0.02,672
F02722,F03,L02950,0.02,673
F02723,F03,L02950,0.02,674
F02724,F03,L02950,0.02,675
F02725,F03,L02950,0.02,676
F02726,F03,L02950,0.02,677
F02727,F03,L02950,0.02,678
F02728,F03,L02950,0.02,679
F02729,F03,L02950,0.02,680
F02730,F03,L02950,0.02,681
F02731,F03,L02950,0.02,682
F02732,F03,L02950,0.02,683
F02733,F03,L02950,0.02,684
F02734,F03,L02950,0.02,685
F02735,F03,L02950,0.02,686
F02736,F03,L02950,0.02,687
F02737,F03,L02950,0.02,688
F02738,F03,L02950,0.02,689
F02739,F03,L02950,0.02,690
F02740,F03,L02950,0.02,691
F02741,F03,L02950,0.02,692
F02742,F03,L02950,0.02,693
F02743,F03,L02950,0.02,694
F02744,F03,L02950,0.02,695
F02745,F03,L02950,0.02,696
F02746,F03,L02950,0.02,697
F02747,F03,L02950,0.02,698
F02748,F03,L02950,0.02,699
F02749,F03,L02950,0.02,700
F02750,F03,L02950,0.02,701
F02751,F03,L02950,0.02,702
F02752,F03,L02950,0.02,703
F02753,F03,L02950,0.02,704
F02754,F03,L02950,0.02,705
F02755,F03,L02950,0.02,706
F02756,F03,L02950,0.02,707
F02757,F03,L02950,0.02,708
F02758,F03,L02950,0.02,709
F02759,F03,L02950,0.02,710
F02760,F03,L02950,0.02,711
F02761,F03,L02950,0.02,712
F02762,F03,L02950,0.02,713
F02763,F03,L02950,0.02,714
F02764,F03,L02950,0.02,715
F02765,F03,L02950,0.02,716
F02766,F03,L02950,0.02,717
F02767,F03,L02950,0.02,718
F02768,F03,L02950,0.02,719
F02769,F03,L02950,0.02,720
F02770,F03,L02950,0.02,721
F02771,F03,L02950,0.02,722
F02772,F03,L02950,0.02,723
F02773,F03,L02950,0.02,724
F02774,F03,L02950,0.02,725
F02775,F03,L02950,0.02,726
F02776,F03,L02950,0.02,727
F02777,F03,L02950,0.02,728
F02778,F03,L02950,0.02,729
F02779,F03,L02950,0.02,730
F02780,F03,L02950,0.02,731
F02781,F03,L02950,0.02,732
F02782,F03,L02950,0.02,733
F02783,F03,L02950,0.02,734
F02784,F03,L02950,0.02,735
F02785,F03,L02950,0.02,736
F02786,F03,L02950,0.02,737
F02787,F03,L02950,0.02,738
F02788,F03,L02950,0.02,739
F02789,F03,L02950,0.02,740
F02790,F03,L02950,0.02,741
F02791,F03,L02950,0.02,742
F02792,F03,L02950,0.02,743
F02793,F03,L02950,0.02,744
F02794,F03,L02950,0.02,745
F02795,F03,L02950,0.02,746
F02796,F03,L02950,0.02,747
F02797,F03,L02950,0.02,748
F02798,F03,L02950,0.02,749
F02799,F03,L02950,0.02,750
F02800,F03,L02950,0.02,751
F02801,F03,L02950,0.02,752
F02802,F03,L02950,0.02,753
F02803,F03,L02950,0.02,754
F02804,F03,L02950,0.02,755
F02805,F03,L02950,0.02,756
F02806,F03,L02950,0.02,757
F02807,F03,L02950,0.02,758
F02808,F03,L02950,0.02,759
F02809,F03,L02950,0.02,760
F02810,F03,L02950,0.02,761
F02811,F03,L02950,0.02,762
F02812,F03,L02950,0.02,763
F02813,F03,L02950,0.02,764
F02814,F03,L02950,0.02,765
F02815,F03,L02950,0.02,766
F02816,F03,L02950,0.02,767
F02817,F03,L02950,0.02,768
F02818,F03,L02950,0.02,769
F02819,F03,L02950,0.02,770
F02820,F03,L02950,0.02,771
F02821,F03,L02950,0.02,772
F02822,F03,L02950,0.02,773
F02823,F03,L02950,0.02,774
F02824,F03,L02950,0.02,775
F02825,F03,L02950,0.02,776
F02826,F03,L02950,0.02,777
F02827,F03,L02950,0.02,778
F02828,F03,L02950,0.02,779
F02829,F03,L02950,0.02,780
F02830,F03,L02950,0.02,781
F02831,F03,L02950,0.02,782
F02832,F03,L02950,0.02,783
F02833,F03,L02950,0.02,784
F02834,F03,L02950,0.02,785
F02835,F03,L02950,0.02,786
F02836,F03,L02950,0.02,787
F02837,F03,L02950,0.02,788
F02838,F03,L02950,0.02,789
F02839,F03,L02950,0.02,790
F02840,F03,L02950,0.02,791
F02841,F03,L02950,0.02,792
F02842,F03,L02950,0.02,793
F02843,F03,L02950,0.02,794
F02844,F03,L02950,0.02,795
F02845,F03,L02950,0.02,796
F02846,F03,L02950,0.02,797
F02847,F03,L02950,0.02,798
F02848,F03,L02950,0.02,799
F02849,F03,L02950,0.02,800
F02850,F03,L02950,0.02,801
F02851,F03,L02950,0.02,802
F02852,F03,L02950,0.02,803
F02853,F03,L02950,0.02,804
F02854,F03,L02950,0.02,805
F02855,F03,L02950,0.02,806
F02856,F03,L02950,0.02,807
F02857,F03,L02950,0.02,808
F02858,F03,L02950,0.02,809
F02859,F03,L02950,0.02,810
F02860,F03,L02950,0.02,811
F02861,F03,L02950,0.02,812
F02862,F03,L02950,0.02,813
F02863,F03,L02950,0.02,814
F02864,F03,L02950,0.02,815
F02865,F03,L02950,0.02,816
F02866,F03,L02950,0.02,817
F02867,F03,L02950,0.02,818
F02868,F03,L02950,0.02,819
F02869,F03,L02950,0.02,820
F02870,F03,L02950,0.02,821
F02871,F03,L02950,0.02,822
F02872,F03,L02950,0.02,823
F02873,F03,L02950,0.02,824
F02874,F03,L02950,0.02,825
F02875,F03,L02950,0.02,826
F02876,F03,L02950,0.02,827
F02877,F03,L02950,0.02,828
F02878,F03,L02950,0.02,829
F02879,F03,L02950,0.02,830
F02880,F03,L02950,0.02,831
F02881,F03,L02950,0.02,832
F02882,F03,L02950,0.02,833
F02883,F03,L02950,0.02,834
F02884,F03,L02950,0.02,835
F02885,F03,L02950,0.02,836
F02886,F03,L02950,0.02,837
F02887,F03,L02950,0.02,838
F02888,F03,L02950,0.02,839
F02889,F03,L02950,0.02,840
F02890,F03,L02950,0.02,841
F02891,F03,L02950,0.02,842
F02892,F03,L02950,0.02,843
F02893,F03,L02950,0.02,844
F02894,F03,L02950,0.02,845
F02895,F03,L02950,0.02,846
F02896,F03,L02950,0.02,847
F02897,F03,L02950,0.02,848
F02898,F03,L02950,0.02,849
F02899,F03,L02950,0.02,850
F02900,F03,L02950,0.02,851
F02901,F03,L02950,0.02,852
F02902,F03,L02950,0.02,853
F02903,F03,L02950,0.02,854
F02904,F03,L02950,0.02,855
F02905,F03,L02950,0.02,856
F02906,F03,L02950,0.02,857
F02907,F03,L02950,0.02,858
F02908,F03,L02950,0.02,859
F02909,F03,L02950,0.02,860
F02910,F03,L02950,0.02,861
F02911,F03,L02950,0.02,862
F02912,F03,L02950,0.02,863
F02913,F03,L02950,0.02,864
F02914,F03,L02950,0.02,865
F02915,F03,L02950,0.02,866
F02916,F03,L02950,0.02,867
F02917,F03,L02950,0.02,868
F02918,F03,L02950,0.02,869
F02919,F03,L02950,0.02,870
F02920,F03,L02950,0.02,871
F02921,F03,L02950,0.02,872
F02922,F03,L02950,0.02,873
F02923,F03,L02950,0.02,874
F02924,F03,L02950,0.02,875
F02925,F03,L02950,0.02,876
F02926,F03,L02950,0.02,877
F02927,F03,L02950,0.02,878
F02928,F03,L02950,0.02,879
F02929,F03,L02950,0.02,880
F02930,F03,L02950,0.02,881
F02931,F03,L02950,0.02,882
F02932,F03,L02950,0.02,883
F02933,F03,L02950,0.02,884
F02934,F03,L02950,0.02,885
F02935,F03,L02950,0.02,886
F02936,F03,L02950,0.02,887
F02937,F03,L02950,0.02,888
F02938,F03,L02950,0.02,889
F02939,F03,L02950,0.02,890
F02940,F03,L02950,0.02,891
F02941,F03,L02950,0.02,892
F02942,F03,L02950,0.02,893
F02943,F03,L02950,0.02,894
F02944,F03,L02950,0.02,895
F02945,F03,L02950,0.02,896
F02946,F03,L02950,0.02,897
F02947,F03,L02950,0.02,898
F02948,F03,L02950,0.02,899
F02949,F03,L02950,0.02,900
F02950,F03,L02950,0.02,901
F02951,F03,L02950,0.02,902
F02952,F03,L02950,0.02,903
F02953,F03,L02950,0.02,904
F02954,F03,L02950,0.02,905
F02955,F03,L02950,0.02,906
F02956,F03,L02950,0.02,907
F02957,F03,L02950,0.02,908
F02958,F03,L02950,0.02,909
F02959,F03,L02950,0.02,910
F02960,F03,L02950,0.02,911
F02961,F03,L02950,0.02,912
F02962,F03,L02950,0.02,913
F02963,F03,L02950,0.02,914
F02964,F03,L02950,0.02,915
F02965,F03,L02950,0.02,916
F02966,F03,L02950,0.02,917
F02967,F03,L02950,0.02,918
F02968,F03,L02950,0.02,919
F02969,F03,L02950,0.02,920
F02970,F03,L02950,0.02,921
F02971,F03,L02950,0.02,922
F02972,F03,L02950,0.02,923
F02973,F03,L02950,0.02,924
F02974,F03,L02950,0.02,925
F02975,F03,L02950,0.02,926
F02976,F03,L02950,0.02,927
F02977,F03,L02950,0.02,928
F02978,F03,L02950,0.02,929
F02979,F03,L02950,0.02,930
F02980,F03,L02950,0.02,931
F02981,F03,L02950,0.02,932
F02982,F03,L02950,0.02,933
F02983,F03,L02950,0.02,934
F02984,F03,L02950,0.02,935
F02985,F03,L02950,0.02,936
F02986,F03,L02950,0.02,937
F02987,F03,L02950,0.02,938
F02988,F03,L02950,0.02,939
F02989,F03,L02950,0.02,940
F02990,F03,L02950,0.02,941
F02991,F03,L02950,0.02,942
F02992,F03,L02950,0.02,943
F02993,F03,L02950,0.02,944
F02994,F03,L02950,0.02,945
F02995,F03,L02950,0.02,946
F02996,F03,L02950,0.02,947
F02997,F03,L02950,0.02,948
F02998,F03,L02950,0.02,949
F02999,F03,L02950,0.02,950
F03000,F03,L02950,0.02,951
F03001,F03,L02950,0.02,952
F03002,F03,L02950,0.02,953
F03003,F03,L02950,0.02,954
F03004,F03,L02950,0.02,955
F03005,F03,L02950,0.02,956
F03006,F03,L02950,0.02,957
F03007,F03,L02950,0.02,958
F03008,F03,L02950,0.02,959
F03009,F03,L02950,0.02,960
F03010,F03,L02950,0.02,961
F03011,F03,L02950,0.02,962
F03012,F03,L02950,0.02,963
F03013,F03,L02950,0.02,964
F03014,F03,L02950,0.02,965
F03015,F03,L02950,0.02,966
F03016,F03,L02950,0.02,967
F03017,F03,L02950,0.02,968
F03018,F03,L02950,0.02,969
F03019,F03,L02950,0.02,970
F03020,F03,L02950,0.02,971
F03021,F03,L02950,0.02,972
F03022,F03,L02950,0.02,973
F03023,F03,L02950,0.02,974
F03024,F03,L02950,0.02,975
F03025,F03,L02950,0.02,976
F03026,F03,L02950,0.02,977
F03027,F03,L02950,0.02,978
F03028,F03,L02950,0.02,979
F03029,F03,L02950,0.02,980
F03030,F03,L02950,0.02,981
F03031,F03,L02950,0.02,982
F03032,F03,L02950,0.02,983
F03033,F03,L02950,0.02,984
F03034,F03,L02950,0.02,985
F03035,F03,L02950,0.02,986
F03036,F03,L02950,0.02,987
F03037,F03,L02950,0.02,988
F03038,F03,L02950,0.02,989
F03039,F03,L02950,0.02,990
F03040,F03,L02950,0.02,991
F03041,F03,L02950,0.02,992
F03042,F03,L02950,0.02,993
F03043,F03,L02950,0.02,994
F03044,F03,L02950,0.02,995
F03045,F03,L02950,0.02,996
F03046,F03,L02950,0.02,997
F03047,F03,L02950,0.02,998
F03048,F03,L02950,0.02,999
F03049,F03,L02950,0.02,1000
F03050,F03,L02950,0.02,1001
F03051,F03,L02950,0.02,1002
F03052,F03,L02950,0.02,1003
F03053,F03,L02950,0.02,1004
F03054,F03,L02950,0.02,1005
F03055,F03,L02950,0.02,1006
F03056,F03,L02950,0.02,1007
F03057,F03,L02950,0.02,1008
F03058,F03,L02950,0.02,1009
F03059,F03,L02950,0.02,1010
F03060,F03,L02950,0.02,1011
F03061,F03,L02950,0.02,1012
F03062,F03,L02950,0.02,1013
F03063,F03,L02950,0.02,1014
F03064,F03,L02950,0.02,1015
F03065,F03,L02950,0.02,1016
F03066,F03,L02950,0.02,1017
F03067,F03,L02950,0.02,1018
F03068,F03,L02950,0.02,1019
F03069,F03,L02950,0.02,1020
F03070,F03,L02950,0.02,1021
F03071,F03,L02950,0.02,1022
F03072,F03,L02950,0.02,1023
F03073,F04,L02950,0.04,0
F03074,F04,L02950,0.04,1
F03075,F04,L02950,0.04,2
F03076,F04,L02950,0.04,3
F03077,F04,L02950,0.04,4
F03078,F04,L02950,0.04,5
F03079,F04,L02950,0.04,6
F03080,F04,L02950,0.04,7
F03081,F04,L02950,0.04,8
F03082,F04,L02950,0.04,9
F03083,F04,L02950,0.04,10
F03084,F04,L02950,0.04,11
F03085,F04,L02950,0.04,12
F03086,F04,L02950,0.04,13
F03087,F04,L02950,0.04,14
F03088,F04,L02950,0.04,15
F03089,F04,L02950,0.04,16
F03090,F04,L02950,0.04,17
F03091,F04,L02950,0.04,18
F03092,F04,L02950,0.04,19
F03093,F04,L02950,0.04,20
F03094,F04,L02950,0.04,21
F03095,F04,L02950,0.04,22
F03096,F04,L02950,0.04,23
F03097,F04,L02950,0.04,24
F03098,F04,L02950,0.04,25
F03099,F04,L02950,0.04,26
F03100,F04,L02950,0.04,27
F03101,F04,L02950,0.04,28
F03102,F04,L02950,0.04,29
F03103,F04,L02950,0.04,30
F03104,F04,L02950,0.04,31
F03105,F04,L02950,0.04,32
F03106,F04,L02950,0.04,33
F03107,F04,L02950,0.04,34
F03108,F04,L02950,0.04,35
F03109,F04,L02950,0.04,36
F03110,F04,L02950,0.04,37
F03111,F04,L02950,0.04,38
F03112,F04,L02950,0.04,39
F03113,F04,L02950,0.04,40
F03114,F04,L02950,0.04,41
F03115,F04,L02950,0.04,42
F03116,F04,L02950,0.04,43
F03117,F04,L02950,0.04,44
F03118,F04,L02950,0.04,45
F03119,F04,L02950,0.04,46
F03120,F04,L02950,0.04,47
F03121,F04,L02950,0.04,48
F03122,F04,L02950,0.04,49
F03123,F04,L02950,0.04,50
F03124,F04,L02950,0.04,51
F03125,F04,L02950,0.04,52
F03126,F04,L02950,0.04,53
F03127,F04,L02950,0.04,54
F03128,F04,L02950,0.04,55
F03129,F04,L02950,0.04,56
F03130,F04,L02950,0.04,57
F03131,F04,L02950,0.04,58
F03132,F04,L02950,0.04,59
F03133,F04,L02950,0.04,60
F03134,F04,L02950,0.04,61
F03135,F04,L02950,0.04,62
F03136,F04,L02950,0.04,63
F03137,F04,L02950,0.04,64
F03138,F04,L02950,0.04,65
F03139,F04,L02950,0.04,66
F03140,F04,L02950,0.04,67
F03141,F04,L02950,0.04,68
F03142,F04,L02950,0.04,69
F03143,F04,L02950,0.04,70
F03144,F04,L02950,0.04,71
F03145,F04,L02950,0.04,72
F03146,F04,L02950,0.04,73
F03147,F04,L02950,0.04,74
F03148,F04,L02950,0.04,75
F03149,F04,L02950,0.04,76
F03150,F04,L02950,0.04,77
F03151,F04,L02950,0.04,78
F03152,F04,L02950,0.04,79
F03153,F04,L02950,0.04,80
F03154,F04,L02950,0.04,81
F03155,F04,L02950,0.04,82
F03156,F04,L02950,0.04,83
F03157,F04,L02950,0.04,84
F03158,F04,L02950,0.04,85
F03159,F04,L02950,0.04,86
F03160,F04,L02950,0.04,87
F03161,F04,L02950,0.04,88
F03162,F04,L02950,0.04,89
F03163,F04,L02950,0.04,90
F03164,F04,L02950,0.04,91
F03165,F04,L02950,0.04,92
F03166,F04,L02950,0.04,93
F03167,F04,L02950,0.04,94
F03168,F04,L02950,0.04,95
F03169,F04,L02950,0.04,96
F03170,F04,L02950,0.04,97
F03171,F04,L02950,0.04,98
F03172,F04,L02950,0.04,99
F03173,F04,L02950,0.04,100
F03174,F04,L02950,0.04,101
F03175,F04,L02950,0.04,102
F03176,F04,L02950,0.04,103
F03177,F04,L02950,0.04,104
F03178,F04,L02950,0.04,105
F03179,F04,L02950,0.04,106
F03180,F04,L02950,0.04,107
F03181,F04,L02950,0.04,108
F03182,F04,L02950,0.04,109
F03183,F04,L02950,0.04,110
F03184,F04,L02950,0.04,111
F03185,F04,L02950,0.04,112
F03186,F04,L02950,0.04,113
F03187,F04,L02950,0.04,114
F03188,F04,L02950,0.04,115
F03189,F04,L02950,0.04,116
F03190,F04,L02950,0.04,117
F03191,F04,L02950,0.04,118
F03192,F04,L02950,0.04,119
F03193,F04,L02950,0.04,120
F03194,F04,L02950,0.04,121
F03195,F04,L02950,0.04,122
F03196,F04,L02950,0.04,123
F03197,F04,L02950,0.04,124
F03198,F04,L02950,0.04,125
F03199,F04,L02950,0.04,126
F03200,F04,L02950,0.04,127
F03201,F04,L02950,0.04,128
F03202,F04,L02950,0.04,129
F03203,F04,L02950,0.04,130
F03204,F04,L02950,0.04,131
F03205,F04,L02950,0.04,132
F03206,F04,L02950,0.04,133
F03207,F04,L02950,0.04,134
F03208,F04,L02950,0.04,135
F03209,F04,L02950,0.04,136
F03210,F04,L02950,0.04,137
F03211,F04,L02950,0.04,138
F03212,F04,L02950,0.04,139
F03213,F04,L02950,0.04,140
F03214,F04,L02950,0.04,141
F03215,F04,L02950,0.04,142
F03216,F04,L02950,0.04,143
F03217,F04,L02950,0.04,144
F03218,F04,L02950,0.04,145
F03219,F04,L02950,0.04,146
F03220,F04,L02950,0.04,147
F03221,F04,L02950,0.04,148
F03222,F04,L02950,0.04,149
F03223,F04,L02950,0.04,150
F03224,F04,L02950,0.04,151
F03225,F04,L02950,0.04,152
F03226,F04,L02950,0.04,153
F03227,F04,L02950,0.04,154
F03228,F04,L02950,0.04,155
F03229,F04,L02950,0.04,156
F03230,F04,L02950,0.04,157
F03231,F04,L02950,0.04,158
F03232,F04,L02950,0.04,159
F03233,F04,L02950,0.04,160
F03234,F04,L02950,0.04,161
F03235,F04,L02950,0.04,162
F03236,F04,L02950,0.04,163
F03237,F04,L02950,0.04,164
F03238,F04,L02950,0.04,165
F03239,F04,L02950,0.04,166
F03240,F04,L02950,0.04,167
F03241,F04,L02950,0.04,168
F03242,F04,L02950,0.04,169
F03243,F04,L02950,0.04,170
F03244,F04,L02950,0.04,171
F03245,F04,L02950,0.04,172
F03246,F04,L02950,0.04,173
F03247,F04,L02950,0.04,174
F03248,F04,L02950,0.04,175
F03249,F04,L02950,0.04,176
F03250,F04,L02950,0.04,177
F03251,F04,L02950,0.04,178
F03252,F04,L02950,0.04,179
F03253,F04,L02950,0.04,180
F03254,F04,L02950,0.04,181
F03255,F04,L02950,0.04,182
F03256,F04,L02950,0.04,183
F03257,F04,L02950,0.04,184
F03258,F04,L02950,0.04,185
F03259,F04,L02950,0.04,186
F03260,F04,L02950,0.04,187
F03261,F04,L02950,0.04,188
F03262,F04,L02950,0.04,189
F03263,F04,L02950,0.04,190
F03264,F04,L02950,0.04,191
F03265,F04,L02950,0.04,192
F03266,F04,L02950,0.04,193
F03267,F04,L02950,0.04,194
F03268,F04,L02950,0.04,195
F03269,F04,L02950,0.04,196
F03270,F04,L02950,0.04,197
F03271,F04,L02950,0.04,198
F03272,F04,L02950,0.04,199
F03273,F04,L02950,0.04,200
F03274,F04,L02950,0.04,201
F03275,F04,L02950,0.04,202
F03276,F04,L02950,0.04,203
F03277,F04,L02950,0.04,204
F03278,F04,L02950,0.04,205
F03279,F04,L02950,0.04,206
F03280,F04,L02950,0.04,207
F03281,F04,L02950,0.04,208
F03282,F04,L02950,0.04,209
F03283,F04,L02950,0.04,210
F03284,F04,L02950,0.04,211
F03285,F04,L02950,0.04,212
F03286,F04,L02950,0.04,213
F03287,F04,L02950,0.04,214
F03288,F04,L02950,0.04,215
F03289,F04,L02950,0.04,216
F03290,F04,L02950,0.04,217
F03291,F04,L02950,0.04,218
F03292,F04,L02950,0.04,219
F03293,F04,L02950,0.04,220
F03294,F04,L02950,0.04,221
F03295,F04,L02950,0.04,222
F03296,F04,L02950,0.04,223
F03297,F04,L02950,0.04,224
F03298,F04,L02950,0.04,225
F03299,F04,L02950,0.04,226
F03300,F04,L02950,0.04,227
F03301,F04,L02950,0.04,228
F03302,F04,L02950,0.04,229
F03303,F04,L02950,0.04,230
F03304,F04,L02950,0.04,231
F03305,F04,L02950,0.04,232
F03306,F04,L02950,0.04,233
F03307,F04,L02950,0.04,234
F03308,F04,L02950,0.04,235
F03309,F04,L02950,0.04,236
F03310,F04,L02950,0.04,237
F03311,F04,L02950,0.04,238
F03312,F04,L02950,0.04,239
F03313,F04,L02950,0.04,240
F03314,F04,L02950,0.04,241
F03315,F04,L02950,0.04,242
F03316,F04,L02950,0.04,243
F03317,F04,L02950,0.04,244
F03318,F04,L02950,0.04,245
F03319,F04,L02950,0.04,246
F03320,F04,L02950,0.04,247
F03321,F04,L02950,0.04,248
F03322,F04,L02950,0.04,249
F03323,F04,L02950,0.04,250
F03324,F04,L02950,0.04,251
F03325,F04,L02950,0.04,252
F03326,F04,L02950,0.04,253
F03327,F04,L02950,0.04,254
F03328,F04,L02950,0.04,255
F03329,F04,L02950,0.04,256
F03330,F04,L02950,0.04,257
F03331,F04,L02950,0.04,258
F03332,F04,L02950,0.04,259
F03333,F04,L02950,0.04,260
F03334,F04,L02950,0.04,261
F03335,F04,L02950,0.04,262
F03336,F04,L02950,0.04,263
F03337,F04,L02950,0.04,264
F03338,F04,L02950,0.04,265
F03339,F04,L02950,0.04,266
F03340,F04,L02950,0.04,267
F03341,F04,L02950,0.04,268
F03342,F04,L02950,0.04,269
F03343,F04,L02950,0.04,270
F03344,F04,L02950,0.04,271
F03345,F04,L02950,0.04,272
F03346,F04,L02950,0.04,273
F03347,F04,L02950,0.04,274
F03348,F04,L02950,0.04,275
F03349,F04,L02950,0.04,276
F03350,F04,L02950,0.04,277
F03351,F04,L02950,0.04,278
F03352,F04,L02950,0.04,279
F03353,F04,L02950,0.04,280
F03354,F04,L02950,0.04,281
F03355,F04,L02950,0.04,282
F03356,F04,L02950,0.04,283
F03357,F04,L02950,0.04,284
F03358,F04,L02950,0.04,285
F03359,F04,L02950,0.04,286
F03360,F04,L02950,0.04,287
F03361,F04,L02950,0.04,288
F03362,F04,L02950,0.04,289
F03363,F04,L02950,0.04,290
F03364,F04,L02950,0.04,291
F03365,F04,L02950,0.04,292
F03366,F04,L02950,0.04,293
F03367,F04,L02950,0.04,294
F03368,F04,L02950,0.04,295
F03369,F04,L02950,0.04,296
F03370,F04,L02950,0.04,297
F03371,F04,L02950,0.04,298
F03372,F04,L02950,0.04,299
F03373,F04,L02950,0.04,300
F03374,F04,L02950,0.04,301
F03375,F04,L02950,0.04,302
F03376,F04,L02950,0.04,303
F03377,F04,L02950,0.04,304
F03378,F04,L02950,0.04,305
F03379,F04,L02950,0.04,306
F03380,F04,L02950,0.04,307
F03381,F04,L02950,0.04,308
F03382,F04,L02950,0.04,309
F03383,F04,L02950,0.04,310
F03384,F04,L02950,0.04,311
F03385,F04,L02950,0.04,312
F03386,F04,L02950,0.04,313
F03387,F04,L02950,0.04,314
F03388,F04,L02950,0.04,315
F03389,F04,L02950,0.04,316
F03390,F04,L02950,0.04,317
F03391,F04,L02950,0.04,318
F03392,F04,L02950,0.04,319
F03393,F04,L02950,0.04,320
F03394,F04,L02950,0.04,321
F03395,F04,L02950,0.04,322
F03396,F04,L02950,0.04,323
F03397,F04,L02950,0.04,324
F03398,F04,L02950,0.04,325
F03399,F04,L02950,0.04,326
F03400,F04,L02950,0.04,327
F03401,F04,L02950,0.04,328
F03402,F04,L02950,0.04,329
F03403,F04,L02950,0.04,330
F03404,F04,L02950,0.04,331
F03405,F04,L02950,0.04,332
F03406,F04,L02950,0.04,333
F03407,F04,L02950,0.04,334
F03408,F04,L02950,0.04,335
F03409,F04,L02950,0.04,336
F03410,F04,L02950,0.04,337
F03411,F04,L02950,0.04,338
F03412,F04,L02950,0.04,339
F03413,F04,L02950,0.04,340
F03414,F04,L02950,0.04,341
F03415,F04,L02950,0.04,342
F03416,F04,L02950,0.04,343
F03417,F04,L02950,0.04,344
F03418,F04,L02950,0.04,345
F03419,F04,L02950,0.04,346
F03420,F04,L02950,0.04,347
F03421,F04,L02950,0.04,348
F03422,F04,L02950,0.04,349
F03423,F04,L02950,0.04,350
F03424,F04,L02950,0.04,351
F03425,F04,L02950,0.04,352
F03426,F04,L02950,0.04,353
F03427,F04,L02950,0.04,354
F03428,F04,L02950,0.04,355
F03429,F04,L02950,0.04,356
F03430,F04,L02950,0.04,357
F03431,F04,L02950,0.04,358
F03432,F04,L02950,0.04,359
F03433,F04,L02950,0.04,360
F03434,F04,L02950,0.04,361
F03435,F04,L02950,0.04,362
F03436,F04,L02950,0.04,363
F03437,F04,L02950,0.04,364
F03438,F04,L02950,0.04,365
F03439,F04,L02950,0.04,366
F03440,F04,L02950,0.04,367
F03441,F04,L02950,0.04,368
F03442,F04,L02950,0.04,369
F03443,F04,L02950,0.04,370
F03444,F04,L02950,0.04,371
F03445,F04,L02950,0.04,372
F03446,F04,L02950,0.04,373
F03447,F04,L02950,0.04,374
F03448,F04,L02950,0.04,375
F03449,F04,L02950,0.04,376
F03450,F04,L02950,0.04,377
F03451,F04,L02950,0.04,378
F03452,F04,L02950,0.04,379
F03453,F04,L02950,0.04,380
F03454,F04,L02950,0.04,381
F03455,F04,L02950,0.04,382
F03456,F04,L02950,0.04,383
F03457,F04,L02950,0.04,384
F03458,F04,L02950,0.04,385
F03459,F04,L02950,0.04,386
F03460,F04,L02950,0.04,387
F03461,F04,L02950,0.04,388
F03462,F04,L02950,0.04,389
F03463,F04,L02950,0.04,390
F03464,F04,L02950,0.04,391
F03465,F04,L02950,0.04,392
F03466,F04,L02950,0.04,393
F03467,F04,L02950,0.04,394
F03468,F04,L02950,0.04,395
F03469,F04,L02950,0.04,396
F03470,F04,L02950,0.04,397
F03471,F04,L02950,0.04,398
F03472,F04,L02950,0.04,399
F03473,F04,L02950,0.04,400
F03474,F04,L02950,0.04,401
F03475,F04,L02950,0.04,402
F03476,F04,L02950,0.04,403
F03477,F04,L02950,0.04,404
F03478,F04,L02950,0.04,405
F03479,F04,L02950,0.04,406
F03480,F04,L02950,0.04,407
F03481,F04,L02950,0.04,408
F03482,F04,L02950,0.04,409
F03483,F04,L02950,0.04,410
F03484,F04,L02950,0.04,411
F03485,F04,L02950,0.04,412
F03486,F04,L02950,0.04,413
F03487,F04,L02950,0.04,414
F03488,F04,L02950,0.04,415
F03489,F04,L02950,0.04,416
F03490,F04,L02950,0.04,417
F03491,F04,L02950,0.04,418
F03492,F04,L02950,0.04,419
F03493,F04,L02950,0.04,420
F03494,F04,L02950,0.04,421
F03495,F04,L02950,0.04,422
F03496,F04,L02950,0.04,423
F03497,F04,L02950,0.04,424
F03498,F04,L02950,0.04,425
F03499,F04,L02950,0.04,426
F03500,F04,L02950,0.04,427
F03501,F04,L02950,0.04,428
F03502,F04,L02950,0.04,429
F03503,F04,L02950,0.04,430
F03504,F04,L02950,0.04,431
F03505,F04,L02950,0.04,432
F03506,F04,L02950,0.04,433
F03507,F04,L02950,0.04,434
F03508,F04,L02950,0.04,435
F03509,F04,L02950,0.04,436
F03510,F04,L02950,0.04,437
F03511,F04,L02950,0.04,438
F03512,F04,L02950,0.04,439
F03513,F04,L02950,0.04,440
F03514,F04,L02950,0.04,441
F03515,F04,L02950,0.04,442
F03516,F04,L02950,0.04,443
F03517,F04,L02950,0.04,444
F03518,F04,L02950,0.04,445
F03519,F04,L02950,0.04,446
F03520,F04,L02950,0.04,447
F03521,F04,L02950,0.04,448
F03522,F04,L02950,0.04,449
F03523,F04,L02950,0.04,450
F03524,F04,L02950,0.04,451
F03525,F04,L02950,0.04,452
F03526,F04,L02950,0.04,453
F03527,F04,L02950,0.04,454
F03528,F04,L02950,0.04,455
F03529,F04,L02950,0.04,456
F03530,F04,L02950,0.04,457
F03531,F04,L02950,0.04,458
F03532,F04,L02950,0.04,459
F03533,F04,L02950,0.04,460
F03534,F04,L02950,0.04,461
F03535,F04,L02950,0.04,462
F03536,F04,L02950,0.04,463
F03537,F04,L02950,0.04,464
F03538,F04,L02950,0.04,465
F03539,F04,L02950,0.04,466
F03540,F04,L02950,0.04,467
F03541,F04,L02950,0.04,468
F03542,F04,L02950,0.04,469
F03543,F04,L02950,0.04,470
F03544,F04,L02950,0.04,471
F03545,F04,L02950,0.04,472
F03546,F04,L02950,0.04,473
F03547,F04,L02950,0.04,474
F03548,F04,L02950,0.04,475
F03549,F04,L02950,0.04,476
F03550,F04,L02950,0.04,477
F03551,F04,L02950,0.04,478
F03552,F04,L02950,0.04,479
F03553,F04,L02950,0.04,480
F03554,F04,L02950,0.04,481
F03555,F04,L02950,0.04,482
F03556,F04,L02950,0.04,483
F03557,F04,L02950,0.04,484
F03558,F04,L02950,0.04,485
F03559,F04,L02950,0.04,486
F03560,F04,L02950,0.04,487
F03561,F04,L02950,0.04,488
F03562,F04,L02950,0.04,489
F03563,F04,L02950,0.04,490
F03564,F04,L02950,0.04,491
F03565,F04,L02950,0.04,492
F03566,F04,L02950,0.04,493
F03567,F04,L02950,0.04,494
F03568,F04,L02950,0.04,495
F03569,F04,L02950,0.04,496
F03570,F04,L02950,0.04,497
F03571,F04,L02950,0.04,498
F03572,F04,L02950,0.04,499
F03573,F04,L02950,0.04,500
F03574,F04,L02950,0.04,501
F03575,F04,L02950,0.04,502
F03576,F04,L02950,0.04,503
F03577,F04,L02950,0.04,504
F03578,F04,L02950,0.04,505
F03579,F04,L02950,0.04,506
F03580,F04,L02950,0.04,507
F03581,F04,L02950,0.04,508
F03582,F04,L02950,0.04,509
F03583,F04,L02950,0.04,510
F03584,F04,L02950,0.04,511
F03585,F04,L02950,0.04,512
F03586,F04,L02950,0.04,513
F03587,F04,L02950,0.04,514
F03588,F04,L02950,0.04,515
F03589,F04,L02950,0.04,516
F03590,F04,L02950,0.04,517
F03591,F04,L02950,0.04,518
F03592,F04,L02950,0.04,519
F03593,F04,L02950,0.04,520
F03594,F04,L02950,0.04,521
F03595,F04,L02950,0.04,522
F03596,F04,L02950,0.04,523
F03597,F04,L02950,0.04,524
F03598,F04,L02950,0.04,525
F03599,F04,L02950,0.04,526
F03600,F04,L02950,0.04,527
F03601,F04,L02950,0.04,528
F03602,F04,L02950,0.04,529
F03603,F04,L02950,0.04,530
F03604,F04,L02950,0.04,531
F03605,F04,L02950,0.04,532
F03606,F04,L02950,0.04,533
F03607,F04,L02950,0.04,534
F03608,F04,L02950,0.04,535
F03609,F04,L02950,0.04,536
F03610,F04,L02950,0.04,537
F03611,F04,L02950,0.04,538
F03612,F04,L02950,0.04,539
F03613,F04,L02950,0.04,540
F03614,F04,L02950,0.04,541
F03615,F04,L02950,0.04,542
F03616,F04,L02950,0.04,543
F03617,F04,L02950,0.04,544
F03618,F04,L02950,0.04,545
F03619,F04,L02950,0.04,546
F03620,F04,L02950,0.04,547
F03621,F04,L02950,0.04,548
F03622,F04,L02950,0.04,549
F03623,F04,L02950,0.04,550
F03624,F04,L02950,0.04,551
F03625,F04,L02950,0.04,552
F03626,F04,L02950,0.04,553
F03627,F04,L02950,0.04,554
F03628,F04,L02950,0.04,555
F03629,F04,L02950,0.04,556
F03630,F04,L02950,0.04,557
F03631,F04,L02950,0.04,558
F03632,F04,L02950,0.04,559
F03633,F04,L02950,0.04,560
F03634,F04,L02950,0.04,561
F03635,F04,L02950,0.04,562
F03636,F04,L02950,0.04,563
F03637,F04,L02950,0.04,564
F03638,F04,L02950,0.04,565
F03639,F04,L02950,0.04,566
F03640,F04,L02950,0.04,567
F03641,F04,L02950,0.04,568
F03642,F04,L02950,0.04,569
F03643,F04,L02950,0.04,570
F03644,F04,L02950,0.04,571
F03645,F04,L02950,0.04,572
F03646,F04,L02950,0.04,573
F03647,F04,L02950,0.04,574
F03648,F04,L02950,0.04,575
F03649,F04,L02950,0.04,576
F03650,F04,L02950,0.04,577
F03651,F04,L02950,0.04,578
F03652,F04,L02950,0.04,579
F03653,F04,L02950,0.04,580
F03654,F04,L02950,0.04,581
F03655,F04,L02950,0.04,582
F03656,F04,L02950,0.04,583
F03657,F04,L02950,0.04,584
F03658,F04,L02950,0.04,585
F03659,F04,L02950,0.04,586
F03660,F04,L02950,0.04,587
F03661,F04,L02950,0.04,588
F03662,F04,L02950,0.04,589
F03663,F04,L02950,0.04,590
F03664,F04,L02950,0.04,591
F03665,F04,L02950,0.04,592
F03666,F04,L02950,0.04,593
F03667,F04,L02950,0.04,594
F03668,F04,L02950,0.04,595
F03669,F04,L02950,0.04,596
F03670,F04,L02950,0.04,597
F03671,F04,L02950,0.04,598
F03672,F04,L02950,0.04,599
F03673,F04,L02950,0.04,600
F03674,F04,L02950,0.04,601
F03675,F04,L02950,0.04,602
F03676,F04,L02950,0.04,603
F03677,F04,L02950,0.04,604
F03678,F04,L02950,0.04,605
F03679,F04,L02950,0.04,606
F03680,F04,L02950,0.04,607
F03681,F04,L02950,0.04,608
F03682,F04,L02950,0.04,609
F03683,F04,L02950,0.04,610
F03684,F04,L02950,0.04,611
F03685,F04,L02950,0.04,612
F03686,F04,L02950,0.04,613
F03687,F04,L02950,0.04,614
F03688,F04,L02950,0.04,615
F03689,F04,L02950,0.04,616
F03690,F04,L02950,0.04,617
F03691,F04,L02950,0.04,618
F03692,F04,L02950,0.04,619
F03693,F04,L02950,0.04,620
F03694,F04,L02950,0.04,621
F03695,F04,L02950,0.04,622
F03696,F04,L02950,0.04,623
F03697,F04,L02950,0.04,624
F03698,F04,L02950,0.04,625
F03699,F04,L02950,0.04,626
F03700,F04,L02950,0.04,627
F03701,F04,L02950,0.04,628
F03702,F04,L02950,0.04,629
F03703,F04,L02950,0.04,630
F03704,F04,L02950,0.04,631
F03705,F04,L02950,0.04,632
F03706,F04,L02950,0.04,633
F03707,F04,L02950,0.04,634
F03708,F04,L02950,0.04,635
F03709,F04,L02950,0.04,636
F03710,F04,L02950,0.04,637
F03711,F04,L02950,0.04,638
F03712,F04,L02950,0.04,639
F03713,F04,L02950,0.04,640
F03714,F04,L02950,0.04,641
F03715,F04,L02950,0.04,642
F03716,F04,L02950,0.04,643
F03717,F04,L02950,0.04,644
F03718,F04,L02950,0.04,645
F03719,F04,L02950,0.04,646
F03720,F04,L02950,0.04,647
F03721,F04,L02950,0.04,648
F03722,F04,L02950,0.04,649
F03723,F04,L02950,0.04,650
F03724,F04,L02950,0.04,651
F03725,F04,L02950,0.04,652
F03726,F04,L02950,0.04,653
F03727,F04,L02950,0.04,654
F03728,F04,L02950,0.04,655
F03729,F04,L02950,0.04,656
F03730,F04,L02950,0.04,657
F03731,F04,L02950,0.04,658
F03732,F04,L02950,0.04,659
F03733,F04,L02950,0.04,660
F03734,F04,L02950,0.04,661
F03735,F04,L02950,0.04,662
F03736,F04,L02950,0.04,663
F03737,F04,L02950,0.04,664
F03738,F04,L02950,0.04,665
F03739,F04,L02950,0.04,666
F03740,F04,L02950,0.04,667
F03741,F04,L02950,0.04,668
F03742,F04,L02950,0.04,669
F03743,F04,L02950,0.04,670
F03744,F04,L02950,0.04,671
F03745,F04,L02950,0.04,672
F03746,F04,L02950,0.04,673
F03747,F04,L02950,0.04,674
F03748,F04,L02950,0.04,675
F03749,F04,L02950,0.04,676
F03750,F04,L02950,0.04,677
F03751,F04,L02950,0.04,678
F03752,F04,L02950,0.04,679
F03753,F04,L02950,0.04,680
F03754,F04,L02950,0.04,681
F03755,F04,L02950,0.04,682
F03756,F04,L02950,0.04,683
F03757,F04,L02950,0.04,684
F03758,F04,L02950,0.04,685
F03759,F04,L02950,0.04,686
F03760,F04,L02950,0.04,687
F03761,F04,L02950,0.04,688
F03762,F04,L02950,0.04,689
F03763,F04,L02950,0.04,690
F03764,F04,L02950,0.04,691
F03765,F04,L02950,0.04,692
F03766,F04,L02950,0.04,693
F03767,F04,L02950,0.04,694
F03768,F04,L02950,0.04,695
F03769,F04,L02950,0.04,696
F03770,F04,L02950,0.04,697
F03771,F04,L02950,0.04,698
F03772,F04,L02950,0.04,699
F03773,F04,L02950,0.04,700
F03774,F04,L02950,0.04,701
F03775,F04,L02950,0.04,702
F03776,F04,L02950,0.04,703
F03777,F04,L02950,0.04,704
F03778,F04,L02950,0.04,705
F03779,F04,L02950,0.04,706
F03780,F04,L02950,0.04,707
F03781,F04,L02950,0.04,708
F03782,F04,L02950,0.04,709
F03783,F04,L02950,0.04,710
F03784,F04,L02950,0.04,711
F03785,F04,L02950,0.04,712
F03786,F04,L02950,0.04,713
F03787,F04,L02950,0.04,714
F03788,F04,L02950,0.04,715
F03789,F04,L02950,0.04,716
F03790,F04,L02950,0.04,717
F03791,F04,L02950,0.04,718
F03792,F04,L02950,0.04,719
F03793,F04,L02950,0.04,720
F03794,F04,L02950,0.04,721
F03795,F04,L02950,0.04,722
F03796,F04,L02950,0.04,723
F03797,F04,L02950,0.04,724
F03798,F04,L02950,0.04,725
F03799,F04,L02950,0.04,726
F03800,F04,L02950,0.04,727
F03801,F04,L02950,0.04,728
F03802,F04,L02950,0.04,729
F03803,F04,L02950,0.04,730
F03804,F04,L02950,0.04,731
F03805,F04,L02950,0.04,732
F03806,F04,L02950,0.04,733
F03807,F04,L02950,0.04,734
F03808,F04,L02950,0.04,735
F03809,F04,L02950,0.04,736
F03810,F04,L02950,0.04,737
F03811,F04,L02950,0.04,738
F03812,F04,L02950,0.04,739
F03813,F04,L02950,0.04,740
F03814,F04,L02950,0.04,741
F03815,F04,L02950,0.04,742
F03816,F04,L02950,0.04,743
F03817,F04,L02950,0.04,744
F03818,F04,L02950,0.04,745
F03819,F04,L02950,0.04,746
F03820,F04,L02950,0.04,747
F03821,F04,L02950,0.04,748
F03822,F04,L02950,0.04,749
F03823,F04,L02950,0.04,750
F03824,F04,L02950,0.04,751
F03825,F04,L02950,0.04,752
F03826,F04,L02950,0.04,753
F03827,F04,L02950,0.04,754
F03828,F04,L02950,0.04,755
F03829,F04,L02950,0.04,756
F03830,F04,L02950,0.04,757
F03831,F04,L02950,0.04,758
F03832,F04,L02950,0.04,759
F03833,F04,L02950,0.04,760
F03834,F04,L02950,0.04,761
F03835,F04,L02950,0.04,762
F03836,F04,L02950,0.04,763
F03837,F04,L02950,0.04,764
F03838,F04,L02950,0.04,765
F03839,F04,L02950,0.04,766
F03840,F04,L02950,0.04,767
F03841,F04,L02950,0.04,768
F03842,F04,L02950,0.04,769
F03843,F04,L02950,0.04,770
F03844,F04,L02950,0.04,771
F03845,F04,L02950,0.04,772
F03846,F04,L02950,0.04,773
F03847,F04,L02950,0.04,774
F03848,F04,L02950,0.04,775
F03849,F04,L02950,0.04,776
F03850,F04,L02950,0.04,777
F03851,F04,L02950,0.04,778
F03852,F04,L02950,0.04,779
F03853,F04,L02950,0.04,780
F03854,F04,L02950,0.04,781
F03855,F04,L02950,0.04,782
F03856,F04,L02950,0.04,783
F03857,F04,L02950,0.04,784
F03858,F04,L02950,0.04,785
F03859,F04,L02950,0.04,786
F03860,F04,L02950,0.04,787
F03861,F04,L02950,0.04,788
F03862,F04,L02950,0.04,789
F03863,F04,L02950,0.04,790
F03864,F04,L02950,0.04,791
F03865,F04,L02950,0.04,792
F03866,F04,L02950,0.04,793
F03867,F04,L02950,0.04,794
F03868,F04,L02950,0.04,795
F03869,F04,L02950,0.04,796
F03870,F04,L02950,0.04,797
F03871,F04,L02950,0.04,798
F03872,F04,L02950,0.04,799
F03873,F04,L02950,0.04,800
F03874,F04,L02950,0.04,801
F03875,F04,L02950,0.04,802
F03876,F04,L02950,0.04,803
F03877,F04,L02950,0.04,804
F03878,F04,L02950,0.04,805
F03879,F04,L02950,0.04,806
F03880,F04,L02950,0.04,807
F03881,F04,L02950,0.04,808
F03882,F04,L02950,0.04,809
F03883,F04,L02950,0.04,810
F03884,F04,L02950,0.04,811
F03885,F04,L02950,0.04,812
F03886,F04,L02950,0.04,813
F03887,F04,L02950,0.04,814
F03888,F04,L02950,0.04,815
F03889,F04,L02950,0.04,816
F03890,F04,L02950,0.04,817
F03891,F04,L02950,0.04,818
F03892,F04,L02950,0.04,819
F03893,F04,L02950,0.04,820
F03894,F04,L02950,0.04,821
F03895,F04,L02950,0.04,822
F03896,F04,L02950,0.04,823
F03897,F04,L02950,0.04,824
F03898,F04,L02950,0.04,825
F03899,F04,L02950,0.04,826
F03900,F04,L02950,0.04,827
F03901,F04,L02950,0.04,828
F03902,F04,L02950,0.04,829
F03903,F04,L02950,0.04,830
F03904,F04,L02950,0.04,831
F03905,F04,L02950,0.04,832
F03906,F04,L02950,0.04,833
F03907,F04,L02950,0.04,834
F03908,F04,L02950,0.04,835
F03909,F04,L02950,0.04,836
F03910,F04,L02950,0.04,837
F03911,F04,L02950,0.04,838
F03912,F04,L02950,0.04,839
F03913,F04,L02950,0.04,840
F03914,F04,L02950,0.04,841
F03915,F04,L02950,0.04,842
F03916,F04,L02950,0.04,843
F03917,F04,L02950,0.04,844
F03918,F04,L02950,0.04,845
F03919,F04,L02950,0.04,846
F03920,F04,L02950,0.04,847
F03921,F04,L02950,0.04,848
F03922,F04,L02950,0.04,849
F03923,F04,L02950,0.04,850
F03924,F04,L02950,0.04,851
F03925,F04,L02950,0.04,852
F03926,F04,L02950,0.04,853
F03927,F04,L02950,0.04,854
F03928,F04,L02950,0.04,855
F03929,F04,L02950,0.04,856
F03930,F04,L02950,0.04,857
F03931,F04,L02950,0.04,858
F03932,F04,L02950,0.04,859
F03933,F04,L02950,0.04,860
F03934,F04,L02950,0.04,861
F03935,F04,L02950,0.04,862
F03936,F04,L02950,0.04,863
F03937,F04,L02950,0.04,864
F03938,F04,L02950,0.04,865
F03939,F04,L02950,0.04,866
F03940,F04,L02950,0.04,867
F03941,F04,L02950,0.04,868
F03942,F04,L02950,0.04,869
F03943,F04,L02950,0.04,870
F03944,F04,L02950,0.04,871
F03945,F04,L02950,0.04,872
F03946,F04,L02950,0.04,873
F03947,F04,L02950,0.04,874
F03948,F04,L02950,0.04,875
F03949,F04,L02950,0.04,876
F03950,F04,L02950,0.04,877
F03951,F04,L02950,0.04,878
F03952,F04,L02950,0.04,879
F03953,F04,L02950,0.04,880
F03954,F04,L02950,0.04,881
F03955,F04,L02950,0.04,882
F03956,F04,L02950,0.04,883
F03957,F04,L02950,0.04,884
F03958,F04,L02950,0.04,885
F03959,F04,L02950,0.04,886
F03960,F04,L02950,0.04,887
F03961,F04,L02950,0.04,888
F03962,F04,L02950,0.04,889
F03963,F04,L02950,0.04,890
F03964,F04,L02950,0.04,891
F03965,F04,L02950,0.04,892
F03966,F04,L02950,0.04,893
F03967,F04,L02950,0.04,894
F03968,F04,L02950,0.04,895
F03969,F04,L02950,0.04,896
F03970,F04,L02950,0.04,897
F03971,F04,L02950,0.04,898
F03972,F04,L02950,0.04,899
F03973,F04,L02950,0.04,900
F03974,F04,L02950,0.04,901
F03975,F04,L02950,0.04,902
F03976,F04,L02950,0.04,903
F03977,F04,L02950,0.04,904
F03978,F04,L02950,0.04,905
F03979,F04,L02950,0.04,906
F03980,F04,L02950,0.04,907
F03981,F04,L02950,0.04,908
F03982,F04,L02950,0.04,909
F03983,F04,L02950,0.04,910
F03984,F04,L02950,0.04,911
F03985,F04,L02950,0.04,912
F03986,F04,L02950,0.04,913
F03987,F04,L02950,0.04,914
F03988,F04,L02950,0.04,915
F03989,F04,L02950,0.04,916
F03990,F04,L02950,0.04,917
F03991,F04,L02950,0.04,918
F03992,F04,L02950,0.04,919
F03993,F04,L02950,0.04,920
F03994,F04,L02950,0.04,921
F03995,F04,L02950,0.04,922
F03996,F04,L02950,0.04,923
F03997,F04,L02950,0.04,924
F03998,F04,L02950,0.04,925
F03999,F04,L02950,0.04,926
F04000,F04,L02950,0.04,927
F04001,F04,L02950,0.04,928
F04002,F04,L02950,0.04,929
F04003,F04,L02950,0.04,930
F04004,F04,L02950,0.04,931
F04005,F04,L02950,0.04,932
F04006,F04,L02950,0.04,933
F04007,F04,L02950,0.04,934
F04008,F04,L02950,0.04,935
F04009,F04,L02950,0.04,936
F04010,F04,L02950,0.04,937
F04011,F04,L02950,0.04,938
F04012,F04,L02950,0.04,939
F04013,F04,L02950,0.04,940
F04014,F04,L02950,0.04,941
F04015,F04,L02950,0.04,942
F04016,F04,L02950,0.04,943
F04017,F04,L02950,0.04,944
F04018,F04,L02950,0.04,945
F04019,F04,L02950,0.04,946
F04020,F04,L02950,0.04,947
F04021,F04,L02950,0.04,948
F04022,F04,L02950,0.04,949
F04023,F04,L02950,0.04,950
F04024,F04,L02950,0.04,951
F04025,F04,L02950,0.04,952
F04026,F04,L02950,0.04,953
F04027,F04,L02950,0.04,954
F04028,F04,L02950,0.04,955
F04029,F04,L02950,0.04,956
F04030,F04,L02950,0.04,957
F04031,F04,L02950,0.04,958
F04032,F04,L02950,0.04,959
F04033,F04,L02950,0.04,960
F04034,F04,L02950,0.04,961
F04035,F04,L02950,0.04,962
F04036,F04,L02950,0.04,963
F04037,F04,L02950,0.04,964
F04038,F04,L02950,0.04,965
F04039,F04,L02950,0.04,966
F04040,F04,L02950,0.04,967
F04041,F04,L02950,0.04,968
F04042,F04,L02950,0.04,969
F04043,F04,L02950,0.04,970
F04044,F04,L02950,0.04,971
F04045,F04,L02950,0.04,972
F04046,F04,L02950,0.04,973
F04047,F04,L02950,0.04,974
F04048,F04,L02950,0.04,975
F04049,F04,L02950,0.04,976
F04050,F04,L02950,0.04,977
F04051,F04,L02950,0.04,978
F04052,F04,L02950,0.04,979
F04053,F04,L02950,0.04,980
F04054,F04,L02950,0.04,981
F04055,F04,L02950,0.04,982
F04056,F04,L02950,0.04,983
F04057,F04,L02950,0.04,984
F04058,F04,L02950,0.04,985
F04059,F04,L02950,0.04,986
F04060,F04,L02950,0.04,987
F04061,F04,L02950,0.04,988
F04062,F04,L02950,0.04,989
F04063,F04,L02950,0.04,990
F04064,F04,L02950,0.04,991
F04065,F04,L02950,0.04,992
F04066,F04,L02950,0.04,993
F04067,F04,L02950,0.04,994
F04068,F04,L02950,0.04,995
F04069,F04,L02950,0.04,996
F04070,F04,L02950,0.04,997
F04071,F04,L02950,0.04,998
F04072,F04,L02950,0.04,999
F04073,F04,L02950,0.04,1000
F04074,F04,L02950,0.04,1001
F04075,F04,L02950,0.04,1002
F04076,F04,L02950,0.04,1003
F04077,F04,L02950,0.04,1004
F04078,F04,L02950,0.04,1005
F04079,F04,L02950,0.04,1006
F04080,F04,L02950,0.04,1007
F04081,F04,L02950,0.04,1008
F04082,F04,L02950,0.04,1009
F04083,F04,L02950,0.04,1010
F04084,F04,L02950,0.04,1011
F04085,F04,L02950,0.04,1012
F04086,F04,L02950,0.04,1013
F04087,F04,L02950,0.04,1014
F04088,F04,L02950,0.04,1015
F04089,F04,L02950,0.04,1016
F04090,F04,L02950,0.04,1017
F04091,F04,L02950,0.04,1018
F04092,F04,L02950,0.04,1019
F04093,F04,L02950,0.04,1020
F04094,F04,L02950,0.04,1021
F04095,F04,L02950,0.04,1022
F04096,F04,L02950,0.04,1023
F04097,F05,L00326,0.005,0
F04098,F05,L00326,0.005,1
F04099,F05,L00326,0.005,2
F04100,F05,L00326,0.005,3
F04101,F05,L00326,0.005,4
F04102,F05,L00326,0.005,5
F04103,F05,L00326,0.005,6
F04104,F05,L00326,0.005,7
F04105,F05,L00326,0.005,8
F04106,F05,L00326,0.005,9
F04107,F05,L00326,0.005,10
F04108,F05,L00326,0.005,11
F04109,F05,L00326,0.005,12
F04110,F05,L00326,0.005,13
F04111,F05,L00326,0.005,14
F04112,F05,L00326,0.005,15
F04113,F05,L00326,0.005,16
F04114,F05,L00326,0.005,17
F04115,F05,L00326,0.005,18
F04116,F05,L00326,0.005,19
F04117,F05,L00326,0.005,20
F04118,F05,L00326,0.005,21
F04119,F05,L00326,0.005,22
F04120,F05,L00326,0.005,23
F04121,F05,L00326,0.005,24
F04122,F05,L00326,0.005,25
F04123,F05,L00326,0.005,26
F04124,F05,L00326,0.005,27
F04125,F05,L00326,0.005,28
F04126,F05,L00326,0.005,29
F04127,F05,L00326,0.005,30
F04128,F05,L00326,0.005,31
F04129,F05,L00326,0.005,32
F04130,F05,L00326,0.005,33
F04131,F05,L00326,0.005,34
F04132,F05,L00326,0.005,35
F04133,F05,L00326,0.005,36
F04134,F05,L00326,0.005,37
F04135,F05,L00326,0.005,38
F04136,F05,L00326,0.005,39
F04137,F05,L00326,0.005,40
F04138,F05,L00326,0.005,41
F04139,F05,L00326,0.005,42
F04140,F05,L00326,0.005,43
F04141,F05,L00326,0.005,44
F04142,F05,L00326,0.005,45
F04143,F05,L00326,0.005,46
F04144,F05,L00326,0.005,47
F04145,F05,L00326,0.005,48
F04146,F05,L00326,0.005,49
F04147,F05,L00326,0.005,50
F04148,F05,L00326,0.005,51
F04149,F05,L00326,0.005,52
F04150,F05,L00326,0.005,53
F04151,F05,L00326,0.005,54
F04152,F05,L00326,0.005,55
F04153,F05,L00326,0.005,56
F04154,F05,L00326,0.005,57
F04155,F05,L00326,0.005,58
F04156,F05,L00326,0.005,59
F04157,F05,L00326,0.005,60
F04158,F05,L00326,0.005,61
F04159,F05,L00326,0.005,62
F04160,F05,L00326,0.005,63
F04161,F05,L00326,0.005,64
F04162,F05,L00326,0.005,65
F04163,F05,L00326,0.005,66
F04164,F05,L00326,0.005,67
F04165,F05,L00326,0.005,68
F04166,F05,L00326,0.005,69
F04167,F05,L00326,0.005,70
F04168,F05,L00326,0.005,71
F04169,F05,L00326,0.005,72
F04170,F05,L00326,0.005,73
F04171,F05,L00326,0.005,74
F04172,F05,L00326,0.005,75
F04173,F05,L00326,0.005,76
F04174,F05,L00326,0.005,77
F04175,F05,L00326,0.005,78
F04176,F05,L00326,0.005,79
F04177,F05,L00326,0.005,80
F04178,F05,L00326,0.005,81
F04179,F05,L00326,0.005,82
F04180,F05,L00326,0.005,83
F04181,F05,L00326,0.005,84
F04182,F05,L00326,0.005,85
F04183,F05,L00326,0.005,86
F04184,F05,L00326,0.005,87
F04185,F05,L00326,0.005,88
F04186,F05,L00326,0.005,89
F04187,F05,L00326,0.005,90
F04188,F05,L00326,0.005,91
F04189,F05,L00326,0.005,92
F04190,F05,L00326,0.005,93
F04191,F05,L00326,0.005,94
F04192,F05,L00326,0.005,95
F04193,F05,L00326,0.005,96
F04194,F05,L00326,0.005,97
F04195,F05,L00326,0.005,98
F04196,F05,L00326,0.005,99
F04197,F05,L00326,0.005,100
F04198,F05,L00326,0.005,101
F04199,F05,L00326,0.005,102
F04200,F05,L00326,0.005,103
F04201,F05,L00326,0.005,104
F04202,F05,L00326,0.005,105
F04203,F05,L00326,0.005,106
F04204,F05,L00326,0.005,107
F04205,F05,L00326,0.005,108
F04206,F05,L00326,0.005,109
F04207,F05,L00326,0.005,110
F04208,F05,L00326,0.005,111
F04209,F05,L00326,0.005,112
F04210,F05,L00326,0.005,113
F04211,F05,L00326,0.005,114
F04212,F05,L00326,0.005,115
F04213,F05,L00326,0.005,116
F04214,F05,L00326,0.005,117
F04215,F05,L00326,0.005,118
F04216,F05,L00326,0.005,119
F04217,F05,L00326,0.005,120
F04218,F05,L00326,0.005,121
F04219,F05,L00326,0.005,122
F04220,F05,L00326,0.005,123
F04221,F05,L00326,0.005,124
F04222,F05,L00326,0.005,125
F04223,F05,L00326,0.005,126
F04224,F05,L00326,0.005,127
F04225,F05,L00326,0.005,128
F04226,F05,L00326,0.005,129
F04227,F05,L00326,0.005,130
F04228,F05,L00326,0.005,131
F04229,F05,L00326,0.005,132
F04230,F05,L00326,0.005,133
F04231,F05,L00326,0.005,134
F04232,F05,L00326,0.005,135
F04233,F05,L00326,0.005,136
F04234,F05,L00326,0.005,137
F04235,F05,L00326,0.005,138
F04236,F05,L00326,0.005,139
F04237,F05,L00326,0.005,140
F04238,F05,L00326,0.005,141
F04239,F05,L00326,0.005,142
F04240,F05,L00326,0.005,143
F04241,F05,L00326,0.005,144
F04242,F05,L00326,0.005,145
F04243,F05,L00326,0.005,146
F04244,F05,L00326,0.005,147
F04245,F05,L00326,0.005,148
F04246,F05,L00326,0.005,149
F04247,F05,L00326,0.005,150
F04248,F05,L00326,0.005,151
F04249,F05,L00326,0.005,152
F04250,F05,L00326,0.005,153
F04251,F05,L00326,0.005,154
F04252,F05,L00326,0.005,155
F04253,F05,L00326,0.005,156
F04254,F05,L00326,0.005,157
F04255,F05,L00326,0.005,158
F04256,F05,L00326,0.005,159
F04257,F05,L00326,0.005,160
F04258,F05,L00326,0.005,161
F04259,F05,L00326,0.005,162
F04260,F05,L00326,0.005,163
F04261,F05,L00326,0.005,164
F04262,F05,L00326,0.005,165
F04263,F05,L00326,0.005,166
F04264,F05,L00326,0.005,167
F04265,F05,L00326,0.005,168
F04266,F05,L00326,0.005,169
F04267,F05,L00326,0.005,170
F04268,F05,L00326,0.005,171
F04269,F05,L00326,0.005,172
F04270,F05,L00326,0.005,173
F04271,F05,L00326,0.005,174
F04272,F05,L00326,0.005,175
F04273,F05,L00326,0.005,176
F04274,F05,L00326,0.005,177
F04275,F05,L00326,0.005,178
F04276,F05,L00326,0.005,179
F04277,F05,L00326,0.005,180
F04278,F05,L00326,0.005,181
F04279,F05,L00326,0.005,182
F04280,F05,L00326,0.005,183
F04281,F05,L00326,0.005,184
F04282,F05,L00326,0.005,185
F04283,F05,L00326,0.005,186
F04284,F05,L00326,0.005,187
F04285,F05,L00326,0.005,188
F04286,F05,L00326,0.005,189
F04287,F05,L00326,0.005,190
F04288,F05,L00326,0.005,191
F04289,F05,L00326,0.005,192
F04290,F05,L00326,0.005,193
F04291,F05,L00326,0.005,194
F04292,F05,L00326,0.005,195
F04293,F05,L00326,0.005,196
F04294,F05,L00326,0.005,197
F04295,F05,L00326,0.005,198
F04296,F05,L00326,0.005,199
F04297,F05,L00326,0.005,200
F04298,F05,L00326,0.005,201
F04299,F05,L00326,0.005,202
F04300,F05,L00326,0.005,203
F04301,F05,L00326,0.005,204
F04302,F05,L00326,0.005,205
F04303,F05,L00326,0.005,206
F04304,F05,L00326,0.005,207
F04305,F05,L00326,0.005,208
F04306,F05,L00326,0.005,209
F04307,F05,L00326,0.005,210
F04308,F05,L00326,0.005,211
F04309,F05,L00326,0.005,212
F04310,F05,L00326,0.005,213
F04311,F05,L00326,0.005,214
F04312,F05,L00326,0.005,215
F04313,F05,L00326,0.005,216
F04314,F05,L00326,0.005,217
F04315,F05,L00326,0.005,218
F04316,F05,L00326,0.005,219
F04317,F05,L00326,0.005,220
F04318,F05,L00326,0.005,221
F04319,F05,L00326,0.005,222
F04320,F05,L00326,0.005,223
F04321,F05,L00326,0.005,224
F04322,F05,L00326,0.005,225
F04323,F05,L00326,0.005,226
F04324,F05,L00326,0.005,227
F04325,F05,L00326,0.005,228
F04326,F05,L00326,0.005,229
F04327,F05,L00326,0.005,230
F04328,F05,L00326,0.005,231
F04329,F05,L00326,0.005,232
F04330,F05,L00326,0.005,233
F04331,F05,L00326,0.005,234
F04332,F05,L00326,0.005,235
F04333,F05,L00326,0.005,236
F04334,F05,L00326,0.005,237
F04335,F05,L00326,0.005,238
F04336,F05,L00326,0.005,239
F04337,F05,L00326,0.005,240
F04338,F05,L00326,0.005,241
F04339,F05,L00326,0.005,242
F04340,F05,L00326,0.005,243
F04341,F05,L00326,0.005,244
F04342,F05,L00326,0.005,245
F04343,F05,L00326,0.005,246
F04344,F05,L00326,0.005,247
F04345,F05,L00326,0.005,248
F04346,F05,L00326,0.005,249
F04347,F05,L00326,0.005,250
F04348,F05,L00326,0.005,251
F04349,F05,L00326,0.005,252
F04350,F05,L00326,0.005,253
F04351,F05,L00326,0.005,254
F04352,F05,L00326,0.005,255
F04353,F05,L00326,0.005,256
F04354,F05,L00326,0.005,257
F04355,F05,L00326,0.005,258
F04356,F05,L00326,0.005,259
F04357,F05,L00326,0.005,260
F04358,F05,L00326,0.005,261
F04359,F05,L00326,0.005,262
F04360,F05,L00326,0.005,263
F04361,F05,L00326,0.005,264
F04362,F05,L00326,0.005,265
F04363,F05,L00326,0.005,266
F04364,F05,L00326,0.005,267
F04365,F05,L00326,0.005,268
F04366,F05,L00326,0.005,269
F04367,F05,L00326,0.005,270
F04368,F05,L00326,0.005,271
F04369,F05,L00326,0.005,272
F04370,F05,L00326,0.005,273
F04371,F05,L00326,0.005,274
F04372,F05,L00326,0.005,275
F04373,F05,L00326,0.005,276
F04374,F05,L00326,0.005,277
F04375,F05,L00326,0.005,278
F04376,F05,L00326,0.005,279
F04377,F05,L00326,0.005,280
F04378,F05,L00326,0.005,281
F04379,F05,L00326,0.005,282
F04380,F05,L00326,0.005,283
F04381,F05,L00326,0.005,284
F04382,F05,L00326,0.005,285
F04383,F05,L00326,0.005,286
F04384,F05,L00326,0.005,287
F04385,F05,L00326,0.005,288
F04386,F05,L00326,0.005,289
F04387,F05,L00326,0.005,290
F04388,F05,L00326,0.005,291
F04389,F05,L00326,0.005,292
F04390,F05,L00326,0.005,293
F04391,F05,L00326,0.005,294
F04392,F05,L00326,0.005,295
F04393,F05,L00326,0.005,296
F04394,F05,L00326,0.005,297
F04395,F05,L00326,0.005,298
F04396,F05,L00326,0.005,299
F04397,F05,L00326,0.005,300
F04398,F05,L00326,0.005,301
F04399,F05,L00326,0.005,302
F04400,F05,L00326,0.005,303
F04401,F05,L00326,0.005,304
F04402,F05,L00326,0.005,305
F04403,F05,L00326,0.005,306
F04404,F05,L00326,0.005,307
F04405,F05,L00326,0.005,308
F04406,F05,L00326,0.005,309
F04407,F05,L00326,0.005,310
F04408,F05,L00326,0.005,311
F04409,F05,L00326,0.005,312
F04410,F05,L00326,0.005,313
F04411,F05,L00326,0.005,314
F04412,F05,L00326,0.005,315
F04413,F05,L00326,0.005,316
F04414,F05,L00326,0.005,317
F04415,F05,L00326,0.005,318
F04416,F05,L00326,0.005,319
F04417,F05,L00326,0.005,320
F04418,F05,L00326,0.005,321
F04419,F05,L00326,0.005,322
F04420,F05,L00326,0.005,323
F04421,F05,L00326,0.005,324
F04422,F05,L00326,0.005,325
F04423,F05,L00326,0.005,326
F04424,F05,L00326,0.005,327
F04425,F05,L00326,0.005,328
F04426,F05,L00326,0.005,329
F04427,F05,L00326,0.005,330
F04428,F05,L00326,0.005,331
F04429,F05,L00326,0.005,332
F04430,F05,L00326,0.005,333
F04431,F05,L00326,0.005,334
F04432,F05,L00326,0.005,335
F04433,F05,L00326,0.005,336
F04434,F05,L00326,0.005,337
F04435,F05,L00326,0.005,338
F04436,F05,L00326,0.005,339
F04437,F05,L00326,0.005,340
F04438,F05,L00326,0.005,341
F04439,F05,L00326,0.005,342
F04440,F05,L00326,0.005,343
F04441,F05,L00326,0.005,344
F04442,F05,L00326,0.005,345
F04443,F05,L00326,0.005,346
F04444,F05,L00326,0.005,347
F04445,F05,L00326,0.005,348
F04446,F05,L00326,0.005,349
F04447,F05,L00326,0.005,350
F04448,F05,L00326,0.005,351
F04449,F05,L00326,0.005,352
F04450,F05,L00326,0.005,353
F04451,F05,L00326,0.005,354
F04452,F05,L00326,0.005,355
F04453,F05,L00326,0.005,356
F04454,F05,L00326,0.005,357
F04455,F05,L00326,0.005,358
F04456,F05,L00326,0.005,359
F04457,F05,L00326,0.005,360
F04458,F05,L00326,0.005,361
F04459,F05,L00326,0.005,362
F04460,F05,L00326,0.005,363
F04461,F05,L00326,0.005,364
F04462,F05,L00326,0.005,365
F04463,F05,L00326,0.005,366
F04464,F05,L00326,0.005,367
F04465,F05,L00326,0.005,368
F04466,F05,L00326,0.005,369
F04467,F05,L00326,0.005,370
F04468,F05,L00326,0.005,371
F04469,F05,L00326,0.005,372
F04470,F05,L00326,0.005,373
F04471,F05,L00326,0.005,374
F04472,F05,L00326,0.005,375
F04473,F05,L00326,0.005,376
F04474,F05,L00326,0.005,377
F04475,F05,L00326,0.005,378
F04476,F05,L00326,0.005,379
F04477,F05,L00326,0.005,380
F04478,F05,L00326,0.005,381
F04479,F05,L00326,0.005,382
F04480,F05,L00326,0.005,383
F04481,F05,L00326,0.005,384
F04482,F05,L00326,0.005,385
F04483,F05,L00326,0.005,386
F04484,F05,L00326,0.005,387
F04485,F05,L00326,0.005,388
F04486,F05,L00326,0.005,389
F04487,F05,L00326,0.005,390
F04488,F05,L00326,0.005,391
F04489,F05,L00326,0.005,392
F04490,F05,L00326,0.005,393
F04491,F05,L00326,0.005,394
F04492,F05,L00326,0.005,395
F04493,F05,L00326,0.005,396
F04494,F05,L00326,0.005,397
F04495,F05,L00326,0.005,398
F04496,F05,L00326,0.005,399
F04497,F05,L00326,0.005,400
F04498,F05,L00326,0.005,401
F04499,F05,L00326,0.005,402
F04500,F05,L00326,0.005,403
F04501,F05,L00326,0.005,404
F04502,F05,L00326,0.005,405
F04503,F05,L00326,0.005,406
F04504,F05,L00326,0.005,407
F04505,F05,L00326,0.005,408
F04506,F05,L00326,0.005,409
F04507,F05,L00326,0.005,410
F04508,F05,L00326,0.005,411
F04509,F05,L00326,0.005,412
F04510,F05,L00326,0.005,413
F04511,F05,L00326,0.005,414
F04512,F05,L00326,0.005,415
F04513,F05,L00326,0.005,416
F04514,F05,L00326,0.005,417
F04515,F05,L00326,0.005,418
F04516,F05,L00326,0.005,419
F04517,F05,L00326,0.005,420
F04518,F05,L00326,0.005,421
F04519,F05,L00326,0.005,422
F04520,F05,L00326,0.005,423
F04521,F05,L00326,0.005,424
F04522,F05,L00326,0.005,425
F04523,F05,L00326,0.005,426
F04524,F05,L00326,0.005,427
F04525,F05,L00326,0.005,428
F04526,F05,L00326,0.005,429
F04527,F05,L00326,0.005,430
F04528,F05,L00326,0.005,431
F04529,F05,L00326,0.005,432
F04530,F05,L00326,0.005,433
F04531,F05,L00326,0.005,434
F04532,F05,L00326,0.005,435
F04533,F05,L00326,0.005,436
F04534,F05,L00326,0.005,437
F04535,F05,L00326,0.005,438
F04536,F05,L00326,0.005,439
F04537,F05,L00326,0.005,440
F04538,F05,L00326,0.005,441
F04539,F05,L00326,0.005,442
F04540,F05,L00326,0.005,443
F04541,F05,L00326,0.005,444
F04542,F05,L00326,0.005,445
F04543,F05,L00326,0.005,446
F04544,F05,L00326,0.005,447
F04545,F05,L00326,0.005,448
F04546,F05,L00326,0.005,449
F04547,F05,L00326,0.005,450
F04548,F05,L00326,0.005,451
F04549,F05,L00326,0.005,452
F04550,F05,L00326,0.005,453
F04551,F05,L00326,0.005,454
F04552,F05,L00326,0.005,455
F04553,F05,L00326,0.005,456
F04554,F05,L00326,0.005,457
F04555,F05,L00326,0.005,458
F04556,F05,L00326,0.005,459
F04557,F05,L00326,0.005,460
F04558,F05,L00326,0.005,461
F04559,F05,L00326,0.005,462
F04560,F05,L00326,0.005,463
F04561,F05,L00326,0.005,464
F04562,F05,L00326,0.005,465
F04563,F05,L00326,0.005,466
F04564,F05,L00326,0.005,467
F04565,F05,L00326,0.005,468
F04566,F05,L00326,0.005,469
F04567,F05,L00326,0.005,470
F04568,F05,L00326,0.005,471
F04569,F05,L00326,0.005,472
F04570,F05,L00326,0.005,473
F04571,F05,L00326,0.005,474
F04572,F05,L00326,0.005,475
F04573,F05,L00326,0.005,476
F04574,F05,L00326,0.005,477
F04575,F05,L00326,0.005,478
F04576,F05,L00326,0.005,479
F04577,F05,L00326,0.005,480
F04578,F05,L00326,0.005,481
F04579,F05,L00326,0.005,482
F04580,F05,L00326,0.005,483
F04581,F05,L00326,0.005,484
F04582,F05,L00326,0.005,485
F04583,F05,L00326,0.005,486
F04584,F05,L00326,0.005,487
F04585,F05,L00326,0.005,488
F04586,F05,L00326,0.005,489
F04587,F05,L00326,0.005,490
F04588,F05,L00326,0.005,491
F04589,F05,L00326,0.005,492
F04590,F05,L00326,0.005,493
F04591,F05,L00326,0.005,494
F04592,F05,L00326,0.005,495
F04593,F05,L00326,0.005,496
F04594,F05,L00326,0.005,497
F04595,F05,L00326,0.005,498
F04596,F05,L00326,0.005,499
F04597,F05,L00326,0.005,500
F04598,F05,L00326,0.005,501
F04599,F05,L00326,0.005,502
F04600,F05,L00326,0.005,503
F04601,F05,L00326,0.005,504
F04602,F05,L00326,0.005,505
F04603,F05,L00326,0.005,506
F04604,F05,L00326,0.005,507
F04605,F05,L00326,0.005,508
F04606,F05,L00326,0.005,509
F04607,F05,L00326,0.005,510
F04608,F05,L00326,0.005,511
F04609,F05,L00326,0.005,512
F04610,F05,L00326,0.005,513
F04611,F05,L00326,0.005,514
F04612,F05,L00326,0.005,515
F04613,F05,L00326,0.005,516
F04614,F05,L00326,0.005,517
F04615,F05,L00326,0.005,518
F04616,F05,L00326,0.005,519
F04617,F05,L00326,0.005,520
F04618,F05,L00326,0.005,521
F04619,F05,L00326,0.005,522
F04620,F05,L00326,0.005,523
F04621,F05,L00326,0.005,524
F04622,F05,L00326,0.005,525
F04623,F05,L00326,0.005,526
F04624,F05,L00326,0.005,527
F04625,F05,L00326,0.005,528
F04626,F05,L00326,0.005,529
F04627,F05,L00326,0.005,530
F04628,F05,L00326,0.005,531
F04629,F05,L00326,0.005,532
F04630,F05,L00326,0.005,533
F04631,F05,L00326,0.005,534
F04632,F05,L00326,0.005,535
F04633,F05,L00326,0.005,536
F04634,F05,L00326,0.005,537
F04635,F05,L00326,0.005,538
F04636,F05,L00326,0.005,539
F04637,F05,L00326,0.005,540
F04638,F05,L00326,0.005,541
F04639,F05,L00326,0.005,542
F04640,F05,L00326,0.005,543
F04641,F05,L00326,0.005,544
F04642,F05,L00326,0.005,545
F04643,F05,L00326,0.005,546
F04644,F05,L00326,0.005,547
F04645,F05,L00326,0.005,548
F04646,F05,L00326,0.005,549
F04647,F05,L00326,0.005,550
F04648,F05,L00326,0.005,551
F04649,F05,L00326,0.005,552
F04650,F05,L00326,0.005,553
F04651,F05,L00326,0.005,554
F04652,F05,L00326,0.005,555
F04653,F05,L00326,0.005,556
F04654,F05,L00326,0.005,557
F04655,F05,L00326,0.005,558
F04656,F05,L00326,0.005,559
F04657,F05,L00326,0.005,560
F04658,F05,L00326,0.005,561
F04659,F05,L00326,0.005,562
F04660,F05,L00326,0.005,563
F04661,F05,L00326,0.005,564
F04662,F05,L00326,0.005,565
F04663,F05,L00326,0.005,566
F04664,F05,L00326,0.005,567
F04665,F05,L00326,0.005,568
F04666,F05,L00326,0.005,569
F04667,F05,L00326,0.005,570
F04668,F05,L00326,0.005,571
F04669,F05,L00326,0.005,572
F04670,F05,L00326,0.005,573
F04671,F05,L00326,0.005,574
F04672,F05,L00326,0.005,575
F04673,F05,L00326,0.005,576
F04674,F05,L00326,0.005,577
F04675,F05,L00326,0.005,578
F04676,F05,L00326,0.005,579
F04677,F05,L00326,0.005,580
F04678,F05,L00326,0.005,581
F04679,F05,L00326,0.005,582
F04680,F05,L00326,0.005,583
F04681,F05,L00326,0.005,584
F04682,F05,L00326,0.005,585
F04683,F05,L00326,0.005,586
F04684,F05,L00326,0.005,587
F04685,F05,L00326,0.005,588
F04686,F05,L00326,0.005,589
F04687,F05,L00326,0.005,590
F04688,F05,L00326,0.005,591
F04689,F05,L00326,0.005,592
F04690,F05,L00326,0.005,593
F04691,F05,L00326,0.005,594
F04692,F05,L00326,0.005,595
F04693,F05,L00326,0.005,596
F04694,F05,L00326,0.005,597
F04695,F05,L00326,0.005,598
F04696,F05,L00326,0.005,599
F04697,F05,L00326,0.005,600
F04698,F05,L00326,0.005,601
F04699,F05,L00326,0.005,602
F04700,F05,L00326,0.005,603
F04701,F05,L00326,0.005,604
F04702,F05,L00326,0.005,605
F04703,F05,L00326,0.005,606
F04704,F05,L00326,0.005,607
F04705,F05,L00326,0.005,608
F04706,F05,L00326,0.005,609
F04707,F05,L00326,0.005,610
F04708,F05,L00326,0.005,611
F04709,F05,L00326,0.005,612
F04710,F05,L00326,0.005,613
F04711,F05,L00326,0.005,614
F04712,F05,L00326,0.005,615
F04713,F05,L00326,0.005,616
F04714,F05,L00326,0.005,617
F04715,F05,L00326,0.005,618
F04716,F05,L00326,0.005,619
F04717,F05,L00326,0.005,620
F04718,F05,L00326,0.005,621
F04719,F05,L00326,0.005,622
F04720,F05,L00326,0.005,623
F04721,F05,L00326,0.005,624
F04722,F05,L00326,0.005,625
F04723,F05,L00326,0.005,626
F04724,F05,L00326,0.005,627
F04725,F05,L00326,0.005,628
F04726,F05,L00326,0.005,629
F04727,F05,L00326,0.005,630
F04728,F05,L00326,0.005,631
F04729,F05,L00326,0.005,632
F04730,F05,L00326,0.005,633
F04731,F05,L00326,0.005,634
F04732,F05,L00326,0.005,635
F04733,F05,L00326,0.005,636
F04734,F05,L00326,0.005,637
F04735,F05,L00326,0.005,638
F04736,F05,L00326,0.005,639
F04737,F05,L00326,0.005,640
F04738,F05,L00326,0.005,641
F04739,F05,L00326,0.005,642
F04740,F05,L00326,0.005,643
F04741,F05,L00326,0.005,644
F04742,F05,L00326,0.005,645
F04743,F05,L00326,0.005,646
F04744,F05,L00326,0.005,647
F04745,F05,L00326,0.005,648
F04746,F05,L00326,0.005,649
F04747,F05,L00326,0.005,650
F04748,F05,L00326,0.005,651
F04749,F05,L00326,0.005,652
F04750,F05,L00326,0.005,653
F04751,F05,L00326,0.005,654
F04752,F05,L00326,0.005,655
F04753,F05,L00326,0.005,656
F04754,F05,L00326,0.005,657
F04755,F05,L00326,0.005,658
F04756,F05,L00326,0.005,659
F04757,F05,L00326,0.005,660
F04758,F05,L00326,0.005,661
F04759,F05,L00326,0.005,662
F04760,F05,L00326,0.005,663
F04761,F05,L00326,0.005,664
F04762,F05,L00326,0.005,665
F04763,F05,L00326,0.005,666
F04764,F05,L00326,0.005,667
F04765,F05,L00326,0.005,668
F04766,F05,L00326,0.005,669
F04767,F05,L00326,0.005,670
F04768,F05,L00326,0.005,671
F04769,F05,L00326,0.005,672
F04770,F05,L00326,0.005,673
F04771,F05,L00326,0.005,674
F04772,F05,L00326,0.005,675
F04773,F05,L00326,0.005,676
F04774,F05,L00326,0.005,677
F04775,F05,L00326,0.005,678
F04776,F05,L00326,0.005,679
F04777,F05,L00326,0.005,680
F04778,F05,L00326,0.005,681
F04779,F05,L00326,0.005,682
F04780,F05,L00326,0.005,683
F04781,F05,L00326,0.005,684
F04782,F05,L00326,0.005,685
F04783,F05,L00326,0.005,686
F04784,F05,L00326,0.005,687
F04785,F05,L00326,0.005,688
F04786,F05,L00326,0.005,689
F04787,F05,L00326,0.005,690
F04788,F05,L00326,0.005,691
F04789,F05,L00326,0.005,692
F04790,F05,L00326,0.005,693
F04791,F05,L00326,0.005,694
F04792,F05,L00326,0.005,695
F04793,F05,L00326,0.005,696
F04794,F05,L00326,0.005,697
F04795,F05,L00326,0.005,698
F04796,F05,L00326,0.005,699
F04797,F05,L00326,0.005,700
F04798,F05,L00326,0.005,701
F04799,F05,L00326,0.005,702
F04800,F05,L00326,0.005,703
F04801,F05,L00326,0.005,704
F04802,F05,L00326,0.005,705
F04803,F05,L00326,0.005,706
F04804,F05,L00326,0.005,707
F04805,F05,L00326,0.005,708
F04806,F05,L00326,0.005,709
F04807,F05,L00326,0.005,710
F04808,F05,L00326,0.005,711
F04809,F05,L00326,0.005,712
F04810,F05,L00326,0.005,713
F04811,F05,L00326,0.005,714
F04812,F05,L00326,0.005,715
F04813,F05,L00326,0.005,716
F04814,F05,L00326,0.005,717
F04815,F05,L00326,0.005,718
F04816,F05,L00326,0.005,719
F04817,F05,L00326,0.005,720
F04818,F05,L00326,0.005,721
F04819,F05,L00326,0.005,722
F04820,F05,L00326,0.005,723
F04821,F05,L00326,0.005,724
F04822,F05,L00326,0.005,725
F04823,F05,L00326,0.005,726
F04824,F05,L00326,0.005,727
F04825,F05,L00326,0.005,728
F04826,F05,L00326,0.005,729
F04827,F05,L00326,0.005,730
F04828,F05,L00326,0.005,731
F04829,F05,L00326,0.005,732
F04830,F05,L00326,0.005,733
F04831,F05,L00326,0.005,734
F04832,F05,L00326,0.005,735
F04833,F05,L00326,0.005,736
F04834,F05,L00326,0.005,737
F04835,F05,L00326,0.005,738
F04836,F05,L00326,0.005,739
F04837,F05,L00326,0.005,740
F04838,F05,L00326,0.005,741
F04839,F05,L00326,0.005,742
F04840,F05,L00326,0.005,743
F04841,F05,L00326,0.005,744
F04842,F05,L00326,0.005,745
F04843,F05,L00326,0.005,746
F04844,F05,L00326,0.005,747
F04845,F05,L00326,0.005,748
F04846,F05,L00326,0.005,749
F04847,F05,L00326,0.005,750
F04848,F05,L00326,0.005,751
F04849,F05,L00326,0.005,752
F04850,F05,L00326,0.005,753
F04851,F05,L00326,0.005,754
F04852,F05,L00326,0.005,755
F04853,F05,L00326,0.005,756
F04854,F05,L00326,0.005,757
F04855,F05,L00326,0.005,758
F04856,F05,L00326,0.005,759
F04857,F05,L00326,0.005,760
F04858,F05,L00326,0.005,761
F04859,F05,L00326,0.005,762
F04860,F05,L00326,0.005,763
F04861,F05,L00326,0.005,764
F04862,F05,L00326,0.005,765
F04863,F05,L00326,0.005,766
F04864,F05,L00326,0.005,767
F04865,F05,L00326,0.005,768
F04866,F05,L00326,0.005,769
F04867,F05,L00326,0.005,770
F04868,F05,L00326,0.005,771
F04869,F05,L00326,0.005,772
F04870,F05,L00326,0.005,773
F04871,F05,L00326,0.005,774
F04872,F05,L00326,0.005,775
F04873,F05,L00326,0.005,776
F04874,F05,L00326,0.005,777
F04875,F05,L00326,0.005,778
F04876,F05,L00326,0.005,779
F04877,F05,L00326,0.005,780
F04878,F05,L00326,0.005,781
F04879,F05,L00326,0.005,782
F04880,F05,L00326,0.005,783
F04881,F05,L00326,0.005,784
F04882,F05,L00326,0.005,785
F04883,F05,L00326,0.005,786
F04884,F05,L00326,0.005,787
F04885,F05,L00326,0.005,788
F04886,F05,L00326,0.005,789
F04887,F05,L00326,0.005,790
F04888,F05,L00326,0.005,791
F04889,F05,L00326,0.005,792
F04890,F05,L00326,0.005,793
F04891,F05,L00326,0.005,794
F04892,F05,L00326,0.005,795
F04893,F05,L00326,0.005,796
F04894,F05,L00326,0.005,797
F04895,F05,L00326,0.005,798
F04896,F05,L00326,0.005,799
F04897,F05,L00326,0.005,800
F04898,F05,L00326,0.005,801
F04899,F05,L00326,0.005,802
F04900,F05,L00326,0.005,803
F04901,F05,L00326,0.005,804
F04902,F05,L00326,0.005,805
F04903,F05,L00326,0.005,806
F04904,F05,L00326,0.005,807
F04905,F05,L00326,0.005,808
F04906,F05,L00326,0.005,809
F04907,F05,L00326,0.005,810
F04908,F05,L00326,0.005,811
F04909,F05,L00326,0.005,812
F04910,F05,L00326,0.005,813
F04911,F05,L00326,0.005,814
F04912,F05,L00326,0.005,815
F04913,F05,L00326,0.005,816
F04914,F05,L00326,0.005,817
F04915,F05,L00326,0.005,818
F04916,F05,L00326,0.005,819
F04917,F05,L00326,0.005,820
F04918,F05,L00326,0.005,821
F04919,F05,L00326,0.005,822
F04920,F05,L00326,0.005,823
F04921,F05,L00326,0.005,824
F04922,F05,L00326,0.005,825
F04923,F05,L00326,0.005,826
F04924,F05,L00326,0.005,827
F04925,F05,L00326,0.005,828
F04926,F05,L00326,0.005,829
F04927,F05,L00326,0.005,830
F04928,F05,L00326,0.005,831
F04929,F05,L00326,0.005,832
F04930,F05,L00326,0.005,833
F04931,F05,L00326,0.005,834
F04932,F05,L00326,0.005,835
F04933,F05,L00326,0.005,836
F04934,F05,L00326,0.005,837
F04935,F05,L00326,0.005,838
F04936,F05,L00326,0.005,839
F04937,F05,L00326,0.005,840
F04938,F05,L00326,0.005,841
F04939,F05,L00326,0.005,842
F04940,F05,L00326,0.005,843
F04941,F05,L00326,0.005,844
F04942,F05,L00326,0.005,845
F04943,F05,L00326,0.005,846
F04944,F05,L00326,0.005,847
F04945,F05,L00326,0.005,848
F04946,F05,L00326,0.005,849
F04947,F05,L00326,0.005,850
F04948,F05,L00326,0.005,851
F04949,F05,L00326,0.005,852
F04950,F05,L00326,0.005,853
F04951,F05,L00326,0.005,854
F04952,F05,L00326,0.005,855
F04953,F05,L00326,0.005,856
F04954,F05,L00326,0.005,857
F04955,F05,L00326,0.005,858
F04956,F05,L00326,0.005,859
F04957,F05,L00326,0.005,860
F04958,F05,L00326,0.005,861
F04959,F05,L00326,0.005,862
F04960,F05,L00326,0.005,863
F04961,F05,L00326,0.005,864
F04962,F05,L00326,0.005,865
F04963,F05,L00326,0.005,866
F04964,F05,L00326,0.005,867
F04965,F05,L00326,0.005,868
F04966,F05,L00326,0.005,869
F04967,F05,L00326,0.005,870
F04968,F05,L00326,0.005,871
F04969,F05,L00326,0.005,872
F04970,F05,L00326,0.005,873
F04971,F05,L00326,0.005,874
F04972,F05,L00326,0.005,875
F04973,F05,L00326,0.005,876
F04974,F05,L00326,0.005,877
F04975,F05,L00326,0.005,878
F04976,F05,L00326,0.005,879
F04977,F05,L00326,0.005,880
F04978,F05,L00326,0.005,881
F04979,F05,L00326,0.005,882
F04980,F05,L00326,0.005,883
F04981,F05,L00326,0.005,884
F04982,F05,L00326,0.005,885
F04983,F05,L00326,0.005,886
F04984,F05,L00326,0.005,887
F04985,F05,L00326,0.005,888
F04986,F05,L00326,0.005,889
F04987,F05,L00326,0.005,890
F04988,F05,L00326,0.005,891
F04989,F05,L00326,0.005,892
F04990,F05,L00326,0.005,893
F04991,F05,L00326,0.005,894
F04992,F05,L00326,0.005,895
F04993,F05,L00326,0.005,896
F04994,F05,L00326,0.005,897
F04995,F05,L00326,0.005,898
F04996,F05,L00326,0.005,899
F04997,F05,L00326,0.005,900
F04998,F05,L00326,0.005,901
F04999,F05,L00326,0.005,902
F05000,F05,L00326,0.005,903
F05001,F05,L00326,0.005,904
F05002,F05,L00326,0.005,905
F05003,F05,L00326,0.005,906
F05004,F05,L00326,0.005,907
F05005,F05,L00326,0.005,908
F05006,F05,L00326,0.005,909
F05007,F05,L00326,0.005,910
F05008,F05,L00326,0.005,911
F05009,F05,L00326,0.005,912
F05010,F05,L00326,0.005,913
F05011,F05,L00326,0.005,914
F05012,F05,L00326,0.005,915
F05013,F05,L00326,0.005,916
F05014,F05,L00326,0.005,917
F05015,F05,L00326,0.005,918
F05016,F05,L00326,0.005,919
F05017,F05,L00326,0.005,920
F05018,F05,L00326,0.005,921
F05019,F05,L00326,0.005,922
F05020,F05,L00326,0.005,923
F05021,F05,L00326,0.005,924
F05022,F05,L00326,0.005,925
F05023,F05,L00326,0.005,926
F05024,F05,L00326,0.005,927
F05025,F05,L00326,0.005,928
F05026,F05,L00326,0.005,929
F05027,F05,L00326,0.005,930
F05028,F05,L00326,0.005,931
F05029,F05,L00326,0.005,932
F05030,F05,L00326,0.005,933
F05031,F05,L00326,0.005,934
F05032,F05,L00326,0.005,935
F05033,F05,L00326,0.005,936
F05034,F05,L00326,0.005,937
F05035,F05,L00326,0.005,938
F05036,F05,L00326,0.005,939
F05037,F05,L00326,0.005,940
F05038,F05,L00326,0.005,941
F05039,F05,L00326,0.005,942
F05040,F05,L00326,0.005,943
F05041,F05,L00326,0.005,944
F05042,F05,L00326,0.005,945
F05043,F05,L00326,0.005,946
F05044,F05,L00326,0.005,947
F05045,F05,L00326,0.005,948
F05046,F05,L00326,0.005,949
F05047,F05,L00326,0.005,950
F05048,F05,L00326,0.005,951
F05049,F05,L00326,0.005,952
F05050,F05,L00326,0.005,953
F05051,F05,L00326,0.005,954
F05052,F05,L00326,0.005,955
F05053,F05,L00326,0.005,956
F05054,F05,L00326,0.005,957
F05055,F05,L00326,0.005,958
F05056,F05,L00326,0.005,959
F05057,F05,L00326,0.005,960
F05058,F05,L00326,0.005,961
F05059,F05,L00326,0.005,962
F05060,F05,L00326,0.005,963
F05061,F05,L00326,0.005,964
F05062,F05,L00326,0.005,965
F05063,F05,L00326,0.005,966
F05064,F05,L00326,0.005,967
F05065,F05,L00326,0.005,968
F05066,F05,L00326,0.005,969
F05067,F05,L00326,0.005,970
F05068,F05,L00326,0.005,971
F05069,F05,L00326,0.005,972
F05070,F05,L00326,0.005,973
F05071,F05,L00326,0.005,974
F05072,F05,L00326,0.005,975
F05073,F05,L00326,0.005,976
F05074,F05,L00326,0.005,977
F05075,F05,L00326,0.005,978
F05076,F05,L00326,0.005,979
F05077,F05,L00326,0.005,980
F05078,F05,L00326,0.005,981
F05079,F05,L00326,0.005,982
F05080,F05,L00326,0.005,983
F05081,F05,L00326,0.005,984
F05082,F05,L00326,0.005,985
F05083,F05,L00326,0.005,986
F05084,F05,L00326,0.005,987
F05085,F05,L00326,0.005,988
F05086,F05,L00326,0.005,989
F05087,F05,L00326,0.005,990
F05088,F05,L00326,0.005,991
F05089,F05,L00326,0.005,992
F05090,F05,L00326,0.005,993
F05091,F05,L00326,0.005,994
F05092,F05,L00326,0.005,995
F05093,F05,L00326,0.005,996
F05094,F05,L00326,0.005,997
F05095,F05,L00326,0.005,998
F05096,F05,L00326,0.005,999
F05097,F05,L00326,0.005,1000
F05098,F05,L00326,0.005,1001
F05099,F05,L00326,0.005,1002
F05100,F05,L00326,0.005,1003
F05101,F05,L00326,0.005,1004
F05102,F05,L00326,0.005,1005
F05103,F05,L00326,0.005,1006
F05104,F05,L00326,0.005,1007
F05105,F05,L00326,0.005,1008
F05106,F05,L00326,0.005,1009
F05107,F05,L00326,0.005,1010
F05108,F05,L00326,0.005,1011
F05109,F05,L00326,0.005,1012
F05110,F05,L00326,0.005,1013
F05111,F05,L00326,0.005,1014
F05112,F05,L00326,0.005,1015
F05113,F05,L00326,0.005,1016
F05114,F05,L00326,0.005,1017
F05115,F05,L00326,0.005,1018
F05116,F05,L00326,0.005,1019
F05117,F05,L00326,0.005,1020
F05118,F05,L00326,0.005,1021
F05119,F05,L00326,0.005,1022
F05120,F05,L00326,0.005,1023
F05121,F06,L00326,0.01,0
F05122,F06,L00326,0.01,1
F05123,F06,L00326,0.01,2
F05124,F06,L00326,0.01,3
F05125,F06,L00326,0.01,4
F05126,F06,L00326,0.01,5
F05127,F06,L00326,0.01,6
F05128,F06,L00326,0.01,7
F05129,F06,L00326,0.01,8
F05130,F06,L00326,0.01,9
F05131,F06,L00326,0.01,10
F05132,F06,L00326,0.01,11
F05133,F06,L00326,0.01,12
F05134,F06,L00326,0.01,13
F05135,F06,L00326,0.01,14
F05136,F06,L00326,0.01,15
F05137,F06,L00326,0.01,16
F05138,F06,L00326,0.01,17
F05139,F06,L00326,0.01,18
F05140,F06,L00326,0.01,19
F05141,F06,L00326,0.01,20
F05142,F06,L00326,0.01,21
F05143,F06,L00326,0.01,22
F05144,F06,L00326,0.01,23
F05145,F06,L00326,0.01,24
F05146,F06,L00326,0.01,25
F05147,F06,L00326,0.01,26
F05148,F06,L00326,0.01,27
F05149,F06,L00326,0.01,28
F05150,F06,L00326,0.01,29
F05151,F06,L00326,0.01,30
F05152,F06,L00326,0.01,31
F05153,F06,L00326,0.01,32
F05154,F06,L00326,0.01,33
F05155,F06,L00326,0.01,34
F05156,F06,L00326,0.01,35
F05157,F06,L00326,0.01,36
F05158,F06,L00326,0.01,37
F05159,F06,L00326,0.01,38
F05160,F06,L00326,0.01,39
F05161,F06,L00326,0.01,40
F05162,F06,L00326,0.01,41
F05163,F06,L00326,0.01,42
F05164,F06,L00326,0.01,43
F05165,F06,L00326,0.01,44
F05166,F06,L00326,0.01,45
F05167,F06,L00326,0.01,46
F05168,F06,L00326,0.01,47
F05169,F06,L00326,0.01,48
F05170,F06,L00326,0.01,49
F05171,F06,L00326,0.01,50
F05172,F06,L00326,0.01,51
F05173,F06,L00326,0.01,52
F05174,F06,L00326,0.01,53
F05175,F06,L00326,0.01,54
F05176,F06,L00326,0.01,55
F05177,F06,L00326,0.01,56
F05178,F06,L00326,0.01,57
F05179,F06,L00326,0.01,58
F05180,F06,L00326,0.01,59
F05181,F06,L00326,0.01,60
F05182,F06,L00326,0.01,61
F05183,F06,L00326,0.01,62
F05184,F06,L00326,0.01,63
F05185,F06,L00326,0.01,64
F05186,F06,L00326,0.01,65
F05187,F06,L00326,0.01,66
F05188,F06,L00326,0.01,67
F05189,F06,L00326,0.01,68
F05190,F06,L00326,0.01,69
F05191,F06,L00326,0.01,70
F05192,F06,L00326,0.01,71
F05193,F06,L00326,0.01,72
F05194,F06,L00326,0.01,73
F05195,F06,L00326,0.01,74
F05196,F06,L00326,0.01,75
F05197,F06,L00326,0.01,76
F05198,F06,L00326,0.01,77
F05199,F06,L00326,0.01,78
F05200,F06,L00326,0.01,79
F05201,F06,L00326,0.01,80
F05202,F06,L00326,0.01,81
F05203,F06,L00326,0.01,82
F05204,F06,L00326,0.01,83
F05205,F06,L00326,0.01,84
F05206,F06,L00326,0.01,85
F05207,F06,L00326,0.01,86
F05208,F06,L00326,0.01,87
F05209,F06,L00326,0.01,88
F05210,F06,L00326,0.01,89
F05211,F06,L00326,0.01,90
F05212,F06,L00326,0.01,91
F05213,F06,L00326,0.01,92
F05214,F06,L00326,0.01,93
F05215,F06,L00326,0.01,94
F05216,F06,L00326,0.01,95
F05217,F06,L00326,0.01,96
F05218,F06,L00326,0.01,97
F05219,F06,L00326,0.01,98
F05220,F06,L00326,0.01,99
F05221,F06,L00326,0.01,100
F05222,F06,L00326,0.01,101
F05223,F06,L00326,0.01,102
F05224,F06,L00326,0.01,103
F05225,F06,L00326,0.01,104
F05226,F06,L00326,0.01,105
F05227,F06,L00326,0.01,106
F05228,F06,L00326,0.01,107
F05229,F06,L00326,0.01,108
F05230,F06,L00326,0.01,109
F05231,F06,L00326,0.01,110
F05232,F06,L00326,0.01,111
F05233,F06,L00326,0.01,112
F05234,F06,L00326,0.01,113
F05235,F06,L00326,0.01,114
F05236,F06,L00326,0.01,115
F05237,F06,L00326,0.01,116
F05238,F06,L00326,0.01,117
F05239,F06,L00326,0.01,118
F05240,F06,L00326,0.01,119
F05241,F06,L00326,0.01,120
F05242,F06,L00326,0.01,121
F05243,F06,L00326,0.01,122
F05244,F06,L00326,0.01,123
F05245,F06,L00326,0.01,124
F05246,F06,L00326,0.01,125
F05247,F06,L00326,0.01,126
F05248,F06,L00326,0.01,127
F05249,F06,L00326,0.01,128
F05250,F06,L00326,0.01,129
F05251,F06,L00326,0.01,130
F05252,F06,L00326,0.01,131
F05253,F06,L00326,0.01,132
F05254,F06,L00326,0.01,133
F05255,F06,L00326,0.01,134
F05256,F06,L00326,0.01,135
F05257,F06,L00326,0.01,136
F05258,F06,L00326,0.01,137
F05259,F06,L00326,0.01,138
F05260,F06,L00326,0.01,139
F05261,F06,L00326,0.01,140
F05262,F06,L00326,0.01,141
F05263,F06,L00326,0.01,142
F05264,F06,L00326,0.01,143
F05265,F06,L00326,0.01,144
F05266,F06,L00326,0.01,145
F05267,F06,L00326,0.01,146
F05268,F06,L00326,0.01,147
F05269,F06,L00326,0.01,148
F05270,F06,L00326,0.01,149
F05271,F06,L00326,0.01,150
F05272,F06,L00326,0.01,151
F05273,F06,L00326,0.01,152
F05274,F06,L00326,0.01,153
F05275,F06,L00326,0.01,154
F05276,F06,L00326,0.01,155
F05277,F06,L00326,0.01,156
F05278,F06,L00326,0.01,157
F05279,F06,L00326,0.01,158
F05280,F06,L00326,0.01,159
F05281,F06,L00326,0.01,160
F05282,F06,L00326,0.01,161
F05283,F06,L00326,0.01,162
F05284,F06,L00326,0.01,163
F05285,F06,L00326,0.01,164
F05286,F06,L00326,0.01,165
F05287,F06,L00326,0.01,166
F05288,F06,L00326,0.01,167
F05289,F06,L00326,0.01,168
F05290,F06,L00326,0.01,169
F05291,F06,L00326,0.01,170
F05292,F06,L00326,0.01,171
F05293,F06,L00326,0.01,172
F05294,F06,L00326,0.01,173
F05295,F06,L00326,0.01,174
F05296,F06,L00326,0.01,175
F05297,F06,L00326,0.01,176
F05298,F06,L00326,0.01,177
F05299,F06,L00326,0.01,178
F05300,F06,L00326,0.01,179
F05301,F06,L00326,0.01,180
F05302,F06,L00326,0.01,181
F05303,F06,L00326,0.01,182
F05304,F06,L00326,0.01,183
F05305,F06,L00326,0.01,184
F05306,F06,L00326,0.01,185
F05307,F06,L00326,0.01,186
F05308,F06,L00326,0.01,187
F05309,F06,L00326,0.01,188
F05310,F06,L00326,0.01,189
F05311,F06,L00326,0.01,190
F05312,F06,L00326,0.01,191
F05313,F06,L00326,0.01,192
F05314,F06,L00326,0.01,193
F05315,F06,L00326,0.01,194
F05316,F06,L00326,0.01,195
F05317,F06,L00326,0.01,196
F05318,F06,L00326,0.01,197
F05319,F06,L00326,0.01,198
F05320,F06,L00326,0.01,199
F05321,F06,L00326,0.01,200
F05322,F06,L00326,0.01,201
F05323,F06,L00326,0.01,202
F05324,F06,L00326,0.01,203
F05325,F06,L00326,0.01,204
F05326,F06,L00326,0.01,205
F05327,F06,L00326,0.01,206
F05328,F06,L00326,0.01,207
F05329,F06,L00326,0.01,208
F05330,F06,L00326,0.01,209
F05331,F06,L00326,0.01,210
F05332,F06,L00326,0.01,211
F05333,F06,L00326,0.01,212
F05334,F06,L00326,0.01,213
F05335,F06,L00326,0.01,214
F05336,F06,L00326,0.01,215
F05337,F06,L00326,0.01,216
F05338,F06,L00326,0.01,217
F05339,F06,L00326,0.01,218
F05340,F06,L00326,0.01,219
F05341,F06,L00326,0.01,220
F05342,F06,L00326,0.01,221
F05343,F06,L00326,0.01,222
F05344,F06,L00326,0.01,223
F05345,F06,L00326,0.01,224
F05346,F06,L00326,0.01,225
F05347,F06,L00326,0.01,226
F05348,F06,L00326,0.01,227
F05349,F06,L00326,0.01,228
F05350,F06,L00326,0.01,229
F05351,F06,L00326,0.01,230
F05352,F06,L00326,0.01,231
F05353,F06,L00326,0.01,232
F05354,F06,L00326,0.01,233
F05355,F06,L00326,0.01,234
F05356,F06,L00326,0.01,235
F05357,F06,L00326,0.01,236
F05358,F06,L00326,0.01,237
F05359,F06,L00326,0.01,238
F05360,F06,L00326,0.01,239
F05361,F06,L00326,0.01,240
F05362,F06,L00326,0.01,241
F05363,F06,L00326,0.01,242
F05364,F06,L00326,0.01,243
F05365,F06,L00326,0.01,244
F05366,F06,L00326,0.01,245
F05367,F06,L00326,0.01,246
F05368,F06,L00326,0.01,247
F05369,F06,L00326,0.01,248
F05370,F06,L00326,0.01,249
F05371,F06,L00326,0.01,250
F05372,F06,L00326,0.01,251
F05373,F06,L00326,0.01,252
F05374,F06,L00326,0.01,253
F05375,F06,L00326,0.01,254
F05376,F06,L00326,0.01,255
F05377,F06,L00326,0.01,256
F05378,F06,L00326,0.01,257
F05379,F06,L00326,0.01,258
F05380,F06,L00326,0.01,259
F05381,F06,L00326,0.01,260
F05382,F06,L00326,0.01,261
F05383,F06,L00326,0.01,262
F05384,F06,L00326,0.01,263
F05385,F06,L00326,0.01,264
F05386,F06,L00326,0.01,265
F05387,F06,L00326,0.01,266
F05388,F06,L00326,0.01,267
F05389,F06,L00326,0.01,268
F05390,F06,L00326,0.01,269
F05391,F06,L00326,0.01,270
F05392,F06,L00326,0.01,271
F05393,F06,L00326,0.01,272
F05394,F06,L00326,0.01,273
F05395,F06,L00326,0.01,274
F05396,F06,L00326,0.01,275
F05397,F06,L00326,0.01,276
F05398,F06,L00326,0.01,277
F05399,F06,L00326,0.01,278
F05400,F06,L00326,0.01,279
F05401,F06,L00326,0.01,280
F05402,F06,L00326,0.01,281
F05403,F06,L00326,0.01,282
F05404,F06,L00326,0.01,283
F05405,F06,L00326,0.01,284
F05406,F06,L00326,0.01,285
F05407,F06,L00326,0.01,286
F05408,F06,L00326,0.01,287
F05409,F06,L00326,0.01,288
F05410,F06,L00326,0.01,289
F05411,F06,L00326,0.01,290
F05412,F06,L00326,0.01,291
F05413,F06,L00326,0.01,292
F05414,F06,L00326,0.01,293
F05415,F06,L00326,0.01,294
F05416,F06,L00326,0.01,295
F05417,F06,L00326,0.01,296
F05418,F06,L00326,0.01,297
F05419,F06,L00326,0.01,298
F05420,F06,L00326,0.01,299
F05421,F06,L00326,0.01,300
F05422,F06,L00326,0.01,301
F05423,F06,L00326,0.01,302
F05424,F06,L00326,0.01,303
F05425,F06,L00326,0.01,304
F05426,F06,L00326,0.01,305
F05427,F06,L00326,0.01,306
F05428,F06,L00326,0.01,307
F05429,F06,L00326,0.01,308
F05430,F06,L00326,0.01,309
F05431,F06,L00326,0.01,310
F05432,F06,L00326,0.01,311
F05433,F06,L00326,0.01,312
F05434,F06,L00326,0.01,313
F05435,F06,L00326,0.01,314
F05436,F06,L00326,0.01,315
F05437,F06,L00326,0.01,316
F05438,F06,L00326,0.01,317
F05439,F06,L00326,0.01,318
F05440,F06,L00326,0.01,319
F05441,F06,L00326,0.01,320
F05442,F06,L00326,0.01,321
F05443,F06,L00326,0.01,322
F05444,F06,L00326,0.01,323
F05445,F06,L00326,0.01,324
F05446,F06,L00326,0.01,325
F05447,F06,L00326,0.01,326
F05448,F06,L00326,0.01,327
F05449,F06,L00326,0.01,328
F05450,F06,L00326,0.01,329
F05451,F06,L00326,0.01,330
F05452,F06,L00326,0.01,331
F05453,F06,L00326,0.01,332
F05454,F06,L00326,0.01,333
F05455,F06,L00326,0.01,334
F05456,F06,L00326,0.01,335
F05457,F06,L00326,0.01,336
F05458,F06,L00326,0.01,337
F05459,F06,L00326,0.01,338
F05460,F06,L00326,0.01,339
F05461,F06,L00326,0.01,340
F05462,F06,L00326,0.01,341
F05463,F06,L00326,0.01,342
F05464,F06,L00326,0.01,343
F05465,F06,L00326,0.01,344
F05466,F06,L00326,0.01,345
F05467,F06,L00326,0.01,346
F05468,F06,L00326,0.01,347
F05469,F06,L00326,0.01,348
F05470,F06,L00326,0.01,349
F05471,F06,L00326,0.01,350
F05472,F06,L00326,0.01,351
F05473,F06,L00326,0.01,352
F05474,F06,L00326,0.01,353
F05475,F06,L00326,0.01,354
F05476,F06,L00326,0.01,355
F05477,F06,L00326,0.01,356
F05478,F06,L00326,0.01,357
F05479,F06,L00326,0.01,358
F05480,F06,L00326,0.01,359
F05481,F06,L00326,0.01,360
F05482,F06,L00326,0.01,361
F05483,F06,L00326,0.01,362
F05484,F06,L00326,0.01,363
F05485,F06,L00326,0.01,364
F05486,F06,L00326,0.01,365
F05487,F06,L00326,0.01,366
F05488,F06,L00326,0.01,367
F05489,F06,L00326,0.01,368
F05490,F06,L00326,0.01,369
F05491,F06,L00326,0.01,370
F05492,F06,L00326,0.01,371
F05493,F06,L00326,0.01,372
F05494,F06,L00326,0.01,373
F05495,F06,L00326,0.01,374
F05496,F06,L00326,0.01,375
F05497,F06,L00326,0.01,376
F05498,F06,L00326,0.01,377
F05499,F06,L00326,0.01,378
F05500,F06,L00326,0.01,379
F05501,F06,L00326,0.01,380
F05502,F06,L00326,0.01,381
F05503,F06,L00326,0.01,382
F05504,F06,L00326,0.01,383
F05505,F06,L00326,0.01,384
F05506,F06,L00326,0.01,385
F05507,F06,L00326,0.01,386
F05508,F06,L00326,0.01,387
F05509,F06,L00326,0.01,388
F05510,F06,L00326,0.01,389
F05511,F06,L00326,0.01,390
F05512,F06,L00326,0.01,391
F05513,F06,L00326,0.01,392
F05514,F06,L00326,0.01,393
F05515,F06,L00326,0.01,394
F05516,F06,L00326,0.01,395
F05517,F06,L00326,0.01,396
F05518,F06,L00326,0.01,397
F05519,F06,L00326,0.01,398
F05520,F06,L00326,0.01,399
F05521,F06,L00326,0.01,400
F05522,F06,L00326,0.01,401
F05523,F06,L00326,0.01,402
F05524,F06,L00326,0.01,403
F05525,F06,L00326,0.01,404
F05526,F06,L00326,0.01,405
F05527,F06,L00326,0.01,406
F05528,F06,L00326,0.01,407
F05529,F06,L00326,0.01,408
F05530,F06,L00326,0.01,409
F05531,F06,L00326,0.01,410
F05532,F06,L00326,0.01,411
F05533,F06,L00326,0.01,412
F05534,F06,L00326,0.01,413
F05535,F06,L00326,0.01,414
F05536,F06,L00326,0.01,415
F05537,F06,L00326,0.01,416
F05538,F06,L00326,0.01,417
F05539,F06,L00326,0.01,418
F05540,F06,L00326,0.01,419
F05541,F06,L00326,0.01,420
F05542,F06,L00326,0.01,421
F05543,F06,L00326,0.01,422
F05544,F06,L00326,0.01,423
F05545,F06,L00326,0.01,424
F05546,F06,L00326,0.01,425
F05547,F06,L00326,0.01,426
F05548,F06,L00326,0.01,427
F05549,F06,L00326,0.01,428
F05550,F06,L00326,0.01,429
F05551,F06,L00326,0.01,430
F05552,F06,L00326,0.01,431
F05553,F06,L00326,0.01,432
F05554,F06,L00326,0.01,433
F05555,F06,L00326,0.01,434
F05556,F06,L00326,0.01,435
F05557,F06,L00326,0.01,436
F05558,F06,L00326,0.01,437
F05559,F06,L00326,0.01,438
F05560,F06,L00326,0.01,439
F05561,F06,L00326,0.01,440
F05562,F06,L00326,0.01,441
F05563,F06,L00326,0.01,442
F05564,F06,L00326,0.01,443
F05565,F06,L00326,0.01,444
F05566,F06,L00326,0.01,445
F05567,F06,L00326,0.01,446
F05568,F06,L00326,0.01,447
F05569,F06,L00326,0.01,448
F05570,F06,L00326,0.01,449
F05571,F06,L00326,0.01,450
F05572,F06,L00326,0.01,451
F05573,F06,L00326,0.01,452
F05574,F06,L00326,0.01,453
F05575,F06,L00326,0.01,454
F05576,F06,L00326,0.01,455
F05577,F06,L00326,0.01,456
F05578,F06,L00326,0.01,457
F05579,F06,L00326,0.01,458
F05580,F06,L00326,0.01,459
F05581,F06,L00326,0.01,460
F05582,F06,L00326,0.01,461
F05583,F06,L00326,0.01,462
F05584,F06,L00326,0.01,463
F05585,F06,L00326,0.01,464
F05586,F06,L00326,0.01,465
F05587,F06,L00326,0.01,466
F05588,F06,L00326,0.01,467
F05589,F06,L00326,0.01,468
F05590,F06,L00326,0.01,469
F05591,F06,L00326,0.01,470
F05592,F06,L00326,0.01,471
F05593,F06,L00326,0.01,472
F05594,F06,L00326,0.01,473
F05595,F06,L00326,0.01,474
F05596,F06,L00326,0.01,475
F05597,F06,L00326,0.01,476
F05598,F06,L00326,0.01,477
F05599,F06,L00326,0.01,478
F05600,F06,L00326,0.01,479
F05601,F06,L00326,0.01,480
F05602,F06,L00326,0.01,481
F05603,F06,L00326,0.01,482
F05604,F06,L00326,0.01,483
F05605,F06,L00326,0.01,484
F05606,F06,L00326,0.01,485
F05607,F06,L00326,0.01,486
F05608,F06,L00326,0.01,487
F05609,F06,L00326,0.01,488
F05610,F06,L00326,0.01,489
F05611,F06,L00326,0.01,490
F05612,F06,L00326,0.01,491
F05613,F06,L00326,0.01,492
F05614,F06,L00326,0.01,493
F05615,F06,L00326,0.01,494
F05616,F06,L00326,0.01,495
F05617,F06,L00326,0.01,496
F05618,F06,L00326,0.01,497
F05619,F06,L00326,0.01,498
F05620,F06,L00326,0.01,499
F05621,F06,L00326,0.01,500
F05622,F06,L00326,0.01,501
F05623,F06,L00326,0.01,502
F05624,F06,L00326,0.01,503
F05625,F06,L00326,0.01,504
F05626,F06,L00326,0.01,505
F05627,F06,L00326,0.01,506
F05628,F06,L00326,0.01,507
F05629,F06,L00326,0.01,508
F05630,F06,L00326,0.01,509
F05631,F06,L00326,0.01,510
F05632,F06,L00326,0.01,511
F05633,F06,L00326,0.01,512
F05634,F06,L00326,0.01,513
F05635,F06,L00326,0.01,514
F05636,F06,L00326,0.01,515
F05637,F06,L00326,0.01,516
F05638,F06,L00326,0.01,517
F05639,F06,L00326,0.01,518
F05640,F06,L00326,0.01,519
F05641,F06,L00326,0.01,520
F05642,F06,L00326,0.01,521
F05643,F06,L00326,0.01,522
F05644,F06,L00326,0.01,523
F05645,F06,L00326,0.01,524
F05646,F06,L00326,0.01,525
F05647,F06,L00326,0.01,526
F05648,F06,L00326,0.01,527
F05649,F06,L00326,0.01,528
F05650,F06,L00326,0.01,529
F05651,F06,L00326,0.01,530
F05652,F06,L00326,0.01,531
F05653,F06,L00326,0.01,532
F05654,F06,L00326,0.01,533
F05655,F06,L00326,0.01,534
F05656,F06,L00326,0.01,535
F05657,F06,L00326,0.01,536
F05658,F06,L00326,0.01,537
F05659,F06,L00326,0.01,538
F05660,F06,L00326,0.01,539
F05661,F06,L00326,0.01,540
F05662,F06,L00326,0.01,541
F05663,F06,L00326,0.01,542
F05664,F06,L00326,0.01,543
F05665,F06,L00326,0.01,544
F05666,F06,L00326,0.01,545
F05667,F06,L00326,0.01,546
F05668,F06,L00326,0.01,547
F05669,F06,L00326,0.01,548
F05670,F06,L00326,0.01,549
F05671,F06,L00326,0.01,550
F05672,F06,L00326,0.01,551
F05673,F06,L00326,0.01,552
F05674,F06,L00326,0.01,553
F05675,F06,L00326,0.01,554
F05676,F06,L00326,0.01,555
F05677,F06,L00326,0.01,556
F05678,F06,L00326,0.01,557
F05679,F06,L00326,0.01,558
F05680,F06,L00326,0.01,559
F05681,F06,L00326,0.01,560
F05682,F06,L00326,0.01,561
F05683,F06,L00326,0.01,562
F05684,F06,L00326,0.01,563
F05685,F06,L00326,0.01,564
F05686,F06,L00326,0.01,565
F05687,F06,L00326,0.01,566
F05688,F06,L00326,0.01,567
F05689,F06,L00326,0.01,568
F05690,F06,L00326,0.01,569
F05691,F06,L00326,0.01,570
F05692,F06,L00326,0.01,571
F05693,F06,L00326,0.01,572
F05694,F06,L00326,0.01,573
F05695,F06,L00326,0.01,574
F05696,F06,L00326,0.01,575
F05697,F06,L00326,0.01,576
F05698,F06,L00326,0.01,577
F05699,F06,L00326,0.01,578
F05700,F06,L00326,0.01,579
F05701,F06,L00326,0.01,580
F05702,F06,L00326,0.01,581
F05703,F06,L00326,0.01,582
F05704,F06,L00326,0.01,583
F05705,F06,L00326,0.01,584
F05706,F06,L00326,0.01,585
F05707,F06,L00326,0.01,586
F05708,F06,L00326,0.01,587
F05709,F06,L00326,0.01,588
F05710,F06,L00326,0.01,589
F05711,F06,L00326,0.01,590
F05712,F06,L00326,0.01,591
F05713,F06,L00326,0.01,592
F05714,F06,L00326,0.01,593
F05715,F06,L00326,0.01,594
F05716,F06,L00326,0.01,595
F05717,F06,L00326,0.01,596
F05718,F06,L00326,0.01,597
F05719,F06,L00326,0.01,598
F05720,F06,L00326,0.01,599
F05721,F06,L00326,0.01,600
F05722,F06,L00326,0.01,601
F05723,F06,L00326,0.01,602
F05724,F06,L00326,0.01,603
F05725,F06,L00326,0.01,604
F05726,F06,L00326,0.01,605
F05727,F06,L00326,0.01,606
F05728,F06,L00326,0.01,607
F05729,F06,L00326,0.01,608
F05730,F06,L00326,0.01,609
F05731,F06,L00326,0.01,610
F05732,F06,L00326,0.01,611
F05733,F06,L00326,0.01,612
F05734,F06,L00326,0.01,613
F05735,F06,L00326,0.01,614
F05736,F06,L00326,0.01,615
F05737,F06,L00326,0.01,616
F05738,F06,L00326,0.01,617
F05739,F06,L00326,0.01,618
F05740,F06,L00326,0.01,619
F05741,F06,L00326,0.01,620
F05742,F06,L00326,0.01,621
F05743,F06,L00326,0.01,622
F05744,F06,L00326,0.01,623
F05745,F06,L00326,0.01,624
F05746,F06,L00326,0.01,625
F05747,F06,L00326,0.01,626
F05748,F06,L00326,0.01,627
F05749,F06,L00326,0.01,628
F05750,F06,L00326,0.01,629
F05751,F06,L00326,0.01,630
F05752,F06,L00326,0.01,631
F05753,F06,L00326,0.01,632
F05754,F06,L00326,0.01,633
F05755,F06,L00326,0.01,634
F05756,F06,L00326,0.01,635
F05757,F06,L00326,0.01,636
F05758,F06,L00326,0.01,637
F05759,F06,L00326,0.01,638
F05760,F06,L00326,0.01,639
F05761,F06,L00326,0.01,640
F05762,F06,L00326,0.01,641
F05763,F06,L00326,0.01,642
F05764,F06,L00326,0.01,643
F05765,F06,L00326,0.01,644
F05766,F06,L00326,0.01,645
F05767,F06,L00326,0.01,646
F05768,F06,L00326,0.01,647
F05769,F06,L00326,0.01,648
F05770,F06,L00326,0.01,649
F05771,F06,L00326,0.01,650
F05772,F06,L00326,0.01,651
F05773,F06,L00326,0.01,652
F05774,F06,L00326,0.01,653
F05775,F06,L00326,0.01,654
F05776,F06,L00326,0.01,655
F05777,F06,L00326,0.01,656
F05778,F06,L00326,0.01,657
F05779,F06,L00326,0.01,658
F05780,F06,L00326,0.01,659
F05781,F06,L00326,0.01,660
F05782,F06,L00326,0.01,661
F05783,F06,L00326,0.01,662
F05784,F06,L00326,0.01,663
F05785,F06,L00326,0.01,664
F05786,F06,L00326,0.01,665
F05787,F06,L00326,0.01,666
F05788,F06,L00326,0.01,667
F05789,F06,L00326,0.01,668
F05790,F06,L00326,0.01,669
F05791,F06,L00326,0.01,670
F05792,F06,L00326,0.01,671
F05793,F06,L00326,0.01,672
F05794,F06,L00326,0.01,673
F05795,F06,L00326,0.01,674
F05796,F06,L00326,0.01,675
F05797,F06,L00326,0.01,676
F05798,F06,L00326,0.01,677
F05799,F06,L00326,0.01,678
F05800,F06,L00326,0.01,679
F05801,F06,L00326,0.01,680
F05802,F06,L00326,0.01,681
F05803,F06,L00326,0.01,682
F05804,F06,L00326,0.01,683
F05805,F06,L00326,0.01,684
F05806,F06,L00326,0.01,685
F05807,F06,L00326,0.01,686
F05808,F06,L00326,0.01,687
F05809,F06,L00326,0.01,688
F05810,F06,L00326,0.01,689
F05811,F06,L00326,0.01,690
F05812,F06,L00326,0.01,691
F05813,F06,L00326,0.01,692
F05814,F06,L00326,0.01,693
F05815,F06,L00326,0.01,694
F05816,F06,L00326,0.01,695
F05817,F06,L00326,0.01,696
F05818,F06,L00326,0.01,697
F05819,F06,L00326,0.01,698
F05820,F06,L00326,0.01,699
F05821,F06,L00326,0.01,700
F05822,F06,L00326,0.01,701
F05823,F06,L00326,0.01,702
F05824,F06,L00326,0.01,703
F05825,F06,L00326,0.01,704
F05826,F06,L00326,0.01,705
F05827,F06,L00326,0.01,706
F05828,F06,L00326,0.01,707
F05829,F06,L00326,0.01,708
F05830,F06,L00326,0.01,709
F05831,F06,L00326,0.01,710
F05832,F06,L00326,0.01,711
F05833,F06,L00326,0.01,712
F05834,F06,L00326,0.01,713
F05835,F06,L00326,0.01,714
F05836,F06,L00326,0.01,715
F05837,F06,L00326,0.01,716
F05838,F06,L00326,0.01,717
F05839,F06,L00326,0.01,718
F05840,F06,L00326,0.01,719
F05841,F06,L00326,0.01,720
F05842,F06,L00326,0.01,721
F05843,F06,L00326,0.01,722
F05844,F06,L00326,0.01,723
F05845,F06,L00326,0.01,724
F05846,F06,L00326,0.01,725
F05847,F06,L00326,0.01,726
F05848,F06,L00326,0.01,727
F05849,F06,L00326,0.01,728
F05850,F06,L00326,0.01,729
F05851,F06,L00326,0.01,730
F05852,F06,L00326,0.01,731
F05853,F06,L00326,0.01,732
F05854,F06,L00326,0.01,733
F05855,F06,L00326,0.01,734
F05856,F06,L00326,0.01,735
F05857,F06,L00326,0.01,736
F05858,F06,L00326,0.01,737
F05859,F06,L00326,0.01,738
F05860,F06,L00326,0.01,739
F05861,F06,L00326,0.01,740
F05862,F06,L00326,0.01,741
F05863,F06,L00326,0.01,742
F05864,F06,L00326,0.01,743
F05865,F06,L00326,0.01,744
F05866,F06,L00326,0.01,745
F05867,F06,L00326,0.01,746
F05868,F06,L00326,0.01,747
F05869,F06,L00326,0.01,748
F05870,F06,L00326,0.01,749
F05871,F06,L00326,0.01,750
F05872,F06,L00326,0.01,751
F05873,F06,L00326,0.01,752
F05874,F06,L00326,0.01,753
F05875,F06,L00326,0.01,754
F05876,F06,L00326,0.01,755
F05877,F06,L00326,0.01,756
F05878,F06,L00326,0.01,757
F05879,F06,L00326,0.01,758
F05880,F06,L00326,0.01,759
F05881,F06,L00326,0.01,760
F05882,F06,L00326,0.01,761
F05883,F06,L00326,0.01,762
F05884,F06,L00326,0.01,763
F05885,F06,L00326,0.01,764
F05886,F06,L00326,0.01,765
F05887,F06,L00326,0.01,766
F05888,F06,L00326,0.01,767
F05889,F06,L00326,0.01,768
F05890,F06,L00326,0.01,769
F05891,F06,L00326,0.01,770
F05892,F06,L00326,0.01,771
F05893,F06,L00326,0.01,772
F05894,F06,L00326,0.01,773
F05895,F06,L00326,0.01,774
F05896,F06,L00326,0.01,775
F05897,F06,L00326,0.01,776
F05898,F06,L00326,0.01,777
F05899,F06,L00326,0.01,778
F05900,F06,L00326,0.01,779
F05901,F06,L00326,0.01,780
F05902,F06,L00326,0.01,781
F05903,F06,L00326,0.01,782
F05904,F06,L00326,0.01,783
F05905,F06,L00326,0.01,784
F05906,F06,L00326,0.01,785
F05907,F06,L00326,0.01,786
F05908,F06,L00326,0.01,787
F05909,F06,L00326,0.01,788
F05910,F06,L00326,0.01,789
F05911,F06,L00326,0.01,790
F05912,F06,L00326,0.01,791
F05913,F06,L00326,0.01,792
F05914,F06,L00326,0.01,793
F05915,F06,L00326,0.01,794
F05916,F06,L00326,0.01,795
F05917,F06,L00326,0.01,796
F05918,F06,L00326,0.01,797
F05919,F06,L00326,0.01,798
F05920,F06,L00326,0.01,799
F05921,F06,L00326,0.01,800
F05922,F06,L00326,0.01,801
F05923,F06,L00326,0.01,802
F05924,F06,L00326,0.01,803
F05925,F06,L00326,0.01,804
F05926,F06,L00326,0.01,805
F05927,F06,L00326,0.01,806
F05928,F06,L00326,0.01,807
F05929,F06,L00326,0.01,808
F05930,F06,L00326,0.01,809
F05931,F06,L00326,0.01,810
F05932,F06,L00326,0.01,811
F05933,F06,L00326,0.01,812
F05934,F06,L00326,0.01,813
F05935,F06,L00326,0.01,814
F05936,F06,L00326,0.01,815
F05937,F06,L00326,0.01,816
F05938,F06,L00326,0.01,817
F05939,F06,L00326,0.01,818
F05940,F06,L00326,0.01,819
F05941,F06,L00326,0.01,820
F05942,F06,L00326,0.01,821
F05943,F06,L00326,0.01,822
F05944,F06,L00326,0.01,823
F05945,F06,L00326,0.01,824
F05946,F06,L00326,0.01,825
F05947,F06,L00326,0.01,826
F05948,F06,L00326,0.01,827
F05949,F06,L00326,0.01,828
F05950,F06,L00326,0.01,829
F05951,F06,L00326,0.01,830
F05952,F06,L00326,0.01,831
F05953,F06,L00326,0.01,832
F05954,F06,L00326,0.01,833
F05955,F06,L00326,0.01,834
F05956,F06,L00326,0.01,835
F05957,F06,L00326,0.01,836
F05958,F06,L00326,0.01,837
F05959,F06,L00326,0.01,838
F05960,F06,L00326,0.01,839
F05961,F06,L00326,0.01,840
F05962,F06,L00326,0.01,841
F05963,F06,L00326,0.01,842
F05964,F06,L00326,0.01,843
F05965,F06,L00326,0.01,844
F05966,F06,L00326,0.01,845
F05967,F06,L00326,0.01,846
F05968,F06,L00326,0.01,847
F05969,F06,L00326,0.01,848
F05970,F06,L00326,0.01,849
F05971,F06,L00326,0.01,850
F05972,F06,L00326,0.01,851
F05973,F06,L00326,0.01,852
F05974,F06,L00326,0.01,853
F05975,F06,L00326,0.01,854
F05976,F06,L00326,0.01,855
F05977,F06,L00326,0.01,856
F05978,F06,L00326,0.01,857
F05979,F06,L00326,0.01,858
F05980,F06,L00326,0.01,859
F05981,F06,L00326,0.01,860
F05982,F06,L00326,0.01,861
F05983,F06,L00326,0.01,862
F05984,F06,L00326,0.01,863
F05985,F06,L00326,0.01,864
F05986,F06,L00326,0.01,865
F05987,F06,L00326,0.01,866
F05988,F06,L00326,0.01,867
F05989,F06,L00326,0.01,868
F05990,F06,L00326,0.01,869
F05991,F06,L00326,0.01,870
F05992,F06,L00326,0.01,871
F05993,F06,L00326,0.01,872
F05994,F06,L00326,0.01,873
F05995,F06,L00326,0.01,874
F05996,F06,L00326,0.01,875
F05997,F06,L00326,0.01,876
F05998,F06,L00326,0.01,877
F05999,F06,L00326,0.01,878
F06000,F06,L00326,0.01,879
F06001,F06,L00326,0.01,880
F06002,F06,L00326,0.01,881
F06003,F06,L00326,0.01,882
F06004,F06,L00326,0.01,883
F06005,F06,L00326,0.01,884
F06006,F06,L00326,0.01,885
F06007,F06,L00326,0.01,886
F06008,F06,L00326,0.01,887
F06009,F06,L00326,0.01,888
F06010,F06,L00326,0.01,889
F06011,F06,L00326,0.01,890
F06012,F06,L00326,0.01,891
F06013,F06,L00326,0.01,892
F06014,F06,L00326,0.01,893
F06015,F06,L00326,0.01,894
F06016,F06,L00326,0.01,895
F06017,F06,L00326,0.01,896
F06018,F06,L00326,0.01,897
F06019,F06,L00326,0.01,898
F06020,F06,L00326,0.01,899
F06021,F06,L00326,0.01,900
F06022,F06,L00326,0.01,901
F06023,F06,L00326,0.01,902
F06024,F06,L00326,0.01,903
F06025,F06,L00326,0.01,904
F06026,F06,L00326,0.01,905
F06027,F06,L00326,0.01,906
F06028,F06,L00326,0.01,907
F06029,F06,L00326,0.01,908
F06030,F06,L00326,0.01,909
F06031,F06,L00326,0.01,910
F06032,F06,L00326,0.01,911
F06033,F06,L00326,0.01,912
F06034,F06,L00326,0.01,913
F06035,F06,L00326,0.01,914
F06036,F06,L00326,0.01,915
F06037,F06,L00326,0.01,916
F06038,F06,L00326,0.01,917
F06039,F06,L00326,0.01,918
F06040,F06,L00326,0.01,919
F06041,F06,L00326,0.01,920
F06042,F06,L00326,0.01,921
F06043,F06,L00326,0.01,922
F06044,F06,L00326,0.01,923
F06045,F06,L00326,0.01,924
F06046,F06,L00326,0.01,925
F06047,F06,L00326,0.01,926
F06048,F06,L00326,0.01,927
F06049,F06,L00326,0.01,928
F06050,F06,L00326,0.01,929
F06051,F06,L00326,0.01,930
F06052,F06,L00326,0.01,931
F06053,F06,L00326,0.01,932
F06054,F06,L00326,0.01,933
F06055,F06,L00326,0.01,934
F06056,F06,L00326,0.01,935
F06057,F06,L00326,0.01,936
F06058,F06,L00326,0.01,937
F06059,F06,L00326,0.01,938
F06060,F06,L00326,0.01,939
F06061,F06,L00326,0.01,940
F06062,F06,L00326,0.01,941
F06063,F06,L00326,0.01,942
F06064,F06,L00326,0.01,943
F06065,F06,L00326,0.01,944
F06066,F06,L00326,0.01,945
F06067,F06,L00326,0.01,946
F06068,F06,L00326,0.01,947
F06069,F06,L00326,0.01,948
F06070,F06,L00326,0.01,949
F06071,F06,L00326,0.01,950
F06072,F06,L00326,0.01,951
F06073,F06,L00326,0.01,952
F06074,F06,L00326,0.01,953
F06075,F06,L00326,0.01,954
F06076,F06,L00326,0.01,955
F06077,F06,L00326,0.01,956
F06078,F06,L00326,0.01,957
F06079,F06,L00326,0.01,958
F06080,F06,L00326,0.01,959
F06081,F06,L00326,0.01,960
F06082,F06,L00326,0.01,961
F06083,F06,L00326,0.01,962
F06084,F06,L00326,0.01,963
F06085,F06,L00326,0.01,964
F06086,F06,L00326,0.01,965
F06087,F06,L00326,0.01,966
F06088,F06,L00326,0.01,967
F06089,F06,L00326,0.01,968
F06090,F06,L00326,0.01,969
F06091,F06,L00326,0.01,970
F06092,F06,L00326,0.01,971
F06093,F06,L00326,0.01,972
F06094,F06,L00326,0.01,973
F06095,F06,L00326,0.01,974
F06096,F06,L00326,0.01,975
F06097,F06,L00326,0.01,976
F06098,F06,L00326,0.01,977
F06099,F06,L00326,0.01,978
F06100,F06,L00326,0.01,979
F06101,F06,L00326,0.01,980
F06102,F06,L00326,0.01,981
F06103,F06,L00326,0.01,982
F06104,F06,L00326,0.01,983
F06105,F06,L00326,0.01,984
F06106,F06,L00326,0.01,985
F06107,F06,L00326,0.01,986
F06108,F06,L00326,0.01,987
F06109,F06,L00326,0.01,988
F06110,F06,L00326,0.01,989
F06111,F06,L00326,0.01,990
F06112,F06,L00326,0.01,991
F06113,F06,L00326,0.01,992
F06114,F06,L00326,0.01,993
F06115,F06,L00326,0.01,994
F06116,F06,L00326,0.01,995
F06117,F06,L00326,0.01,996
F06118,F06,L00326,0.01,997
F06119,F06,L00326,0.01,998
F06120,F06,L00326,0.01,999
F06121,F06,L00326,0.01,1000
F06122,F06,L00326,0.01,1001
F06123,F06,L00326,0.01,1002
F06124,F06,L00326,0.01,1003
F06125,F06,L00326,0.01,1004
F06126,F06,L00326,0.01,1005
F06127,F06,L00326,0.01,1006
F06128,F06,L00326,0.01,1007
F06129,F06,L00326,0.01,1008
F06130,F06,L00326,0.01,1009
F06131,F06,L00326,0.01,1010
F06132,F06,L00326,0.01,1011
F06133,F06,L00326,0.01,1012
F06134,F06,L00326,0.01,1013
F06135,F06,L00326,0.01,1014
F06136,F06,L00326,0.01,1015
F06137,F06,L00326,0.01,1016
F06138,F06,L00326,0.01,1017
F06139,F06,L00326,0.01,1018
F06140,F06,L00326,0.01,1019
F06141,F06,L00326,0.01,1020
F06142,F06,L00326,0.01,1021
F06143,F06,L00326,0.01,1022
F06144,F06,L00326,0.01,1023
F06145,F07,L00326,0.02,0
F06146,F07,L00326,0.02,1
F06147,F07,L00326,0.02,2
F06148,F07,L00326,0.02,3
F06149,F07,L00326,0.02,4
F06150,F07,L00326,0.02,5
F06151,F07,L00326,0.02,6
F06152,F07,L00326,0.02,7
F06153,F07,L00326,0.02,8
F06154,F07,L00326,0.02,9
F06155,F07,L00326,0.02,10
F06156,F07,L00326,0.02,11
F06157,F07,L00326,0.02,12
F06158,F07,L00326,0.02,13
F06159,F07,L00326,0.02,14
F06160,F07,L00326,0.02,15
F06161,F07,L00326,0.02,16
F06162,F07,L00326,0.02,17
F06163,F07,L00326,0.02,18
F06164,F07,L00326,0.02,19
F06165,F07,L00326,0.02,20
F06166,F07,L00326,0.02,21
F06167,F07,L00326,0.02,22
F06168,F07,L00326,0.02,23
F06169,F07,L00326,0.02,24
F06170,F07,L00326,0.02,25
F06171,F07,L00326,0.02,26
F06172,F07,L00326,0.02,27
F06173,F07,L00326,0.02,28
F06174,F07,L00326,0.02,29
F06175,F07,L00326,0.02,30
F06176,F07,L00326,0.02,31
F06177,F07,L00326,0.02,32
F06178,F07,L00326,0.02,33
F06179,F07,L00326,0.02,34
F06180,F07,L00326,0.02,35
F06181,F07,L00326,0.02,36
F06182,F07,L00326,0.02,37
F06183,F07,L00326,0.02,38
F06184,F07,L00326,0.02,39
F06185,F07,L00326,0.02,40
F06186,F07,L00326,0.02,41
F06187,F07,L00326,0.02,42
F06188,F07,L00326,0.02,43
F06189,F07,L00326,0.02,44
F06190,F07,L00326,0.02,45
F06191,F07,L00326,0.02,46
F06192,F07,L00326,0.02,47
F06193,F07,L00326,0.02,48
F06194,F07,L00326,0.02,49
F06195,F07,L00326,0.02,50
F06196,F07,L00326,0.02,51
F06197,F07,L00326,0.02,52
F06198,F07,L00326,0.02,53
F06199,F07,L00326,0.02,54
F06200,F07,L00326,0.02,55
F06201,F07,L00326,0.02,56
F06202,F07,L00326,0.02,57
F06203,F07,L00326,0.02,58
F06204,F07,L00326,0.02,59
F06205,F07,L00326,0.02,60
F06206,F07,L00326,0.02,61
F06207,F07,L00326,0.02,62
F06208,F07,L00326,0.02,63
F06209,F07,L00326,0.02,64
F06210,F07,L00326,0.02,65
F06211,F07,L00326,0.02,66
F06212,F07,L00326,0.02,67
F06213,F07,L00326,0.02,68
F06214,F07,L00326,0.02,69
F06215,F07,L00326,0.02,70
F06216,F07,L00326,0.02,71
F06217,F07,L00326,0.02,72
F06218,F07,L00326,0.02,73
F06219,F07,L00326,0.02,74
F06220,F07,L00326,0.02,75
F06221,F07,L00326,0.02,76
F06222,F07,L00326,0.02,77
F06223,F07,L00326,0.02,78
F06224,F07,L00326,0.02,79
F06225,F07,L00326,0.02,80
F06226,F07,L00326,0.02,81
F06227,F07,L00326,0.02,82
F06228,F07,L00326,0.02,83
F06229,F07,L00326,0.02,84
F06230,F07,L00326,0.02,85
F06231,F07,L00326,0.02,86
F06232,F07,L00326,0.02,87
F06233,F07,L00326,0.02,88
F06234,F07,L00326,0.02,89
F06235,F07,L00326,0.02,90
F06236,F07,L00326,0.02,91
F06237,F07,L00326,0.02,92
F06238,F07,L00326,0.02,93
F06239,F07,L00326,0.02,94
F06240,F07,L00326,0.02,95
F06241,F07,L00326,0.02,96
F06242,F07,L00326,0.02,97
F06243,F07,L00326,0.02,98
F06244,F07,L00326,0.02,99
F06245,F07,L00326,0.02,100
F06246,F07,L00326,0.02,101
F06247,F07,L00326,0.02,102
F06248,F07,L00326,0.02,103
F06249,F07,L00326,0.02,104
F06250,F07,L00326,0.02,105
F06251,F07,L00326,0.02,106
F06252,F07,L00326,0.02,107
F06253,F07,L00326,0.02,108
F06254,F07,L00326,0.02,109
F06255,F07,L00326,0.02,110
F06256,F07,L00326,0.02,111
F06257,F07,L00326,0.02,112
F06258,F07,L00326,0.02,113
F06259,F07,L00326,0.02,114
F06260,F07,L00326,0.02,115
F06261,F07,L00326,0.02,116
F06262,F07,L00326,0.02,117
F06263,F07,L00326,0.02,118
F06264,F07,L00326,0.02,119
F06265,F07,L00326,0.02,120
F06266,F07,L00326,0.02,121
F06267,F07,L00326,0.02,122
F06268,F07,L00326,0.02,123
F06269,F07,L00326,0.02,124
F06270,F07,L00326,0.02,125
F06271,F07,L00326,0.02,126
F06272,F07,L00326,0.02,127
F06273,F07,L00326,0.02,128
F06274,F07,L00326,0.02,129
F06275,F07,L00326,0.02,130
F06276,F07,L00326,0.02,131
F06277,F07,L00326,0.02,132
F06278,F07,L00326,0.02,133
F06279,F07,L00326,0.02,134
F06280,F07,L00326,0.02,135
F06281,F07,L00326,0.02,136
F06282,F07,L00326,0.02,137
F06283,F07,L00326,0.02,138
F06284,F07,L00326,0.02,139
F06285,F07,L00326,0.02,140
F06286,F07,L00326,0.02,141
F06287,F07,L00326,0.02,142
F06288,F07,L00326,0.02,143
F06289,F07,L00326,0.02,144
F06290,F07,L00326,0.02,145
F06291,F07,L00326,0.02,146
F06292,F07,L00326,0.02,147
F06293,F07,L00326,0.02,148
F06294,F07,L00326,0.02,149
F06295,F07,L00326,0.02,150
F06296,F07,L00326,0.02,151
F06297,F07,L00326,0.02,152
F06298,F07,L00326,0.02,153
F06299,F07,L00326,0.02,154
F06300,F07,L00326,0.02,155
F06301,F07,L00326,0.02,156
F06302,F07,L00326,0.02,157
F06303,F07,L00326,0.02,158
F06304,F07,L00326,0.02,159
F06305,F07,L00326,0.02,160
F06306,F07,L00326,0.02,161
F06307,F07,L00326,0.02,162
F06308,F07,L00326,0.02,163
F06309,F07,L00326,0.02,164
F06310,F07,L00326,0.02,165
F06311,F07,L00326,0.02,166
F06312,F07,L00326,0.02,167
F06313,F07,L00326,0.02,168
F06314,F07,L00326,0.02,169
F06315,F07,L00326,0.02,170
F06316,F07,L00326,0.02,171
F06317,F07,L00326,0.02,172
F06318,F07,L00326,0.02,173
F06319,F07,L00326,0.02,174
F06320,F07,L00326,0.02,175
F06321,F07,L00326,0.02,176
F06322,F07,L00326,0.02,177
F06323,F07,L00326,0.02,178
F06324,F07,L00326,0.02,179
F06325,F07,L00326,0.02,180
F06326,F07,L00326,0.02,181
F06327,F07,L00326,0.02,182
F06328,F07,L00326,0.02,183
F06329,F07,L00326,0.02,184
F06330,F07,L00326,0.02,185
F06331,F07,L00326,0.02,186
F06332,F07,L00326,0.02,187
F06333,F07,L00326,0.02,188
F06334,F07,L00326,0.02,189
F06335,F07,L00326,0.02,190
F06336,F07,L00326,0.02,191
F06337,F07,L00326,0.02,192
F06338,F07,L00326,0.02,193
F06339,F07,L00326,0.02,194
F06340,F07,L00326,0.02,195
F06341,F07,L00326,0.02,196
F06342,F07,L00326,0.02,197
F06343,F07,L00326,0.02,198
F06344,F07,L00326,0.02,199
F06345,F07,L00326,0.02,200
F06346,F07,L00326,0.02,201
F06347,F07,L00326,0.02,202
F06348,F07,L00326,0.02,203
F06349,F07,L00326,0.02,204
F06350,F07,L00326,0.02,205
F06351,F07,L00326,0.02,206
F06352,F07,L00326,0.02,207
F06353,F07,L00326,0.02,208
F06354,F07,L00326,0.02,209
F06355,F07,L00326,0.02,210
F06356,F07,L00326,0.02,211
F06357,F07,L00326,0.02,212
F06358,F07,L00326,0.02,213
F06359,F07,L00326,0.02,214
F06360,F07,L00326,0.02,215
F06361,F07,L00326,0.02,216
F06362,F07,L00326,0.02,217
F06363,F07,L00326,0.02,218
F06364,F07,L00326,0.02,219
F06365,F07,L00326,0.02,220
F06366,F07,L00326,0.02,221
F06367,F07,L00326,0.02,222
F06368,F07,L00326,0.02,223
F06369,F07,L00326,0.02,224
F06370,F07,L00326,0.02,225
F06371,F07,L00326,0.02,226
F06372,F07,L00326,0.02,227
F06373,F07,L00326,0.02,228
F06374,F07,L00326,0.02,229
F06375,F07,L00326,0.02,230
F06376,F07,L00326,0.02,231
F06377,F07,L00326,0.02,232
F06378,F07,L00326,0.02,233
F06379,F07,L00326,0.02,234
F06380,F07,L00326,0.02,235
F06381,F07,L00326,0.02,236
F06382,F07,L00326,0.02,237
F06383,F07,L00326,0.02,238
F06384,F07,L00326,0.02,239
F06385,F07,L00326,0.02,240
F06386,F07,L00326,0.02,241
F06387,F07,L00326,0.02,242
F06388,F07,L00326,0.02,243
F06389,F07,L00326,0.02,244
F06390,F07,L00326,0.02,245
F06391,F07,L00326,0.02,246
F06392,F07,L00326,0.02,247
F06393,F07,L00326,0.02,248
F06394,F07,L00326,0.02,249
F06395,F07,L00326,0.02,250
F06396,F07,L00326,0.02,251
F06397,F07,L00326,0.02,252
F06398,F07,L00326,0.02,253
F06399,F07,L00326,0.02,254
F06400,F07,L00326,0.02,255
F06401,F07,L00326,0.02,256
F06402,F07,L00326,0.02,257
F06403,F07,L00326,0.02,258
F06404,F07,L00326,0.02,259
F06405,F07,L00326,0.02,260
F06406,F07,L00326,0.02,261
F06407,F07,L00326,0.02,262
F06408,F07,L00326,0.02,263
F06409,F07,L00326,0.02,264
F06410,F07,L00326,0.02,265
F06411,F07,L00326,0.02,266
F06412,F07,L00326,0.02,267
F06413,F07,L00326,0.02,268
F06414,F07,L00326,0.02,269
F06415,F07,L00326,0.02,270
F06416,F07,L00326,0.02,271
F06417,F07,L00326,0.02,272
F06418,F07,L00326,0.02,273
F06419,F07,L00326,0.02,274
F06420,F07,L00326,0.02,275
F06421,F07,L00326,0.02,276
F06422,F07,L00326,0.02,277
F06423,F07,L00326,0.02,278
F06424,F07,L00326,0.02,279
F06425,F07,L00326,0.02,280
F06426,F07,L00326,0.02,281
F06427,F07,L00326,0.02,282
F06428,F07,L00326,0.02,283
F06429,F07,L00326,0.02,284
F06430,F07,L00326,0.02,285
F06431,F07,L00326,0.02,286
F06432,F07,L00326,0.02,287
F06433,F07,L00326,0.02,288
F06434,F07,L00326,0.02,289
F06435,F07,L00326,0.02,290
F06436,F07,L00326,0.02,291
F06437,F07,L00326,0.02,292
F06438,F07,L00326,0.02,293
F06439,F07,L00326,0.02,294
F06440,F07,L00326,0.02,295
F06441,F07,L00326,0.02,296
F06442,F07,L00326,0.02,297
F06443,F07,L00326,0.02,298
F06444,F07,L00326,0.02,299
F06445,F07,L00326,0.02,300
F06446,F07,L00326,0.02,301
F06447,F07,L00326,0.02,302
F06448,F07,L00326,0.02,303
F06449,F07,L00326,0.02,304
F06450,F07,L00326,0.02,305
F06451,F07,L00326,0.02,306
F06452,F07,L00326,0.02,307
F06453,F07,L00326,0.02,308
F06454,F07,L00326,0.02,309
F06455,F07,L00326,0.02,310
F06456,F07,L00326,0.02,311
F06457,F07,L00326,0.02,312
F06458,F07,L00326,0.02,313
F06459,F07,L00326,0.02,314
F06460,F07,L00326,0.02,315
F06461,F07,L00326,0.02,316
F06462,F07,L00326,0.02,317
F06463,F07,L00326,0.02,318
F06464,F07,L00326,0.02,319
F06465,F07,L00326,0.02,320
F06466,F07,L00326,0.02,321
F06467,F07,L00326,0.02,322
F06468,F07,L00326,0.02,323
F06469,F07,L00326,0.02,324
F06470,F07,L00326,0.02,325
F06471,F07,L00326,0.02,326
F06472,F07,L00326,0.02,327
F06473,F07,L00326,0.02,328
F06474,F07,L00326,0.02,329
F06475,F07,L00326,0.02,330
F06476,F07,L00326,0.02,331
F06477,F07,L00326,0.02,332
F06478,F07,L00326,0.02,333
F06479,F07,L00326,0.02,334
F06480,F07,L00326,0.02,335
F06481,F07,L00326,0.02,336
F06482,F07,L00326,0.02,337
F06483,F07,L00326,0.02,338
F06484,F07,L00326,0.02,339
F06485,F07,L00326,0.02,340
F06486,F07,L00326,0.02,341
F06487,F07,L00326,0.02,342
F06488,F07,L00326,0.02,343
F06489,F07,L00326,0.02,344
F06490,F07,L00326,0.02,345
F06491,F07,L00326,0.02,346
F06492,F07,L00326,0.02,347
F06493,F07,L00326,0.02,348
F06494,F07,L00326,0.02,349
F06495,F07,L00326,0.02,350
F06496,F07,L00326,0.02,351
F06497,F07,L00326,0.02,352
F06498,F07,L00326,0.02,353
F06499,F07,L00326,0.02,354
F06500,F07,L00326,0.02,355
F06501,F07,L00326,0.02,356
F06502,F07,L00326,0.02,357
F06503,F07,L00326,0.02,358
F06504,F07,L00326,0.02,359
F06505,F07,L00326,0.02,360
F06506,F07,L00326,0.02,361
F06507,F07,L00326,0.02,362
F06508,F07,L00326,0.02,363
F06509,F07,L00326,0.02,364
F06510,F07,L00326,0.02,365
F06511,F07,L00326,0.02,366
F06512,F07,L00326,0.02,367
F06513,F07,L00326,0.02,368
F06514,F07,L00326,0.02,369
F06515,F07,L00326,0.02,370
F06516,F07,L00326,0.02,371
F06517,F07,L00326,0.02,372
F06518,F07,L00326,0.02,373
F06519,F07,L00326,0.02,374
F06520,F07,L00326,0.02,375
F06521,F07,L00326,0.02,376
F06522,F07,L00326,0.02,377
F06523,F07,L00326,0.02,378
F06524,F07,L00326,0.02,379
F06525,F07,L00326,0.02,380
F06526,F07,L00326,0.02,381
F06527,F07,L00326,0.02,382
F06528,F07,L00326,0.02,383
F06529,F07,L00326,0.02,384
F06530,F07,L00326,0.02,385
F06531,F07,L00326,0.02,386
F06532,F07,L00326,0.02,387
F06533,F07,L00326,0.02,388
F06534,F07,L00326,0.02,389
F06535,F07,L00326,0.02,390
F06536,F07,L00326,0.02,391
F06537,F07,L00326,0.02,392
F06538,F07,L00326,0.02,393
F06539,F07,L00326,0.02,394
F06540,F07,L00326,0.02,395
F06541,F07,L00326,0.02,396
F06542,F07,L00326,0.02,397
F06543,F07,L00326,0.02,398
F06544,F07,L00326,0.02,399
F06545,F07,L00326,0.02,400
F06546,F07,L00326,0.02,401
F06547,F07,L00326,0.02,402
F06548,F07,L00326,0.02,403
F06549,F07,L00326,0.02,404
F06550,F07,L00326,0.02,405
F06551,F07,L00326,0.02,406
F06552,F07,L00326,0.02,407
F06553,F07,L00326,0.02,408
F06554,F07,L00326,0.02,409
F06555,F07,L00326,0.02,410
F06556,F07,L00326,0.02,411
F06557,F07,L00326,0.02,412
F06558,F07,L00326,0.02,413
F06559,F07,L00326,0.02,414
F06560,F07,L00326,0.02,415
F06561,F07,L00326,0.02,416
F06562,F07,L00326,0.02,417
F06563,F07,L00326,0.02,418
F06564,F07,L00326,0.02,419
F06565,F07,L00326,0.02,420
F06566,F07,L00326,0.02,421
F06567,F07,L00326,0.02,422
F06568,F07,L00326,0.02,423
F06569,F07,L00326,0.02,424
F06570,F07,L00326,0.02,425
F06571,F07,L00326,0.02,426
F06572,F07,L00326,0.02,427
F06573,F07,L00326,0.02,428
F06574,F07,L00326,0.02,429
F06575,F07,L00326,0.02,430
F06576,F07,L00326,0.02,431
F06577,F07,L00326,0.02,432
F06578,F07,L00326,0.02,433
F06579,F07,L00326,0.02,434
F06580,F07,L00326,0.02,435
F06581,F07,L00326,0.02,436
F06582,F07,L00326,0.02,437
F06583,F07,L00326,0.02,438
F06584,F07,L00326,0.02,439
F06585,F07,L00326,0.02,440
F06586,F07,L00326,0.02,441
F06587,F07,L00326,0.02,442
F06588,F07,L00326,0.02,443
F06589,F07,L00326,0.02,444
F06590,F07,L00326,0.02,445
F06591,F07,L00326,0.02,446
F06592,F07,L00326,0.02,447
F06593,F07,L00326,0.02,448
F06594,F07,L00326,0.02,449
F06595,F07,L00326,0.02,450
F06596,F07,L00326,0.02,451
F06597,F07,L00326,0.02,452
F06598,F07,L00326,0.02,453
F06599,F07,L00326,0.02,454
F06600,F07,L00326,0.02,455
F06601,F07,L00326,0.02,456
F06602,F07,L00326,0.02,457
F06603,F07,L00326,0.02,458
F06604,F07,L00326,0.02,459
F06605,F07,L00326,0.02,460
F06606,F07,L00326,0.02,461
F06607,F07,L00326,0.02,462
F06608,F07,L00326,0.02,463
F06609,F07,L00326,0.02,464
F06610,F07,L00326,0.02,465
F06611,F07,L00326,0.02,466
F06612,F07,L00326,0.02,467
F06613,F07,L00326,0.02,468
F06614,F07,L00326,0.02,469
F06615,F07,L00326,0.02,470
F06616,F07,L00326,0.02,471
F06617,F07,L00326,0.02,472
F06618,F07,L00326,0.02,473
F06619,F07,L00326,0.02,474
F06620,F07,L00326,0.02,475
F06621,F07,L00326,0.02,476
F06622,F07,L00326,0.02,477
F06623,F07,L00326,0.02,478
F06624,F07,L00326,0.02,479
F06625,F07,L00326,0.02,480
F06626,F07,L00326,0.02,481
F06627,F07,L00326,0.02,482
F06628,F07,L00326,0.02,483
F06629,F07,L00326,0.02,484
F06630,F07,L00326,0.02,485
F06631,F07,L00326,0.02,486
F06632,F07,L00326,0.02,487
F06633,F07,L00326,0.02,488
F06634,F07,L00326,0.02,489
F06635,F07,L00326,0.02,490
F06636,F07,L00326,0.02,491
F06637,F07,L00326,0.02,492
F06638,F07,L00326,0.02,493
F06639,F07,L00326,0.02,494
F06640,F07,L00326,0.02,495
F06641,F07,L00326,0.02,496
F06642,F07,L00326,0.02,497
F06643,F07,L00326,0.02,498
F06644,F07,L00326,0.02,499
F06645,F07,L00326,0.02,500
F06646,F07,L00326,0.02,501
F06647,F07,L00326,0.02,502
F06648,F07,L00326,0.02,503
F06649,F07,L00326,0.02,504
F06650,F07,L00326,0.02,505
F06651,F07,L00326,0.02,506
F06652,F07,L00326,0.02,507
F06653,F07,L00326,0.02,508
F06654,F07,L00326,0.02,509
F06655,F07,L00326,0.02,510
F06656,F07,L00326,0.02,511
F06657,F07,L00326,0.02,512
F06658,F07,L00326,0.02,513
F06659,F07,L00326,0.02,514
F06660,F07,L00326,0.02,515
F06661,F07,L00326,0.02,516
F06662,F07,L00326,0.02,517
F06663,F07,L00326,0.02,518
F06664,F07,L00326,0.02,519
F06665,F07,L00326,0.02,520
F06666,F07,L00326,0.02,521
F06667,F07,L00326,0.02,522
F06668,F07,L00326,0.02,523
F06669,F07,L00326,0.02,524
F06670,F07,L00326,0.02,525
F06671,F07,L00326,0.02,526
F06672,F07,L00326,0.02,527
F06673,F07,L00326,0.02,528
F06674,F07,L00326,0.02,529
F06675,F07,L00326,0.02,530
F06676,F07,L00326,0.02,531
F06677,F07,L00326,0.02,532
F06678,F07,L00326,0.02,533
F06679,F07,L00326,0.02,534
F06680,F07,L00326,0.02,535
F06681,F07,L00326,0.02,536
F06682,F07,L00326,0.02,537
F06683,F07,L00326,0.02,538
F06684,F07,L00326,0.02,539
F06685,F07,L00326,0.02,540
F06686,F07,L00326,0.02,541
F06687,F07,L00326,0.02,542
F06688,F07,L00326,0.02,543
F06689,F07,L00326,0.02,544
F06690,F07,L00326,0.02,545
F06691,F07,L00326,0.02,546
F06692,F07,L00326,0.02,547
F06693,F07,L00326,0.02,548
F06694,F07,L00326,0.02,549
F06695,F07,L00326,0.02,550
F06696,F07,L00326,0.02,551
F06697,F07,L00326,0.02,552
F06698,F07,L00326,0.02,553
F06699,F07,L00326,0.02,554
F06700,F07,L00326,0.02,555
F06701,F07,L00326,0.02,556
F06702,F07,L00326,0.02,557
F06703,F07,L00326,0.02,558
F06704,F07,L00326,0.02,559
F06705,F07,L00326,0.02,560
F06706,F07,L00326,0.02,561
F06707,F07,L00326,0.02,562
F06708,F07,L00326,0.02,563
F06709,F07,L00326,0.02,564
F06710,F07,L00326,0.02,565
F06711,F07,L00326,0.02,566
F06712,F07,L00326,0.02,567
F06713,F07,L00326,0.02,568
F06714,F07,L00326,0.02,569
F06715,F07,L00326,0.02,570
F06716,F07,L00326,0.02,571
F06717,F07,L00326,0.02,572
F06718,F07,L00326,0.02,573
F06719,F07,L00326,0.02,574
F06720,F07,L00326,0.02,575
F06721,F07,L00326,0.02,576
F06722,F07,L00326,0.02,577
F06723,F07,L00326,0.02,578
F06724,F07,L00326,0.02,579
F06725,F07,L00326,0.02,580
F06726,F07,L00326,0.02,581
F06727,F07,L00326,0.02,582
F06728,F07,L00326,0.02,583
F06729,F07,L00326,0.02,584
F06730,F07,L00326,0.02,585
F06731,F07,L00326,0.02,586
F06732,F07,L00326,0.02,587
F06733,F07,L00326,0.02,588
F06734,F07,L00326,0.02,589
F06735,F07,L00326,0.02,590
F06736,F07,L00326,0.02,591
F06737,F07,L00326,0.02,592
F06738,F07,L00326,0.02,593
F06739,F07,L00326,0.02,594
F06740,F07,L00326,0.02,595
F06741,F07,L00326,0.02,596
F06742,F07,L00326,0.02,597
F06743,F07,L00326,0.02,598
F06744,F07,L00326,0.02,599
F06745,F07,L00326,0.02,600
F06746,F07,L00326,0.02,601
F06747,F07,L00326,0.02,602
F06748,F07,L00326,0.02,603
F06749,F07,L00326,0.02,604
F06750,F07,L00326,0.02,605
F06751,F07,L00326,0.02,606
F06752,F07,L00326,0.02,607
F06753,F07,L00326,0.02,608
F06754,F07,L00326,0.02,609
F06755,F07,L00326,0.02,610
F06756,F07,L00326,0.02,611
F06757,F07,L00326,0.02,612
F06758,F07,L00326,0.02,613
F06759,F07,L00326,0.02,614
F06760,F07,L00326,0.02,615
F06761,F07,L00326,0.02,616
F06762,F07,L00326,0.02,617
F06763,F07,L00326,0.02,618
F06764,F07,L00326,0.02,619
F06765,F07,L00326,0.02,620
F06766,F07,L00326,0.02,621
F06767,F07,L00326,0.02,622
F06768,F07,L00326,0.02,623
F06769,F07,L00326,0.02,624
F06770,F07,L00326,0.02,625
F06771,F07,L00326,0.02,626
F06772,F07,L00326,0.02,627
F06773,F07,L00326,0.02,628
F06774,F07,L00326,0.02,629
F06775,F07,L00326,0.02,630
F06776,F07,L00326,0.02,631
F06777,F07,L00326,0.02,632
F06778,F07,L00326,0.02,633
F06779,F07,L00326,0.02,634
F06780,F07,L00326,0.02,635
F06781,F07,L00326,0.02,636
F06782,F07,L00326,0.02,637
F06783,F07,L00326,0.02,638
F06784,F07,L00326,0.02,639
F06785,F07,L00326,0.02,640
F06786,F07,L00326,0.02,641
F06787,F07,L00326,0.02,642
F06788,F07,L00326,0.02,643
F06789,F07,L00326,0.02,644
F06790,F07,L00326,0.02,645
F06791,F07,L00326,0.02,646
F06792,F07,L00326,0.02,647
F06793,F07,L00326,0.02,648
F06794,F07,L00326,0.02,649
F06795,F07,L00326,0.02,650
F06796,F07,L00326,0.02,651
F06797,F07,L00326,0.02,652
F06798,F07,L00326,0.02,653
F06799,F07,L00326,0.02,654
F06800,F07,L00326,0.02,655
F06801,F07,L00326,0.02,656
F06802,F07,L00326,0.02,657
F06803,F07,L00326,0.02,658
F06804,F07,L00326,0.02,659
F06805,F07,L00326,0.02,660
F06806,F07,L00326,0.02,661
F06807,F07,L00326,0.02,662
F06808,F07,L00326,0.02,663
F06809,F07,L00326,0.02,664
F06810,F07,L00326,0.02,665
F06811,F07,L00326,0.02,666
F06812,F07,L00326,0.02,667
F06813,F07,L00326,0.02,668
F06814,F07,L00326,0.02,669
F06815,F07,L00326,0.02,670
F06816,F07,L00326,0.02,671
F06817,F07,L00326,0.02,672
F06818,F07,L00326,0.02,673
F06819,F07,L00326,0.02,674
F06820,F07,L00326,0.02,675
F06821,F07,L00326,0.02,676
F06822,F07,L00326,0.02,677
F06823,F07,L00326,0.02,678
F06824,F07,L00326,0.02,679
F06825,F07,L00326,0.02,680
F06826,F07,L00326,0.02,681
F06827,F07,L00326,0.02,682
F06828,F07,L00326,0.02,683
F06829,F07,L00326,0.02,684
F06830,F07,L00326,0.02,685
F06831,F07,L00326,0.02,686
F06832,F07,L00326,0.02,687
F06833,F07,L00326,0.02,688
F06834,F07,L00326,0.02,689
F06835,F07,L00326,0.02,690
F06836,F07,L00326,0.02,691
F06837,F07,L00326,0.02,692
F06838,F07,L00326,0.02,693
F06839,F07,L00326,0.02,694
F06840,F07,L00326,0.02,695
F06841,F07,L00326,0.02,696
F06842,F07,L00326,0.02,697
F06843,F07,L00326,0.02,698
F06844,F07,L00326,0.02,699
F06845,F07,L00326,0.02,700
F06846,F07,L00326,0.02,701
F06847,F07,L00326,0.02,702
F06848,F07,L00326,0.02,703
F06849,F07,L00326,0.02,704
F06850,F07,L00326,0.02,705
F06851,F07,L00326,0.02,706
F06852,F07,L00326,0.02,707
F06853,F07,L00326,0.02,708
F06854,F07,L00326,0.02,709
F06855,F07,L00326,0.02,710
F06856,F07,L00326,0.02,711
F06857,F07,L00326,0.02,712
F06858,F07,L00326,0.02,713
F06859,F07,L00326,0.02,714
F06860,F07,L00326,0.02,715
F06861,F07,L00326,0.02,716
F06862,F07,L00326,0.02,717
F06863,F07,L00326,0.02,718
F06864,F07,L00326,0.02,719
F06865,F07,L00326,0.02,720
F06866,F07,L00326,0.02,721
F06867,F07,L00326,0.02,722
F06868,F07,L00326,0.02,723
F06869,F07,L00326,0.02,724
F06870,F07,L00326,0.02,725
F06871,F07,L00326,0.02,726
F06872,F07,L00326,0.02,727
F06873,F07,L00326,0.02,728
F06874,F07,L00326,0.02,729
F06875,F07,L00326,0.02,730
F06876,F07,L00326,0.02,731
F06877,F07,L00326,0.02,732
F06878,F07,L00326,0.02,733
F06879,F07,L00326,0.02,734
F06880,F07,L00326,0.02,735
F06881,F07,L00326,0.02,736
F06882,F07,L00326,0.02,737
F06883,F07,L00326,0.02,738
F06884,F07,L00326,0.02,739
F06885,F07,L00326,0.02,740
F06886,F07,L00326,0.02,741
F06887,F07,L00326,0.02,742
F06888,F07,L00326,0.02,743
F06889,F07,L00326,0.02,744
F06890,F07,L00326,0.02,745
F06891,F07,L00326,0.02,746
F06892,F07,L00326,0.02,747
F06893,F07,L00326,0.02,748
F06894,F07,L00326,0.02,749
F06895,F07,L00326,0.02,750
F06896,F07,L00326,0.02,751
F06897,F07,L00326,0.02,752
F06898,F07,L00326,0.02,753
F06899,F07,L00326,0.02,754
F06900,F07,L00326,0.02,755
F06901,F07,L00326,0.02,756
F06902,F07,L00326,0.02,757
F06903,F07,L00326,0.02,758
F06904,F07,L00326,0.02,759
F06905,F07,L00326,0.02,760
F06906,F07,L00326,0.02,761
F06907,F07,L00326,0.02,762
F06908,F07,L00326,0.02,763
F06909,F07,L00326,0.02,764
F06910,F07,L00326,0.02,765
F06911,F07,L00326,0.02,766
F06912,F07,L00326,0.02,767
F06913,F07,L00326,0.02,768
F06914,F07,L00326,0.02,769
F06915,F07,L00326,0.02,770
F06916,F07,L00326,0.02,771
F06917,F07,L00326,0.02,772
F06918,F07,L00326,0.02,773
F06919,F07,L00326,0.02,774
F06920,F07,L00326,0.02,775
F06921,F07,L00326,0.02,776
F06922,F07,L00326,0.02,777
F06923,F07,L00326,0.02,778
F06924,F07,L00326,0.02,779
F06925,F07,L00326,0.02,780
F06926,F07,L00326,0.02,781
F06927,F07,L00326,0.02,782
F06928,F07,L00326,0.02,783
F06929,F07,L00326,0.02,784
F06930,F07,L00326,0.02,785
F06931,F07,L00326,0.02,786
F06932,F07,L00326,0.02,787
F06933,F07,L00326,0.02,788
F06934,F07,L00326,0.02,789
F06935,F07,L00326,0.02,790
F06936,F07,L00326,0.02,791
F06937,F07,L00326,0.02,792
F06938,F07,L00326,0.02,793
F06939,F07,L00326,0.02,794
F06940,F07,L00326,0.02,795
F06941,F07,L00326,0.02,796
F06942,F07,L00326,0.02,797
F06943,F07,L00326,0.02,798
F06944,F07,L00326,0.02,799
F06945,F07,L00326,0.02,800
F06946,F07,L00326,0.02,801
F06947,F07,L00326,0.02,802
F06948,F07,L00326,0.02,803
F06949,F07,L00326,0.02,804
F06950,F07,L00326,0.02,805
F06951,F07,L00326,0.02,806
F06952,F07,L00326,0.02,807
F06953,F07,L00326,0.02,808
F06954,F07,L00326,0.02,809
F06955,F07,L00326,0.02,810
F06956,F07,L00326,0.02,811
F06957,F07,L00326,0.02,812
F06958,F07,L00326,0.02,813
F06959,F07,L00326,0.02,814
F06960,F07,L00326,0.02,815
F06961,F07,L00326,0.02,816
F06962,F07,L00326,0.02,817
F06963,F07,L00326,0.02,818
F06964,F07,L00326,0.02,819
F06965,F07,L00326,0.02,820
F06966,F07,L00326,0.02,821
F06967,F07,L00326,0.02,822
F06968,F07,L00326,0.02,823
F06969,F07,L00326,0.02,824
F06970,F07,L00326,0.02,825
F06971,F07,L00326,0.02,826
F06972,F07,L00326,0.02,827
F06973,F07,L00326,0.02,828
F06974,F07,L00326,0.02,829
F06975,F07,L00326,0.02,830
F06976,F07,L00326,0.02,831
F06977,F07,L00326,0.02,832
F06978,F07,L00326,0.02,833
F06979,F07,L00326,0.02,834
F06980,F07,L00326,0.02,835
F06981,F07,L00326,0.02,836
F06982,F07,L00326,0.02,837
F06983,F07,L00326,0.02,838
F06984,F07,L00326,0.02,839
F06985,F07,L00326,0.02,840
F06986,F07,L00326,0.02,841
F06987,F07,L00326,0.02,842
F06988,F07,L00326,0.02,843
F06989,F07,L00326,0.02,844
F06990,F07,L00326,0.02,845
F06991,F07,L00326,0.02,846
F06992,F07,L00326,0.02,847
F06993,F07,L00326,0.02,848
F06994,F07,L00326,0.02,849
F06995,F07,L00326,0.02,850
F06996,F07,L00326,0.02,851
F06997,F07,L00326,0.02,852
F06998,F07,L00326,0.02,853
F06999,F07,L00326,0.02,854
F07000,F07,L00326,0.02,855
F07001,F07,L00326,0.02,856
F07002,F07,L00326,0.02,857
F07003,F07,L00326,0.02,858
F07004,F07,L00326,0.02,859
F07005,F07,L00326,0.02,860
F07006,F07,L00326,0.02,861
F07007,F07,L00326,0.02,862
F07008,F07,L00326,0.02,863
F07009,F07,L00326,0.02,864
F07010,F07,L00326,0.02,865
F07011,F07,L00326,0.02,866
F07012,F07,L00326,0.02,867
F07013,F07,L00326,0.02,868
F07014,F07,L00326,0.02,869
F07015,F07,L00326,0.02,870
F07016,F07,L00326,0.02,871
F07017,F07,L00326,0.02,872
F07018,F07,L00326,0.02,873
F07019,F07,L00326,0.02,874
F07020,F07,L00326,0.02,875
F07021,F07,L00326,0.02,876
F07022,F07,L00326,0.02,877
F07023,F07,L00326,0.02,878
F07024,F07,L00326,0.02,879
F07025,F07,L00326,0.02,880
F07026,F07,L00326,0.02,881
F07027,F07,L00326,0.02,882
F07028,F07,L00326,0.02,883
F07029,F07,L00326,0.02,884
F07030,F07,L00326,0.02,885
F07031,F07,L00326,0.02,886
F07032,F07,L00326,0.02,887
F07033,F07,L00326,0.02,888
F07034,F07,L00326,0.02,889
F07035,F07,L00326,0.02,890
F07036,F07,L00326,0.02,891
F07037,F07,L00326,0.02,892
F07038,F07,L00326,0.02,893
F07039,F07,L00326,0.02,894
F07040,F07,L00326,0.02,895
F07041,F07,L00326,0.02,896
F07042,F07,L00326,0.02,897
F07043,F07,L00326,0.02,898
F07044,F07,L00326,0.02,899
F07045,F07,L00326,0.02,900
F07046,F07,L00326,0.02,901
F07047,F07,L00326,0.02,902
F07048,F07,L00326,0.02,903
F07049,F07,L00326,0.02,904
F07050,F07,L00326,0.02,905
F07051,F07,L00326,0.02,906
F07052,F07,L00326,0.02,907
F07053,F07,L00326,0.02,908
F07054,F07,L00326,0.02,909
F07055,F07,L00326,0.02,910
F07056,F07,L00326,0.02,911
F07057,F07,L00326,0.02,912
F07058,F07,L00326,0.02,913
F07059,F07,L00326,0.02,914
F07060,F07,L00326,0.02,915
F07061,F07,L00326,0.02,916
F07062,F07,L00326,0.02,917
F07063,F07,L00326,0.02,918
F07064,F07,L00326,0.02,919
F07065,F07,L00326,0.02,920
F07066,F07,L00326,0.02,921
F07067,F07,L00326,0.02,922
F07068,F07,L00326,0.02,923
F07069,F07,L00326,0.02,924
F07070,F07,L00326,0.02,925
F07071,F07,L00326,0.02,926
F07072,F07,L00326,0.02,927
F07073,F07,L00326,0.02,928
F07074,F07,L00326,0.02,929
F07075,F07,L00326,0.02,930
F07076,F07,L00326,0.02,931
F07077,F07,L00326,0.02,932
F07078,F07,L00326,0.02,933
F07079,F07,L00326,0.02,934
F07080,F07,L00326,0.02,935
F07081,F07,L00326,0.02,936
F07082,F07,L00326,0.02,937
F07083,F07,L00326,0.02,938
F07084,F07,L00326,0.02,939
F07085,F07,L00326,0.02,940
F07086,F07,L00326,0.02,941
F07087,F07,L00326,0.02,942
F07088,F07,L00326,0.02,943
F07089,F07,L00326,0.02,944
F07090,F07,L00326,0.02,945
F07091,F07,L00326,0.02,946
F07092,F07,L00326,0.02,947
F07093,F07,L00326,0.02,948
F07094,F07,L00326,0.02,949
F07095,F07,L00326,0.02,950
F07096,F07,L00326,0.02,951
F07097,F07,L00326,0.02,952
F07098,F07,L00326,0.02,953
F07099,F07,L00326,0.02,954
F07100,F07,L00326,0.02,955
F07101,F07,L00326,0.02,956
F07102,F07,L00326,0.02,957
F07103,F07,L00326,0.02,958
F07104,F07,L00326,0.02,959
F07105,F07,L00326,0.02,960
F07106,F07,L00326,0.02,961
F07107,F07,L00326,0.02,962
F07108,F07,L00326,0.02,963
F07109,F07,L00326,0.02,964
F07110,F07,L00326,0.02,965
F07111,F07,L00326,0.02,966
F07112,F07,L00326,0.02,967
F07113,F07,L00326,0.02,968
F07114,F07,L00326,0.02,969
F07115,F07,L00326,0.02,970
F07116,F07,L00326,0.02,971
F07117,F07,L00326,0.02,972
F07118,F07,L00326,0.02,973
F07119,F07,L00326,0.02,974
F07120,F07,L00326,0.02,975
F07121,F07,L00326,0.02,976
F07122,F07,L00326,0.02,977
F07123,F07,L00326,0.02,978
F07124,F07,L00326,0.02,979
F07125,F07,L00326,0.02,980
F07126,F07,L00326,0.02,981
F07127,F07,L00326,0.02,982
F07128,F07,L00326,0.02,983
F07129,F07,L00326,0.02,984
F07130,F07,L00326,0.02,985
F07131,F07,L00326,0.02,986
F07132,F07,L00326,0.02,987
F07133,F07,L00326,0.02,988
F07134,F07,L00326,0.02,989
F07135,F07,L00326,0.02,990
F07136,F07,L00326,0.02,991
F07137,F07,L00326,0.02,992
F07138,F07,L00326,0.02,993
F07139,F07,L00326,0.02,994
F07140,F07,L00326,0.02,995
F07141,F07,L00326,0.02,996
F07142,F07,L00326,0.02,997
F07143,F07,L00326,0.02,998
F07144,F07,L00326,0.02,999
F07145,F07,L00326,0.02,1000
F07146,F07,L00326,0.02,1001
F07147,F07,L00326,0.02,1002
F07148,F07,L00326,0.02,1003
F07149,F07,L00326,0.02,1004
F07150,F07,L00326,0.02,1005
F07151,F07,L00326,0.02,1006
F07152,F07,L00326,0.02,1007
F07153,F07,L00326,0.02,1008
F07154,F07,L00326,0.02,1009
F07155,F07,L00326,0.02,1010
F07156,F07,L00326,0.02,1011
F07157,F07,L00326,0.02,1012
F07158,F07,L00326,0.02,1013
F07159,F07,L00326,0.02,1014
F07160,F07,L00326,0.02,1015
F07161,F07,L00326,0.02,1016
F07162,F07,L00326,0.02,1017
F07163,F07,L00326,0.02,1018
F07164,F07,L00326,0.02,1019
F07165,F07,L00326,0.02,1020
F07166,F07,L00326,0.02,1021
F07167,F07,L00326,0.02,1022
F07168,F07,L00326,0.02,1023
F07169,F08,L00326,0.04,0
F07170,F08,L00326,0.04,1
F07171,F08,L00326,0.04,2
F07172,F08,L00326,0.04,3
F07173,F08,L00326,0.04,4
F07174,F08,L00326,0.04,5
F07175,F08,L00326,0.04,6
F07176,F08,L00326,0.04,7
F07177,F08,L00326,0.04,8
F07178,F08,L00326,0.04,9
F07179,F08,L00326,0.04,10
F07180,F08,L00326,0.04,11
F07181,F08,L00326,0.04,12
F07182,F08,L00326,0.04,13
F07183,F08,L00326,0.04,14
F07184,F08,L00326,0.04,15
F07185,F08,L00326,0.04,16
F07186,F08,L00326,0.04,17
F07187,F08,L00326,0.04,18
F07188,F08,L00326,0.04,19
F07189,F08,L00326,0.04,20
F07190,F08,L00326,0.04,21
F07191,F08,L00326,0.04,22
F07192,F08,L00326,0.04,23
F07193,F08,L00326,0.04,24
F07194,F08,L00326,0.04,25
F07195,F08,L00326,0.04,26
F07196,F08,L00326,0.04,27
F07197,F08,L00326,0.04,28
F07198,F08,L00326,0.04,29
F07199,F08,L00326,0.04,30
F07200,F08,L00326,0.04,31
F07201,F08,L00326,0.04,32
F07202,F08,L00326,0.04,33
F07203,F08,L00326,0.04,34
F07204,F08,L00326,0.04,35
F07205,F08,L00326,0.04,36
F07206,F08,L00326,0.04,37
F07207,F08,L00326,0.04,38
F07208,F08,L00326,0.04,39
F07209,F08,L00326,0.04,40
F07210,F08,L00326,0.04,41
F07211,F08,L00326,0.04,42
F07212,F08,L00326,0.04,43
F07213,F08,L00326,0.04,44
F07214,F08,L00326,0.04,45
F07215,F08,L00326,0.04,46
F07216,F08,L00326,0.04,47
F07217,F08,L00326,0.04,48
F07218,F08,L00326,0.04,49
F07219,F08,L00326,0.04,50
F07220,F08,L00326,0.04,51
F07221,F08,L00326,0.04,52
F07222,F08,L00326,0.04,53
F07223,F08,L00326,0.04,54
F07224,F08,L00326,0.04,55
F07225,F08,L00326,0.04,56
F07226,F08,L00326,0.04,57
F07227,F08,L00326,0.04,58
F07228,F08,L00326,0.04,59
F07229,F08,L00326,0.04,60
F07230,F08,L00326,0.04,61
F07231,F08,L00326,0.04,62
F07232,F08,L00326,0.04,63
F07233,F08,L00326,0.04,64
F07234,F08,L00326,0.04,65
F07235,F08,L00326,0.04,66
F07236,F08,L00326,0.04,67
F07237,F08,L00326,0.04,68
F07238,F08,L00326,0.04,69
F07239,F08,L00326,0.04,70
F07240,F08,L00326,0.04,71
F07241,F08,L00326,0.04,72
F07242,F08,L00326,0.04,73
F07243,F08,L00326,0.04,74
F07244,F08,L00326,0.04,75
F07245,F08,L00326,0.04,76
F07246,F08,L00326,0.04,77
F07247,F08,L00326,0.04,78
F07248,F08,L00326,0.04,79
F07249,F08,L00326,0.04,80
F07250,F08,L00326,0.04,81
F07251,F08,L00326,0.04,82
F07252,F08,L00326,0.04,83
F07253,F08,L00326,0.04,84
F07254,F08,L00326,0.04,85
F07255,F08,L00326,0.04,86
F07256,F08,L00326,0.04,87
F07257,F08,L00326,0.04,88
F07258,F08,L00326,0.04,89
F07259,F08,L00326,0.04,90
F07260,F08,L00326,0.04,91
F07261,F08,L00326,0.04,92
F07262,F08,L00326,0.04,93
F07263,F08,L00326,0.04,94
F07264,F08,L00326,0.04,95
F07265,F08,L00326,0.04,96
F07266,F08,L00326,0.04,97
F07267,F08,L00326,0.04,98
F07268,F08,L00326,0.04,99
F07269,F08,L00326,0.04,100
F07270,F08,L00326,0.04,101
F07271,F08,L00326,0.04,102
F07272,F08,L00326,0.04,103
F07273,F08,L00326,0.04,104
F07274,F08,L00326,0.04,105
F07275,F08,L00326,0.04,106
F07276,F08,L00326,0.04,107
F07277,F08,L00326,0.04,108
F07278,F08,L00326,0.04,109
F07279,F08,L00326,0.04,110
F07280,F08,L00326,0.04,111
F07281,F08,L00326,0.04,112
F07282,F08,L00326,0.04,113
F07283,F08,L00326,0.04,114
F07284,F08,L00326,0.04,115
F07285,F08,L00326,0.04,116
F07286,F08,L00326,0.04,117
F07287,F08,L00326,0.04,118
F07288,F08,L00326,0.04,119
F07289,F08,L00326,0.04,120
F07290,F08,L00326,0.04,121
F07291,F08,L00326,0.04,122
F07292,F08,L00326,0.04,123
F07293,F08,L00326,0.04,124
F07294,F08,L00326,0.04,125
F07295,F08,L00326,0.04,126
F07296,F08,L00326,0.04,127
F07297,F08,L00326,0.04,128
F07298,F08,L00326,0.04,129
F07299,F08,L00326,0.04,130
F07300,F08,L00326,0.04,131
F07301,F08,L00326,0.04,132
F07302,F08,L00326,0.04,133
F07303,F08,L00326,0.04,134
F07304,F08,L00326,0.04,135
F07305,F08,L00326,0.04,136
F07306,F08,L00326,0.04,137
F07307,F08,L00326,0.04,138
F07308,F08,L00326,0.04,139
F07309,F08,L00326,0.04,140
F07310,F08,L00326,0.04,141
F07311,F08,L00326,0.04,142
F07312,F08,L00326,0.04,143
F07313,F08,L00326,0.04,144
F07314,F08,L00326,0.04,145
F07315,F08,L00326,0.04,146
F07316,F08,L00326,0.04,147
F07317,F08,L00326,0.04,148
F07318,F08,L00326,0.04,149
F07319,F08,L00326,0.04,150
F07320,F08,L00326,0.04,151
F07321,F08,L00326,0.04,152
F07322,F08,L00326,0.04,153
F07323,F08,L00326,0.04,154
F07324,F08,L00326,0.04,155
F07325,F08,L00326,0.04,156
F07326,F08,L00326,0.04,157
F07327,F08,L00326,0.04,158
F07328,F08,L00326,0.04,159
F07329,F08,L00326,0.04,160
F07330,F08,L00326,0.04,161
F07331,F08,L00326,0.04,162
F07332,F08,L00326,0.04,163
F07333,F08,L00326,0.04,164
F07334,F08,L00326,0.04,165
F07335,F08,L00326,0.04,166
F07336,F08,L00326,0.04,167
F07337,F08,L00326,0.04,168
F07338,F08,L00326,0.04,169
F07339,F08,L00326,0.04,170
F07340,F08,L00326,0.04,171
F07341,F08,L00326,0.04,172
F07342,F08,L00326,0.04,173
F07343,F08,L00326,0.04,174
F07344,F08,L00326,0.04,175
F07345,F08,L00326,0.04,176
F07346,F08,L00326,0.04,177
F07347,F08,L00326,0.04,178
F07348,F08,L00326,0.04,179
F07349,F08,L00326,0.04,180
F07350,F08,L00326,0.04,181
F07351,F08,L00326,0.04,182
F07352,F08,L00326,0.04,183
F07353,F08,L00326,0.04,184
F07354,F08,L00326,0.04,185
F07355,F08,L00326,0.04,186
F07356,F08,L00326,0.04,187
F07357,F08,L00326,0.04,188
F07358,F08,L00326,0.04,189
F07359,F08,L00326,0.04,190
F07360,F08,L00326,0.04,191
F07361,F08,L00326,0.04,192
F07362,F08,L00326,0.04,193
F07363,F08,L00326,0.04,194
F07364,F08,L00326,0.04,195
F07365,F08,L00326,0.04,196
F07366,F08,L00326,0.04,197
F07367,F08,L00326,0.04,198
F07368,F08,L00326,0.04,199
F07369,F08,L00326,0.04,200
F07370,F08,L00326,0.04,201
F07371,F08,L00326,0.04,202
F07372,F08,L00326,0.04,203
F07373,F08,L00326,0.04,204
F07374,F08,L00326,0.04,205
F07375,F08,L00326,0.04,206
F07376,F08,L00326,0.04,207
F07377,F08,L00326,0.04,208
F07378,F08,L00326,0.04,209
F07379,F08,L00326,0.04,210
F07380,F08,L00326,0.04,211
F07381,F08,L00326,0.04,212
F07382,F08,L00326,0.04,213
F07383,F08,L00326,0.04,214
F07384,F08,L00326,0.04,215
F07385,F08,L00326,0.04,216
F07386,F08,L00326,0.04,217
F07387,F08,L00326,0.04,218
F07388,F08,L00326,0.04,219
F07389,F08,L00326,0.04,220
F07390,F08,L00326,0.04,221
F07391,F08,L00326,0.04,222
F07392,F08,L00326,0.04,223
F07393,F08,L00326,0.04,224
F07394,F08,L00326,0.04,225
F07395,F08,L00326,0.04,226
F07396,F08,L00326,0.04,227
F07397,F08,L00326,0.04,228
F07398,F08,L00326,0.04,229
F07399,F08,L00326,0.04,230
F07400,F08,L00326,0.04,231
F07401,F08,L00326,0.04,232
F07402,F08,L00326,0.04,233
F07403,F08,L00326,0.04,234
F07404,F08,L00326,0.04,235
F07405,F08,L00326,0.04,236
F07406,F08,L00326,0.04,237
F07407,F08,L00326,0.04,238
F07408,F08,L00326,0.04,239
F07409,F08,L00326,0.04,240
F07410,F08,L00326,0.04,241
F07411,F08,L00326,0.04,242
F07412,F08,L00326,0.04,243
F07413,F08,L00326,0.04,244
F07414,F08,L00326,0.04,245
F07415,F08,L00326,0.04,246
F07416,F08,L00326,0.04,247
F07417,F08,L00326,0.04,248
F07418,F08,L00326,0.04,249
F07419,F08,L00326,0.04,250
F07420,F08,L00326,0.04,251
F07421,F08,L00326,0.04,252
F07422,F08,L00326,0.04,253
F07423,F08,L00326,0.04,254
F07424,F08,L00326,0.04,255
F07425,F08,L00326,0.04,256
F07426,F08,L00326,0.04,257
F07427,F08,L00326,0.04,258
F07428,F08,L00326,0.04,259
F07429,F08,L00326,0.04,260
F07430,F08,L00326,0.04,261
F07431,F08,L00326,0.04,262
F07432,F08,L00326,0.04,263
F07433,F08,L00326,0.04,264
F07434,F08,L00326,0.04,265
F07435,F08,L00326,0.04,266
F07436,F08,L00326,0.04,267
F07437,F08,L00326,0.04,268
F07438,F08,L00326,0.04,269
F07439,F08,L00326,0.04,270
F07440,F08,L00326,0.04,271
F07441,F08,L00326,0.04,272
F07442,F08,L00326,0.04,273
F07443,F08,L00326,0.04,274
F07444,F08,L00326,0.04,275
F07445,F08,L00326,0.04,276
F07446,F08,L00326,0.04,277
F07447,F08,L00326,0.04,278
F07448,F08,L00326,0.04,279
F07449,F08,L00326,0.04,280
F07450,F08,L00326,0.04,281
F07451,F08,L00326,0.04,282
F07452,F08,L00326,0.04,283
F07453,F08,L00326,0.04,284
F07454,F08,L00326,0.04,285
F07455,F08,L00326,0.04,286
F07456,F08,L00326,0.04,287
F07457,F08,L00326,0.04,288
F07458,F08,L00326,0.04,289
F07459,F08,L00326,0.04,290
F07460,F08,L00326,0.04,291
F07461,F08,L00326,0.04,292
F07462,F08,L00326,0.04,293
F07463,F08,L00326,0.04,294
F07464,F08,L00326,0.04,295
F07465,F08,L00326,0.04,296
F07466,F08,L00326,0.04,297
F07467,F08,L00326,0.04,298
F07468,F08,L00326,0.04,299
F07469,F08,L00326,0.04,300
F07470,F08,L00326,0.04,301
F07471,F08,L00326,0.04,302
F07472,F08,L00326,0.04,303
F07473,F08,L00326,0.04,304
F07474,F08,L00326,0.04,305
F07475,F08,L00326,0.04,306
F07476,F08,L00326,0.04,307
F07477,F08,L00326,0.04,308
F07478,F08,L00326,0.04,309
F07479,F08,L00326,0.04,310
F07480,F08,L00326,0.04,311
F07481,F08,L00326,0.04,312
F07482,F08,L00326,0.04,313
F07483,F08,L00326,0.04,314
F07484,F08,L00326,0.04,315
F07485,F08,L00326,0.04,316
F07486,F08,L00326,0.04,317
F07487,F08,L00326,0.04,318
F07488,F08,L00326,0.04,319
F07489,F08,L00326,0.04,320
F07490,F08,L00326,0.04,321
F07491,F08,L00326,0.04,322
F07492,F08,L00326,0.04,323
F07493,F08,L00326,0.04,324
F07494,F08,L00326,0.04,325
F07495,F08,L00326,0.04,326
F07496,F08,L00326,0.04,327
F07497,F08,L00326,0.04,328
F07498,F08,L00326,0.04,329
F07499,F08,L00326,0.04,330
F07500,F08,L00326,0.04,331
F07501,F08,L00326,0.04,332
F07502,F08,L00326,0.04,333
F07503,F08,L00326,0.04,334
F07504,F08,L00326,0.04,335
F07505,F08,L00326,0.04,336
F07506,F08,L00326,0.04,337
F07507,F08,L00326,0.04,338
F07508,F08,L00326,0.04,339
F07509,F08,L00326,0.04,340
F07510,F08,L00326,0.04,341
F07511,F08,L00326,0.04,342
F07512,F08,L00326,0.04,343
F07513,F08,L00326,0.04,344
F07514,F08,L00326,0.04,345
F07515,F08,L00326,0.04,346
F07516,F08,L00326,0.04,347
F07517,F08,L00326,0.04,348
F07518,F08,L00326,0.04,349
F07519,F08,L00326,0.04,350
F07520,F08,L00326,0.04,351
F07521,F08,L00326,0.04,352
F07522,F08,L00326,0.04,353
F07523,F08,L00326,0.04,354
F07524,F08,L00326,0.04,355
F07525,F08,L00326,0.04,356
F07526,F08,L00326,0.04,357
F07527,F08,L00326,0.04,358
F07528,F08,L00326,0.04,359
F07529,F08,L00326,0.04,360
F07530,F08,L00326,0.04,361
F07531,F08,L00326,0.04,362
F07532,F08,L00326,0.04,363
F07533,F08,L00326,0.04,364
F07534,F08,L00326,0.04,365
F07535,F08,L00326,0.04,366
F07536,F08,L00326,0.04,367
F07537,F08,L00326,0.04,368
F07538,F08,L00326,0.04,369
F07539,F08,L00326,0.04,370
F07540,F08,L00326,0.04,371
F07541,F08,L00326,0.04,372
F07542,F08,L00326,0.04,373
F07543,F08,L00326,0.04,374
F07544,F08,L00326,0.04,375
F07545,F08,L00326,0.04,376
F07546,F08,L00326,0.04,377
F07547,F08,L00326,0.04,378
F07548,F08,L00326,0.04,379
F07549,F08,L00326,0.04,380
F07550,F08,L00326,0.04,381
F07551,F08,L00326,0.04,382
F07552,F08,L00326,0.04,383
F07553,F08,L00326,0.04,384
F07554,F08,L00326,0.04,385
F07555,F08,L00326,0.04,386
F07556,F08,L00326,0.04,387
F07557,F08,L00326,0.04,388
F07558,F08,L00326,0.04,389
F07559,F08,L00326,0.04,390
F07560,F08,L00326,0.04,391
F07561,F08,L00326,0.04,392
F07562,F08,L00326,0.04,393
F07563,F08,L00326,0.04,394
F07564,F08,L00326,0.04,395
F07565,F08,L00326,0.04,396
F07566,F08,L00326,0.04,397
F07567,F08,L00326,0.04,398
F07568,F08,L00326,0.04,399
F07569,F08,L00326,0.04,400
F07570,F08,L00326,0.04,401
F07571,F08,L00326,0.04,402
F07572,F08,L00326,0.04,403
F07573,F08,L00326,0.04,404
F07574,F08,L00326,0.04,405
F07575,F08,L00326,0.04,406
F07576,F08,L00326,0.04,407
F07577,F08,L00326,0.04,408
F07578,F08,L00326,0.04,409
F07579,F08,L00326,0.04,410
F07580,F08,L00326,0.04,411
F07581,F08,L00326,0.04,412
F07582,F08,L00326,0.04,413
F07583,F08,L00326,0.04,414
F07584,F08,L00326,0.04,415
F07585,F08,L00326,0.04,416
F07586,F08,L00326,0.04,417
F07587,F08,L00326,0.04,418
F07588,F08,L00326,0.04,419
F07589,F08,L00326,0.04,420
F07590,F08,L00326,0.04,421
F07591,F08,L00326,0.04,422
F07592,F08,L00326,0.04,423
F07593,F08,L00326,0.04,424
F07594,F08,L00326,0.04,425
F07595,F08,L00326,0.04,426
F07596,F08,L00326,0.04,427
F07597,F08,L00326,0.04,428
F07598,F08,L00326,0.04,429
F07599,F08,L00326,0.04,430
F07600,F08,L00326,0.04,431
F07601,F08,L00326,0.04,432
F07602,F08,L00326,0.04,433
F07603,F08,L00326,0.04,434
F07604,F08,L00326,0.04,435
F07605,F08,L00326,0.04,436
F07606,F08,L00326,0.04,437
F07607,F08,L00326,0.04,438
F07608,F08,L00326,0.04,439
F07609,F08,L00326,0.04,440
F07610,F08,L00326,0.04,441
F07611,F08,L00326,0.04,442
F07612,F08,L00326,0.04,443
F07613,F08,L00326,0.04,444
F07614,F08,L00326,0.04,445
F07615,F08,L00326,0.04,446
F07616,F08,L00326,0.04,447
F07617,F08,L00326,0.04,448
F07618,F08,L00326,0.04,449
F07619,F08,L00326,0.04,450
F07620,F08,L00326,0.04,451
F07621,F08,L00326,0.04,452
F07622,F08,L00326,0.04,453
F07623,F08,L00326,0.04,454
F07624,F08,L00326,0.04,455
F07625,F08,L00326,0.04,456
F07626,F08,L00326,0.04,457
F07627,F08,L00326,0.04,458
F07628,F08,L00326,0.04,459
F07629,F08,L00326,0.04,460
F07630,F08,L00326,0.04,461
F07631,F08,L00326,0.04,462
F07632,F08,L00326,0.04,463
F07633,F08,L00326,0.04,464
F07634,F08,L00326,0.04,465
F07635,F08,L00326,0.04,466
F07636,F08,L00326,0.04,467
F07637,F08,L00326,0.04,468
F07638,F08,L00326,0.04,469
F07639,F08,L00326,0.04,470
F07640,F08,L00326,0.04,471
F07641,F08,L00326,0.04,472
F07642,F08,L00326,0.04,473
F07643,F08,L00326,0.04,474
F07644,F08,L00326,0.04,475
F07645,F08,L00326,0.04,476
F07646,F08,L00326,0.04,477
F07647,F08,L00326,0.04,478
F07648,F08,L00326,0.04,479
F07649,F08,L00326,0.04,480
F07650,F08,L00326,0.04,481
F07651,F08,L00326,0.04,482
F07652,F08,L00326,0.04,483
F07653,F08,L00326,0.04,484
F07654,F08,L00326,0.04,485
F07655,F08,L00326,0.04,486
F07656,F08,L00326,0.04,487
F07657,F08,L00326,0.04,488
F07658,F08,L00326,0.04,489
F07659,F08,L00326,0.04,490
F07660,F08,L00326,0.04,491
F07661,F08,L00326,0.04,492
F07662,F08,L00326,0.04,493
F07663,F08,L00326,0.04,494
F07664,F08,L00326,0.04,495
F07665,F08,L00326,0.04,496
F07666,F08,L00326,0.04,497
F07667,F08,L00326,0.04,498
F07668,F08,L00326,0.04,499
F07669,F08,L00326,0.04,500
F07670,F08,L00326,0.04,501
F07671,F08,L00326,0.04,502
F07672,F08,L00326,0.04,503
F07673,F08,L00326,0.04,504
F07674,F08,L00326,0.04,505
F07675,F08,L00326,0.04,506
F07676,F08,L00326,0.04,507
F07677,F08,L00326,0.04,508
F07678,F08,L00326,0.04,509
F07679,F08,L00326,0.04,510
F07680,F08,L00326,0.04,511
F07681,F08,L00326,0.04,512
F07682,F08,L00326,0.04,513
F07683,F08,L00326,0.04,514
F07684,F08,L00326,0.04,515
F07685,F08,L00326,0.04,516
F07686,F08,L00326,0.04,517
F07687,F08,L00326,0.04,518
F07688,F08,L00326,0.04,519
F07689,F08,L00326,0.04,520
F07690,F08,L00326,0.04,521
F07691,F08,L00326,0.04,522
F07692,F08,L00326,0.04,523
F07693,F08,L00326,0.04,524
F07694,F08,L00326,0.04,525
F07695,F08,L00326,0.04,526
F07696,F08,L00326,0.04,527
F07697,F08,L00326,0.04,528
F07698,F08,L00326,0.04,529
F07699,F08,L00326,0.04,530
F07700,F08,L00326,0.04,531
F07701,F08,L00326,0.04,532
F07702,F08,L00326,0.04,533
F07703,F08,L00326,0.04,534
F07704,F08,L00326,0.04,535
F07705,F08,L00326,0.04,536
F07706,F08,L00326,0.04,537
F07707,F08,L00326,0.04,538
F07708,F08,L00326,0.04,539
F07709,F08,L00326,0.04,540
F07710,F08,L00326,0.04,541
F07711,F08,L00326,0.04,542
F07712,F08,L00326,0.04,543
F07713,F08,L00326,0.04,544
F07714,F08,L00326,0.04,545
F07715,F08,L00326,0.04,546
F07716,F08,L00326,0.04,547
F07717,F08,L00326,0.04,548
F07718,F08,L00326,0.04,549
F07719,F08,L00326,0.04,550
F07720,F08,L00326,0.04,551
F07721,F08,L00326,0.04,552
F07722,F08,L00326,0.04,553
F07723,F08,L00326,0.04,554
F07724,F08,L00326,0.04,555
F07725,F08,L00326,0.04,556
F07726,F08,L00326,0.04,557
F07727,F08,L00326,0.04,558
F07728,F08,L00326,0.04,559
F07729,F08,L00326,0.04,560
F07730,F08,L00326,0.04,561
F07731,F08,L00326,0.04,562
F07732,F08,L00326,0.04,563
F07733,F08,L00326,0.04,564
F07734,F08,L00326,0.04,565
F07735,F08,L00326,0.04,566
F07736,F08,L00326,0.04,567
F07737,F08,L00326,0.04,568
F07738,F08,L00326,0.04,569
F07739,F08,L00326,0.04,570
F07740,F08,L00326,0.04,571
F07741,F08,L00326,0.04,572
F07742,F08,L00326,0.04,573
F07743,F08,L00326,0.04,574
F07744,F08,L00326,0.04,575
F07745,F08,L00326,0.04,576
F07746,F08,L00326,0.04,577
F07747,F08,L00326,0.04,578
F07748,F08,L00326,0.04,579
F07749,F08,L00326,0.04,580
F07750,F08,L00326,0.04,581
F07751,F08,L00326,0.04,582
F07752,F08,L00326,0.04,583
F07753,F08,L00326,0.04,584
F07754,F08,L00326,0.04,585
F07755,F08,L00326,0.04,586
F07756,F08,L00326,0.04,587
F07757,F08,L00326,0.04,588
F07758,F08,L00326,0.04,589
F07759,F08,L00326,0.04,590
F07760,F08,L00326,0.04,591
F07761,F08,L00326,0.04,592
F07762,F08,L00326,0.04,593
F07763,F08,L00326,0.04,594
F07764,F08,L00326,0.04,595
F07765,F08,L00326,0.04,596
F07766,F08,L00326,0.04,597
F07767,F08,L00326,0.04,598
F07768,F08,L00326,0.04,599
F07769,F08,L00326,0.04,600
F07770,F08,L00326,0.04,601
F07771,F08,L00326,0.04,602
F07772,F08,L00326,0.04,603
F07773,F08,L00326,0.04,604
F07774,F08,L00326,0.04,605
F07775,F08,L00326,0.04,606
F07776,F08,L00326,0.04,607
F07777,F08,L00326,0.04,608
F07778,F08,L00326,0.04,609
F07779,F08,L00326,0.04,610
F07780,F08,L00326,0.04,611
F07781,F08,L00326,0.04,612
F07782,F08,L00326,0.04,613
F07783,F08,L00326,0.04,614
F07784,F08,L00326,0.04,615
F07785,F08,L00326,0.04,616
F07786,F08,L00326,0.04,617
F07787,F08,L00326,0.04,618
F07788,F08,L00326,0.04,619
F07789,F08,L00326,0.04,620
F07790,F08,L00326,0.04,621
F07791,F08,L00326,0.04,622
F07792,F08,L00326,0.04,623
F07793,F08,L00326,0.04,624
F07794,F08,L00326,0.04,625
F07795,F08,L00326,0.04,626
F07796,F08,L00326,0.04,627
F07797,F08,L00326,0.04,628
F07798,F08,L00326,0.04,629
F07799,F08,L00326,0.04,630
F07800,F08,L00326,0.04,631
F07801,F08,L00326,0.04,632
F07802,F08,L00326,0.04,633
F07803,F08,L00326,0.04,634
F07804,F08,L00326,0.04,635
F07805,F08,L00326,0.04,636
F07806,F08,L00326,0.04,637
F07807,F08,L00326,0.04,638
F07808,F08,L00326,0.04,639
F07809,F08,L00326,0.04,640
F07810,F08,L00326,0.04,641
F07811,F08,L00326,0.04,642
F07812,F08,L00326,0.04,643
F07813,F08,L00326,0.04,644
F07814,F08,L00326,0.04,645
F07815,F08,L00326,0.04,646
F07816,F08,L00326,0.04,647
F07817,F08,L00326,0.04,648
F07818,F08,L00326,0.04,649
F07819,F08,L00326,0.04,650
F07820,F08,L00326,0.04,651
F07821,F08,L00326,0.04,652
F07822,F08,L00326,0.04,653
F07823,F08,L00326,0.04,654
F07824,F08,L00326,0.04,655
F07825,F08,L00326,0.04,656
F07826,F08,L00326,0.04,657
F07827,F08,L00326,0.04,658
F07828,F08,L00326,0.04,659
F07829,F08,L00326,0.04,660
F07830,F08,L00326,0.04,661
F07831,F08,L00326,0.04,662
F07832,F08,L00326,0.04,663
F07833,F08,L00326,0.04,664
F07834,F08,L00326,0.04,665
F07835,F08,L00326,0.04,666
F07836,F08,L00326,0.04,667
F07837,F08,L00326,0.04,668
F07838,F08,L00326,0.04,669
F07839,F08,L00326,0.04,670
F07840,F08,L00326,0.04,671
F07841,F08,L00326,0.04,672
F07842,F08,L00326,0.04,673
F07843,F08,L00326,0.04,674
F07844,F08,L00326,0.04,675
F07845,F08,L00326,0.04,676
F07846,F08,L00326,0.04,677
F07847,F08,L00326,0.04,678
F07848,F08,L00326,0.04,679
F07849,F08,L00326,0.04,680
F07850,F08,L00326,0.04,681
F07851,F08,L00326,0.04,682
F07852,F08,L00326,0.04,683
F07853,F08,L00326,0.04,684
F07854,F08,L00326,0.04,685
F07855,F08,L00326,0.04,686
F07856,F08,L00326,0.04,687
F07857,F08,L00326,0.04,688
F07858,F08,L00326,0.04,689
F07859,F08,L00326,0.04,690
F07860,F08,L00326,0.04,691
F07861,F08,L00326,0.04,692
F07862,F08,L00326,0.04,693
F07863,F08,L00326,0.04,694
F07864,F08,L00326,0.04,695
F07865,F08,L00326,0.04,696
F07866,F08,L00326,0.04,697
F07867,F08,L00326,0.04,698
F07868,F08,L00326,0.04,699
F07869,F08,L00326,0.04,700
F07870,F08,L00326,0.04,701
F07871,F08,L00326,0.04,702
F07872,F08,L00326,0.04,703
F07873,F08,L00326,0.04,704
F07874,F08,L00326,0.04,705
F07875,F08,L00326,0.04,706
F07876,F08,L00326,0.04,707
F07877,F08,L00326,0.04,708
F07878,F08,L00326,0.04,709
F07879,F08,L00326,0.04,710
F07880,F08,L00326,0.04,711
F07881,F08,L00326,0.04,712
F07882,F08,L00326,0.04,713
F07883,F08,L00326,0.04,714
F07884,F08,L00326,0.04,715
F07885,F08,L00326,0.04,716
F07886,F08,L00326,0.04,717
F07887,F08,L00326,0.04,718
F07888,F08,L00326,0.04,719
F07889,F08,L00326,0.04,720
F07890,F08,L00326,0.04,721
F07891,F08,L00326,0.04,722
F07892,F08,L00326,0.04,723
F07893,F08,L00326,0.04,724
F07894,F08,L00326,0.04,725
F07895,F08,L00326,0.04,726
F07896,F08,L00326,0.04,727
F07897,F08,L00326,0.04,728
F07898,F08,L00326,0.04,729
F07899,F08,L00326,0.04,730
F07900,F08,L00326,0.04,731
F07901,F08,L00326,0.04,732
F07902,F08,L00326,0.04,733
F07903,F08,L00326,0.04,734
F07904,F08,L00326,0.04,735
F07905,F08,L00326,0.04,736
F07906,F08,L00326,0.04,737
F07907,F08,L00326,0.04,738
F07908,F08,L00326,0.04,739
F07909,F08,L00326,0.04,740
F07910,F08,L00326,0.04,741
F07911,F08,L00326,0.04,742
F07912,F08,L00326,0.04,743
F07913,F08,L00326,0.04,744
F07914,F08,L00326,0.04,745
F07915,F08,L00326,0.04,746
F07916,F08,L00326,0.04,747
F07917,F08,L00326,0.04,748
F07918,F08,L00326,0.04,749
F07919,F08,L00326,0.04,750
F07920,F08,L00326,0.04,751
F07921,F08,L00326,0.04,752
F07922,F08,L00326,0.04,753
F07923,F08,L00326,0.04,754
F07924,F08,L00326,0.04,755
F07925,F08,L00326,0.04,756
F07926,F08,L00326,0.04,757
F07927,F08,L00326,0.04,758
F07928,F08,L00326,0.04,759
F07929,F08,L00326,0.04,760
F07930,F08,L00326,0.04,761
F07931,F08,L00326,0.04,762
F07932,F08,L00326,0.04,763
F07933,F08,L00326,0.04,764
F07934,F08,L00326,0.04,765
F07935,F08,L00326,0.04,766
F07936,F08,L00326,0.04,767
F07937,F08,L00326,0.04,768
F07938,F08,L00326,0.04,769
F07939,F08,L00326,0.04,770
F07940,F08,L00326,0.04,771
F07941,F08,L00326,0.04,772
F07942,F08,L00326,0.04,773
F07943,F08,L00326,0.04,774
F07944,F08,L00326,0.04,775
F07945,F08,L00326,0.04,776
F07946,F08,L00326,0.04,777
F07947,F08,L00326,0.04,778
F07948,F08,L00326,0.04,779
F07949,F08,L00326,0.04,780
F07950,F08,L00326,0.04,781
F07951,F08,L00326,0.04,782
F07952,F08,L00326,0.04,783
F07953,F08,L00326,0.04,784
F07954,F08,L00326,0.04,785
F07955,F08,L00326,0.04,786
F07956,F08,L00326,0.04,787
F07957,F08,L00326,0.04,788
F07958,F08,L00326,0.04,789
F07959,F08,L00326,0.04,790
F07960,F08,L00326,0.04,791
F07961,F08,L00326,0.04,792
F07962,F08,L00326,0.04,793
F07963,F08,L00326,0.04,794
F07964,F08,L00326,0.04,795
F07965,F08,L00326,0.04,796
F07966,F08,L00326,0.04,797
F07967,F08,L00326,0.04,798
F07968,F08,L00326,0.04,799
F07969,F08,L00326,0.04,800
F07970,F08,L00326,0.04,801
F07971,F08,L00326,0.04,802
F07972,F08,L00326,0.04,803
F07973,F08,L00326,0.04,804
F07974,F08,L00326,0.04,805
F07975,F08,L00326,0.04,806
F07976,F08,L00326,0.04,807
F07977,F08,L00326,0.04,808
F07978,F08,L00326,0.04,809
F07979,F08,L00326,0.04,810
F07980,F08,L00326,0.04,811
F07981,F08,L00326,0.04,812
F07982,F08,L00326,0.04,813
F07983,F08,L00326,0.04,814
F07984,F08,L00326,0.04,815
F07985,F08,L00326,0.04,816
F07986,F08,L00326,0.04,817
F07987,F08,L00326,0.04,818
F07988,F08,L00326,0.04,819
F07989,F08,L00326,0.04,820
F07990,F08,L00326,0.04,821
F07991,F08,L00326,0.04,822
F07992,F08,L00326,0.04,823
F07993,F08,L00326,0.04,824
F07994,F08,L00326,0.04,825
F07995,F08,L00326,0.04,826
F07996,F08,L00326,0.04,827
F07997,F08,L00326,0.04,828
F07998,F08,L00326,0.04,829
F07999,F08,L00326,0.04,830
F08000,F08,L00326,0.04,831
F08001,F08,L00326,0.04,832
F08002,F08,L00326,0.04,833
F08003,F08,L00326,0.04,834
F08004,F08,L00326,0.04,835
F08005,F08,L00326,0.04,836
F08006,F08,L00326,0.04,837
F08007,F08,L00326,0.04,838
F08008,F08,L00326,0.04,839
F08009,F08,L00326,0.04,840
F08010,F08,L00326,0.04,841
F08011,F08,L00326,0.04,842
F08012,F08,L00326,0.04,843
F08013,F08,L00326,0.04,844
F08014,F08,L00326,0.04,845
F08015,F08,L00326,0.04,846
F08016,F08,L00326,0.04,847
F08017,F08,L00326,0.04,848
F08018,F08,L00326,0.04,849
F08019,F08,L00326,0.04,850
F08020,F08,L00326,0.04,851
F08021,F08,L00326,0.04,852
F08022,F08,L00326,0.04,853
F08023,F08,L00326,0.04,854
F08024,F08,L00326,0.04,855
F08025,F08,L00326,0.04,856
F08026,F08,L00326,0.04,857
F08027,F08,L00326,0.04,858
F08028,F08,L00326,0.04,859
F08029,F08,L00326,0.04,860
F08030,F08,L00326,0.04,861
F08031,F08,L00326,0.04,862
F08032,F08,L00326,0.04,863
F08033,F08,L00326,0.04,864
F08034,F08,L00326,0.04,865
F08035,F08,L00326,0.04,866
F08036,F08,L00326,0.04,867
F08037,F08,L00326,0.04,868
F08038,F08,L00326,0.04,869
F08039,F08,L00326,0.04,870
F08040,F08,L00326,0.04,871
F08041,F08,L00326,0.04,872
F08042,F08,L00326,0.04,873
F08043,F08,L00326,0.04,874
F08044,F08,L00326,0.04,875
F08045,F08,L00326,0.04,876
F08046,F08,L00326,0.04,877
F08047,F08,L00326,0.04,878
F08048,F08,L00326,0.04,879
F08049,F08,L00326,0.04,880
F08050,F08,L00326,0.04,881
F08051,F08,L00326,0.04,882
F08052,F08,L00326,0.04,883
F08053,F08,L00326,0.04,884
F08054,F08,L00326,0.04,885
F08055,F08,L00326,0.04,886
F08056,F08,L00326,0.04,887
F08057,F08,L00326,0.04,888
F08058,F08,L00326,0.04,889
F08059,F08,L00326,0.04,890
F08060,F08,L00326,0.04,891
F08061,F08,L00326,0.04,892
F08062,F08,L00326,0.04,893
F08063,F08,L00326,0.04,894
F08064,F08,L00326,0.04,895
F08065,F08,L00326,0.04,896
F08066,F08,L00326,0.04,897
F08067,F08,L00326,0.04,898
F08068,F08,L00326,0.04,899
F08069,F08,L00326,0.04,900
F08070,F08,L00326,0.04,901
F08071,F08,L00326,0.04,902
F08072,F08,L00326,0.04,903
F08073,F08,L00326,0.04,904
F08074,F08,L00326,0.04,905
F08075,F08,L00326,0.04,906
F08076,F08,L00326,0.04,907
F08077,F08,L00326,0.04,908
F08078,F08,L00326,0.04,909
F08079,F08,L00326,0.04,910
F08080,F08,L00326,0.04,911
F08081,F08,L00326,0.04,912
F08082,F08,L00326,0.04,913
F08083,F08,L00326,0.04,914
F08084,F08,L00326,0.04,915
F08085,F08,L00326,0.04,916
F08086,F08,L00326,0.04,917
F08087,F08,L00326,0.04,918
F08088,F08,L00326,0.04,919
F08089,F08,L00326,0.04,920
F08090,F08,L00326,0.04,921
F08091,F08,L00326,0.04,922
F08092,F08,L00326,0.04,923
F08093,F08,L00326,0.04,924
F08094,F08,L00326,0.04,925
F08095,F08,L00326,0.04,926
F08096,F08,L00326,0.04,927
F08097,F08,L00326,0.04,928
F08098,F08,L00326,0.04,929
F08099,F08,L00326,0.04,930
F08100,F08,L00326,0.04,931
F08101,F08,L00326,0.04,932
F08102,F08,L00326,0.04,933
F08103,F08,L00326,0.04,934
F08104,F08,L00326,0.04,935
F08105,F08,L00326,0.04,936
F08106,F08,L00326,0.04,937
F08107,F08,L00326,0.04,938
F08108,F08,L00326,0.04,939
F08109,F08,L00326,0.04,940
F08110,F08,L00326,0.04,941
F08111,F08,L00326,0.04,942
F08112,F08,L00326,0.04,943
F08113,F08,L00326,0.04,944
F08114,F08,L00326,0.04,945
F08115,F08,L00326,0.04,946
F08116,F08,L00326,0.04,947
F08117,F08,L00326,0.04,948
F08118,F08,L00326,0.04,949
F08119,F08,L00326,0.04,950
F08120,F08,L00326,0.04,951
F08121,F08,L00326,0.04,952
F08122,F08,L00326,0.04,953
F08123,F08,L00326,0.04,954
F08124,F08,L00326,0.04,955
F08125,F08,L00326,0.04,956
F08126,F08,L00326,0.04,957
F08127,F08,L00326,0.04,958
F08128,F08,L00326,0.04,959
F08129,F08,L00326,0.04,960
F08130,F08,L00326,0.04,961
F08131,F08,L00326,0.04,962
F08132,F08,L00326,0.04,963
F08133,F08,L00326,0.04,964
F08134,F08,L00326,0.04,965
F08135,F08,L00326,0.04,966
F08136,F08,L00326,0.04,967
F08137,F08,L00326,0.04,968
F08138,F08,L00326,0.04,969
F08139,F08,L00326,0.04,970
F08140,F08,L00326,0.04,971
F08141,F08,L00326,0.04,972
F08142,F08,L00326,0.04,973
F08143,F08,L00326,0.04,974
F08144,F08,L00326,0.04,975
F08145,F08,L00326,0.04,976
F08146,F08,L00326,0.04,977
F08147,F08,L00326,0.04,978
F08148,F08,L00326,0.04,979
F08149,F08,L00326,0.04,980
F08150,F08,L00326,0.04,981
F08151,F08,L00326,0.04,982
F08152,F08,L00326,0.04,983
F08153,F08,L00326,0.04,984
F08154,F08,L00326,0.04,985
F08155,F08,L00326,0.04,986
F08156,F08,L00326,0.04,987
F08157,F08,L00326,0.04,988
F08158,F08,L00326,0.04,989
F08159,F08,L00326,0.04,990
F08160,F08,L00326,0.04,991
F08161,F08,L00326,0.04,992
F08162,F08,L00326,0.04,993
F08163,F08,L00326,0.04,994
F08164,F08,L00326,0.04,995
F08165,F08,L00326,0.04,996
F08166,F08,L00326,0.04,997
F08167,F08,L00326,0.04,998
F08168,F08,L00326,0.04,999
F08169,F08,L00326,0.04,1000
F08170,F08,L00326,0.04,1001
F08171,F08,L00326,0.04,1002
F08172,F08,L00326,0.04,1003
F08173,F08,L00326,0.04,1004
F08174,F08,L00326,0.04,1005
F08175,F08,L00326,0.04,1006
F08176,F08,L00326,0.04,1007
F08177,F08,L00326,0.04,1008
F08178,F08,L00326,0.04,1009
F08179,F08,L00326,0.04,1010
F08180,F08,L00326,0.04,1011
F08181,F08,L00326,0.04,1012
F08182,F08,L00326,0.04,1013
F08183,F08,L00326,0.04,1014
F08184,F08,L00326,0.04,1015
F08185,F08,L00326,0.04,1016
F08186,F08,L00326,0.04,1017
F08187,F08,L00326,0.04,1018
F08188,F08,L00326,0.04,1019
F08189,F08,L00326,0.04,1020
F08190,F08,L00326,0.04,1021
F08191,F08,L00326,0.04,1022
F08192,F08,L00326,0.04,1023
F08193,F09,L02352,0.005,0
F08194,F09,L02352,0.005,1
F08195,F09,L02352,0.005,2
F08196,F09,L02352,0.005,3
F08197,F09,L02352,0.005,4
F08198,F09,L02352,0.005,5
F08199,F09,L02352,0.005,6
F08200,F09,L02352,0.005,7
F08201,F09,L02352,0.005,8
F08202,F09,L02352,0.005,9
F08203,F09,L02352,0.005,10
F08204,F09,L02352,0.005,11
F08205,F09,L02352,0.005,12
F08206,F09,L02352,0.005,13
F08207,F09,L02352,0.005,14
F08208,F09,L02352,0.005,15
F08209,F09,L02352,0.005,16
F08210,F09,L02352,0.005,17
F08211,F09,L02352,0.005,18
F08212,F09,L02352,0.005,19
F08213,F09,L02352,0.005,20
F08214,F09,L02352,0.005,21
F08215,F09,L02352,0.005,22
F08216,F09,L02352,0.005,23
F08217,F09,L02352,0.005,24
F08218,F09,L02352,0.005,25
F08219,F09,L02352,0.005,26
F08220,F09,L02352,0.005,27
F08221,F09,L02352,0.005,28
F08222,F09,L02352,0.005,29
F08223,F09,L02352,0.005,30
F08224,F09,L02352,0.005,31
F08225,F09,L02352,0.005,32
F08226,F09,L02352,0.005,33
F08227,F09,L02352,0.005,34
F08228,F09,L02352,0.005,35
F08229,F09,L02352,0.005,36
F08230,F09,L02352,0.005,37
F08231,F09,L02352,0.005,38
F08232,F09,L02352,0.005,39
F08233,F09,L02352,0.005,40
F08234,F09,L02352,0.005,41
F08235,F09,L02352,0.005,42
F08236,F09,L02352,0.005,43
F08237,F09,L02352,0.005,44
F08238,F09,L02352,0.005,45
F08239,F09,L02352,0.005,46
F08240,F09,L02352,0.005,47
F08241,F09,L02352,0.005,48
F08242,F09,L02352,0.005,49
F08243,F09,L02352,0.005,50
F08244,F09,L02352,0.005,51
F08245,F09,L02352,0.005,52
F08246,F09,L02352,0.005,53
F08247,F09,L02352,0.005,54
F08248,F09,L02352,0.005,55
F08249,F09,L02352,0.005,56
F08250,F09,L02352,0.005,57
F08251,F09,L02352,0.005,58
F08252,F09,L02352,0.005,59
F08253,F09,L02352,0.005,60
F08254,F09,L02352,0.005,61
F08255,F09,L02352,0.005,62
F08256,F09,L02352,0.005,63
F08257,F09,L02352,0.005,64
F08258,F09,L02352,0.005,65
F08259,F09,L02352,0.005,66
F08260,F09,L02352,0.005,67
F08261,F09,L02352,0.005,68
F08262,F09,L02352,0.005,69
F08263,F09,L02352,0.005,70
F08264,F09,L02352,0.005,71
F08265,F09,L02352,0.005,72
F08266,F09,L02352,0.005,73
F08267,F09,L02352,0.005,74
F08268,F09,L02352,0.005,75
F08269,F09,L02352,0.005,76
F08270,F09,L02352,0.005,77
F08271,F09,L02352,0.005,78
F08272,F09,L02352,0.005,79
F08273,F09,L02352,0.005,80
F08274,F09,L02352,0.005,81
F08275,F09,L02352,0.005,82
F08276,F09,L02352,0.005,83
F08277,F09,L02352,0.005,84
F08278,F09,L02352,0.005,85
F08279,F09,L02352,0.005,86
F08280,F09,L02352,0.005,87
F08281,F09,L02352,0.005,88
F08282,F09,L02352,0.005,89
F08283,F09,L02352,0.005,90
F08284,F09,L02352,0.005,91
F08285,F09,L02352,0.005,92
F08286,F09,L02352,0.005,93
F08287,F09,L02352,0.005,94
F08288,F09,L02352,0.005,95
F08289,F09,L02352,0.005,96
F08290,F09,L02352,0.005,97
F08291,F09,L02352,0.005,98
F08292,F09,L02352,0.005,99
F08293,F09,L02352,0.005,100
F08294,F09,L02352,0.005,101
F08295,F09,L02352,0.005,102
F08296,F09,L02352,0.005,103
F08297,F09,L02352,0.005,104
F08298,F09,L02352,0.005,105
F08299,F09,L02352,0.005,106
F08300,F09,L02352,0.005,107
F08301,F09,L02352,0.005,108
F08302,F09,L02352,0.005,109
F08303,F09,L02352,0.005,110
F08304,F09,L02352,0.005,111
F08305,F09,L02352,0.005,112
F08306,F09,L02352,0.005,113
F08307,F09,L02352,0.005,114
F08308,F09,L02352,0.005,115
F08309,F09,L02352,0.005,116
F08310,F09,L02352,0.005,117
F08311,F09,L02352,0.005,118
F08312,F09,L02352,0.005,119
F08313,F09,L02352,0.005,120
F08314,F09,L02352,0.005,121
F08315,F09,L02352,0.005,122
F08316,F09,L02352,0.005,123
F08317,F09,L02352,0.005,124
F08318,F09,L02352,0.005,125
F08319,F09,L02352,0.005,126
F08320,F09,L02352,0.005,127
F08321,F09,L02352,0.005,128
F08322,F09,L02352,0.005,129
F08323,F09,L02352,0.005,130
F08324,F09,L02352,0.005,131
F08325,F09,L02352,0.005,132
F08326,F09,L02352,0.005,133
F08327,F09,L02352,0.005,134
F08328,F09,L02352,0.005,135
F08329,F09,L02352,0.005,136
F08330,F09,L02352,0.005,137
F08331,F09,L02352,0.005,138
F08332,F09,L02352,0.005,139
F08333,F09,L02352,0.005,140
F08334,F09,L02352,0.005,141
F08335,F09,L02352,0.005,142
F08336,F09,L02352,0.005,143
F08337,F09,L02352,0.005,144
F08338,F09,L02352,0.005,145
F08339,F09,L02352,0.005,146
F08340,F09,L02352,0.005,147
F08341,F09,L02352,0.005,148
F08342,F09,L02352,0.005,149
F08343,F09,L02352,0.005,150
F08344,F09,L02352,0.005,151
F08345,F09,L02352,0.005,152
F08346,F09,L02352,0.005,153
F08347,F09,L02352,0.005,154
F08348,F09,L02352,0.005,155
F08349,F09,L02352,0.005,156
F08350,F09,L02352,0.005,157
F08351,F09,L02352,0.005,158
F08352,F09,L02352,0.005,159
F08353,F09,L02352,0.005,160
F08354,F09,L02352,0.005,161
F08355,F09,L02352,0.005,162
F08356,F09,L02352,0.005,163
F08357,F09,L02352,0.005,164
F08358,F09,L02352,0.005,165
F08359,F09,L02352,0.005,166
F08360,F09,L02352,0.005,167
F08361,F09,L02352,0.005,168
F08362,F09,L02352,0.005,169
F08363,F09,L02352,0.005,170
F08364,F09,L02352,0.005,171
F08365,F09,L02352,0.005,172
F08366,F09,L02352,0.005,173
F08367,F09,L02352,0.005,174
F08368,F09,L02352,0.005,175
F08369,F09,L02352,0.005,176
F08370,F09,L02352,0.005,177
F08371,F09,L02352,0.005,178
F08372,F09,L02352,0.005,179
F08373,F09,L02352,0.005,180
F08374,F09,L02352,0.005,181
F08375,F09,L02352,0.005,182
F08376,F09,L02352,0.005,183
F08377,F09,L02352,0.005,184
F08378,F09,L02352,0.005,185
F08379,F09,L02352,0.005,186
F08380,F09,L02352,0.005,187
F08381,F09,L02352,0.005,188
F08382,F09,L02352,0.005,189
F08383,F09,L02352,0.005,190
F08384,F09,L02352,0.005,191
F08385,F09,L02352,0.005,192
F08386,F09,L02352,0.005,193
F08387,F09,L02352,0.005,194
F08388,F09,L02352,0.005,195
F08389,F09,L02352,0.005,196
F08390,F09,L02352,0.005,197
F08391,F09,L02352,0.005,198
F08392,F09,L02352,0.005,199
F08393,F09,L02352,0.005,200
F08394,F09,L02352,0.005,201
F08395,F09,L02352,0.005,202
F08396,F09,L02352,0.005,203
F08397,F09,L02352,0.005,204
F08398,F09,L02352,0.005,205
F08399,F09,L02352,0.005,206
F08400,F09,L02352,0.005,207
F08401,F09,L02352,0.005,208
F08402,F09,L02352,0.005,209
F08403,F09,L02352,0.005,210
F08404,F09,L02352,0.005,211
F08405,F09,L02352,0.005,212
F08406,F09,L02352,0.005,213
F08407,F09,L02352,0.005,214
F08408,F09,L02352,0.005,215
F08409,F09,L02352,0.005,216
F08410,F09,L02352,0.005,217
F08411,F09,L02352,0.005,218
F08412,F09,L02352,0.005,219
F08413,F09,L02352,0.005,220
F08414,F09,L02352,0.005,221
F08415,F09,L02352,0.005,222
F08416,F09,L02352,0.005,223
F08417,F09,L02352,0.005,224
F08418,F09,L02352,0.005,225
F08419,F09,L02352,0.005,226
F08420,F09,L02352,0.005,227
F08421,F09,L02352,0.005,228
F08422,F09,L02352,0.005,229
F08423,F09,L02352,0.005,230
F08424,F09,L02352,0.005,231
F08425,F09,L02352,0.005,232
F08426,F09,L02352,0.005,233
F08427,F09,L02352,0.005,234
F08428,F09,L02352,0.005,235
F08429,F09,L02352,0.005,236
F08430,F09,L02352,0.005,237
F08431,F09,L02352,0.005,238
F08432,F09,L02352,0.005,239
F08433,F09,L02352,0.005,240
F08434,F09,L02352,0.005,241
F08435,F09,L02352,0.005,242
F08436,F09,L02352,0.005,243
F08437,F09,L02352,0.005,244
F08438,F09,L02352,0.005,245
F08439,F09,L02352,0.005,246
F08440,F09,L02352,0.005,247
F08441,F09,L02352,0.005,248
F08442,F09,L02352,0.005,249
F08443,F09,L02352,0.005,250
F08444,F09,L02352,0.005,251
F08445,F09,L02352,0.005,252
F08446,F09,L02352,0.005,253
F08447,F09,L02352,0.005,254
F08448,F09,L02352,0.005,255
F08449,F09,L02352,0.005,256
F08450,F09,L02352,0.005,257
F08451,F09,L02352,0.005,258
F08452,F09,L02352,0.005,259
F08453,F09,L02352,0.005,260
F08454,F09,L02352,0.005,261
F08455,F09,L02352,0.005,262
F08456,F09,L02352,0.005,263
F08457,F09,L02352,0.005,264
F08458,F09,L02352,0.005,265
F08459,F09,L02352,0.005,266
F08460,F09,L02352,0.005,267
F08461,F09,L02352,0.005,268
F08462,F09,L02352,0.005,269
F08463,F09,L02352,0.005,270
F08464,F09,L02352,0.005,271
F08465,F09,L02352,0.005,272
F08466,F09,L02352,0.005,273
F08467,F09,L02352,0.005,274
F08468,F09,L02352,0.005,275
F08469,F09,L02352,0.005,276
F08470,F09,L02352,0.005,277
F08471,F09,L02352,0.005,278
F08472,F09,L02352,0.005,279
F08473,F09,L02352,0.005,280
F08474,F09,L02352,0.005,281
F08475,F09,L02352,0.005,282
F08476,F09,L02352,0.005,283
F08477,F09,L02352,0.005,284
F08478,F09,L02352,0.005,285
F08479,F09,L02352,0.005,286
F08480,F09,L02352,0.005,287
F08481,F09,L02352,0.005,288
F08482,F09,L02352,0.005,289
F08483,F09,L02352,0.005,290
F08484,F09,L02352,0.005,291
F08485,F09,L02352,0.005,292
F08486,F09,L02352,0.005,293
F08487,F09,L02352,0.005,294
F08488,F09,L02352,0.005,295
F08489,F09,L02352,0.005,296
F08490,F09,L02352,0.005,297
F08491,F09,L02352,0.005,298
F08492,F09,L02352,0.005,299
F08493,F09,L02352,0.005,300
F08494,F09,L02352,0.005,301
F08495,F09,L02352,0.005,302
F08496,F09,L02352,0.005,303
F08497,F09,L02352,0.005,304
F08498,F09,L02352,0.005,305
F08499,F09,L02352,0.005,306
F08500,F09,L02352,0.005,307
F08501,F09,L02352,0.005,308
F08502,F09,L02352,0.005,309
F08503,F09,L02352,0.005,310
F08504,F09,L02352,0.005,311
F08505,F09,L02352,0.005,312
F08506,F09,L02352,0.005,313
F08507,F09,L02352,0.005,314
F08508,F09,L02352,0.005,315
F08509,F09,L02352,0.005,316
F08510,F09,L02352,0.005,317
F08511,F09,L02352,0.005,318
F08512,F09,L02352,0.005,319
F08513,F09,L02352,0.005,320
F08514,F09,L02352,0.005,321
F08515,F09,L02352,0.005,322
F08516,F09,L02352,0.005,323
F08517,F09,L02352,0.005,324
F08518,F09,L02352,0.005,325
F08519,F09,L02352,0.005,326
F08520,F09,L02352,0.005,327
F08521,F09,L02352,0.005,328
F08522,F09,L02352,0.005,329
F08523,F09,L02352,0.005,330
F08524,F09,L02352,0.005,331
F08525,F09,L02352,0.005,332
F08526,F09,L02352,0.005,333
F08527,F09,L02352,0.005,334
F08528,F09,L02352,0.005,335
F08529,F09,L02352,0.005,336
F08530,F09,L02352,0.005,337
F08531,F09,L02352,0.005,338
F08532,F09,L02352,0.005,339
F08533,F09,L02352,0.005,340
F08534,F09,L02352,0.005,341
F08535,F09,L02352,0.005,342
F08536,F09,L02352,0.005,343
F08537,F09,L02352,0.005,344
F08538,F09,L02352,0.005,345
F08539,F09,L02352,0.005,346
F08540,F09,L02352,0.005,347
F08541,F09,L02352,0.005,348
F08542,F09,L02352,0.005,349
F08543,F09,L02352,0.005,350
F08544,F09,L02352,0.005,351
F08545,F09,L02352,0.005,352
F08546,F09,L02352,0.005,353
F08547,F09,L02352,0.005,354
F08548,F09,L02352,0.005,355
F08549,F09,L02352,0.005,356
F08550,F09,L02352,0.005,357
F08551,F09,L02352,0.005,358
F08552,F09,L02352,0.005,359
F08553,F09,L02352,0.005,360
F08554,F09,L02352,0.005,361
F08555,F09,L02352,0.005,362
F08556,F09,L02352,0.005,363
F08557,F09,L02352,0.005,364
F08558,F09,L02352,0.005,365
F08559,F09,L02352,0.005,366
F08560,F09,L02352,0.005,367
F08561,F09,L02352,0.005,368
F08562,F09,L02352,0.005,369
F08563,F09,L02352,0.005,370
F08564,F09,L02352,0.005,371
F08565,F09,L02352,0.005,372
F08566,F09,L02352,0.005,373
F08567,F09,L02352,0.005,374
F08568,F09,L02352,0.005,375
F08569,F09,L02352,0.005,376
F08570,F09,L02352,0.005,377
F08571,F09,L02352,0.005,378
F08572,F09,L02352,0.005,379
F08573,F09,L02352,0.005,380
F08574,F09,L02352,0.005,381
F08575,F09,L02352,0.005,382
F08576,F09,L02352,0.005,383
F08577,F09,L02352,0.005,384
F08578,F09,L02352,0.005,385
F08579,F09,L02352,0.005,386
F08580,F09,L02352,0.005,387
F08581,F09,L02352,0.005,388
F08582,F09,L02352,0.005,389
F08583,F09,L02352,0.005,390
F08584,F09,L02352,0.005,391
F08585,F09,L02352,0.005,392
F08586,F09,L02352,0.005,393
F08587,F09,L02352,0.005,394
F08588,F09,L02352,0.005,395
F08589,F09,L02352,0.005,396
F08590,F09,L02352,0.005,397
F08591,F09,L02352,0.005,398
F08592,F09,L02352,0.005,399
F08593,F09,L02352,0.005,400
F08594,F09,L02352,0.005,401
F08595,F09,L02352,0.005,402
F08596,F09,L02352,0.005,403
F08597,F09,L02352,0.005,404
F08598,F09,L02352,0.005,405
F08599,F09,L02352,0.005,406
F08600,F09,L02352,0.005,407
F08601,F09,L02352,0.005,408
F08602,F09,L02352,0.005,409
F08603,F09,L02352,0.005,410
F08604,F09,L02352,0.005,411
F08605,F09,L02352,0.005,412
F08606,F09,L02352,0.005,413
F08607,F09,L02352,0.005,414
F08608,F09,L02352,0.005,415
F08609,F09,L02352,0.005,416
F08610,F09,L02352,0.005,417
F08611,F09,L02352,0.005,418
F08612,F09,L02352,0.005,419
F08613,F09,L02352,0.005,420
F08614,F09,L02352,0.005,421
F08615,F09,L02352,0.005,422
F08616,F09,L02352,0.005,423
F08617,F09,L02352,0.005,424
F08618,F09,L02352,0.005,425
F08619,F09,L02352,0.005,426
F08620,F09,L02352,0.005,427
F08621,F09,L02352,0.005,428
F08622,F09,L02352,0.005,429
F08623,F09,L02352,0.005,430
F08624,F09,L02352,0.005,431
F08625,F09,L02352,0.005,432
F08626,F09,L02352,0.005,433
F08627,F09,L02352,0.005,434
F08628,F09,L02352,0.005,435
F08629,F09,L02352,0.005,436
F08630,F09,L02352,0.005,437
F08631,F09,L02352,0.005,438
F08632,F09,L02352,0.005,439
F08633,F09,L02352,0.005,440
F08634,F09,L02352,0.005,441
F08635,F09,L02352,0.005,442
F08636,F09,L02352,0.005,443
F08637,F09,L02352,0.005,444
F08638,F09,L02352,0.005,445
F08639,F09,L02352,0.005,446
F08640,F09,L02352,0.005,447
F08641,F09,L02352,0.005,448
F08642,F09,L02352,0.005,449
F08643,F09,L02352,0.005,450
F08644,F09,L02352,0.005,451
F08645,F09,L02352,0.005,452
F08646,F09,L02352,0.005,453
F08647,F09,L02352,0.005,454
F08648,F09,L02352,0.005,455
F08649,F09,L02352,0.005,456
F08650,F09,L02352,0.005,457
F08651,F09,L02352,0.005,458
F08652,F09,L02352,0.005,459
F08653,F09,L02352,0.005,460
F08654,F09,L02352,0.005,461
F08655,F09,L02352,0.005,462
F08656,F09,L02352,0.005,463
F08657,F09,L02352,0.005,464
F08658,F09,L02352,0.005,465
F08659,F09,L02352,0.005,466
F08660,F09,L02352,0.005,467
F08661,F09,L02352,0.005,468
F08662,F09,L02352,0.005,469
F08663,F09,L02352,0.005,470
F08664,F09,L02352,0.005,471
F08665,F09,L02352,0.005,472
F08666,F09,L02352,0.005,473
F08667,F09,L02352,0.005,474
F08668,F09,L02352,0.005,475
F08669,F09,L02352,0.005,476
F08670,F09,L02352,0.005,477
F08671,F09,L02352,0.005,478
F08672,F09,L02352,0.005,479
F08673,F09,L02352,0.005,480
F08674,F09,L02352,0.005,481
F08675,F09,L02352,0.005,482
F08676,F09,L02352,0.005,483
F08677,F09,L02352,0.005,484
F08678,F09,L02352,0.005,485
F08679,F09,L02352,0.005,486
F08680,F09,L02352,0.005,487
F08681,F09,L02352,0.005,488
F08682,F09,L02352,0.005,489
F08683,F09,L02352,0.005,490
F08684,F09,L02352,0.005,491
F08685,F09,L02352,0.005,492
F08686,F09,L02352,0.005,493
F08687,F09,L02352,0.005,494
F08688,F09,L02352,0.005,495
F08689,F09,L02352,0.005,496
F08690,F09,L02352,0.005,497
F08691,F09,L02352,0.005,498
F08692,F09,L02352,0.005,499
F08693,F09,L02352,0.005,500
F08694,F09,L02352,0.005,501
F08695,F09,L02352,0.005,502
F08696,F09,L02352,0.005,503
F08697,F09,L02352,0.005,504
F08698,F09,L02352,0.005,505
F08699,F09,L02352,0.005,506
F08700,F09,L02352,0.005,507
F08701,F09,L02352,0.005,508
F08702,F09,L02352,0.005,509
F08703,F09,L02352,0.005,510
F08704,F09,L02352,0.005,511
F08705,F09,L02352,0.005,512
F08706,F09,L02352,0.005,513
F08707,F09,L02352,0.005,514
F08708,F09,L02352,0.005,515
F08709,F09,L02352,0.005,516
F08710,F09,L02352,0.005,517
F08711,F09,L02352,0.005,518
F08712,F09,L02352,0.005,519
F08713,F09,L02352,0.005,520
F08714,F09,L02352,0.005,521
F08715,F09,L02352,0.005,522
F08716,F09,L02352,0.005,523
F08717,F09,L02352,0.005,524
F08718,F09,L02352,0.005,525
F08719,F09,L02352,0.005,526
F08720,F09,L02352,0.005,527
F08721,F09,L02352,0.005,528
F08722,F09,L02352,0.005,529
F08723,F09,L02352,0.005,530
F08724,F09,L02352,0.005,531
F08725,F09,L02352,0.005,532
F08726,F09,L02352,0.005,533
F08727,F09,L02352,0.005,534
F08728,F09,L02352,0.005,535
F08729,F09,L02352,0.005,536
F08730,F09,L02352,0.005,537
F08731,F09,L02352,0.005,538
F08732,F09,L02352,0.005,539
F08733,F09,L02352,0.005,540
F08734,F09,L02352,0.005,541
F08735,F09,L02352,0.005,542
F08736,F09,L02352,0.005,543
F08737,F09,L02352,0.005,544
F08738,F09,L02352,0.005,545
F08739,F09,L02352,0.005,546
F08740,F09,L02352,0.005,547
F08741,F09,L02352,0.005,548
F08742,F09,L02352,0.005,549
F08743,F09,L02352,0.005,550
F08744,F09,L02352,0.005,551
F08745,F09,L02352,0.005,552
F08746,F09,L02352,0.005,553
F08747,F09,L02352,0.005,554
F08748,F09,L02352,0.005,555
F08749,F09,L02352,0.005,556
F08750,F09,L02352,0.005,557
F08751,F09,L02352,0.005,558
F08752,F09,L02352,0.005,559
F08753,F09,L02352,0.005,560
F08754,F09,L02352,0.005,561
F08755,F09,L02352,0.005,562
F08756,F09,L02352,0.005,563
F08757,F09,L02352,0.005,564
F08758,F09,L02352,0.005,565
F08759,F09,L02352,0.005,566
F08760,F09,L02352,0.005,567
F08761,F09,L02352,0.005,568
F08762,F09,L02352,0.005,569
F08763,F09,L02352,0.005,570
F08764,F09,L02352,0.005,571
F08765,F09,L02352,0.005,572
F08766,F09,L02352,0.005,573
F08767,F09,L02352,0.005,574
F08768,F09,L02352,0.005,575
F08769,F09,L02352,0.005,576
F08770,F09,L02352,0.005,577
F08771,F09,L02352,0.005,578
F08772,F09,L02352,0.005,579
F08773,F09,L02352,0.005,580
F08774,F09,L02352,0.005,581
F08775,F09,L02352,0.005,582
F08776,F09,L02352,0.005,583
F08777,F09,L02352,0.005,584
F08778,F09,L02352,0.005,585
F08779,F09,L02352,0.005,586
F08780,F09,L02352,0.005,587
F08781,F09,L02352,0.005,588
F08782,F09,L02352,0.005,589
F08783,F09,L02352,0.005,590
F08784,F09,L02352,0.005,591
F08785,F09,L02352,0.005,592
F08786,F09,L02352,0.005,593
F08787,F09,L02352,0.005,594
F08788,F09,L02352,0.005,595
F08789,F09,L02352,0.005,596
F08790,F09,L02352,0.005,597
F08791,F09,L02352,0.005,598
F08792,F09,L02352,0.005,599
F08793,F09,L02352,0.005,600
F08794,F09,L02352,0.005,601
F08795,F09,L02352,0.005,602
F08796,F09,L02352,0.005,603
F08797,F09,L02352,0.005,604
F08798,F09,L02352,0.005,605
F08799,F09,L02352,0.005,606
F08800,F09,L02352,0.005,607
F08801,F09,L02352,0.005,608
F08802,F09,L02352,0.005,609
F08803,F09,L02352,0.005,610
F08804,F09,L02352,0.005,611
F08805,F09,L02352,0.005,612
F08806,F09,L02352,0.005,613
F08807,F09,L02352,0.005,614
F08808,F09,L02352,0.005,615
F08809,F09,L02352,0.005,616
F08810,F09,L02352,0.005,617
F08811,F09,L02352,0.005,618
F08812,F09,L02352,0.005,619
F08813,F09,L02352,0.005,620
F08814,F09,L02352,0.005,621
F08815,F09,L02352,0.005,622
F08816,F09,L02352,0.005,623
F08817,F09,L02352,0.005,624
F08818,F09,L02352,0.005,625
F08819,F09,L02352,0.005,626
F08820,F09,L02352,0.005,627
F08821,F09,L02352,0.005,628
F08822,F09,L02352,0.005,629
F08823,F09,L02352,0.005,630
F08824,F09,L02352,0.005,631
F08825,F09,L02352,0.005,632
F08826,F09,L02352,0.005,633
F08827,F09,L02352,0.005,634
F08828,F09,L02352,0.005,635
F08829,F09,L02352,0.005,636
F08830,F09,L02352,0.005,637
F08831,F09,L02352,0.005,638
F08832,F09,L02352,0.005,639
F08833,F09,L02352,0.005,640
F08834,F09,L02352,0.005,641
F08835,F09,L02352,0.005,642
F08836,F09,L02352,0.005,643
F08837,F09,L02352,0.005,644
F08838,F09,L02352,0.005,645
F08839,F09,L02352,0.005,646
F08840,F09,L02352,0.005,647
F08841,F09,L02352,0.005,648
F08842,F09,L02352,0.005,649
F08843,F09,L02352,0.005,650
F08844,F09,L02352,0.005,651
F08845,F09,L02352,0.005,652
F08846,F09,L02352,0.005,653
F08847,F09,L02352,0.005,654
F08848,F09,L02352,0.005,655
F08849,F09,L02352,0.005,656
F08850,F09,L02352,0.005,657
F08851,F09,L02352,0.005,658
F08852,F09,L02352,0.005,659
F08853,F09,L02352,0.005,660
F08854,F09,L02352,0.005,661
F08855,F09,L02352,0.005,662
F08856,F09,L02352,0.005,663
F08857,F09,L02352,0.005,664
F08858,F09,L02352,0.005,665
F08859,F09,L02352,0.005,666
F08860,F09,L02352,0.005,667
F08861,F09,L02352,0.005,668
F08862,F09,L02352,0.005,669
F08863,F09,L02352,0.005,670
F08864,F09,L02352,0.005,671
F08865,F09,L02352,0.005,672
F08866,F09,L02352,0.005,673
F08867,F09,L02352,0.005,674
F08868,F09,L02352,0.005,675
F08869,F09,L02352,0.005,676
F08870,F09,L02352,0.005,677
F08871,F09,L02352,0.005,678
F08872,F09,L02352,0.005,679
F08873,F09,L02352,0.005,680
F08874,F09,L02352,0.005,681
F08875,F09,L02352,0.005,682
F08876,F09,L02352,0.005,683
F08877,F09,L02352,0.005,684
F08878,F09,L02352,0.005,685
F08879,F09,L02352,0.005,686
F08880,F09,L02352,0.005,687
F08881,F09,L02352,0.005,688
F08882,F09,L02352,0.005,689
F08883,F09,L02352,0.005,690
F08884,F09,L02352,0.005,691
F08885,F09,L02352,0.005,692
F08886,F09,L02352,0.005,693
F08887,F09,L02352,0.005,694
F08888,F09,L02352,0.005,695
F08889,F09,L02352,0.005,696
F08890,F09,L02352,0.005,697
F08891,F09,L02352,0.005,698
F08892,F09,L02352,0.005,699
F08893,F09,L02352,0.005,700
F08894,F09,L02352,0.005,701
F08895,F09,L02352,0.005,702
F08896,F09,L02352,0.005,703
F08897,F09,L02352,0.005,704
F08898,F09,L02352,0.005,705
F08899,F09,L02352,0.005,706
F08900,F09,L02352,0.005,707
F08901,F09,L02352,0.005,708
F08902,F09,L02352,0.005,709
F08903,F09,L02352,0.005,710
F08904,F09,L02352,0.005,711
F08905,F09,L02352,0.005,712
F08906,F09,L02352,0.005,713
F08907,F09,L02352,0.005,714
F08908,F09,L02352,0.005,715
F08909,F09,L02352,0.005,716
F08910,F09,L02352,0.005,717
F08911,F09,L02352,0.005,718
F08912,F09,L02352,0.005,719
F08913,F09,L02352,0.005,720
F08914,F09,L02352,0.005,721
F08915,F09,L02352,0.005,722
F08916,F09,L02352,0.005,723
F08917,F09,L02352,0.005,724
F08918,F09,L02352,0.005,725
F08919,F09,L02352,0.005,726
F08920,F09,L02352,0.005,727
F08921,F09,L02352,0.005,728
F08922,F09,L02352,0.005,729
F08923,F09,L02352,0.005,730
F08924,F09,L02352,0.005,731
F08925,F09,L02352,0.005,732
F08926,F09,L02352,0.005,733
F08927,F09,L02352,0.005,734
F08928,F09,L02352,0.005,735
F08929,F09,L02352,0.005,736
F08930,F09,L02352,0.005,737
F08931,F09,L02352,0.005,738
F08932,F09,L02352,0.005,739
F08933,F09,L02352,0.005,740
F08934,F09,L02352,0.005,741
F08935,F09,L02352,0.005,742
F08936,F09,L02352,0.005,743
F08937,F09,L02352,0.005,744
F08938,F09,L02352,0.005,745
F08939,F09,L02352,0.005,746
F08940,F09,L02352,0.005,747
F08941,F09,L02352,0.005,748
F08942,F09,L02352,0.005,749
F08943,F09,L02352,0.005,750
F08944,F09,L02352,0.005,751
F08945,F09,L02352,0.005,752
F08946,F09,L02352,0.005,753
F08947,F09,L02352,0.005,754
F08948,F09,L02352,0.005,755
F08949,F09,L02352,0.005,756
F08950,F09,L02352,0.005,757
F08951,F09,L02352,0.005,758
F08952,F09,L02352,0.005,759
F08953,F09,L02352,0.005,760
F08954,F09,L02352,0.005,761
F08955,F09,L02352,0.005,762
F08956,F09,L02352,0.005,763
F08957,F09,L02352,0.005,764
F08958,F09,L02352,0.005,765
F08959,F09,L02352,0.005,766
F08960,F09,L02352,0.005,767
F08961,F09,L02352,0.005,768
F08962,F09,L02352,0.005,769
F08963,F09,L02352,0.005,770
F08964,F09,L02352,0.005,771
F08965,F09,L02352,0.005,772
F08966,F09,L02352,0.005,773
F08967,F09,L02352,0.005,774
F08968,F09,L02352,0.005,775
F08969,F09,L02352,0.005,776
F08970,F09,L02352,0.005,777
F08971,F09,L02352,0.005,778
F08972,F09,L02352,0.005,779
F08973,F09,L02352,0.005,780
F08974,F09,L02352,0.005,781
F08975,F09,L02352,0.005,782
F08976,F09,L02352,0.005,783
F08977,F09,L02352,0.005,784
F08978,F09,L02352,0.005,785
F08979,F09,L02352,0.005,786
F08980,F09,L02352,0.005,787
F08981,F09,L02352,0.005,788
F08982,F09,L02352,0.005,789
F08983,F09,L02352,0.005,790
F08984,F09,L02352,0.005,791
F08985,F09,L02352,0.005,792
F08986,F09,L02352,0.005,793
F08987,F09,L02352,0.005,794
F08988,F09,L02352,0.005,795
F08989,F09,L02352,0.005,796
F08990,F09,L02352,0.005,797
F08991,F09,L02352,0.005,798
F08992,F09,L02352,0.005,799
F08993,F09,L02352,0.005,800
F08994,F09,L02352,0.005,801
F08995,F09,L02352,0.005,802
F08996,F09,L02352,0.005,803
F08997,F09,L02352,0.005,804
F08998,F09,L02352,0.005,805
F08999,F09,L02352,0.005,806
F09000,F09,L02352,0.005,807
F09001,F09,L02352,0.005,808
F09002,F09,L02352,0.005,809
F09003,F09,L02352,0.005,810
F09004,F09,L02352,0.005,811
F09005,F09,L02352,0.005,812
F09006,F09,L02352,0.005,813
F09007,F09,L02352,0.005,814
F09008,F09,L02352,0.005,815
F09009,F09,L02352,0.005,816
F09010,F09,L02352,0.005,817
F09011,F09,L02352,0.005,818
F09012,F09,L02352,0.005,819
F09013,F09,L02352,0.005,820
F09014,F09,L02352,0.005,821
F09015,F09,L02352,0.005,822
F09016,F09,L02352,0.005,823
F09017,F09,L02352,0.005,824
F09018,F09,L02352,0.005,825
F09019,F09,L02352,0.005,826
F09020,F09,L02352,0.005,827
F09021,F09,L02352,0.005,828
F09022,F09,L02352,0.005,829
F09023,F09,L02352,0.005,830
F09024,F09,L02352,0.005,831
F09025,F09,L02352,0.005,832
F09026,F09,L02352,0.005,833
F09027,F09,L02352,0.005,834
F09028,F09,L02352,0.005,835
F09029,F09,L02352,0.005,836
F09030,F09,L02352,0.005,837
F09031,F09,L02352,0.005,838
F09032,F09,L02352,0.005,839
F09033,F09,L02352,0.005,840
F09034,F09,L02352,0.005,841
F09035,F09,L02352,0.005,842
F09036,F09,L02352,0.005,843
F09037,F09,L02352,0.005,844
F09038,F09,L02352,0.005,845
F09039,F09,L02352,0.005,846
F09040,F09,L02352,0.005,847
F09041,F09,L02352,0.005,848
F09042,F09,L02352,0.005,849
F09043,F09,L02352,0.005,850
F09044,F09,L02352,0.005,851
F09045,F09,L02352,0.005,852
F09046,F09,L02352,0.005,853
F09047,F09,L02352,0.005,854
F09048,F09,L02352,0.005,855
F09049,F09,L02352,0.005,856
F09050,F09,L02352,0.005,857
F09051,F09,L02352,0.005,858
F09052,F09,L02352,0.005,859
F09053,F09,L02352,0.005,860
F09054,F09,L02352,0.005,861
F09055,F09,L02352,0.005,862
F09056,F09,L02352,0.005,863
F09057,F09,L02352,0.005,864
F09058,F09,L02352,0.005,865
F09059,F09,L02352,0.005,866
F09060,F09,L02352,0.005,867
F09061,F09,L02352,0.005,868
F09062,F09,L02352,0.005,869
F09063,F09,L02352,0.005,870
F09064,F09,L02352,0.005,871
F09065,F09,L02352,0.005,872
F09066,F09,L02352,0.005,873
F09067,F09,L02352,0.005,874
F09068,F09,L02352,0.005,875
F09069,F09,L02352,0.005,876
F09070,F09,L02352,0.005,877
F09071,F09,L02352,0.005,878
F09072,F09,L02352,0.005,879
F09073,F09,L02352,0.005,880
F09074,F09,L02352,0.005,881
F09075,F09,L02352,0.005,882
F09076,F09,L02352,0.005,883
F09077,F09,L02352,0.005,884
F09078,F09,L02352,0.005,885
F09079,F09,L02352,0.005,886
F09080,F09,L02352,0.005,887
F09081,F09,L02352,0.005,888
F09082,F09,L02352,0.005,889
F09083,F09,L02352,0.005,890
F09084,F09,L02352,0.005,891
F09085,F09,L02352,0.005,892
F09086,F09,L02352,0.005,893
F09087,F09,L02352,0.005,894
F09088,F09,L02352,0.005,895
F09089,F09,L02352,0.005,896
F09090,F09,L02352,0.005,897
F09091,F09,L02352,0.005,898
F09092,F09,L02352,0.005,899
F09093,F09,L02352,0.005,900
F09094,F09,L02352,0.005,901
F09095,F09,L02352,0.005,902
F09096,F09,L02352,0.005,903
F09097,F09,L02352,0.005,904
F09098,F09,L02352,0.005,905
F09099,F09,L02352,0.005,906
F09100,F09,L02352,0.005,907
F09101,F09,L02352,0.005,908
F09102,F09,L02352,0.005,909
F09103,F09,L02352,0.005,910
F09104,F09,L02352,0.005,911
F09105,F09,L02352,0.005,912
F09106,F09,L02352,0.005,913
F09107,F09,L02352,0.005,914
F09108,F09,L02352,0.005,915
F09109,F09,L02352,0.005,916
F09110,F09,L02352,0.005,917
F09111,F09,L02352,0.005,918
F09112,F09,L02352,0.005,919
F09113,F09,L02352,0.005,920
F09114,F09,L02352,0.005,921
F09115,F09,L02352,0.005,922
F09116,F09,L02352,0.005,923
F09117,F09,L02352,0.005,924
F09118,F09,L02352,0.005,925
F09119,F09,L02352,0.005,926
F09120,F09,L02352,0.005,927
F09121,F09,L02352,0.005,928
F09122,F09,L02352,0.005,929
F09123,F09,L02352,0.005,930
F09124,F09,L02352,0.005,931
F09125,F09,L02352,0.005,932
F09126,F09,L02352,0.005,933
F09127,F09,L02352,0.005,934
F09128,F09,L02352,0.005,935
F09129,F09,L02352,0.005,936
F09130,F09,L02352,0.005,937
F09131,F09,L02352,0.005,938
F09132,F09,L02352,0.005,939
F09133,F09,L02352,0.005,940
F09134,F09,L02352,0.005,941
F09135,F09,L02352,0.005,942
F09136,F09,L02352,0.005,943
F09137,F09,L02352,0.005,944
F09138,F09,L02352,0.005,945
F09139,F09,L02352,0.005,946
F09140,F09,L02352,0.005,947
F09141,F09,L02352,0.005,948
F09142,F09,L02352,0.005,949
F09143,F09,L02352,0.005,950
F09144,F09,L02352,0.005,951
F09145,F09,L02352,0.005,952
F09146,F09,L02352,0.005,953
F09147,F09,L02352,0.005,954
F09148,F09,L02352,0.005,955
F09149,F09,L02352,0.005,956
F09150,F09,L02352,0.005,957
F09151,F09,L02352,0.005,958
F09152,F09,L02352,0.005,959
F09153,F09,L02352,0.005,960
F09154,F09,L02352,0.005,961
F09155,F09,L02352,0.005,962
F09156,F09,L02352,0.005,963
F09157,F09,L02352,0.005,964
F09158,F09,L02352,0.005,965
F09159,F09,L02352,0.005,966
F09160,F09,L02352,0.005,967
F09161,F09,L02352,0.005,968
F09162,F09,L02352,0.005,969
F09163,F09,L02352,0.005,970
F09164,F09,L02352,0.005,971
F09165,F09,L02352,0.005,972
F09166,F09,L02352,0.005,973
F09167,F09,L02352,0.005,974
F09168,F09,L02352,0.005,975
F09169,F09,L02352,0.005,976
F09170,F09,L02352,0.005,977
F09171,F09,L02352,0.005,978
F09172,F09,L02352,0.005,979
F09173,F09,L02352,0.005,980
F09174,F09,L02352,0.005,981
F09175,F09,L02352,0.005,982
F09176,F09,L02352,0.005,983
F09177,F09,L02352,0.005,984
F09178,F09,L02352,0.005,985
F09179,F09,L02352,0.005,986
F09180,F09,L02352,0.005,987
F09181,F09,L02352,0.005,988
F09182,F09,L02352,0.005,989
F09183,F09,L02352,0.005,990
F09184,F09,L02352,0.005,991
F09185,F09,L02352,0.005,992
F09186,F09,L02352,0.005,993
F09187,F09,L02352,0.005,994
F09188,F09,L02352,0.005,995
F09189,F09,L02352,0.005,996
F09190,F09,L02352,0.005,997
F09191,F09,L02352,0.005,998
F09192,F09,L02352,0.005,999
F09193,F09,L02352,0.005,1000
F09194,F09,L02352,0.005,1001
F09195,F09,L02352,0.005,1002
F09196,F09,L02352,0.005,1003
F09197,F09,L02352,0.005,1004
F09198,F09,L02352,0.005,1005
F09199,F09,L02352,0.005,1006
F09200,F09,L02352,0.005,1007
F09201,F09,L02352,0.005,1008
F09202,F09,L02352,0.005,1009
F09203,F09,L02352,0.005,1010
F09204,F09,L02352,0.005,1011
F09205,F09,L02352,0.005,1012
F09206,F09,L02352,0.005,1013
F09207,F09,L02352,0.005,1014
F09208,F09,L02352,0.005,1015
F09209,F09,L02352,0.005,1016
F09210,F09,L02352,0.005,1017
F09211,F09,L02352,0.005,1018
F09212,F09,L02352,0.005,1019
F09213,F09,L02352,0.005,1020
F09214,F09,L02352,0.005,1021
F09215,F09,L02352,0.005,1022
F09216,F09,L02352,0.005,1023
F09217,F10,L02352,0.01,0
F09218,F10,L02352,0.01,1
F09219,F10,L02352,0.01,2
F09220,F10,L02352,0.01,3
F09221,F10,L02352,0.01,4
F09222,F10,L02352,0.01,5
F09223,F10,L02352,0.01,6
F09224,F10,L02352,0.01,7
F09225,F10,L02352,0.01,8
F09226,F10,L02352,0.01,9
F09227,F10,L02352,0.01,10
F09228,F10,L02352,0.01,11
F09229,F10,L02352,0.01,12
F09230,F10,L02352,0.01,13
F09231,F10,L02352,0.01,14
F09232,F10,L02352,0.01,15
F09233,F10,L02352,0.01,16
F09234,F10,L02352,0.01,17
F09235,F10,L02352,0.01,18
F09236,F10,L02352,0.01,19
F09237,F10,L02352,0.01,20
F09238,F10,L02352,0.01,21
F09239,F10,L02352,0.01,22
F09240,F10,L02352,0.01,23
F09241,F10,L02352,0.01,24
F09242,F10,L02352,0.01,25
F09243,F10,L02352,0.01,26
F09244,F10,L02352,0.01,27
F09245,F10,L02352,0.01,28
F09246,F10,L02352,0.01,29
F09247,F10,L02352,0.01,30
F09248,F10,L02352,0.01,31
F09249,F10,L02352,0.01,32
F09250,F10,L02352,0.01,33
F09251,F10,L02352,0.01,34
F09252,F10,L02352,0.01,35
F09253,F10,L02352,0.01,36
F09254,F10,L02352,0.01,37
F09255,F10,L02352,0.01,38
F09256,F10,L02352,0.01,39
F09257,F10,L02352,0.01,40
F09258,F10,L02352,0.01,41
F09259,F10,L02352,0.01,42
F09260,F10,L02352,0.01,43
F09261,F10,L02352,0.01,44
F09262,F10,L02352,0.01,45
F09263,F10,L02352,0.01,46
F09264,F10,L02352,0.01,47
F09265,F10,L02352,0.01,48
F09266,F10,L02352,0.01,49
F09267,F10,L02352,0.01,50
F09268,F10,L02352,0.01,51
F09269,F10,L02352,0.01,52
F09270,F10,L02352,0.01,53
F09271,F10,L02352,0.01,54
F09272,F10,L02352,0.01,55
F09273,F10,L02352,0.01,56
F09274,F10,L02352,0.01,57
F09275,F10,L02352,0.01,58
F09276,F10,L02352,0.01,59
F09277,F10,L02352,0.01,60
F09278,F10,L02352,0.01,61
F09279,F10,L02352,0.01,62
F09280,F10,L02352,0.01,63
F09281,F10,L02352,0.01,64
F09282,F10,L02352,0.01,65
F09283,F10,L02352,0.01,66
F09284,F10,L02352,0.01,67
F09285,F10,L02352,0.01,68
F09286,F10,L02352,0.01,69
F09287,F10,L02352,0.01,70
F09288,F10,L02352,0.01,71
F09289,F10,L02352,0.01,72
F09290,F10,L02352,0.01,73
F09291,F10,L02352,0.01,74
F09292,F10,L02352,0.01,75
F09293,F10,L02352,0.01,76
F09294,F10,L02352,0.01,77
F09295,F10,L02352,0.01,78
F09296,F10,L02352,0.01,79
F09297,F10,L02352,0.01,80
F09298,F10,L02352,0.01,81
F09299,F10,L02352,0.01,82
F09300,F10,L02352,0.01,83
F09301,F10,L02352,0.01,84
F09302,F10,L02352,0.01,85
F09303,F10,L02352,0.01,86
F09304,F10,L02352,0.01,87
F09305,F10,L02352,0.01,88
F09306,F10,L02352,0.01,89
F09307,F10,L02352,0.01,90
F09308,F10,L02352,0.01,91
F09309,F10,L02352,0.01,92
F09310,F10,L02352,0.01,93
F09311,F10,L02352,0.01,94
F09312,F10,L02352,0.01,95
F09313,F10,L02352,0.01,96
F09314,F10,L02352,0.01,97
F09315,F10,L02352,0.01,98
F09316,F10,L02352,0.01,99
F09317,F10,L02352,0.01,100
F09318,F10,L02352,0.01,101
F09319,F10,L02352,0.01,102
F09320,F10,L02352,0.01,103
F09321,F10,L02352,0.01,104
F09322,F10,L02352,0.01,105
F09323,F10,L02352,0.01,106
F09324,F10,L02352,0.01,107
F09325,F10,L02352,0.01,108
F09326,F10,L02352,0.01,109
F09327,F10,L02352,0.01,110
F09328,F10,L02352,0.01,111
F09329,F10,L02352,0.01,112
F09330,F10,L02352,0.01,113
F09331,F10,L02352,0.01,114
F09332,F10,L02352,0.01,115
F09333,F10,L02352,0.01,116
F09334,F10,L02352,0.01,117
F09335,F10,L02352,0.01,118
F09336,F10,L02352,0.01,119
F09337,F10,L02352,0.01,120
F09338,F10,L02352,0.01,121
F09339,F10,L02352,0.01,122
F09340,F10,L02352,0.01,123
F09341,F10,L02352,0.01,124
F09342,F10,L02352,0.01,125
F09343,F10,L02352,0.01,126
F09344,F10,L02352,0.01,127
F09345,F10,L02352,0.01,128
F09346,F10,L02352,0.01,129
F09347,F10,L02352,0.01,130
F09348,F10,L02352,0.01,131
F09349,F10,L02352,0.01,132
F09350,F10,L02352,0.01,133
F09351,F10,L02352,0.01,134
F09352,F10,L02352,0.01,135
F09353,F10,L02352,0.01,136
F09354,F10,L02352,0.01,137
F09355,F10,L02352,0.01,138
F09356,F10,L02352,0.01,139
F09357,F10,L02352,0.01,140
F09358,F10,L02352,0.01,141
F09359,F10,L02352,0.01,142
F09360,F10,L02352,0.01,143
F09361,F10,L02352,0.01,144
F09362,F10,L02352,0.01,145
F09363,F10,L02352,0.01,146
F09364,F10,L02352,0.01,147
F09365,F10,L02352,0.01,148
F09366,F10,L02352,0.01,149
F09367,F10,L02352,0.01,150
F09368,F10,L02352,0.01,151
F09369,F10,L02352,0.01,152
F09370,F10,L02352,0.01,153
F09371,F10,L02352,0.01,154
F09372,F10,L02352,0.01,155
F09373,F10,L02352,0.01,156
F09374,F10,L02352,0.01,157
F09375,F10,L02352,0.01,158
F09376,F10,L02352,0.01,159
F09377,F10,L02352,0.01,160
F09378,F10,L02352,0.01,161
F09379,F10,L02352,0.01,162
F09380,F10,L02352,0.01,163
F09381,F10,L02352,0.01,164
F09382,F10,L02352,0.01,165
F09383,F10,L02352,0.01,166
F09384,F10,L02352,0.01,167
F09385,F10,L02352,0.01,168
F09386,F10,L02352,0.01,169
F09387,F10,L02352,0.01,170
F09388,F10,L02352,0.01,171
F09389,F10,L02352,0.01,172
F09390,F10,L02352,0.01,173
F09391,F10,L02352,0.01,174
F09392,F10,L02352,0.01,175
F09393,F10,L02352,0.01,176
F09394,F10,L02352,0.01,177
F09395,F10,L02352,0.01,178
F09396,F10,L02352,0.01,179
F09397,F10,L02352,0.01,180
F09398,F10,L02352,0.01,181
F09399,F10,L02352,0.01,182
F09400,F10,L02352,0.01,183
F09401,F10,L02352,0.01,184
F09402,F10,L02352,0.01,185
F09403,F10,L02352,0.01,186
F09404,F10,L02352,0.01,187
F09405,F10,L02352,0.01,188
F09406,F10,L02352,0.01,189
F09407,F10,L02352,0.01,190
F09408,F10,L02352,0.01,191
F09409,F10,L02352,0.01,192
F09410,F10,L02352,0.01,193
F09411,F10,L02352,0.01,194
F09412,F10,L02352,0.01,195
F09413,F10,L02352,0.01,196
F09414,F10,L02352,0.01,197
F09415,F10,L02352,0.01,198
F09416,F10,L02352,0.01,199
F09417,F10,L02352,0.01,200
F09418,F10,L02352,0.01,201
F09419,F10,L02352,0.01,202
F09420,F10,L02352,0.01,203
F09421,F10,L02352,0.01,204
F09422,F10,L02352,0.01,205
F09423,F10,L02352,0.01,206
F09424,F10,L02352,0.01,207
F09425,F10,L02352,0.01,208
F09426,F10,L02352,0.01,209
F09427,F10,L02352,0.01,210
F09428,F10,L02352,0.01,211
F09429,F10,L02352,0.01,212
F09430,F10,L02352,0.01,213
F09431,F10,L02352,0.01,214
F09432,F10,L02352,0.01,215
F09433,F10,L02352,0.01,216
F09434,F10,L02352,0.01,217
F09435,F10,L02352,0.01,218
F09436,F10,L02352,0.01,219
F09437,F10,L02352,0.01,220
F09438,F10,L02352,0.01,221
F09439,F10,L02352,0.01,222
F09440,F10,L02352,0.01,223
F09441,F10,L02352,0.01,224
F09442,F10,L02352,0.01,225
F09443,F10,L02352,0.01,226
F09444,F10,L02352,0.01,227
F09445,F10,L02352,0.01,228
F09446,F10,L02352,0.01,229
F09447,F10,L02352,0.01,230
F09448,F10,L02352,0.01,231
F09449,F10,L02352,0.01,232
F09450,F10,L02352,0.01,233
F09451,F10,L02352,0.01,234
F09452,F10,L02352,0.01,235
F09453,F10,L02352,0.01,236
F09454,F10,L02352,0.01,237
F09455,F10,L02352,0.01,238
F09456,F10,L02352,0.01,239
F09457,F10,L02352,0.01,240
F09458,F10,L02352,0.01,241
F09459,F10,L02352,0.01,242
F09460,F10,L02352,0.01,243
F09461,F10,L02352,0.01,244
F09462,F10,L02352,0.01,245
F09463,F10,L02352,0.01,246
F09464,F10,L02352,0.01,247
F09465,F10,L02352,0.01,248
F09466,F10,L02352,0.01,249
F09467,F10,L02352,0.01,250
F09468,F10,L02352,0.01,251
F09469,F10,L02352,0.01,252
F09470,F10,L02352,0.01,253
F09471,F10,L02352,0.01,254
F09472,F10,L02352,0.01,255
F09473,F10,L02352,0.01,256
F09474,F10,L02352,0.01,257
F09475,F10,L02352,0.01,258
F09476,F10,L02352,0.01,259
F09477,F10,L02352,0.01,260
F09478,F10,L02352,0.01,261
F09479,F10,L02352,0.01,262
F09480,F10,L02352,0.01,263
F09481,F10,L02352,0.01,264
F09482,F10,L02352,0.01,265
F09483,F10,L02352,0.01,266
F09484,F10,L02352,0.01,267
F09485,F10,L02352,0.01,268
F09486,F10,L02352,0.01,269
F09487,F10,L02352,0.01,270
F09488,F10,L02352,0.01,271
F09489,F10,L02352,0.01,272
F09490,F10,L02352,0.01,273
F09491,F10,L02352,0.01,274
F09492,F10,L02352,0.01,275
F09493,F10,L02352,0.01,276
F09494,F10,L02352,0.01,277
F09495,F10,L02352,0.01,278
F09496,F10,L02352,0.01,279
F09497,F10,L02352,0.01,280
F09498,F10,L02352,0.01,281
F09499,F10,L02352,0.01,282
F09500,F10,L02352,0.01,283
F09501,F10,L02352,0.01,284
F09502,F10,L02352,0.01,285
F09503,F10,L02352,0.01,286
F09504,F10,L02352,0.01,287
F09505,F10,L02352,0.01,288
F09506,F10,L02352,0.01,289
F09507,F10,L02352,0.01,290
F09508,F10,L02352,0.01,291
F09509,F10,L02352,0.01,292
F09510,F10,L02352,0.01,293
F09511,F10,L02352,0.01,294
F09512,F10,L02352,0.01,295
F09513,F10,L02352,0.01,296
F09514,F10,L02352,0.01,297
F09515,F10,L02352,0.01,298
F09516,F10,L02352,0.01,299
F09517,F10,L02352,0.01,300
F09518,F10,L02352,0.01,301
F09519,F10,L02352,0.01,302
F09520,F10,L02352,0.01,303
F09521,F10,L02352,0.01,304
F09522,F10,L02352,0.01,305
F09523,F10,L02352,0.01,306
F09524,F10,L02352,0.01,307
F09525,F10,L02352,0.01,308
F09526,F10,L02352,0.01,309
F09527,F10,L02352,0.01,310
F09528,F10,L02352,0.01,311
F09529,F10,L02352,0.01,312
F09530,F10,L02352,0.01,313
F09531,F10,L02352,0.01,314
F09532,F10,L02352,0.01,315
F09533,F10,L02352,0.01,316
F09534,F10,L02352,0.01,317
F09535,F10,L02352,0.01,318
F09536,F10,L02352,0.01,319
F09537,F10,L02352,0.01,320
F09538,F10,L02352,0.01,321
F09539,F10,L02352,0.01,322
F09540,F10,L02352,0.01,323
F09541,F10,L02352,0.01,324
F09542,F10,L02352,0.01,325
F09543,F10,L02352,0.01,326
F09544,F10,L02352,0.01,327
F09545,F10,L02352,0.01,328
F09546,F10,L02352,0.01,329
F09547,F10,L02352,0.01,330
F09548,F10,L02352,0.01,331
F09549,F10,L02352,0.01,332
F09550,F10,L02352,0.01,333
F09551,F10,L02352,0.01,334
F09552,F10,L02352,0.01,335
F09553,F10,L02352,0.01,336
F09554,F10,L02352,0.01,337
F09555,F10,L02352,0.01,338
F09556,F10,L02352,0.01,339
F09557,F10,L02352,0.01,340
F09558,F10,L02352,0.01,341
F09559,F10,L02352,0.01,342
F09560,F10,L02352,0.01,343
F09561,F10,L02352,0.01,344
F09562,F10,L02352,0.01,345
F09563,F10,L02352,0.01,346
F09564,F10,L02352,0.01,347
F09565,F10,L02352,0.01,348
F09566,F10,L02352,0.01,349
F09567,F10,L02352,0.01,350
F09568,F10,L02352,0.01,351
F09569,F10,L02352,0.01,352
F09570,F10,L02352,0.01,353
F09571,F10,L02352,0.01,354
F09572,F10,L02352,0.01,355
F09573,F10,L02352,0.01,356
F09574,F10,L02352,0.01,357
F09575,F10,L02352,0.01,358
F09576,F10,L02352,0.01,359
F09577,F10,L02352,0.01,360
F09578,F10,L02352,0.01,361
F09579,F10,L02352,0.01,362
F09580,F10,L02352,0.01,363
F09581,F10,L02352,0.01,364
F09582,F10,L02352,0.01,365
F09583,F10,L02352,0.01,366
F09584,F10,L02352,0.01,367
F09585,F10,L02352,0.01,368
F09586,F10,L02352,0.01,369
F09587,F10,L02352,0.01,370
F09588,F10,L02352,0.01,371
F09589,F10,L02352,0.01,372
F09590,F10,L02352,0.01,373
F09591,F10,L02352,0.01,374
F09592,F10,L02352,0.01,375
F09593,F10,L02352,0.01,376
F09594,F10,L02352,0.01,377
F09595,F10,L02352,0.01,378
F09596,F10,L02352,0.01,379
F09597,F10,L02352,0.01,380
F09598,F10,L02352,0.01,381
F09599,F10,L02352,0.01,382
F09600,F10,L02352,0.01,383
F09601,F10,L02352,0.01,384
F09602,F10,L02352,0.01,385
F09603,F10,L02352,0.01,386
F09604,F10,L02352,0.01,387
F09605,F10,L02352,0.01,388
F09606,F10,L02352,0.01,389
F09607,F10,L02352,0.01,390
F09608,F10,L02352,0.01,391
F09609,F10,L02352,0.01,392
F09610,F10,L02352,0.01,393
F09611,F10,L02352,0.01,394
F09612,F10,L02352,0.01,395
F09613,F10,L02352,0.01,396
F09614,F10,L02352,0.01,397
F09615,F10,L02352,0.01,398
F09616,F10,L02352,0.01,399
F09617,F10,L02352,0.01,400
F09618,F10,L02352,0.01,401
F09619,F10,L02352,0.01,402
F09620,F10,L02352,0.01,403
F09621,F10,L02352,0.01,404
F09622,F10,L02352,0.01,405
F09623,F10,L02352,0.01,406
F09624,F10,L02352,0.01,407
F09625,F10,L02352,0.01,408
F09626,F10,L02352,0.01,409
F09627,F10,L02352,0.01,410
F09628,F10,L02352,0.01,411
F09629,F10,L02352,0.01,412
F09630,F10,L02352,0.01,413
F09631,F10,L02352,0.01,414
F09632,F10,L02352,0.01,415
F09633,F10,L02352,0.01,416
F09634,F10,L02352,0.01,417
F09635,F10,L02352,0.01,418
F09636,F10,L02352,0.01,419
F09637,F10,L02352,0.01,420
F09638,F10,L02352,0.01,421
F09639,F10,L02352,0.01,422
F09640,F10,L02352,0.01,423
F09641,F10,L02352,0.01,424
F09642,F10,L02352,0.01,425
F09643,F10,L02352,0.01,426
F09644,F10,L02352,0.01,427
F09645,F10,L02352,0.01,428
F09646,F10,L02352,0.01,429
F09647,F10,L02352,0.01,430
F09648,F10,L02352,0.01,431
F09649,F10,L02352,0.01,432
F09650,F10,L02352,0.01,433
F09651,F10,L02352,0.01,434
F09652,F10,L02352,0.01,435
F09653,F10,L02352,0.01,436
F09654,F10,L02352,0.01,437
F09655,F10,L02352,0.01,438
F09656,F10,L02352,0.01,439
F09657,F10,L02352,0.01,440
F09658,F10,L02352,0.01,441
F09659,F10,L02352,0.01,442
F09660,F10,L02352,0.01,443
F09661,F10,L02352,0.01,444
F09662,F10,L02352,0.01,445
F09663,F10,L02352,0.01,446
F09664,F10,L02352,0.01,447
F09665,F10,L02352,0.01,448
F09666,F10,L02352,0.01,449
F09667,F10,L02352,0.01,450
F09668,F10,L02352,0.01,451
F09669,F10,L02352,0.01,452
F09670,F10,L02352,0.01,453
F09671,F10,L02352,0.01,454
F09672,F10,L02352,0.01,455
F09673,F10,L02352,0.01,456
F09674,F10,L02352,0.01,457
F09675,F10,L02352,0.01,458
F09676,F10,L02352,0.01,459
F09677,F10,L02352,0.01,460
F09678,F10,L02352,0.01,461
F09679,F10,L02352,0.01,462
F09680,F10,L02352,0.01,463
F09681,F10,L02352,0.01,464
F09682,F10,L02352,0.01,465
F09683,F10,L02352,0.01,466
F09684,F10,L02352,0.01,467
F09685,F10,L02352,0.01,468
F09686,F10,L02352,0.01,469
F09687,F10,L02352,0.01,470
F09688,F10,L02352,0.01,471
F09689,F10,L02352,0.01,472
F09690,F10,L02352,0.01,473
F09691,F10,L02352,0.01,474
F09692,F10,L02352,0.01,475
F09693,F10,L02352,0.01,476
F09694,F10,L02352,0.01,477
F09695,F10,L02352,0.01,478
F09696,F10,L02352,0.01,479
F09697,F10,L02352,0.01,480
F09698,F10,L02352,0.01,481
F09699,F10,L02352,0.01,482
F09700,F10,L02352,0.01,483
F09701,F10,L02352,0.01,484
F09702,F10,L02352,0.01,485
F09703,F10,L02352,0.01,486
F09704,F10,L02352,0.01,487
F09705,F10,L02352,0.01,488
F09706,F10,L02352,0.01,489
F09707,F10,L02352,0.01,490
F09708,F10,L02352,0.01,491
F09709,F10,L02352,0.01,492
F09710,F10,L02352,0.01,493
F09711,F10,L02352,0.01,494
F09712,F10,L02352,0.01,495
F09713,F10,L02352,0.01,496
F09714,F10,L02352,0.01,497
F09715,F10,L02352,0.01,498
F09716,F10,L02352,0.01,499
F09717,F10,L02352,0.01,500
F09718,F10,L02352,0.01,501
F09719,F10,L02352,0.01,502
F09720,F10,L02352,0.01,503
F09721,F10,L02352,0.01,504
F09722,F10,L02352,0.01,505
F09723,F10,L02352,0.01,506
F09724,F10,L02352,0.01,507
F09725,F10,L02352,0.01,508
F09726,F10,L02352,0.01,509
F09727,F10,L02352,0.01,510
F09728,F10,L02352,0.01,511
F09729,F10,L02352,0.01,512
F09730,F10,L02352,0.01,513
F09731,F10,L02352,0.01,514
F09732,F10,L02352,0.01,515
F09733,F10,L02352,0.01,516
F09734,F10,L02352,0.01,517
F09735,F10,L02352,0.01,518
F09736,F10,L02352,0.01,519
F09737,F10,L02352,0.01,520
F09738,F10,L02352,0.01,521
F09739,F10,L02352,0.01,522
F09740,F10,L02352,0.01,523
F09741,F10,L02352,0.01,524
F09742,F10,L02352,0.01,525
F09743,F10,L02352,0.01,526
F09744,F10,L02352,0.01,527
F09745,F10,L02352,0.01,528
F09746,F10,L02352,0.01,529
F09747,F10,L02352,0.01,530
F09748,F10,L02352,0.01,531
F09749,F10,L02352,0.01,532
F09750,F10,L02352,0.01,533
F09751,F10,L02352,0.01,534
F09752,F10,L02352,0.01,535
F09753,F10,L02352,0.01,536
F09754,F10,L02352,0.01,537
F09755,F10,L02352,0.01,538
F09756,F10,L02352,0.01,539
F09757,F10,L02352,0.01,540
F09758,F10,L02352,0.01,541
F09759,F10,L02352,0.01,542
F09760,F10,L02352,0.01,543
F09761,F10,L02352,0.01,544
F09762,F10,L02352,0.01,545
F09763,F10,L02352,0.01,546
F09764,F10,L02352,0.01,547
F09765,F10,L02352,0.01,548
F09766,F10,L02352,0.01,549
F09767,F10,L02352,0.01,550
F09768,F10,L02352,0.01,551
F09769,F10,L02352,0.01,552
F09770,F10,L02352,0.01,553
F09771,F10,L02352,0.01,554
F09772,F10,L02352,0.01,555
F09773,F10,L02352,0.01,556
F09774,F10,L02352,0.01,557
F09775,F10,L02352,0.01,558
F09776,F10,L02352,0.01,559
F09777,F10,L02352,0.01,560
F09778,F10,L02352,0.01,561
F09779,F10,L02352,0.01,562
F09780,F10,L02352,0.01,563
F09781,F10,L02352,0.01,564
F09782,F10,L02352,0.01,565
F09783,F10,L02352,0.01,566
F09784,F10,L02352,0.01,567
F09785,F10,L02352,0.01,568
F09786,F10,L02352,0.01,569
F09787,F10,L02352,0.01,570
F09788,F10,L02352,0.01,571
F09789,F10,L02352,0.01,572
F09790,F10,L02352,0.01,573
F09791,F10,L02352,0.01,574
F09792,F10,L02352,0.01,575
F09793,F10,L02352,0.01,576
F09794,F10,L02352,0.01,577
F09795,F10,L02352,0.01,578
F09796,F10,L02352,0.01,579
F09797,F10,L02352,0.01,580
F09798,F10,L02352,0.01,581
F09799,F10,L02352,0.01,582
F09800,F10,L02352,0.01,583
F09801,F10,L02352,0.01,584
F09802,F10,L02352,0.01,585
F09803,F10,L02352,0.01,586
F09804,F10,L02352,0.01,587
F09805,F10,L02352,0.01,588
F09806,F10,L02352,0.01,589
F09807,F10,L02352,0.01,590
F09808,F10,L02352,0.01,591
F09809,F10,L02352,0.01,592
F09810,F10,L02352,0.01,593
F09811,F10,L02352,0.01,594
F09812,F10,L02352,0.01,595
F09813,F10,L02352,0.01,596
F09814,F10,L02352,0.01,597
F09815,F10,L02352,0.01,598
F09816,F10,L02352,0.01,599
F09817,F10,L02352,0.01,600
F09818,F10,L02352,0.01,601
F09819,F10,L02352,0.01,602
F09820,F10,L02352,0.01,603
F09821,F10,L02352,0.01,604
F09822,F10,L02352,0.01,605
F09823,F10,L02352,0.01,606
F09824,F10,L02352,0.01,607
F09825,F10,L02352,0.01,608
F09826,F10,L02352,0.01,609
F09827,F10,L02352,0.01,610
F09828,F10,L02352,0.01,611
F09829,F10,L02352,0.01,612
F09830,F10,L02352,0.01,613
F09831,F10,L02352,0.01,614
F09832,F10,L02352,0.01,615
F09833,F10,L02352,0.01,616
F09834,F10,L02352,0.01,617
F09835,F10,L02352,0.01,618
F09836,F10,L02352,0.01,619
F09837,F10,L02352,0.01,620
F09838,F10,L02352,0.01,621
F09839,F10,L02352,0.01,622
F09840,F10,L02352,0.01,623
F09841,F10,L02352,0.01,624
F09842,F10,L02352,0.01,625
F09843,F10,L02352,0.01,626
F09844,F10,L02352,0.01,627
F09845,F10,L02352,0.01,628
F09846,F10,L02352,0.01,629
F09847,F10,L02352,0.01,630
F09848,F10,L02352,0.01,631
F09849,F10,L02352,0.01,632
F09850,F10,L02352,0.01,633
F09851,F10,L02352,0.01,634
F09852,F10,L02352,0.01,635
F09853,F10,L02352,0.01,636
F09854,F10,L02352,0.01,637
F09855,F10,L02352,0.01,638
F09856,F10,L02352,0.01,639
F09857,F10,L02352,0.01,640
F09858,F10,L02352,0.01,641
F09859,F10,L02352,0.01,642
F09860,F10,L02352,0.01,643
F09861,F10,L02352,0.01,644
F09862,F10,L02352,0.01,645
F09863,F10,L02352,0.01,646
F09864,F10,L02352,0.01,647
F09865,F10,L02352,0.01,648
F09866,F10,L02352,0.01,649
F09867,F10,L02352,0.01,650
F09868,F10,L02352,0.01,651
F09869,F10,L02352,0.01,652
F09870,F10,L02352,0.01,653
F09871,F10,L02352,0.01,654
F09872,F10,L02352,0.01,655
F09873,F10,L02352,0.01,656
F09874,F10,L02352,0.01,657
F09875,F10,L02352,0.01,658
F09876,F10,L02352,0.01,659
F09877,F10,L02352,0.01,660
F09878,F10,L02352,0.01,661
F09879,F10,L02352,0.01,662
F09880,F10,L02352,0.01,663
F09881,F10,L02352,0.01,664
F09882,F10,L02352,0.01,665
F09883,F10,L02352,0.01,666
F09884,F10,L02352,0.01,667
F09885,F10,L02352,0.01,668
F09886,F10,L02352,0.01,669
F09887,F10,L02352,0.01,670
F09888,F10,L02352,0.01,671
F09889,F10,L02352,0.01,672
F09890,F10,L02352,0.01,673
F09891,F10,L02352,0.01,674
F09892,F10,L02352,0.01,675
F09893,F10,L02352,0.01,676
F09894,F10,L02352,0.01,677
F09895,F10,L02352,0.01,678
F09896,F10,L02352,0.01,679
F09897,F10,L02352,0.01,680
F09898,F10,L02352,0.01,681
F09899,F10,L02352,0.01,682
F09900,F10,L02352,0.01,683
F09901,F10,L02352,0.01,684
F09902,F10,L02352,0.01,685
F09903,F10,L02352,0.01,686
F09904,F10,L02352,0.01,687
F09905,F10,L02352,0.01,688
F09906,F10,L02352,0.01,689
F09907,F10,L02352,0.01,690
F09908,F10,L02352,0.01,691
F09909,F10,L02352,0.01,692
F09910,F10,L02352,0.01,693
F09911,F10,L02352,0.01,694
F09912,F10,L02352,0.01,695
F09913,F10,L02352,0.01,696
F09914,F10,L02352,0.01,697
F09915,F10,L02352,0.01,698
F09916,F10,L02352,0.01,699
F09917,F10,L02352,0.01,700
F09918,F10,L02352,0.01,701
F09919,F10,L02352,0.01,702
F09920,F10,L02352,0.01,703
F09921,F10,L02352,0.01,704
F09922,F10,L02352,0.01,705
F09923,F10,L02352,0.01,706
F09924,F10,L02352,0.01,707
F09925,F10,L02352,0.01,708
F09926,F10,L02352,0.01,709
F09927,F10,L02352,0.01,710
F09928,F10,L02352,0.01,711
F09929,F10,L02352,0.01,712
F09930,F10,L02352,0.01,713
F09931,F10,L02352,0.01,714
F09932,F10,L02352,0.01,715
F09933,F10,L02352,0.01,716
F09934,F10,L02352,0.01,717
F09935,F10,L02352,0.01,718
F09936,F10,L02352,0.01,719
F09937,F10,L02352,0.01,720
F09938,F10,L02352,0.01,721
F09939,F10,L02352,0.01,722
F09940,F10,L02352,0.01,723
F09941,F10,L02352,0.01,724
F09942,F10,L02352,0.01,725
F09943,F10,L02352,0.01,726
F09944,F10,L02352,0.01,727
F09945,F10,L02352,0.01,728
F09946,F10,L02352,0.01,729
F09947,F10,L02352,0.01,730
F09948,F10,L02352,0.01,731
F09949,F10,L02352,0.01,732
F09950,F10,L02352,0.01,733
F09951,F10,L02352,0.01,734
F09952,F10,L02352,0.01,735
F09953,F10,L02352,0.01,736
F09954,F10,L02352,0.01,737
F09955,F10,L02352,0.01,738
F09956,F10,L02352,0.01,739
F09957,F10,L02352,0.01,740
F09958,F10,L02352,0.01,741
F09959,F10,L02352,0.01,742
F09960,F10,L02352,0.01,743
F09961,F10,L02352,0.01,744
F09962,F10,L02352,0.01,745
F09963,F10,L02352,0.01,746
F09964,F10,L02352,0.01,747
F09965,F10,L02352,0.01,748
F09966,F10,L02352,0.01,749
F09967,F10,L02352,0.01,750
F09968,F10,L02352,0.01,751
F09969,F10,L02352,0.01,752
F09970,F10,L02352,0.01,753
F09971,F10,L02352,0.01,754
F09972,F10,L02352,0.01,755
F09973,F10,L02352,0.01,756
F09974,F10,L02352,0.01,757
F09975,F10,L02352,0.01,758
F09976,F10,L02352,0.01,759
F09977,F10,L02352,0.01,760
F09978,F10,L02352,0.01,761
F09979,F10,L02352,0.01,762
F09980,F10,L02352,0.01,763
F09981,F10,L02352,0.01,764
F09982,F10,L02352,0.01,765
F09983,F10,L02352,0.01,766
F09984,F10,L02352,0.01,767
F09985,F10,L02352,0.01,768
F09986,F10,L02352,0.01,769
F09987,F10,L02352,0.01,770
F09988,F10,L02352,0.01,771
F09989,F10,L02352,0.01,772
F09990,F10,L02352,0.01,773
F09991,F10,L02352,0.01,774
F09992,F10,L02352,0.01,775
F09993,F10,L02352,0.01,776
F09994,F10,L02352,0.01,777
F09995,F10,L02352,0.01,778
F09996,F10,L02352,0.01,779
F09997,F10,L02352,0.01,780
F09998,F10,L02352,0.01,781
F09999,F10,L02352,0.01,782
F10000,F10,L02352,0.01,783
F10001,F10,L02352,0.01,784
F10002,F10,L02352,0.01,785
F10003,F10,L02352,0.01,786
F10004,F10,L02352,0.01,787
F10005,F10,L02352,0.01,788
F10006,F10,L02352,0.01,789
F10007,F10,L02352,0.01,790
F10008,F10,L02352,0.01,791
F10009,F10,L02352,0.01,792
F10010,F10,L02352,0.01,793
F10011,F10,L02352,0.01,794
F10012,F10,L02352,0.01,795
F10013,F10,L02352,0.01,796
F10014,F10,L02352,0.01,797
F10015,F10,L02352,0.01,798
F10016,F10,L02352,0.01,799
F10017,F10,L02352,0.01,800
F10018,F10,L02352,0.01,801
F10019,F10,L02352,0.01,802
F10020,F10,L02352,0.01,803
F10021,F10,L02352,0.01,804
F10022,F10,L02352,0.01,805
F10023,F10,L02352,0.01,806
F10024,F10,L02352,0.01,807
F10025,F10,L02352,0.01,808
F10026,F10,L02352,0.01,809
F10027,F10,L02352,0.01,810
F10028,F10,L02352,0.01,811
F10029,F10,L02352,0.01,812
F10030,F10,L02352,0.01,813
F10031,F10,L02352,0.01,814
F10032,F10,L02352,0.01,815
F10033,F10,L02352,0.01,816
F10034,F10,L02352,0.01,817
F10035,F10,L02352,0.01,818
F10036,F10,L02352,0.01,819
F10037,F10,L02352,0.01,820
F10038,F10,L02352,0.01,821
F10039,F10,L02352,0.01,822
F10040,F10,L02352,0.01,823
F10041,F10,L02352,0.01,824
F10042,F10,L02352,0.01,825
F10043,F10,L02352,0.01,826
F10044,F10,L02352,0.01,827
F10045,F10,L02352,0.01,828
F10046,F10,L02352,0.01,829
F10047,F10,L02352,0.01,830
F10048,F10,L02352,0.01,831
F10049,F10,L02352,0.01,832
F10050,F10,L02352,0.01,833
F10051,F10,L02352,0.01,834
F10052,F10,L02352,0.01,835
F10053,F10,L02352,0.01,836
F10054,F10,L02352,0.01,837
F10055,F10,L02352,0.01,838
F10056,F10,L02352,0.01,839
F10057,F10,L02352,0.01,840
F10058,F10,L02352,0.01,841
F10059,F10,L02352,0.01,842
F10060,F10,L02352,0.01,843
F10061,F10,L02352,0.01,844
F10062,F10,L02352,0.01,845
F10063,F10,L02352,0.01,846
F10064,F10,L02352,0.01,847
F10065,F10,L02352,0.01,848
F10066,F10,L02352,0.01,849
F10067,F10,L02352,0.01,850
F10068,F10,L02352,0.01,851
F10069,F10,L02352,0.01,852
F10070,F10,L02352,0.01,853
F10071,F10,L02352,0.01,854
F10072,F10,L02352,0.01,855
F10073,F10,L02352,0.01,856
F10074,F10,L02352,0.01,857
F10075,F10,L02352,0.01,858
F10076,F10,L02352,0.01,859
F10077,F10,L02352,0.01,860
F10078,F10,L02352,0.01,861
F10079,F10,L02352,0.01,862
F10080,F10,L02352,0.01,863
F10081,F10,L02352,0.01,864
F10082,F10,L02352,0.01,865
F10083,F10,L02352,0.01,866
F10084,F10,L02352,0.01,867
F10085,F10,L02352,0.01,868
F10086,F10,L02352,0.01,869
F10087,F10,L02352,0.01,870
F10088,F10,L02352,0.01,871
F10089,F10,L02352,0.01,872
F10090,F10,L02352,0.01,873
F10091,F10,L02352,0.01,874
F10092,F10,L02352,0.01,875
F10093,F10,L02352,0.01,876
F10094,F10,L02352,0.01,877
F10095,F10,L02352,0.01,878
F10096,F10,L02352,0.01,879
F10097,F10,L02352,0.01,880
F10098,F10,L02352,0.01,881
F10099,F10,L02352,0.01,882
F10100,F10,L02352,0.01,883
F10101,F10,L02352,0.01,884
F10102,F10,L02352,0.01,885
F10103,F10,L02352,0.01,886
F10104,F10,L02352,0.01,887
F10105,F10,L02352,0.01,888
F10106,F10,L02352,0.01,889
F10107,F10,L02352,0.01,890
F10108,F10,L02352,0.01,891
F10109,F10,L02352,0.01,892
F10110,F10,L02352,0.01,893
F10111,F10,L02352,0.01,894
F10112,F10,L02352,0.01,895
F10113,F10,L02352,0.01,896
F10114,F10,L02352,0.01,897
F10115,F10,L02352,0.01,898
F10116,F10,L02352,0.01,899
F10117,F10,L02352,0.01,900
F10118,F10,L02352,0.01,901
F10119,F10,L02352,0.01,902
F10120,F10,L02352,0.01,903
F10121,F10,L02352,0.01,904
F10122,F10,L02352,0.01,905
F10123,F10,L02352,0.01,906
F10124,F10,L02352,0.01,907
F10125,F10,L02352,0.01,908
F10126,F10,L02352,0.01,909
F10127,F10,L02352,0.01,910
F10128,F10,L02352,0.01,911
F10129,F10,L02352,0.01,912
F10130,F10,L02352,0.01,913
F10131,F10,L02352,0.01,914
F10132,F10,L02352,0.01,915
F10133,F10,L02352,0.01,916
F10134,F10,L02352,0.01,917
F10135,F10,L02352,0.01,918
F10136,F10,L02352,0.01,919
F10137,F10,L02352,0.01,920
F10138,F10,L02352,0.01,921
F10139,F10,L02352,0.01,922
F10140,F10,L02352,0.01,923
F10141,F10,L02352,0.01,924
F10142,F10,L02352,0.01,925
F10143,F10,L02352,0.01,926
F10144,F10,L02352,0.01,927
F10145,F10,L02352,0.01,928
F10146,F10,L02352,0.01,929
F10147,F10,L02352,0.01,930
F10148,F10,L02352,0.01,931
F10149,F10,L02352,0.01,932
F10150,F10,L02352,0.01,933
F10151,F10,L02352,0.01,934
F10152,F10,L02352,0.01,935
F10153,F10,L02352,0.01,936
F10154,F10,L02352,0.01,937
F10155,F10,L02352,0.01,938
F10156,F10,L02352,0.01,939
F10157,F10,L02352,0.01,940
F10158,F10,L02352,0.01,941
F10159,F10,L02352,0.01,942
F10160,F10,L02352,0.01,943
F10161,F10,L02352,0.01,944
F10162,F10,L02352,0.01,945
F10163,F10,L02352,0.01,946
F10164,F10,L02352,0.01,947
F10165,F10,L02352,0.01,948
F10166,F10,L02352,0.01,949
F10167,F10,L02352,0.01,950
F10168,F10,L02352,0.01,951
F10169,F10,L02352,0.01,952
F10170,F10,L02352,0.01,953
F10171,F10,L02352,0.01,954
F10172,F10,L02352,0.01,955
F10173,F10,L02352,0.01,956
F10174,F10,L02352,0.01,957
F10175,F10,L02352,0.01,958
F10176,F10,L02352,0.01,959
F10177,F10,L02352,0.01,960
F10178,F10,L02352,0.01,961
F10179,F10,L02352,0.01,962
F10180,F10,L02352,0.01,963
F10181,F10,L02352,0.01,964
F10182,F10,L02352,0.01,965
F10183,F10,L02352,0.01,966
F10184,F10,L02352,0.01,967
F10185,F10,L02352,0.01,968
F10186,F10,L02352,0.01,969
F10187,F10,L02352,0.01,970
F10188,F10,L02352,0.01,971
F10189,F10,L02352,0.01,972
F10190,F10,L02352,0.01,973
F10191,F10,L02352,0.01,974
F10192,F10,L02352,0.01,975
F10193,F10,L02352,0.01,976
F10194,F10,L02352,0.01,977
F10195,F10,L02352,0.01,978
F10196,F10,L02352,0.01,979
F10197,F10,L02352,0.01,980
F10198,F10,L02352,0.01,981
F10199,F10,L02352,0.01,982
F10200,F10,L02352,0.01,983
F10201,F10,L02352,0.01,984
F10202,F10,L02352,0.01,985
F10203,F10,L02352,0.01,986
F10204,F10,L02352,0.01,987
F10205,F10,L02352,0.01,988
F10206,F10,L02352,0.01,989
F10207,F10,L02352,0.01,990
F10208,F10,L02352,0.01,991
F10209,F10,L02352,0.01,992
F10210,F10,L02352,0.01,993
F10211,F10,L02352,0.01,994
F10212,F10,L02352,0.01,995
F10213,F10,L02352,0.01,996
F10214,F10,L02352,0.01,997
F10215,F10,L02352,0.01,998
F10216,F10,L02352,0.01,999
F10217,F10,L02352,0.01,1000
F10218,F10,L02352,0.01,1001
F10219,F10,L02352,0.01,1002
F10220,F10,L02352,0.01,1003
F10221,F10,L02352,0.01,1004
F10222,F10,L02352,0.01,1005
F10223,F10,L02352,0.01,1006
F10224,F10,L02352,0.01,1007
F10225,F10,L02352,0.01,1008
F10226,F10,L02352,0.01,1009
F10227,F10,L02352,0.01,1010
F10228,F10,L02352,0.01,1011
F10229,F10,L02352,0.01,1012
F10230,F10,L02352,0.01,1013
F10231,F10,L02352,0.01,1014
F10232,F10,L02352,0.01,1015
F10233,F10,L02352,0.01,1016
F10234,F10,L02352,0.01,1017
F10235,F10,L02352,0.01,1018
F10236,F10,L02352,0.01,1019
F10237,F10,L02352,0.01,1020
F10238,F10,L02352,0.01,1021
F10239,F10,L02352,0.01,1022
F10240,F10,L02352,0.01,1023
F10241,F11,L02352,0.02,0
F10242,F11,L02352,0.02,1
F10243,F11,L02352,0.02,2
F10244,F11,L02352,0.02,3
F10245,F11,L02352,0.02,4
F10246,F11,L02352,0.02,5
F10247,F11,L02352,0.02,6
F10248,F11,L02352,0.02,7
F10249,F11,L02352,0.02,8
F10250,F11,L02352,0.02,9
F10251,F11,L02352,0.02,10
F10252,F11,L02352,0.02,11
F10253,F11,L02352,0.02,12
F10254,F11,L02352,0.02,13
F10255,F11,L02352,0.02,14
F10256,F11,L02352,0.02,15
F10257,F11,L02352,0.02,16
F10258,F11,L02352,0.02,17
F10259,F11,L02352,0.02,18
F10260,F11,L02352,0.02,19
F10261,F11,L02352,0.02,20
F10262,F11,L02352,0.02,21
F10263,F11,L02352,0.02,22
F10264,F11,L02352,0.02,23
F10265,F11,L02352,0.02,24
F10266,F11,L02352,0.02,25
F10267,F11,L02352,0.02,26
F10268,F11,L02352,0.02,27
F10269,F11,L02352,0.02,28
F10270,F11,L02352,0.02,29
F10271,F11,L02352,0.02,30
F10272,F11,L02352,0.02,31
F10273,F11,L02352,0.02,32
F10274,F11,L02352,0.02,33
F10275,F11,L02352,0.02,34
F10276,F11,L02352,0.02,35
F10277,F11,L02352,0.02,36
F10278,F11,L02352,0.02,37
F10279,F11,L02352,0.02,38
F10280,F11,L02352,0.02,39
F10281,F11,L02352,0.02,40
F10282,F11,L02352,0.02,41
F10283,F11,L02352,0.02,42
F10284,F11,L02352,0.02,43
F10285,F11,L02352,0.02,44
F10286,F11,L02352,0.02,45
F10287,F11,L02352,0.02,46
F10288,F11,L02352,0.02,47
F10289,F11,L02352,0.02,48
F10290,F11,L02352,0.02,49
F10291,F11,L02352,0.02,50
F10292,F11,L02352,0.02,51
F10293,F11,L02352,0.02,52
F10294,F11,L02352,0.02,53
F10295,F11,L02352,0.02,54
F10296,F11,L02352,0.02,55
F10297,F11,L02352,0.02,56
F10298,F11,L02352,0.02,57
F10299,F11,L02352,0.02,58
F10300,F11,L02352,0.02,59
F10301,F11,L02352,0.02,60
F10302,F11,L02352,0.02,61
F10303,F11,L02352,0.02,62
F10304,F11,L02352,0.02,63
F10305,F11,L02352,0.02,64
F10306,F11,L02352,0.02,65
F10307,F11,L02352,0.02,66
F10308,F11,L02352,0.02,67
F10309,F11,L02352,0.02,68
F10310,F11,L02352,0.02,69
F10311,F11,L02352,0.02,70
F10312,F11,L02352,0.02,71
F10313,F11,L02352,0.02,72
F10314,F11,L02352,0.02,73
F10315,F11,L02352,0.02,74
F10316,F11,L02352,0.02,75
F10317,F11,L02352,0.02,76
F10318,F11,L02352,0.02,77
F10319,F11,L02352,0.02,78
F10320,F11,L02352,0.02,79
F10321,F11,L02352,0.02,80
F10322,F11,L02352,0.02,81
F10323,F11,L02352,0.02,82
F10324,F11,L02352,0.02,83
F10325,F11,L02352,0.02,84
F10326,F11,L02352,0.02,85
F10327,F11,L02352,0.02,86
F10328,F11,L02352,0.02,87
F10329,F11,L02352,0.02,88
F10330,F11,L02352,0.02,89
F10331,F11,L02352,0.02,90
F10332,F11,L02352,0.02,91
F10333,F11,L02352,0.02,92
F10334,F11,L02352,0.02,93
F10335,F11,L02352,0.02,94
F10336,F11,L02352,0.02,95
F10337,F11,L02352,0.02,96
F10338,F11,L02352,0.02,97
F10339,F11,L02352,0.02,98
F10340,F11,L02352,0.02,99
F10341,F11,L02352,0.02,100
F10342,F11,L02352,0.02,101
F10343,F11,L02352,0.02,102
F10344,F11,L02352,0.02,103
F10345,F11,L02352,0.02,104
F10346,F11,L02352,0.02,105
F10347,F11,L02352,0.02,106
F10348,F11,L02352,0.02,107
F10349,F11,L02352,0.02,108
F10350,F11,L02352,0.02,109
F10351,F11,L02352,0.02,110
F10352,F11,L02352,0.02,111
F10353,F11,L02352,0.02,112
F10354,F11,L02352,0.02,113
F10355,F11,L02352,0.02,114
F10356,F11,L02352,0.02,115
F10357,F11,L02352,0.02,116
F10358,F11,L02352,0.02,117
F10359,F11,L02352,0.02,118
F10360,F11,L02352,0.02,119
F10361,F11,L02352,0.02,120
F10362,F11,L02352,0.02,121
F10363,F11,L02352,0.02,122
F10364,F11,L02352,0.02,123
F10365,F11,L02352,0.02,124
F10366,F11,L02352,0.02,125
F10367,F11,L02352,0.02,126
F10368,F11,L02352,0.02,127
F10369,F11,L02352,0.02,128
F10370,F11,L02352,0.02,129
F10371,F11,L02352,0.02,130
F10372,F11,L02352,0.02,131
F10373,F11,L02352,0.02,132
F10374,F11,L02352,0.02,133
F10375,F11,L02352,0.02,134
F10376,F11,L02352,0.02,135
F10377,F11,L02352,0.02,136
F10378,F11,L02352,0.02,137
F10379,F11,L02352,0.02,138
F10380,F11,L02352,0.02,139
F10381,F11,L02352,0.02,140
F10382,F11,L02352,0.02,141
F10383,F11,L02352,0.02,142
F10384,F11,L02352,0.02,143
F10385,F11,L02352,0.02,144
F10386,F11,L02352,0.02,145
F10387,F11,L02352,0.02,146
F10388,F11,L02352,0.02,147
F10389,F11,L02352,0.02,148
F10390,F11,L02352,0.02,149
F10391,F11,L02352,0.02,150
F10392,F11,L02352,0.02,151
F10393,F11,L02352,0.02,152
F10394,F11,L02352,0.02,153
F10395,F11,L02352,0.02,154
F10396,F11,L02352,0.02,155
F10397,F11,L02352,0.02,156
F10398,F11,L02352,0.02,157
F10399,F11,L02352,0.02,158
F10400,F11,L02352,0.02,159
F10401,F11,L02352,0.02,160
F10402,F11,L02352,0.02,161
F10403,F11,L02352,0.02,162
F10404,F11,L02352,0.02,163
F10405,F11,L02352,0.02,164
F10406,F11,L02352,0.02,165
F10407,F11,L02352,0.02,166
F10408,F11,L02352,0.02,167
F10409,F11,L02352,0.02,168
F10410,F11,L02352,0.02,169
F10411,F11,L02352,0.02,170
F10412,F11,L02352,0.02,171
F10413,F11,L02352,0.02,172
F10414,F11,L02352,0.02,173
F10415,F11,L02352,0.02,174
F10416,F11,L02352,0.02,175
F10417,F11,L02352,0.02,176
F10418,F11,L02352,0.02,177
F10419,F11,L02352,0.02,178
F10420,F11,L02352,0.02,179
F10421,F11,L02352,0.02,180
F10422,F11,L02352,0.02,181
F10423,F11,L02352,0.02,182
F10424,F11,L02352,0.02,183
F10425,F11,L02352,0.02,184
F10426,F11,L02352,0.02,185
F10427,F11,L02352,0.02,186
F10428,F11,L02352,0.02,187
F10429,F11,L02352,0.02,188
F10430,F11,L02352,0.02,189
F10431,F11,L02352,0.02,190
F10432,F11,L02352,0.02,191
F10433,F11,L02352,0.02,192
F10434,F11,L02352,0.02,193
F10435,F11,L02352,0.02,194
F10436,F11,L02352,0.02,195
F10437,F11,L02352,0.02,196
F10438,F11,L02352,0.02,197
F10439,F11,L02352,0.02,198
F10440,F11,L02352,0.02,199
F10441,F11,L02352,0.02,200
F10442,F11,L02352,0.02,201
F10443,F11,L02352,0.02,202
F10444,F11,L02352,0.02,203
F10445,F11,L02352,0.02,204
F10446,F11,L02352,0.02,205
F10447,F11,L02352,0.02,206
F10448,F11,L02352,0.02,207
F10449,F11,L02352,0.02,208
F10450,F11,L02352,0.02,209
F10451,F11,L02352,0.02,210
F10452,F11,L02352,0.02,211
F10453,F11,L02352,0.02,212
F10454,F11,L02352,0.02,213
F10455,F11,L02352,0.02,214
F10456,F11,L02352,0.02,215
F10457,F11,L02352,0.02,216
F10458,F11,L02352,0.02,217
F10459,F11,L02352,0.02,218
F10460,F11,L02352,0.02,219
F10461,F11,L02352,0.02,220
F10462,F11,L02352,0.02,221
F10463,F11,L02352,0.02,222
F10464,F11,L02352,0.02,223
F10465,F11,L02352,0.02,224
F10466,F11,L02352,0.02,225
F10467,F11,L02352,0.02,226
F10468,F11,L02352,0.02,227
F10469,F11,L02352,0.02,228
F10470,F11,L02352,0.02,229
F10471,F11,L02352,0.02,230
F10472,F11,L02352,0.02,231
F10473,F11,L02352,0.02,232
F10474,F11,L02352,0.02,233
F10475,F11,L02352,0.02,234
F10476,F11,L02352,0.02,235
F10477,F11,L02352,0.02,236
F10478,F11,L02352,0.02,237
F10479,F11,L02352,0.02,238
F10480,F11,L02352,0.02,239
F10481,F11,L02352,0.02,240
F10482,F11,L02352,0.02,241
F10483,F11,L02352,0.02,242
F10484,F11,L02352,0.02,243
F10485,F11,L02352,0.02,244
F10486,F11,L02352,0.02,245
F10487,F11,L02352,0.02,246
F10488,F11,L02352,0.02,247
F10489,F11,L02352,0.02,248
F10490,F11,L02352,0.02,249
F10491,F11,L02352,0.02,250
F10492,F11,L02352,0.02,251
F10493,F11,L02352,0.02,252
F10494,F11,L02352,0.02,253
F10495,F11,L02352,0.02,254
F10496,F11,L02352,0.02,255
F10497,F11,L02352,0.02,256
F10498,F11,L02352,0.02,257
F10499,F11,L02352,0.02,258
F10500,F11,L02352,0.02,259
F10501,F11,L02352,0.02,260
F10502,F11,L02352,0.02,261
F10503,F11,L02352,0.02,262
F10504,F11,L02352,0.02,263
F10505,F11,L02352,0.02,264
F10506,F11,L02352,0.02,265
F10507,F11,L02352,0.02,266
F10508,F11,L02352,0.02,267
F10509,F11,L02352,0.02,268
F10510,F11,L02352,0.02,269
F10511,F11,L02352,0.02,270
F10512,F11,L02352,0.02,271
F10513,F11,L02352,0.02,272
F10514,F11,L02352,0.02,273
F10515,F11,L02352,0.02,274
F10516,F11,L02352,0.02,275
F10517,F11,L02352,0.02,276
F10518,F11,L02352,0.02,277
F10519,F11,L02352,0.02,278
F10520,F11,L02352,0.02,279
F10521,F11,L02352,0.02,280
F10522,F11,L02352,0.02,281
F10523,F11,L02352,0.02,282
F10524,F11,L02352,0.02,283
F10525,F11,L02352,0.02,284
F10526,F11,L02352,0.02,285
F10527,F11,L02352,0.02,286
F10528,F11,L02352,0.02,287
F10529,F11,L02352,0.02,288
F10530,F11,L02352,0.02,289
F10531,F11,L02352,0.02,290
F10532,F11,L02352,0.02,291
F10533,F11,L02352,0.02,292
F10534,F11,L02352,0.02,293
F10535,F11,L02352,0.02,294
F10536,F11,L02352,0.02,295
F10537,F11,L02352,0.02,296
F10538,F11,L02352,0.02,297
F10539,F11,L02352,0.02,298
F10540,F11,L02352,0.02,299
F10541,F11,L02352,0.02,300
F10542,F11,L02352,0.02,301
F10543,F11,L02352,0.02,302
F10544,F11,L02352,0.02,303
F10545,F11,L02352,0.02,304
F10546,F11,L02352,0.02,305
F10547,F11,L02352,0.02,306
F10548,F11,L02352,0.02,307
F10549,F11,L02352,0.02,308
F10550,F11,L02352,0.02,309
F10551,F11,L02352,0.02,310
F10552,F11,L02352,0.02,311
F10553,F11,L02352,0.02,312
F10554,F11,L02352,0.02,313
F10555,F11,L02352,0.02,314
F10556,F11,L02352,0.02,315
F10557,F11,L02352,0.02,316
F10558,F11,L02352,0.02,317
F10559,F11,L02352,0.02,318
F10560,F11,L02352,0.02,319
F10561,F11,L02352,0.02,320
F10562,F11,L02352,0.02,321
F10563,F11,L02352,0.02,322
F10564,F11,L02352,0.02,323
F10565,F11,L02352,0.02,324
F10566,F11,L02352,0.02,325
F10567,F11,L02352,0.02,326
F10568,F11,L02352,0.02,327
F10569,F11,L02352,0.02,328
F10570,F11,L02352,0.02,329
F10571,F11,L02352,0.02,330
F10572,F11,L02352,0.02,331
F10573,F11,L02352,0.02,332
F10574,F11,L02352,0.02,333
F10575,F11,L02352,0.02,334
F10576,F11,L02352,0.02,335
F10577,F11,L02352,0.02,336
F10578,F11,L02352,0.02,337
F10579,F11,L02352,0.02,338
F10580,F11,L02352,0.02,339
F10581,F11,L02352,0.02,340
F10582,F11,L02352,0.02,341
F10583,F11,L02352,0.02,342
F10584,F11,L02352,0.02,343
F10585,F11,L02352,0.02,344
F10586,F11,L02352,0.02,345
F10587,F11,L02352,0.02,346
F10588,F11,L02352,0.02,347
F10589,F11,L02352,0.02,348
F10590,F11,L02352,0.02,349
F10591,F11,L02352,0.02,350
F10592,F11,L02352,0.02,351
F10593,F11,L02352,0.02,352
F10594,F11,L02352,0.02,353
F10595,F11,L02352,0.02,354
F10596,F11,L02352,0.02,355
F10597,F11,L02352,0.02,356
F10598,F11,L02352,0.02,357
F10599,F11,L02352,0.02,358
F10600,F11,L02352,0.02,359
F10601,F11,L02352,0.02,360
F10602,F11,L02352,0.02,361
F10603,F11,L02352,0.02,362
F10604,F11,L02352,0.02,363
F10605,F11,L02352,0.02,364
F10606,F11,L02352,0.02,365
F10607,F11,L02352,0.02,366
F10608,F11,L02352,0.02,367
F10609,F11,L02352,0.02,368
F10610,F11,L02352,0.02,369
F10611,F11,L02352,0.02,370
F10612,F11,L02352,0.02,371
F10613,F11,L02352,0.02,372
F10614,F11,L02352,0.02,373
F10615,F11,L02352,0.02,374
F10616,F11,L02352,0.02,375
F10617,F11,L02352,0.02,376
F10618,F11,L02352,0.02,377
F10619,F11,L02352,0.02,378
F10620,F11,L02352,0.02,379
F10621,F11,L02352,0.02,380
F10622,F11,L02352,0.02,381
F10623,F11,L02352,0.02,382
F10624,F11,L02352,0.02,383
F10625,F11,L02352,0.02,384
F10626,F11,L02352,0.02,385
F10627,F11,L02352,0.02,386
F10628,F11,L02352,0.02,387
F10629,F11,L02352,0.02,388
F10630,F11,L02352,0.02,389
F10631,F11,L02352,0.02,390
F10632,F11,L02352,0.02,391
F10633,F11,L02352,0.02,392
F10634,F11,L02352,0.02,393
F10635,F11,L02352,0.02,394
F10636,F11,L02352,0.02,395
F10637,F11,L02352,0.02,396
F10638,F11,L02352,0.02,397
F10639,F11,L02352,0.02,398
F10640,F11,L02352,0.02,399
F10641,F11,L02352,0.02,400
F10642,F11,L02352,0.02,401
F10643,F11,L02352,0.02,402
F10644,F11,L02352,0.02,403
F10645,F11,L02352,0.02,404
F10646,F11,L02352,0.02,405
F10647,F11,L02352,0.02,406
F10648,F11,L02352,0.02,407
F10649,F11,L02352,0.02,408
F10650,F11,L02352,0.02,409
F10651,F11,L02352,0.02,410
F10652,F11,L02352,0.02,411
F10653,F11,L02352,0.02,412
F10654,F11,L02352,0.02,413
F10655,F11,L02352,0.02,414
F10656,F11,L02352,0.02,415
F10657,F11,L02352,0.02,416
F10658,F11,L02352,0.02,417
F10659,F11,L02352,0.02,418
F10660,F11,L02352,0.02,419
F10661,F11,L02352,0.02,420
F10662,F11,L02352,0.02,421
F10663,F11,L02352,0.02,422
F10664,F11,L02352,0.02,423
F10665,F11,L02352,0.02,424
F10666,F11,L02352,0.02,425
F10667,F11,L02352,0.02,426
F10668,F11,L02352,0.02,427
F10669,F11,L02352,0.02,428
F10670,F11,L02352,0.02,429
F10671,F11,L02352,0.02,430
F10672,F11,L02352,0.02,431
F10673,F11,L02352,0.02,432
F10674,F11,L02352,0.02,433
F10675,F11,L02352,0.02,434
F10676,F11,L02352,0.02,435
F10677,F11,L02352,0.02,436
F10678,F11,L02352,0.02,437
F10679,F11,L02352,0.02,438
F10680,F11,L02352,0.02,439
F10681,F11,L02352,0.02,440
F10682,F11,L02352,0.02,441
F10683,F11,L02352,0.02,442
F10684,F11,L02352,0.02,443
F10685,F11,L02352,0.02,444
F10686,F11,L02352,0.02,445
F10687,F11,L02352,0.02,446
F10688,F11,L02352,0.02,447
F10689,F11,L02352,0.02,448
F10690,F11,L02352,0.02,449
F10691,F11,L02352,0.02,450
F10692,F11,L02352,0.02,451
F10693,F11,L02352,0.02,452
F10694,F11,L02352,0.02,453
F10695,F11,L02352,0.02,454
F10696,F11,L02352,0.02,455
F10697,F11,L02352,0.02,456
F10698,F11,L02352,0.02,457
F10699,F11,L02352,0.02,458
F10700,F11,L02352,0.02,459
F10701,F11,L02352,0.02,460
F10702,F11,L02352,0.02,461
F10703,F11,L02352,0.02,462
F10704,F11,L02352,0.02,463
F10705,F11,L02352,0.02,464
F10706,F11,L02352,0.02,465
F10707,F11,L02352,0.02,466
F10708,F11,L02352,0.02,467
F10709,F11,L02352,0.02,468
F10710,F11,L02352,0.02,469
F10711,F11,L02352,0.02,470
F10712,F11,L02352,0.02,471
F10713,F11,L02352,0.02,472
F10714,F11,L02352,0.02,473
F10715,F11,L02352,0.02,474
F10716,F11,L02352,0.02,475
F10717,F11,L02352,0.02,476
F10718,F11,L02352,0.02,477
F10719,F11,L02352,0.02,478
F10720,F11,L02352,0.02,479
F10721,F11,L02352,0.02,480
F10722,F11,L02352,0.02,481
F10723,F11,L02352,0.02,482
F10724,F11,L02352,0.02,483
F10725,F11,L02352,0.02,484
F10726,F11,L02352,0.02,485
F10727,F11,L02352,0.02,486
F10728,F11,L02352,0.02,487
F10729,F11,L02352,0.02,488
F10730,F11,L02352,0.02,489
F10731,F11,L02352,0.02,490
F10732,F11,L02352,0.02,491
F10733,F11,L02352,0.02,492
F10734,F11,L02352,0.02,493
F10735,F11,L02352,0.02,494
F10736,F11,L02352,0.02,495
F10737,F11,L02352,0.02,496
F10738,F11,L02352,0.02,497
F10739,F11,L02352,0.02,498
F10740,F11,L02352,0.02,499
F10741,F11,L02352,0.02,500
F10742,F11,L02352,0.02,501
F10743,F11,L02352,0.02,502
F10744,F11,L02352,0.02,503
F10745,F11,L02352,0.02,504
F10746,F11,L02352,0.02,505
F10747,F11,L02352,0.02,506
F10748,F11,L02352,0.02,507
F10749,F11,L02352,0.02,508
F10750,F11,L02352,0.02,509
F10751,F11,L02352,0.02,510
F10752,F11,L02352,0.02,511
F10753,F11,L02352,0.02,512
F10754,F11,L02352,0.02,513
F10755,F11,L02352,0.02,514
F10756,F11,L02352,0.02,515
F10757,F11,L02352,0.02,516
F10758,F11,L02352,0.02,517
F10759,F11,L02352,0.02,518
F10760,F11,L02352,0.02,519
F10761,F11,L02352,0.02,520
F10762,F11,L02352,0.02,521
F10763,F11,L02352,0.02,522
F10764,F11,L02352,0.02,523
F10765,F11,L02352,0.02,524
F10766,F11,L02352,0.02,525
F10767,F11,L02352,0.02,526
F10768,F11,L02352,0.02,527
F10769,F11,L02352,0.02,528
F10770,F11,L02352,0.02,529
F10771,F11,L02352,0.02,530
F10772,F11,L02352,0.02,531
F10773,F11,L02352,0.02,532
F10774,F11,L02352,0.02,533
F10775,F11,L02352,0.02,534
F10776,F11,L02352,0.02,535
F10777,F11,L02352,0.02,536
F10778,F11,L02352,0.02,537
F10779,F11,L02352,0.02,538
F10780,F11,L02352,0.02,539
F10781,F11,L02352,0.02,540
F10782,F11,L02352,0.02,541
F10783,F11,L02352,0.02,542
F10784,F11,L02352,0.02,543
F10785,F11,L02352,0.02,544
F10786,F11,L02352,0.02,545
F10787,F11,L02352,0.02,546
F10788,F11,L02352,0.02,547
F10789,F11,L02352,0.02,548
F10790,F11,L02352,0.02,549
F10791,F11,L02352,0.02,550
F10792,F11,L02352,0.02,551
F10793,F11,L02352,0.02,552
F10794,F11,L02352,0.02,553
F10795,F11,L02352,0.02,554
F10796,F11,L02352,0.02,555
F10797,F11,L02352,0.02,556
F10798,F11,L02352,0.02,557
F10799,F11,L02352,0.02,558
F10800,F11,L02352,0.02,559
F10801,F11,L02352,0.02,560
F10802,F11,L02352,0.02,561
F10803,F11,L02352,0.02,562
F10804,F11,L02352,0.02,563
F10805,F11,L02352,0.02,564
F10806,F11,L02352,0.02,565
F10807,F11,L02352,0.02,566
F10808,F11,L02352,0.02,567
F10809,F11,L02352,0.02,568
F10810,F11,L02352,0.02,569
F10811,F11,L02352,0.02,570
F10812,F11,L02352,0.02,571
F10813,F11,L02352,0.02,572
F10814,F11,L02352,0.02,573
F10815,F11,L02352,0.02,574
F10816,F11,L02352,0.02,575
F10817,F11,L02352,0.02,576
F10818,F11,L02352,0.02,577
F10819,F11,L02352,0.02,578
F10820,F11,L02352,0.02,579
F10821,F11,L02352,0.02,580
F10822,F11,L02352,0.02,581
F10823,F11,L02352,0.02,582
F10824,F11,L02352,0.02,583
F10825,F11,L02352,0.02,584
F10826,F11,L02352,0.02,585
F10827,F11,L02352,0.02,586
F10828,F11,L02352,0.02,587
F10829,F11,L02352,0.02,588
F10830,F11,L02352,0.02,589
F10831,F11,L02352,0.02,590
F10832,F11,L02352,0.02,591
F10833,F11,L02352,0.02,592
F10834,F11,L02352,0.02,593
F10835,F11,L02352,0.02,594
F10836,F11,L02352,0.02,595
F10837,F11,L02352,0.02,596
F10838,F11,L02352,0.02,597
F10839,F11,L02352,0.02,598
F10840,F11,L02352,0.02,599
F10841,F11,L02352,0.02,600
F10842,F11,L02352,0.02,601
F10843,F11,L02352,0.02,602
F10844,F11,L02352,0.02,603
F10845,F11,L02352,0.02,604
F10846,F11,L02352,0.02,605
F10847,F11,L02352,0.02,606
F10848,F11,L02352,0.02,607
F10849,F11,L02352,0.02,608
F10850,F11,L02352,0.02,609
F10851,F11,L02352,0.02,610
F10852,F11,L02352,0.02,611
F10853,F11,L02352,0.02,612
F10854,F11,L02352,0.02,613
F10855,F11,L02352,0.02,614
F10856,F11,L02352,0.02,615
F10857,F11,L02352,0.02,616
F10858,F11,L02352,0.02,617
F10859,F11,L02352,0.02,618
F10860,F11,L02352,0.02,619
F10861,F11,L02352,0.02,620
F10862,F11,L02352,0.02,621
F10863,F11,L02352,0.02,622
F10864,F11,L02352,0.02,623
F10865,F11,L02352,0.02,624
F10866,F11,L02352,0.02,625
F10867,F11,L02352,0.02,626
F10868,F11,L02352,0.02,627
F10869,F11,L02352,0.02,628
F10870,F11,L02352,0.02,629
F10871,F11,L02352,0.02,630
F10872,F11,L02352,0.02,631
F10873,F11,L02352,0.02,632
F10874,F11,L02352,0.02,633
F10875,F11,L02352,0.02,634
F10876,F11,L02352,0.02,635
F10877,F11,L02352,0.02,636
F10878,F11,L02352,0.02,637
F10879,F11,L02352,0.02,638
F10880,F11,L02352,0.02,639
F10881,F11,L02352,0.02,640
F10882,F11,L02352,0.02,641
F10883,F11,L02352,0.02,642
F10884,F11,L02352,0.02,643
F10885,F11,L02352,0.02,644
F10886,F11,L02352,0.02,645
F10887,F11,L02352,0.02,646
F10888,F11,L02352,0.02,647
F10889,F11,L02352,0.02,648
F10890,F11,L02352,0.02,649
F10891,F11,L02352,0.02,650
F10892,F11,L02352,0.02,651
F10893,F11,L02352,0.02,652
F10894,F11,L02352,0.02,653
F10895,F11,L02352,0.02,654
F10896,F11,L02352,0.02,655
F10897,F11,L02352,0.02,656
F10898,F11,L02352,0.02,657
F10899,F11,L02352,0.02,658
F10900,F11,L02352,0.02,659
F10901,F11,L02352,0.02,660
F10902,F11,L02352,0.02,661
F10903,F11,L02352,0.02,662
F10904,F11,L02352,0.02,663
F10905,F11,L02352,0.02,664
F10906,F11,L02352,0.02,665
F10907,F11,L02352,0.02,666
F10908,F11,L02352,0.02,667
F10909,F11,L02352,0.02,668
F10910,F11,L02352,0.02,669
F10911,F11,L02352,0.02,670
F10912,F11,L02352,0.02,671
F10913,F11,L02352,0.02,672
F10914,F11,L02352,0.02,673
F10915,F11,L02352,0.02,674
F10916,F11,L02352,0.02,675
F10917,F11,L02352,0.02,676
F10918,F11,L02352,0.02,677
F10919,F11,L02352,0.02,678
F10920,F11,L02352,0.02,679
F10921,F11,L02352,0.02,680
F10922,F11,L02352,0.02,681
F10923,F11,L02352,0.02,682
F10924,F11,L02352,0.02,683
F10925,F11,L02352,0.02,684
F10926,F11,L02352,0.02,685
F10927,F11,L02352,0.02,686
F10928,F11,L02352,0.02,687
F10929,F11,L02352,0.02,688
F10930,F11,L02352,0.02,689
F10931,F11,L02352,0.02,690
F10932,F11,L02352,0.02,691
F10933,F11,L02352,0.02,692
F10934,F11,L02352,0.02,693
F10935,F11,L02352,0.02,694
F10936,F11,L02352,0.02,695
F10937,F11,L02352,0.02,696
F10938,F11,L02352,0.02,697
F10939,F11,L02352,0.02,698
F10940,F11,L02352,0.02,699
F10941,F11,L02352,0.02,700
F10942,F11,L02352,0.02,701
F10943,F11,L02352,0.02,702
F10944,F11,L02352,0.02,703
F10945,F11,L02352,0.02,704
F10946,F11,L02352,0.02,705
F10947,F11,L02352,0.02,706
F10948,F11,L02352,0.02,707
F10949,F11,L02352,0.02,708
F10950,F11,L02352,0.02,709
F10951,F11,L02352,0.02,710
F10952,F11,L02352,0.02,711
F10953,F11,L02352,0.02,712
F10954,F11,L02352,0.02,713
F10955,F11,L02352,0.02,714
F10956,F11,L02352,0.02,715
F10957,F11,L02352,0.02,716
F10958,F11,L02352,0.02,717
F10959,F11,L02352,0.02,718
F10960,F11,L02352,0.02,719
F10961,F11,L02352,0.02,720
F10962,F11,L02352,0.02,721
F10963,F11,L02352,0.02,722
F10964,F11,L02352,0.02,723
F10965,F11,L02352,0.02,724
F10966,F11,L02352,0.02,725
F10967,F11,L02352,0.02,726
F10968,F11,L02352,0.02,727
F10969,F11,L02352,0.02,728
F10970,F11,L02352,0.02,729
F10971,F11,L02352,0.02,730
F10972,F11,L02352,0.02,731
F10973,F11,L02352,0.02,732
F10974,F11,L02352,0.02,733
F10975,F11,L02352,0.02,734
F10976,F11,L02352,0.02,735
F10977,F11,L02352,0.02,736
F10978,F11,L02352,0.02,737
F10979,F11,L02352,0.02,738
F10980,F11,L02352,0.02,739
F10981,F11,L02352,0.02,740
F10982,F11,L02352,0.02,741
F10983,F11,L02352,0.02,742
F10984,F11,L02352,0.02,743
F10985,F11,L02352,0.02,744
F10986,F11,L02352,0.02,745
F10987,F11,L02352,0.02,746
F10988,F11,L02352,0.02,747
F10989,F11,L02352,0.02,748
F10990,F11,L02352,0.02,749
F10991,F11,L02352,0.02,750
F10992,F11,L02352,0.02,751
F10993,F11,L02352,0.02,752
F10994,F11,L02352,0.02,753
F10995,F11,L02352,0.02,754
F10996,F11,L02352,0.02,755
F10997,F11,L02352,0.02,756
F10998,F11,L02352,0.02,757
F10999,F11,L02352,0.02,758
F11000,F11,L02352,0.02,759
F11001,F11,L02352,0.02,760
F11002,F11,L02352,0.02,761
F11003,F11,L02352,0.02,762
F11004,F11,L02352,0.02,763
F11005,F11,L02352,0.02,764
F11006,F11,L02352,0.02,765
F11007,F11,L02352,0.02,766
F11008,F11,L02352,0.02,767
F11009,F11,L02352,0.02,768
F11010,F11,L02352,0.02,769
F11011,F11,L02352,0.02,770
F11012,F11,L02352,0.02,771
F11013,F11,L02352,0.02,772
F11014,F11,L02352,0.02,773
F11015,F11,L02352,0.02,774
F11016,F11,L02352,0.02,775
F11017,F11,L02352,0.02,776
F11018,F11,L02352,0.02,777
F11019,F11,L02352,0.02,778
F11020,F11,L02352,0.02,779
F11021,F11,L02352,0.02,780
F11022,F11,L02352,0.02,781
F11023,F11,L02352,0.02,782
F11024,F11,L02352,0.02,783
F11025,F11,L02352,0.02,784
F11026,F11,L02352,0.02,785
F11027,F11,L02352,0.02,786
F11028,F11,L02352,0.02,787
F11029,F11,L02352,0.02,788
F11030,F11,L02352,0.02,789
F11031,F11,L02352,0.02,790
F11032,F11,L02352,0.02,791
F11033,F11,L02352,0.02,792
F11034,F11,L02352,0.02,793
F11035,F11,L02352,0.02,794
F11036,F11,L02352,0.02,795
F11037,F11,L02352,0.02,796
F11038,F11,L02352,0.02,797
F11039,F11,L02352,0.02,798
F11040,F11,L02352,0.02,799
F11041,F11,L02352,0.02,800
F11042,F11,L02352,0.02,801
F11043,F11,L02352,0.02,802
F11044,F11,L02352,0.02,803
F11045,F11,L02352,0.02,804
F11046,F11,L02352,0.02,805
F11047,F11,L02352,0.02,806
F11048,F11,L02352,0.02,807
F11049,F11,L02352,0.02,808
F11050,F11,L02352,0.02,809
F11051,F11,L02352,0.02,810
F11052,F11,L02352,0.02,811
F11053,F11,L02352,0.02,812
F11054,F11,L02352,0.02,813
F11055,F11,L02352,0.02,814
F11056,F11,L02352,0.02,815
F11057,F11,L02352,0.02,816
F11058,F11,L02352,0.02,817
F11059,F11,L02352,0.02,818
F11060,F11,L02352,0.02,819
F11061,F11,L02352,0.02,820
F11062,F11,L02352,0.02,821
F11063,F11,L02352,0.02,822
F11064,F11,L02352,0.02,823
F11065,F11,L02352,0.02,824
F11066,F11,L02352,0.02,825
F11067,F11,L02352,0.02,826
F11068,F11,L02352,0.02,827
F11069,F11,L02352,0.02,828
F11070,F11,L02352,0.02,829
F11071,F11,L02352,0.02,830
F11072,F11,L02352,0.02,831
F11073,F11,L02352,0.02,832
F11074,F11,L02352,0.02,833
F11075,F11,L02352,0.02,834
F11076,F11,L02352,0.02,835
F11077,F11,L02352,0.02,836
F11078,F11,L02352,0.02,837
F11079,F11,L02352,0.02,838
F11080,F11,L02352,0.02,839
F11081,F11,L02352,0.02,840
F11082,F11,L02352,0.02,841
F11083,F11,L02352,0.02,842
F11084,F11,L02352,0.02,843
F11085,F11,L02352,0.02,844
F11086,F11,L02352,0.02,845
F11087,F11,L02352,0.02,846
F11088,F11,L02352,0.02,847
F11089,F11,L02352,0.02,848
F11090,F11,L02352,0.02,849
F11091,F11,L02352,0.02,850
F11092,F11,L02352,0.02,851
F11093,F11,L02352,0.02,852
F11094,F11,L02352,0.02,853
F11095,F11,L02352,0.02,854
F11096,F11,L02352,0.02,855
F11097,F11,L02352,0.02,856
F11098,F11,L02352,0.02,857
F11099,F11,L02352,0.02,858
F11100,F11,L02352,0.02,859
F11101,F11,L02352,0.02,860
F11102,F11,L02352,0.02,861
F11103,F11,L02352,0.02,862
F11104,F11,L02352,0.02,863
F11105,F11,L02352,0.02,864
F11106,F11,L02352,0.02,865
F11107,F11,L02352,0.02,866
F11108,F11,L02352,0.02,867
F11109,F11,L02352,0.02,868
F11110,F11,L02352,0.02,869
F11111,F11,L02352,0.02,870
F11112,F11,L02352,0.02,871
F11113,F11,L02352,0.02,872
F11114,F11,L02352,0.02,873
F11115,F11,L02352,0.02,874
F11116,F11,L02352,0.02,875
F11117,F11,L02352,0.02,876
F11118,F11,L02352,0.02,877
F11119,F11,L02352,0.02,878
F11120,F11,L02352,0.02,879
F11121,F11,L02352,0.02,880
F11122,F11,L02352,0.02,881
F11123,F11,L02352,0.02,882
F11124,F11,L02352,0.02,883
F11125,F11,L02352,0.02,884
F11126,F11,L02352,0.02,885
F11127,F11,L02352,0.02,886
F11128,F11,L02352,0.02,887
F11129,F11,L02352,0.02,888
F11130,F11,L02352,0.02,889
F11131,F11,L02352,0.02,890
F11132,F11,L02352,0.02,891
F11133,F11,L02352,0.02,892
F11134,F11,L02352,0.02,893
F11135,F11,L02352,0.02,894
F11136,F11,L02352,0.02,895
F11137,F11,L02352,0.02,896
F11138,F11,L02352,0.02,897
F11139,F11,L02352,0.02,898
F11140,F11,L02352,0.02,899
F11141,F11,L02352,0.02,900
F11142,F11,L02352,0.02,901
F11143,F11,L02352,0.02,902
F11144,F11,L02352,0.02,903
F11145,F11,L02352,0.02,904
F11146,F11,L02352,0.02,905
F11147,F11,L02352,0.02,906
F11148,F11,L02352,0.02,907
F11149,F11,L02352,0.02,908
F11150,F11,L02352,0.02,909
F11151,F11,L02352,0.02,910
F11152,F11,L02352,0.02,911
F11153,F11,L02352,0.02,912
F11154,F11,L02352,0.02,913
F11155,F11,L02352,0.02,914
F11156,F11,L02352,0.02,915
F11157,F11,L02352,0.02,916
F11158,F11,L02352,0.02,917
F11159,F11,L02352,0.02,918
F11160,F11,L02352,0.02,919
F11161,F11,L02352,0.02,920
F11162,F11,L02352,0.02,921
F11163,F11,L02352,0.02,922
F11164,F11,L02352,0.02,923
F11165,F11,L02352,0.02,924
F11166,F11,L02352,0.02,925
F11167,F11,L02352,0.02,926
F11168,F11,L02352,0.02,927
F11169,F11,L02352,0.02,928
F11170,F11,L02352,0.02,929
F11171,F11,L02352,0.02,930
F11172,F11,L02352,0.02,931
F11173,F11,L02352,0.02,932
F11174,F11,L02352,0.02,933
F11175,F11,L02352,0.02,934
F11176,F11,L02352,0.02,935
F11177,F11,L02352,0.02,936
F11178,F11,L02352,0.02,937
F11179,F11,L02352,0.02,938
F11180,F11,L02352,0.02,939
F11181,F11,L02352,0.02,940
F11182,F11,L02352,0.02,941
F11183,F11,L02352,0.02,942
F11184,F11,L02352,0.02,943
F11185,F11,L02352,0.02,944
F11186,F11,L02352,0.02,945
F11187,F11,L02352,0.02,946
F11188,F11,L02352,0.02,947
F11189,F11,L02352,0.02,948
F11190,F11,L02352,0.02,949
F11191,F11,L02352,0.02,950
F11192,F11,L02352,0.02,951
F11193,F11,L02352,0.02,952
F11194,F11,L02352,0.02,953
F11195,F11,L02352,0.02,954
F11196,F11,L02352,0.02,955
F11197,F11,L02352,0.02,956
F11198,F11,L02352,0.02,957
F11199,F11,L02352,0.02,958
F11200,F11,L02352,0.02,959
F11201,F11,L02352,0.02,960
F11202,F11,L02352,0.02,961
F11203,F11,L02352,0.02,962
F11204,F11,L02352,0.02,963
F11205,F11,L02352,0.02,964
F11206,F11,L02352,0.02,965
F11207,F11,L02352,0.02,966
F11208,F11,L02352,0.02,967
F11209,F11,L02352,0.02,968
F11210,F11,L02352,0.02,969
F11211,F11,L02352,0.02,970
F11212,F11,L02352,0.02,971
F11213,F11,L02352,0.02,972
F11214,F11,L02352,0.02,973
F11215,F11,L02352,0.02,974
F11216,F11,L02352,0.02,975
F11217,F11,L02352,0.02,976
F11218,F11,L02352,0.02,977
F11219,F11,L02352,0.02,978
F11220,F11,L02352,0.02,979
F11221,F11,L02352,0.02,980
F11222,F11,L02352,0.02,981
F11223,F11,L02352,0.02,982
F11224,F11,L02352,0.02,983
F11225,F11,L02352,0.02,984
F11226,F11,L02352,0.02,985
F11227,F11,L02352,0.02,986
F11228,F11,L02352,0.02,987
F11229,F11,L02352,0.02,988
F11230,F11,L02352,0.02,989
F11231,F11,L02352,0.02,990
F11232,F11,L02352,0.02,991
F11233,F11,L02352,0.02,992
F11234,F11,L02352,0.02,993
F11235,F11,L02352,0.02,994
F11236,F11,L02352,0.02,995
F11237,F11,L02352,0.02,996
F11238,F11,L02352,0.02,997
F11239,F11,L02352,0.02,998
F11240,F11,L02352,0.02,999
F11241,F11,L02352,0.02,1000
F11242,F11,L02352,0.02,1001
F11243,F11,L02352,0.02,1002
F11244,F11,L02352,0.02,1003
F11245,F11,L02352,0.02,1004
F11246,F11,L02352,0.02,1005
F11247,F11,L02352,0.02,1006
F11248,F11,L02352,0.02,1007
F11249,F11,L02352,0.02,1008
F11250,F11,L02352,0.02,1009
F11251,F11,L02352,0.02,1010
F11252,F11,L02352,0.02,1011
F11253,F11,L02352,0.02,1012
F11254,F11,L02352,0.02,1013
F11255,F11,L02352,0.02,1014
F11256,F11,L02352,0.02,1015
F11257,F11,L02352,0.02,1016
F11258,F11,L02352,0.02,1017
F11259,F11,L02352,0.02,1018
F11260,F11,L02352,0.02,1019
F11261,F11,L02352,0.02,1020
F11262,F11,L02352,0.02,1021
F11263,F11,L02352,0.02,1022
F11264,F11,L02352,0.02,1023
F11265,F12,L02352,0.04,0
F11266,F12,L02352,0.04,1
F11267,F12,L02352,0.04,2
F11268,F12,L02352,0.04,3
F11269,F12,L02352,0.04,4
F11270,F12,L02352,0.04,5
F11271,F12,L02352,0.04,6
F11272,F12,L02352,0.04,7
F11273,F12,L02352,0.04,8
F11274,F12,L02352,0.04,9
F11275,F12,L02352,0.04,10
F11276,F12,L02352,0.04,11
F11277,F12,L02352,0.04,12
F11278,F12,L02352,0.04,13
F11279,F12,L02352,0.04,14
F11280,F12,L02352,0.04,15
F11281,F12,L02352,0.04,16
F11282,F12,L02352,0.04,17
F11283,F12,L02352,0.04,18
F11284,F12,L02352,0.04,19
F11285,F12,L02352,0.04,20
F11286,F12,L02352,0.04,21
F11287,F12,L02352,0.04,22
F11288,F12,L02352,0.04,23
F11289,F12,L02352,0.04,24
F11290,F12,L02352,0.04,25
F11291,F12,L02352,0.04,26
F11292,F12,L02352,0.04,27
F11293,F12,L02352,0.04,28
F11294,F12,L02352,0.04,29
F11295,F12,L02352,0.04,30
F11296,F12,L02352,0.04,31
F11297,F12,L02352,0.04,32
F11298,F12,L02352,0.04,33
F11299,F12,L02352,0.04,34
F11300,F12,L02352,0.04,35
F11301,F12,L02352,0.04,36
F11302,F12,L02352,0.04,37
F11303,F12,L02352,0.04,38
F11304,F12,L02352,0.04,39
F11305,F12,L02352,0.04,40
F11306,F12,L02352,0.04,41
F11307,F12,L02352,0.04,42
F11308,F12,L02352,0.04,43
F11309,F12,L02352,0.04,44
F11310,F12,L02352,0.04,45
F11311,F12,L02352,0.04,46
F11312,F12,L02352,0.04,47
F11313,F12,L02352,0.04,48
F11314,F12,L02352,0.04,49
F11315,F12,L02352,0.04,50
F11316,F12,L02352,0.04,51
F11317,F12,L02352,0.04,52
F11318,F12,L02352,0.04,53
F11319,F12,L02352,0.04,54
F11320,F12,L02352,0.04,55
F11321,F12,L02352,0.04,56
F11322,F12,L02352,0.04,57
F11323,F12,L02352,0.04,58
F11324,F12,L02352,0.04,59
F11325,F12,L02352,0.04,60
F11326,F12,L02352,0.04,61
F11327,F12,L02352,0.04,62
F11328,F12,L02352,0.04,63
F11329,F12,L02352,0.04,64
F11330,F12,L02352,0.04,65
F11331,F12,L02352,0.04,66
F11332,F12,L02352,0.04,67
F11333,F12,L02352,0.04,68
F11334,F12,L02352,0.04,69
F11335,F12,L02352,0.04,70
F11336,F12,L02352,0.04,71
F11337,F12,L02352,0.04,72
F11338,F12,L02352,0.04,73
F11339,F12,L02352,0.04,74
F11340,F12,L02352,0.04,75
F11341,F12,L02352,0.04,76
F11342,F12,L02352,0.04,77
F11343,F12,L02352,0.04,78
F11344,F12,L02352,0.04,79
F11345,F12,L02352,0.04,80
F11346,F12,L02352,0.04,81
F11347,F12,L02352,0.04,82
F11348,F12,L02352,0.04,83
F11349,F12,L02352,0.04,84
F11350,F12,L02352,0.04,85
F11351,F12,L02352,0.04,86
F11352,F12,L02352,0.04,87
F11353,F12,L02352,0.04,88
F11354,F12,L02352,0.04,89
F11355,F12,L02352,0.04,90
F11356,F12,L02352,0.04,91
F11357,F12,L02352,0.04,92
F11358,F12,L02352,0.04,93
F11359,F12,L02352,0.04,94
F11360,F12,L02352,0.04,95
F11361,F12,L02352,0.04,96
F11362,F12,L02352,0.04,97
F11363,F12,L02352,0.04,98
F11364,F12,L02352,0.04,99
F11365,F12,L02352,0.04,100
F11366,F12,L02352,0.04,101
F11367,F12,L02352,0.04,102
F11368,F12,L02352,0.04,103
F11369,F12,L02352,0.04,104
F11370,F12,L02352,0.04,105
F11371,F12,L02352,0.04,106
F11372,F12,L02352,0.04,107
F11373,F12,L02352,0.04,108
F11374,F12,L02352,0.04,109
F11375,F12,L02352,0.04,110
F11376,F12,L02352,0.04,111
F11377,F12,L02352,0.04,112
F11378,F12,L02352,0.04,113
F11379,F12,L02352,0.04,114
F11380,F12,L02352,0.04,115
F11381,F12,L02352,0.04,116
F11382,F12,L02352,0.04,117
F11383,F12,L02352,0.04,118
F11384,F12,L02352,0.04,119
F11385,F12,L02352,0.04,120
F11386,F12,L02352,0.04,121
F11387,F12,L02352,0.04,122
F11388,F12,L02352,0.04,123
F11389,F12,L02352,0.04,124
F11390,F12,L02352,0.04,125
F11391,F12,L02352,0.04,126
F11392,F12,L02352,0.04,127
F11393,F12,L02352,0.04,128
F11394,F12,L02352,0.04,129
F11395,F12,L02352,0.04,130
F11396,F12,L02352,0.04,131
F11397,F12,L02352,0.04,132
F11398,F12,L02352,0.04,133
F11399,F12,L02352,0.04,134
F11400,F12,L02352,0.04,135
F11401,F12,L02352,0.04,136
F11402,F12,L02352,0.04,137
F11403,F12,L02352,0.04,138
F11404,F12,L02352,0.04,139
F11405,F12,L02352,0.04,140
F11406,F12,L02352,0.04,141
F11407,F12,L02352,0.04,142
F11408,F12,L02352,0.04,143
F11409,F12,L02352,0.04,144
F11410,F12,L02352,0.04,145
F11411,F12,L02352,0.04,146
F11412,F12,L02352,0.04,147
F11413,F12,L02352,0.04,148
F11414,F12,L02352,0.04,149
F11415,F12,L02352,0.04,150
F11416,F12,L02352,0.04,151
F11417,F12,L02352,0.04,152
F11418,F12,L02352,0.04,153
F11419,F12,L02352,0.04,154
F11420,F12,L02352,0.04,155
F11421,F12,L02352,0.04,156
F11422,F12,L02352,0.04,157
F11423,F12,L02352,0.04,158
F11424,F12,L02352,0.04,159
F11425,F12,L02352,0.04,160
F11426,F12,L02352,0.04,161
F11427,F12,L02352,0.04,162
F11428,F12,L02352,0.04,163
F11429,F12,L02352,0.04,164
F11430,F12,L02352,0.04,165
F11431,F12,L02352,0.04,166
F11432,F12,L02352,0.04,167
F11433,F12,L02352,0.04,168
F11434,F12,L02352,0.04,169
F11435,F12,L02352,0.04,170
F11436,F12,L02352,0.04,171
F11437,F12,L02352,0.04,172
F11438,F12,L02352,0.04,173
F11439,F12,L02352,0.04,174
F11440,F12,L02352,0.04,175
F11441,F12,L02352,0.04,176
F11442,F12,L02352,0.04,177
F11443,F12,L02352,0.04,178
F11444,F12,L02352,0.04,179
F11445,F12,L02352,0.04,180
F11446,F12,L02352,0.04,181
F11447,F12,L02352,0.04,182
F11448,F12,L02352,0.04,183
F11449,F12,L02352,0.04,184
F11450,F12,L02352,0.04,185
F11451,F12,L02352,0.04,186
F11452,F12,L02352,0.04,187
F11453,F12,L02352,0.04,188
F11454,F12,L02352,0.04,189
F11455,F12,L02352,0.04,190
F11456,F12,L02352,0.04,191
F11457,F12,L02352,0.04,192
F11458,F12,L02352,0.04,193
F11459,F12,L02352,0.04,194
F11460,F12,L02352,0.04,195
F11461,F12,L02352,0.04,196
F11462,F12,L02352,0.04,197
F11463,F12,L02352,0.04,198
F11464,F12,L02352,0.04,199
F11465,F12,L02352,0.04,200
F11466,F12,L02352,0.04,201
F11467,F12,L02352,0.04,202
F11468,F12,L02352,0.04,203
F11469,F12,L02352,0.04,204
F11470,F12,L02352,0.04,205
F11471,F12,L02352,0.04,206
F11472,F12,L02352,0.04,207
F11473,F12,L02352,0.04,208
F11474,F12,L02352,0.04,209
F11475,F12,L02352,0.04,210
F11476,F12,L02352,0.04,211
F11477,F12,L02352,0.04,212
F11478,F12,L02352,0.04,213
F11479,F12,L02352,0.04,214
F11480,F12,L02352,0.04,215
F11481,F12,L02352,0.04,216
F11482,F12,L02352,0.04,217
F11483,F12,L02352,0.04,218
F11484,F12,L02352,0.04,219
F11485,F12,L02352,0.04,220
F11486,F12,L02352,0.04,221
F11487,F12,L02352,0.04,222
F11488,F12,L02352,0.04,223
F11489,F12,L02352,0.04,224
F11490,F12,L02352,0.04,225
F11491,F12,L02352,0.04,226
F11492,F12,L02352,0.04,227
F11493,F12,L02352,0.04,228
F11494,F12,L02352,0.04,229
F11495,F12,L02352,0.04,230
F11496,F12,L02352,0.04,231
F11497,F12,L02352,0.04,232
F11498,F12,L02352,0.04,233
F11499,F12,L02352,0.04,234
F11500,F12,L02352,0.04,235
F11501,F12,L02352,0.04,236
F11502,F12,L02352,0.04,237
F11503,F12,L02352,0.04,238
F11504,F12,L02352,0.04,239
F11505,F12,L02352,0.04,240
F11506,F12,L02352,0.04,241
F11507,F12,L02352,0.04,242
F11508,F12,L02352,0.04,243
F11509,F12,L02352,0.04,244
F11510,F12,L02352,0.04,245
F11511,F12,L02352,0.04,246
F11512,F12,L02352,0.04,247
F11513,F12,L02352,0.04,248
F11514,F12,L02352,0.04,249
F11515,F12,L02352,0.04,250
F11516,F12,L02352,0.04,251
F11517,F12,L02352,0.04,252
F11518,F12,L02352,0.04,253
F11519,F12,L02352,0.04,254
F11520,F12,L02352,0.04,255
F11521,F12,L02352,0.04,256
F11522,F12,L02352,0.04,257
F11523,F12,L02352,0.04,258
F11524,F12,L02352,0.04,259
F11525,F12,L02352,0.04,260
F11526,F12,L02352,0.04,261
F11527,F12,L02352,0.04,262
F11528,F12,L02352,0.04,263
F11529,F12,L02352,0.04,264
F11530,F12,L02352,0.04,265
F11531,F12,L02352,0.04,266
F11532,F12,L02352,0.04,267
F11533,F12,L02352,0.04,268
F11534,F12,L02352,0.04,269
F11535,F12,L02352,0.04,270
F11536,F12,L02352,0.04,271
F11537,F12,L02352,0.04,272
F11538,F12,L02352,0.04,273
F11539,F12,L02352,0.04,274
F11540,F12,L02352,0.04,275
F11541,F12,L02352,0.04,276
F11542,F12,L02352,0.04,277
F11543,F12,L02352,0.04,278
F11544,F12,L02352,0.04,279
F11545,F12,L02352,0.04,280
F11546,F12,L02352,0.04,281
F11547,F12,L02352,0.04,282
F11548,F12,L02352,0.04,283
F11549,F12,L02352,0.04,284
F11550,F12,L02352,0.04,285
F11551,F12,L02352,0.04,286
F11552,F12,L02352,0.04,287
F11553,F12,L02352,0.04,288
F11554,F12,L02352,0.04,289
F11555,F12,L02352,0.04,290
F11556,F12,L02352,0.04,291
F11557,F12,L02352,0.04,292
F11558,F12,L02352,0.04,293
F11559,F12,L02352,0.04,294
F11560,F12,L02352,0.04,295
F11561,F12,L02352,0.04,296
F11562,F12,L02352,0.04,297
F11563,F12,L02352,0.04,298
F11564,F12,L02352,0.04,299
F11565,F12,L02352,0.04,300
F11566,F12,L02352,0.04,301
F11567,F12,L02352,0.04,302
F11568,F12,L02352,0.04,303
F11569,F12,L02352,0.04,304
F11570,F12,L02352,0.04,305
F11571,F12,L02352,0.04,306
F11572,F12,L02352,0.04,307
F11573,F12,L02352,0.04,308
F11574,F12,L02352,0.04,309
F11575,F12,L02352,0.04,310
F11576,F12,L02352,0.04,311
F11577,F12,L02352,0.04,312
F11578,F12,L02352,0.04,313
F11579,F12,L02352,0.04,314
F11580,F12,L02352,0.04,315
F11581,F12,L02352,0.04,316
F11582,F12,L02352,0.04,317
F11583,F12,L02352,0.04,318
F11584,F12,L02352,0.04,319
F11585,F12,L02352,0.04,320
F11586,F12,L02352,0.04,321
F11587,F12,L02352,0.04,322
F11588,F12,L02352,0.04,323
F11589,F12,L02352,0.04,324
F11590,F12,L02352,0.04,325
F11591,F12,L02352,0.04,326
F11592,F12,L02352,0.04,327
F11593,F12,L02352,0.04,328
F11594,F12,L02352,0.04,329
F11595,F12,L02352,0.04,330
F11596,F12,L02352,0.04,331
F11597,F12,L02352,0.04,332
F11598,F12,L02352,0.04,333
F11599,F12,L02352,0.04,334
F11600,F12,L02352,0.04,335
F11601,F12,L02352,0.04,336
F11602,F12,L02352,0.04,337
F11603,F12,L02352,0.04,338
F11604,F12,L02352,0.04,339
F11605,F12,L02352,0.04,340
F11606,F12,L02352,0.04,341
F11607,F12,L02352,0.04,342
F11608,F12,L02352,0.04,343
F11609,F12,L02352,0.04,344
F11610,F12,L02352,0.04,345
F11611,F12,L02352,0.04,346
F11612,F12,L02352,0.04,347
F11613,F12,L02352,0.04,348
F11614,F12,L02352,0.04,349
F11615,F12,L02352,0.04,350
F11616,F12,L02352,0.04,351
F11617,F12,L02352,0.04,352
F11618,F12,L02352,0.04,353
F11619,F12,L02352,0.04,354
F11620,F12,L02352,0.04,355
F11621,F12,L02352,0.04,356
F11622,F12,L02352,0.04,357
F11623,F12,L02352,0.04,358
F11624,F12,L02352,0.04,359
F11625,F12,L02352,0.04,360
F11626,F12,L02352,0.04,361
F11627,F12,L02352,0.04,362
F11628,F12,L02352,0.04,363
F11629,F12,L02352,0.04,364
F11630,F12,L02352,0.04,365
F11631,F12,L02352,0.04,366
F11632,F12,L02352,0.04,367
F11633,F12,L02352,0.04,368
F11634,F12,L02352,0.04,369
F11635,F12,L02352,0.04,370
F11636,F12,L02352,0.04,371
F11637,F12,L02352,0.04,372
F11638,F12,L02352,0.04,373
F11639,F12,L02352,0.04,374
F11640,F12,L02352,0.04,375
F11641,F12,L02352,0.04,376
F11642,F12,L02352,0.04,377
F11643,F12,L02352,0.04,378
F11644,F12,L02352,0.04,379
F11645,F12,L02352,0.04,380
F11646,F12,L02352,0.04,381
F11647,F12,L02352,0.04,382
F11648,F12,L02352,0.04,383
F11649,F12,L02352,0.04,384
F11650,F12,L02352,0.04,385
F11651,F12,L02352,0.04,386
F11652,F12,L02352,0.04,387
F11653,F12,L02352,0.04,388
F11654,F12,L02352,0.04,389
F11655,F12,L02352,0.04,390
F11656,F12,L02352,0.04,391
F11657,F12,L02352,0.04,392
F11658,F12,L02352,0.04,393
F11659,F12,L02352,0.04,394
F11660,F12,L02352,0.04,395
F11661,F12,L02352,0.04,396
F11662,F12,L02352,0.04,397
F11663,F12,L02352,0.04,398
F11664,F12,L02352,0.04,399
F11665,F12,L02352,0.04,400
F11666,F12,L02352,0.04,401
F11667,F12,L02352,0.04,402
F11668,F12,L02352,0.04,403
F11669,F12,L02352,0.04,404
F11670,F12,L02352,0.04,405
F11671,F12,L02352,0.04,406
F11672,F12,L02352,0.04,407
F11673,F12,L02352,0.04,408
F11674,F12,L02352,0.04,409
F11675,F12,L02352,0.04,410
F11676,F12,L02352,0.04,411
F11677,F12,L02352,0.04,412
F11678,F12,L02352,0.04,413
F11679,F12,L02352,0.04,414
F11680,F12,L02352,0.04,415
F11681,F12,L02352,0.04,416
F11682,F12,L02352,0.04,417
F11683,F12,L02352,0.04,418
F11684,F12,L02352,0.04,419
F11685,F12,L02352,0.04,420
F11686,F12,L02352,0.04,421
F11687,F12,L02352,0.04,422
F11688,F12,L02352,0.04,423
F11689,F12,L02352,0.04,424
F11690,F12,L02352,0.04,425
F11691,F12,L02352,0.04,426
F11692,F12,L02352,0.04,427
F11693,F12,L02352,0.04,428
F11694,F12,L02352,0.04,429
F11695,F12,L02352,0.04,430
F11696,F12,L02352,0.04,431
F11697,F12,L02352,0.04,432
F11698,F12,L02352,0.04,433
F11699,F12,L02352,0.04,434
F11700,F12,L02352,0.04,435
F11701,F12,L02352,0.04,436
F11702,F12,L02352,0.04,437
F11703,F12,L02352,0.04,438
F11704,F12,L02352,0.04,439
F11705,F12,L02352,0.04,440
F11706,F12,L02352,0.04,441
F11707,F12,L02352,0.04,442
F11708,F12,L02352,0.04,443
F11709,F12,L02352,0.04,444
F11710,F12,L02352,0.04,445
F11711,F12,L02352,0.04,446
F11712,F12,L02352,0.04,447
F11713,F12,L02352,0.04,448
F11714,F12,L02352,0.04,449
F11715,F12,L02352,0.04,450
F11716,F12,L02352,0.04,451
F11717,F12,L02352,0.04,452
F11718,F12,L02352,0.04,453
F11719,F12,L02352,0.04,454
F11720,F12,L02352,0.04,455
F11721,F12,L02352,0.04,456
F11722,F12,L02352,0.04,457
F11723,F12,L02352,0.04,458
F11724,F12,L02352,0.04,459
F11725,F12,L02352,0.04,460
F11726,F12,L02352,0.04,461
F11727,F12,L02352,0.04,462
F11728,F12,L02352,0.04,463
F11729,F12,L02352,0.04,464
F11730,F12,L02352,0.04,465
F11731,F12,L02352,0.04,466
F11732,F12,L02352,0.04,467
F11733,F12,L02352,0.04,468
F11734,F12,L02352,0.04,469
F11735,F12,L02352,0.04,470
F11736,F12,L02352,0.04,471
F11737,F12,L02352,0.04,472
F11738,F12,L02352,0.04,473
F11739,F12,L02352,0.04,474
F11740,F12,L02352,0.04,475
F11741,F12,L02352,0.04,476
F11742,F12,L02352,0.04,477
F11743,F12,L02352,0.04,478
F11744,F12,L02352,0.04,479
F11745,F12,L02352,0.04,480
F11746,F12,L02352,0.04,481
F11747,F12,L02352,0.04,482
F11748,F12,L02352,0.04,483
F11749,F12,L02352,0.04,484
F11750,F12,L02352,0.04,485
F11751,F12,L02352,0.04,486
F11752,F12,L02352,0.04,487
F11753,F12,L02352,0.04,488
F11754,F12,L02352,0.04,489
F11755,F12,L02352,0.04,490
F11756,F12,L02352,0.04,491
F11757,F12,L02352,0.04,492
F11758,F12,L02352,0.04,493
F11759,F12,L02352,0.04,494
F11760,F12,L02352,0.04,495
F11761,F12,L02352,0.04,496
F11762,F12,L02352,0.04,497
F11763,F12,L02352,0.04,498
F11764,F12,L02352,0.04,499
F11765,F12,L02352,0.04,500
F11766,F12,L02352,0.04,501
F11767,F12,L02352,0.04,502
F11768,F12,L02352,0.04,503
F11769,F12,L02352,0.04,504
F11770,F12,L02352,0.04,505
F11771,F12,L02352,0.04,506
F11772,F12,L02352,0.04,507
F11773,F12,L02352,0.04,508
F11774,F12,L02352,0.04,509
F11775,F12,L02352,0.04,510
F11776,F12,L02352,0.04,511
F11777,F12,L02352,0.04,512
F11778,F12,L02352,0.04,513
F11779,F12,L02352,0.04,514
F11780,F12,L02352,0.04,515
F11781,F12,L02352,0.04,516
F11782,F12,L02352,0.04,517
F11783,F12,L02352,0.04,518
F11784,F12,L02352,0.04,519
F11785,F12,L02352,0.04,520
F11786,F12,L02352,0.04,521
F11787,F12,L02352,0.04,522
F11788,F12,L02352,0.04,523
F11789,F12,L02352,0.04,524
F11790,F12,L02352,0.04,525
F11791,F12,L02352,0.04,526
F11792,F12,L02352,0.04,527
F11793,F12,L02352,0.04,528
F11794,F12,L02352,0.04,529
F11795,F12,L02352,0.04,530
F11796,F12,L02352,0.04,531
F11797,F12,L02352,0.04,532
F11798,F12,L02352,0.04,533
F11799,F12,L02352,0.04,534
F11800,F12,L02352,0.04,535
F11801,F12,L02352,0.04,536
F11802,F12,L02352,0.04,537
F11803,F12,L02352,0.04,538
F11804,F12,L02352,0.04,539
F11805,F12,L02352,0.04,540
F11806,F12,L02352,0.04,541
F11807,F12,L02352,0.04,542
F11808,F12,L02352,0.04,543
F11809,F12,L02352,0.04,544
F11810,F12,L02352,0.04,545
F11811,F12,L02352,0.04,546
F11812,F12,L02352,0.04,547
F11813,F12,L02352,0.04,548
F11814,F12,L02352,0.04,549
F11815,F12,L02352,0.04,550
F11816,F12,L02352,0.04,551
F11817,F12,L02352,0.04,552
F11818,F12,L02352,0.04,553
F11819,F12,L02352,0.04,554
F11820,F12,L02352,0.04,555
F11821,F12,L02352,0.04,556
F11822,F12,L02352,0.04,557
F11823,F12,L02352,0.04,558
F11824,F12,L02352,0.04,559
F11825,F12,L02352,0.04,560
F11826,F12,L02352,0.04,561
F11827,F12,L02352,0.04,562
F11828,F12,L02352,0.04,563
F11829,F12,L02352,0.04,564
F11830,F12,L02352,0.04,565
F11831,F12,L02352,0.04,566
F11832,F12,L02352,0.04,567
F11833,F12,L02352,0.04,568
F11834,F12,L02352,0.04,569
F11835,F12,L02352,0.04,570
F11836,F12,L02352,0.04,571
F11837,F12,L02352,0.04,572
F11838,F12,L02352,0.04,573
F11839,F12,L02352,0.04,574
F11840,F12,L02352,0.04,575
F11841,F12,L02352,0.04,576
F11842,F12,L02352,0.04,577
F11843,F12,L02352,0.04,578
F11844,F12,L02352,0.04,579
F11845,F12,L02352,0.04,580
F11846,F12,L02352,0.04,581
F11847,F12,L02352,0.04,582
F11848,F12,L02352,0.04,583
F11849,F12,L02352,0.04,584
F11850,F12,L02352,0.04,585
F11851,F12,L02352,0.04,586
F11852,F12,L02352,0.04,587
F11853,F12,L02352,0.04,588
F11854,F12,L02352,0.04,589
F11855,F12,L02352,0.04,590
F11856,F12,L02352,0.04,591
F11857,F12,L02352,0.04,592
F11858,F12,L02352,0.04,593
F11859,F12,L02352,0.04,594
F11860,F12,L02352,0.04,595
F11861,F12,L02352,0.04,596
F11862,F12,L02352,0.04,597
F11863,F12,L02352,0.04,598
F11864,F12,L02352,0.04,599
F11865,F12,L02352,0.04,600
F11866,F12,L02352,0.04,601
F11867,F12,L02352,0.04,602
F11868,F12,L02352,0.04,603
F11869,F12,L02352,0.04,604
F11870,F12,L02352,0.04,605
F11871,F12,L02352,0.04,606
F11872,F12,L02352,0.04,607
F11873,F12,L02352,0.04,608
F11874,F12,L02352,0.04,609
F11875,F12,L02352,0.04,610
F11876,F12,L02352,0.04,611
F11877,F12,L02352,0.04,612
F11878,F12,L02352,0.04,613
F11879,F12,L02352,0.04,614
F11880,F12,L02352,0.04,615
F11881,F12,L02352,0.04,616
F11882,F12,L02352,0.04,617
F11883,F12,L02352,0.04,618
F11884,F12,L02352,0.04,619
F11885,F12,L02352,0.04,620
F11886,F12,L02352,0.04,621
F11887,F12,L02352,0.04,622
F11888,F12,L02352,0.04,623
F11889,F12,L02352,0.04,624
F11890,F12,L02352,0.04,625
F11891,F12,L02352,0.04,626
F11892,F12,L02352,0.04,627
F11893,F12,L02352,0.04,628
F11894,F12,L02352,0.04,629
F11895,F12,L02352,0.04,630
F11896,F12,L02352,0.04,631
F11897,F12,L02352,0.04,632
F11898,F12,L02352,0.04,633
F11899,F12,L02352,0.04,634
F11900,F12,L02352,0.04,635
F11901,F12,L02352,0.04,636
F11902,F12,L02352,0.04,637
F11903,F12,L02352,0.04,638
F11904,F12,L02352,0.04,639
F11905,F12,L02352,0.04,640
F11906,F12,L02352,0.04,641
F11907,F12,L02352,0.04,642
F11908,F12,L02352,0.04,643
F11909,F12,L02352,0.04,644
F11910,F12,L02352,0.04,645
F11911,F12,L02352,0.04,646
F11912,F12,L02352,0.04,647
F11913,F12,L02352,0.04,648
F11914,F12,L02352,0.04,649
F11915,F12,L02352,0.04,650
F11916,F12,L02352,0.04,651
F11917,F12,L02352,0.04,652
F11918,F12,L02352,0.04,653
F11919,F12,L02352,0.04,654
F11920,F12,L02352,0.04,655
F11921,F12,L02352,0.04,656
F11922,F12,L02352,0.04,657
F11923,F12,L02352,0.04,658
F11924,F12,L02352,0.04,659
F11925,F12,L02352,0.04,660
F11926,F12,L02352,0.04,661
F11927,F12,L02352,0.04,662
F11928,F12,L02352,0.04,663
F11929,F12,L02352,0.04,664
F11930,F12,L02352,0.04,665
F11931,F12,L02352,0.04,666
F11932,F12,L02352,0.04,667
F11933,F12,L02352,0.04,668
F11934,F12,L02352,0.04,669
F11935,F12,L02352,0.04,670
F11936,F12,L02352,0.04,671
F11937,F12,L02352,0.04,672
F11938,F12,L02352,0.04,673
F11939,F12,L02352,0.04,674
F11940,F12,L02352,0.04,675
F11941,F12,L02352,0.04,676
F11942,F12,L02352,0.04,677
F11943,F12,L02352,0.04,678
F11944,F12,L02352,0.04,679
F11945,F12,L02352,0.04,680
F11946,F12,L02352,0.04,681
F11947,F12,L02352,0.04,682
F11948,F12,L02352,0.04,683
F11949,F12,L02352,0.04,684
F11950,F12,L02352,0.04,685
F11951,F12,L02352,0.04,686
F11952,F12,L02352,0.04,687
F11953,F12,L02352,0.04,688
F11954,F12,L02352,0.04,689
F11955,F12,L02352,0.04,690
F11956,F12,L02352,0.04,691
F11957,F12,L02352,0.04,692
F11958,F12,L02352,0.04,693
F11959,F12,L02352,0.04,694
F11960,F12,L02352,0.04,695
F11961,F12,L02352,0.04,696
F11962,F12,L02352,0.04,697
F11963,F12,L02352,0.04,698
F11964,F12,L02352,0.04,699
F11965,F12,L02352,0.04,700
F11966,F12,L02352,0.04,701
F11967,F12,L02352,0.04,702
F11968,F12,L02352,0.04,703
F11969,F12,L02352,0.04,704
F11970,F12,L02352,0.04,705
F11971,F12,L02352,0.04,706
F11972,F12,L02352,0.04,707
F11973,F12,L02352,0.04,708
F11974,F12,L02352,0.04,709
F11975,F12,L02352,0.04,710
F11976,F12,L02352,0.04,711
F11977,F12,L02352,0.04,712
F11978,F12,L02352,0.04,713
F11979,F12,L02352,0.04,714
F11980,F12,L02352,0.04,715
F11981,F12,L02352,0.04,716
F11982,F12,L02352,0.04,717
F11983,F12,L02352,0.04,718
F11984,F12,L02352,0.04,719
F11985,F12,L02352,0.04,720
F11986,F12,L02352,0.04,721
F11987,F12,L02352,0.04,722
F11988,F12,L02352,0.04,723
F11989,F12,L02352,0.04,724
F11990,F12,L02352,0.04,725
F11991,F12,L02352,0.04,726
F11992,F12,L02352,0.04,727
F11993,F12,L02352,0.04,728
F11994,F12,L02352,0.04,729
F11995,F12,L02352,0.04,730
F11996,F12,L02352,0.04,731
F11997,F12,L02352,0.04,732
F11998,F12,L02352,0.04,733
F11999,F12,L02352,0.04,734
F12000,F12,L02352,0.04,735
F12001,F12,L02352,0.04,736
F12002,F12,L02352,0.04,737
F12003,F12,L02352,0.04,738
F12004,F12,L02352,0.04,739
F12005,F12,L02352,0.04,740
F12006,F12,L02352,0.04,741
F12007,F12,L02352,0.04,742
F12008,F12,L02352,0.04,743
F12009,F12,L02352,0.04,744
F12010,F12,L02352,0.04,745
F12011,F12,L02352,0.04,746
F12012,F12,L02352,0.04,747
F12013,F12,L02352,0.04,748
F12014,F12,L02352,0.04,749
F12015,F12,L02352,0.04,750
F12016,F12,L02352,0.04,751
F12017,F12,L02352,0.04,752
F12018,F12,L02352,0.04,753
F12019,F12,L02352,0.04,754
F12020,F12,L02352,0.04,755
F12021,F12,L02352,0.04,756
F12022,F12,L02352,0.04,757
F12023,F12,L02352,0.04,758
F12024,F12,L02352,0.04,759
F12025,F12,L02352,0.04,760
F12026,F12,L02352,0.04,761
F12027,F12,L02352,0.04,762
F12028,F12,L02352,0.04,763
F12029,F12,L02352,0.04,764
F12030,F12,L02352,0.04,765
F12031,F12,L02352,0.04,766
F12032,F12,L02352,0.04,767
F12033,F12,L02352,0.04,768
F12034,F12,L02352,0.04,769
F12035,F12,L02352,0.04,770
F12036,F12,L02352,0.04,771
F12037,F12,L02352,0.04,772
F12038,F12,L02352,0.04,773
F12039,F12,L02352,0.04,774
F12040,F12,L02352,0.04,775
F12041,F12,L02352,0.04,776
F12042,F12,L02352,0.04,777
F12043,F12,L02352,0.04,778
F12044,F12,L02352,0.04,779
F12045,F12,L02352,0.04,780
F12046,F12,L02352,0.04,781
F12047,F12,L02352,0.04,782
F12048,F12,L02352,0.04,783
F12049,F12,L02352,0.04,784
F12050,F12,L02352,0.04,785
F12051,F12,L02352,0.04,786
F12052,F12,L02352,0.04,787
F12053,F12,L02352,0.04,788
F12054,F12,L02352,0.04,789
F12055,F12,L02352,0.04,790
F12056,F12,L02352,0.04,791
F12057,F12,L02352,0.04,792
F12058,F12,L02352,0.04,793
F12059,F12,L02352,0.04,794
F12060,F12,L02352,0.04,795
F12061,F12,L02352,0.04,796
F12062,F12,L02352,0.04,797
F12063,F12,L02352,0.04,798
F12064,F12,L02352,0.04,799
F12065,F12,L02352,0.04,800
F12066,F12,L02352,0.04,801
F12067,F12,L02352,0.04,802
F12068,F12,L02352,0.04,803
F12069,F12,L02352,0.04,804
F12070,F12,L02352,0.04,805
F12071,F12,L02352,0.04,806
F12072,F12,L02352,0.04,807
F12073,F12,L02352,0.04,808
F12074,F12,L02352,0.04,809
F12075,F12,L02352,0.04,810
F12076,F12,L02352,0.04,811
F12077,F12,L02352,0.04,812
F12078,F12,L02352,0.04,813
F12079,F12,L02352,0.04,814
F12080,F12,L02352,0.04,815
F12081,F12,L02352,0.04,816
F12082,F12,L02352,0.04,817
F12083,F12,L02352,0.04,818
F12084,F12,L02352,0.04,819
F12085,F12,L02352,0.04,820
F12086,F12,L02352,0.04,821
F12087,F12,L02352,0.04,822
F12088,F12,L02352,0.04,823
F12089,F12,L02352,0.04,824
F12090,F12,L02352,0.04,825
F12091,F12,L02352,0.04,826
F12092,F12,L02352,0.04,827
F12093,F12,L02352,0.04,828
F12094,F12,L02352,0.04,829
F12095,F12,L02352,0.04,830
F12096,F12,L02352,0.04,831
F12097,F12,L02352,0.04,832
F12098,F12,L02352,0.04,833
F12099,F12,L02352,0.04,834
F12100,F12,L02352,0.04,835
F12101,F12,L02352,0.04,836
F12102,F12,L02352,0.04,837
F12103,F12,L02352,0.04,838
F12104,F12,L02352,0.04,839
F12105,F12,L02352,0.04,840
F12106,F12,L02352,0.04,841
F12107,F12,L02352,0.04,842
F12108,F12,L02352,0.04,843
F12109,F12,L02352,0.04,844
F12110,F12,L02352,0.04,845
F12111,F12,L02352,0.04,846
F12112,F12,L02352,0.04,847
F12113,F12,L02352,0.04,848
F12114,F12,L02352,0.04,849
F12115,F12,L02352,0.04,850
F12116,F12,L02352,0.04,851
F12117,F12,L02352,0.04,852
F12118,F12,L02352,0.04,853
F12119,F12,L02352,0.04,854
F12120,F12,L02352,0.04,855
F12121,F12,L02352,0.04,856
F12122,F12,L02352,0.04,857
F12123,F12,L02352,0.04,858
F12124,F12,L02352,0.04,859
F12125,F12,L02352,0.04,860
F12126,F12,L02352,0.04,861
F12127,F12,L02352,0.04,862
F12128,F12,L02352,0.04,863
F12129,F12,L02352,0.04,864
F12130,F12,L02352,0.04,865
F12131,F12,L02352,0.04,866
F12132,F12,L02352,0.04,867
F12133,F12,L02352,0.04,868
F12134,F12,L02352,0.04,869
F12135,F12,L02352,0.04,870
F12136,F12,L02352,0.04,871
F12137,F12,L02352,0.04,872
F12138,F12,L02352,0.04,873
F12139,F12,L02352,0.04,874
F12140,F12,L02352,0.04,875
F12141,F12,L02352,0.04,876
F12142,F12,L02352,0.04,877
F12143,F12,L02352,0.04,878
F12144,F12,L02352,0.04,879
F12145,F12,L02352,0.04,880
F12146,F12,L02352,0.04,881
F12147,F12,L02352,0.04,882
F12148,F12,L02352,0.04,883
F12149,F12,L02352,0.04,884
F12150,F12,L02352,0.04,885
F12151,F12,L02352,0.04,886
F12152,F12,L02352,0.04,887
F12153,F12,L02352,0.04,888
F12154,F12,L02352,0.04,889
F12155,F12,L02352,0.04,890
F12156,F12,L02352,0.04,891
F12157,F12,L02352,0.04,892
F12158,F12,L02352,0.04,893
F12159,F12,L02352,0.04,894
F12160,F12,L02352,0.04,895
F12161,F12,L02352,0.04,896
F12162,F12,L02352,0.04,897
F12163,F12,L02352,0.04,898
F12164,F12,L02352,0.04,899
F12165,F12,L02352,0.04,900
F12166,F12,L02352,0.04,901
F12167,F12,L02352,0.04,902
F12168,F12,L02352,0.04,903
F12169,F12,L02352,0.04,904
F12170,F12,L02352,0.04,905
F12171,F12,L02352,0.04,906
F12172,F12,L02352,0.04,907
F12173,F12,L02352,0.04,908
F12174,F12,L02352,0.04,909
F12175,F12,L02352,0.04,910
F12176,F12,L02352,0.04,911
F12177,F12,L02352,0.04,912
F12178,F12,L02352,0.04,913
F12179,F12,L02352,0.04,914
F12180,F12,L02352,0.04,915
F12181,F12,L02352,0.04,916
F12182,F12,L02352,0.04,917
F12183,F12,L02352,0.04,918
F12184,F12,L02352,0.04,919
F12185,F12,L02352,0.04,920
F12186,F12,L02352,0.04,921
F12187,F12,L02352,0.04,922
F12188,F12,L02352,0.04,923
F12189,F12,L02352,0.04,924
F12190,F12,L02352,0.04,925
F12191,F12,L02352,0.04,926
F12192,F12,L02352,0.04,927
F12193,F12,L02352,0.04,928
F12194,F12,L02352,0.04,929
F12195,F12,L02352,0.04,930
F12196,F12,L02352,0.04,931
F12197,F12,L02352,0.04,932
F12198,F12,L02352,0.04,933
F12199,F12,L02352,0.04,934
F12200,F12,L02352,0.04,935
F12201,F12,L02352,0.04,936
F12202,F12,L02352,0.04,937
F12203,F12,L02352,0.04,938
F12204,F12,L02352,0.04,939
F12205,F12,L02352,0.04,940
F12206,F12,L02352,0.04,941
F12207,F12,L02352,0.04,942
F12208,F12,L02352,0.04,943
F12209,F12,L02352,0.04,944
F12210,F12,L02352,0.04,945
F12211,F12,L02352,0.04,946
F12212,F12,L02352,0.04,947
F12213,F12,L02352,0.04,948
F12214,F12,L02352,0.04,949
F12215,F12,L02352,0.04,950
F12216,F12,L02352,0.04,951
F12217,F12,L02352,0.04,952
F12218,F12,L02352,0.04,953
F12219,F12,L02352,0.04,954
F12220,F12,L02352,0.04,955
F12221,F12,L02352,0.04,956
F12222,F12,L02352,0.04,957
F12223,F12,L02352,0.04,958
F12224,F12,L02352,0.04,959
F12225,F12,L02352,0.04,960
F12226,F12,L02352,0.04,961
F12227,F12,L02352,0.04,962
F12228,F12,L02352,0.04,963
F12229,F12,L02352,0.04,964
F12230,F12,L02352,0.04,965
F12231,F12,L02352,0.04,966
F12232,F12,L02352,0.04,967
F12233,F12,L02352,0.04,968
F12234,F12,L02352,0.04,969
F12235,F12,L02352,0.04,970
F12236,F12,L02352,0.04,971
F12237,F12,L02352,0.04,972
F12238,F12,L02352,0.04,973
F12239,F12,L02352,0.04,974
F12240,F12,L02352,0.04,975
F12241,F12,L02352,0.04,976
F12242,F12,L02352,0.04,977
F12243,F12,L02352,0.04,978
F12244,F12,L02352,0.04,979
F12245,F12,L02352,0.04,980
F12246,F12,L02352,0.04,981
F12247,F12,L02352,0.04,982
F12248,F12,L02352,0.04,983
F12249,F12,L02352,0.04,984
F12250,F12,L02352,0.04,985
F12251,F12,L02352,0.04,986
F12252,F12,L02352,0.04,987
F12253,F12,L02352,0.04,988
F12254,F12,L02352,0.04,989
F12255,F12,L02352,0.04,990
F12256,F12,L02352,0.04,991
F12257,F12,L02352,0.04,992
F12258,F12,L02352,0.04,993
F12259,F12,L02352,0.04,994
F12260,F12,L02352,0.04,995
F12261,F12,L02352,0.04,996
F12262,F12,L02352,0.04,997
F12263,F12,L02352,0.04,998
F12264,F12,L02352,0.04,999
F12265,F12,L02352,0.04,1000
F12266,F12,L02352,0.04,1001
F12267,F12,L02352,0.04,1002
F12268,F12,L02352,0.04,1003
F12269,F12,L02352,0.04,1004
F12270,F12,L02352,0.04,1005
F12271,F12,L02352,0.04,1006
F12272,F12,L02352,0.04,1007
F12273,F12,L02352,0.04,1008
F12274,F12,L02352,0.04,1009
F12275,F12,L02352,0.04,1010
F12276,F12,L02352,0.04,1011
F12277,F12,L02352,0.04,1012
F12278,F12,L02352,0.04,1013
F12279,F12,L02352,0.04,1014
F12280,F12,L02352,0.04,1015
F12281,F12,L02352,0.04,1016
F12282,F12,L02352,0.04,1017
F12283,F12,L02352,0.04,1018
F12284,F12,L02352,0.04,1019
F12285,F12,L02352,0.04,1020
F12286,F12,L02352,0.04,1021
F12287,F12,L02352,0.04,1022
F12288,F12,L02352,0.04,1023
F12289,F13,L01136,0.005,0
F12290,F13,L01136,0.005,1
F12291,F13,L01136,0.005,2
F12292,F13,L01136,0.005,3
F12293,F13,L01136,0.005,4
F12294,F13,L01136,0.005,5
F12295,F13,L01136,0.005,6
F12296,F13,L01136,0.005,7
F12297,F13,L01136,0.005,8
F12298,F13,L01136,0.005,9
F12299,F13,L01136,0.005,10
F12300,F13,L01136,0.005,11
F12301,F13,L01136,0.005,12
F12302,F13,L01136,0.005,13
F12303,F13,L01136,0.005,14
F12304,F13,L01136,0.005,15
F12305,F13,L01136,0.005,16
F12306,F13,L01136,0.005,17
F12307,F13,L01136,0.005,18
F12308,F13,L01136,0.005,19
F12309,F13,L01136,0.005,20
F12310,F13,L01136,0.005,21
F12311,F13,L01136,0.005,22
F12312,F13,L01136,0.005,23
F12313,F13,L01136,0.005,24
F12314,F13,L01136,0.005,25
F12315,F13,L01136,0.005,26
F12316,F13,L01136,0.005,27
F12317,F13,L01136,0.005,28
F12318,F13,L01136,0.005,29
F12319,F13,L01136,0.005,30
F12320,F13,L01136,0.005,31
F12321,F13,L01136,0.005,32
F12322,F13,L01136,0.005,33
F12323,F13,L01136,0.005,34
F12324,F13,L01136,0.005,35
F12325,F13,L01136,0.005,36
F12326,F13,L01136,0.005,37
F12327,F13,L01136,0.005,38
F12328,F13,L01136,0.005,39
F12329,F13,L01136,0.005,40
F12330,F13,L01136,0.005,41
F12331,F13,L01136,0.005,42
F12332,F13,L01136,0.005,43
F12333,F13,L01136,0.005,44
F12334,F13,L01136,0.005,45
F12335,F13,L01136,0.005,46
F12336,F13,L01136,0.005,47
F12337,F13,L01136,0.005,48
F12338,F13,L01136,0.005,49
F12339,F13,L01136,0.005,50
F12340,F13,L01136,0.005,51
F12341,F13,L01136,0.005,52
F12342,F13,L01136,0.005,53
F12343,F13,L01136,0.005,54
F12344,F13,L01136,0.005,55
F12345,F13,L01136,0.005,56
F12346,F13,L01136,0.005,57
F12347,F13,L01136,0.005,58
F12348,F13,L01136,0.005,59
F12349,F13,L01136,0.005,60
F12350,F13,L01136,0.005,61
F12351,F13,L01136,0.005,62
F12352,F13,L01136,0.005,63
F12353,F13,L01136,0.005,64
F12354,F13,L01136,0.005,65
F12355,F13,L01136,0.005,66
F12356,F13,L01136,0.005,67
F12357,F13,L01136,0.005,68
F12358,F13,L01136,0.005,69
F12359,F13,L01136,0.005,70
F12360,F13,L01136,0.005,71
F12361,F13,L01136,0.005,72
F12362,F13,L01136,0.005,73
F12363,F13,L01136,0.005,74
F12364,F13,L01136,0.005,75
F12365,F13,L01136,0.005,76
F12366,F13,L01136,0.005,77
F12367,F13,L01136,0.005,78
F12368,F13,L01136,0.005,79
F12369,F13,L01136,0.005,80
F12370,F13,L01136,0.005,81
F12371,F13,L01136,0.005,82
F12372,F13,L01136,0.005,83
F12373,F13,L01136,0.005,84
F12374,F13,L01136,0.005,85
F12375,F13,L01136,0.005,86
F12376,F13,L01136,0.005,87
F12377,F13,L01136,0.005,88
F12378,F13,L01136,0.005,89
F12379,F13,L01136,0.005,90
F12380,F13,L01136,0.005,91
F12381,F13,L01136,0.005,92
F12382,F13,L01136,0.005,93
F12383,F13,L01136,0.005,94
F12384,F13,L01136,0.005,95
F12385,F13,L01136,0.005,96
F12386,F13,L01136,0.005,97
F12387,F13,L01136,0.005,98
F12388,F13,L01136,0.005,99
F12389,F13,L01136,0.005,100
F12390,F13,L01136,0.005,101
F12391,F13,L01136,0.005,102
F12392,F13,L01136,0.005,103
F12393,F13,L01136,0.005,104
F12394,F13,L01136,0.005,105
F12395,F13,L01136,0.005,106
F12396,F13,L01136,0.005,107
F12397,F13,L01136,0.005,108
F12398,F13,L01136,0.005,109
F12399,F13,L01136,0.005,110
F12400,F13,L01136,0.005,111
F12401,F13,L01136,0.005,112
F12402,F13,L01136,0.005,113
F12403,F13,L01136,0.005,114
F12404,F13,L01136,0.005,115
F12405,F13,L01136,0.005,116
F12406,F13,L01136,0.005,117
F12407,F13,L01136,0.005,118
F12408,F13,L01136,0.005,119
F12409,F13,L01136,0.005,120
F12410,F13,L01136,0.005,121
F12411,F13,L01136,0.005,122
F12412,F13,L01136,0.005,123
F12413,F13,L01136,0.005,124
F12414,F13,L01136,0.005,125
F12415,F13,L01136,0.005,126
F12416,F13,L01136,0.005,127
F12417,F13,L01136,0.005,128
F12418,F13,L01136,0.005,129
F12419,F13,L01136,0.005,130
F12420,F13,L01136,0.005,131
F12421,F13,L01136,0.005,132
F12422,F13,L01136,0.005,133
F12423,F13,L01136,0.005,134
F12424,F13,L01136,0.005,135
F12425,F13,L01136,0.005,136
F12426,F13,L01136,0.005,137
F12427,F13,L01136,0.005,138
F12428,F13,L01136,0.005,139
F12429,F13,L01136,0.005,140
F12430,F13,L01136,0.005,141
F12431,F13,L01136,0.005,142
F12432,F13,L01136,0.005,143
F12433,F13,L01136,0.005,144
F12434,F13,L01136,0.005,145
F12435,F13,L01136,0.005,146
F12436,F13,L01136,0.005,147
F12437,F13,L01136,0.005,148
F12438,F13,L01136,0.005,149
F12439,F13,L01136,0.005,150
F12440,F13,L01136,0.005,151
F12441,F13,L01136,0.005,152
F12442,F13,L01136,0.005,153
F12443,F13,L01136,0.005,154
F12444,F13,L01136,0.005,155
F12445,F13,L01136,0.005,156
F12446,F13,L01136,0.005,157
F12447,F13,L01136,0.005,158
F12448,F13,L01136,0.005,159
F12449,F13,L01136,0.005,160
F12450,F13,L01136,0.005,161
F12451,F13,L01136,0.005,162
F12452,F13,L01136,0.005,163
F12453,F13,L01136,0.005,164
F12454,F13,L01136,0.005,165
F12455,F13,L01136,0.005,166
F12456,F13,L01136,0.005,167
F12457,F13,L01136,0.005,168
F12458,F13,L01136,0.005,169
F12459,F13,L01136,0.005,170
F12460,F13,L01136,0.005,171
F12461,F13,L01136,0.005,172
F12462,F13,L01136,0.005,173
F12463,F13,L01136,0.005,174
F12464,F13,L01136,0.005,175
F12465,F13,L01136,0.005,176
F12466,F13,L01136,0.005,177
F12467,F13,L01136,0.005,178
F12468,F13,L01136,0.005,179
F12469,F13,L01136,0.005,180
F12470,F13,L01136,0.005,181
F12471,F13,L01136,0.005,182
F12472,F13,L01136,0.005,183
F12473,F13,L01136,0.005,184
F12474,F13,L01136,0.005,185
F12475,F13,L01136,0.005,186
F12476,F13,L01136,0.005,187
F12477,F13,L01136,0.005,188
F12478,F13,L01136,0.005,189
F12479,F13,L01136,0.005,190
F12480,F13,L01136,0.005,191
F12481,F13,L01136,0.005,192
F12482,F13,L01136,0.005,193
F12483,F13,L01136,0.005,194
F12484,F13,L01136,0.005,195
F12485,F13,L01136,0.005,196
F12486,F13,L01136,0.005,197
F12487,F13,L01136,0.005,198
F12488,F13,L01136,0.005,199
F12489,F13,L01136,0.005,200
F12490,F13,L01136,0.005,201
F12491,F13,L01136,0.005,202
F12492,F13,L01136,0.005,203
F12493,F13,L01136,0.005,204
F12494,F13,L01136,0.005,205
F12495,F13,L01136,0.005,206
F12496,F13,L01136,0.005,207
F12497,F13,L01136,0.005,208
F12498,F13,L01136,0.005,209
F12499,F13,L01136,0.005,210
F12500,F13,L01136,0.005,211
F12501,F13,L01136,0.005,212
F12502,F13,L01136,0.005,213
F12503,F13,L01136,0.005,214
F12504,F13,L01136,0.005,215
F12505,F13,L01136,0.005,216
F12506,F13,L01136,0.005,217
F12507,F13,L01136,0.005,218
F12508,F13,L01136,0.005,219
F12509,F13,L01136,0.005,220
F12510,F13,L01136,0.005,221
F12511,F13,L01136,0.005,222
F12512,F13,L01136,0.005,223
F12513,F13,L01136,0.005,224
F12514,F13,L01136,0.005,225
F12515,F13,L01136,0.005,226
F12516,F13,L01136,0.005,227
F12517,F13,L01136,0.005,228
F12518,F13,L01136,0.005,229
F12519,F13,L01136,0.005,230
F12520,F13,L01136,0.005,231
F12521,F13,L01136,0.005,232
F12522,F13,L01136,0.005,233
F12523,F13,L01136,0.005,234
F12524,F13,L01136,0.005,235
F12525,F13,L01136,0.005,236
F12526,F13,L01136,0.005,237
F12527,F13,L01136,0.005,238
F12528,F13,L01136,0.005,239
F12529,F13,L01136,0.005,240
F12530,F13,L01136,0.005,241
F12531,F13,L01136,0.005,242
F12532,F13,L01136,0.005,243
F12533,F13,L01136,0.005,244
F12534,F13,L01136,0.005,245
F12535,F13,L01136,0.005,246
F12536,F13,L01136,0.005,247
F12537,F13,L01136,0.005,248
F12538,F13,L01136,0.005,249
F12539,F13,L01136,0.005,250
F12540,F13,L01136,0.005,251
F12541,F13,L01136,0.005,252
F12542,F13,L01136,0.005,253
F12543,F13,L01136,0.005,254
F12544,F13,L01136,0.005,255
F12545,F13,L01136,0.005,256
F12546,F13,L01136,0.005,257
F12547,F13,L01136,0.005,258
F12548,F13,L01136,0.005,259
F12549,F13,L01136,0.005,260
F12550,F13,L01136,0.005,261
F12551,F13,L01136,0.005,262
F12552,F13,L01136,0.005,263
F12553,F13,L01136,0.005,264
F12554,F13,L01136,0.005,265
F12555,F13,L01136,0.005,266
F12556,F13,L01136,0.005,267
F12557,F13,L01136,0.005,268
F12558,F13,L01136,0.005,269
F12559,F13,L01136,0.005,270
F12560,F13,L01136,0.005,271
F12561,F13,L01136,0.005,272
F12562,F13,L01136,0.005,273
F12563,F13,L01136,0.005,274
F12564,F13,L01136,0.005,275
F12565,F13,L01136,0.005,276
F12566,F13,L01136,0.005,277
F12567,F13,L01136,0.005,278
F12568,F13,L01136,0.005,279
F12569,F13,L01136,0.005,280
F12570,F13,L01136,0.005,281
F12571,F13,L01136,0.005,282
F12572,F13,L01136,0.005,283
F12573,F13,L01136,0.005,284
F12574,F13,L01136,0.005,285
F12575,F13,L01136,0.005,286
F12576,F13,L01136,0.005,287
F12577,F13,L01136,0.005,288
F12578,F13,L01136,0.005,289
F12579,F13,L01136,0.005,290
F12580,F13,L01136,0.005,291
F12581,F13,L01136,0.005,292
F12582,F13,L01136,0.005,293
F12583,F13,L01136,0.005,294
F12584,F13,L01136,0.005,295
F12585,F13,L01136,0.005,296
F12586,F13,L01136,0.005,297
F12587,F13,L01136,0.005,298
F12588,F13,L01136,0.005,299
F12589,F13,L01136,0.005,300
F12590,F13,L01136,0.005,301
F12591,F13,L01136,0.005,302
F12592,F13,L01136,0.005,303
F12593,F13,L01136,0.005,304
F12594,F13,L01136,0.005,305
F12595,F13,L01136,0.005,306
F12596,F13,L01136,0.005,307
F12597,F13,L01136,0.005,308
F12598,F13,L01136,0.005,309
F12599,F13,L01136,0.005,310
F12600,F13,L01136,0.005,311
F12601,F13,L01136,0.005,312
F12602,F13,L01136,0.005,313
F12603,F13,L01136,0.005,314
F12604,F13,L01136,0.005,315
F12605,F13,L01136,0.005,316
F12606,F13,L01136,0.005,317
F12607,F13,L01136,0.005,318
F12608,F13,L01136,0.005,319
F12609,F13,L01136,0.005,320
F12610,F13,L01136,0.005,321
F12611,F13,L01136,0.005,322
F12612,F13,L01136,0.005,323
F12613,F13,L01136,0.005,324
F12614,F13,L01136,0.005,325
F12615,F13,L01136,0.005,326
F12616,F13,L01136,0.005,327
F12617,F13,L01136,0.005,328
F12618,F13,L01136,0.005,329
F12619,F13,L01136,0.005,330
F12620,F13,L01136,0.005,331
F12621,F13,L01136,0.005,332
F12622,F13,L01136,0.005,333
F12623,F13,L01136,0.005,334
F12624,F13,L01136,0.005,335
F12625,F13,L01136,0.005,336
F12626,F13,L01136,0.005,337
F12627,F13,L01136,0.005,338
F12628,F13,L01136,0.005,339
F12629,F13,L01136,0.005,340
F12630,F13,L01136,0.005,341
F12631,F13,L01136,0.005,342
F12632,F13,L01136,0.005,343
F12633,F13,L01136,0.005,344
F12634,F13,L01136,0.005,345
F12635,F13,L01136,0.005,346
F12636,F13,L01136,0.005,347
F12637,F13,L01136,0.005,348
F12638,F13,L01136,0.005,349
F12639,F13,L01136,0.005,350
F12640,F13,L01136,0.005,351
F12641,F13,L01136,0.005,352
F12642,F13,L01136,0.005,353
F12643,F13,L01136,0.005,354
F12644,F13,L01136,0.005,355
F12645,F13,L01136,0.005,356
F12646,F13,L01136,0.005,357
F12647,F13,L01136,0.005,358
F12648,F13,L01136,0.005,359
F12649,F13,L01136,0.005,360
F12650,F13,L01136,0.005,361
F12651,F13,L01136,0.005,362
F12652,F13,L01136,0.005,363
F12653,F13,L01136,0.005,364
F12654,F13,L01136,0.005,365
F12655,F13,L01136,0.005,366
F12656,F13,L01136,0.005,367
F12657,F13,L01136,0.005,368
F12658,F13,L01136,0.005,369
F12659,F13,L01136,0.005,370
F12660,F13,L01136,0.005,371
F12661,F13,L01136,0.005,372
F12662,F13,L01136,0.005,373
F12663,F13,L01136,0.005,374
F12664,F13,L01136,0.005,375
F12665,F13,L01136,0.005,376
F12666,F13,L01136,0.005,377
F12667,F13,L01136,0.005,378
F12668,F13,L01136,0.005,379
F12669,F13,L01136,0.005,380
F12670,F13,L01136,0.005,381
F12671,F13,L01136,0.005,382
F12672,F13,L01136,0.005,383
F12673,F13,L01136,0.005,384
F12674,F13,L01136,0.005,385
F12675,F13,L01136,0.005,386
F12676,F13,L01136,0.005,387
F12677,F13,L01136,0.005,388
F12678,F13,L01136,0.005,389
F12679,F13,L01136,0.005,390
F12680,F13,L01136,0.005,391
F12681,F13,L01136,0.005,392
F12682,F13,L01136,0.005,393
F12683,F13,L01136,0.005,394
F12684,F13,L01136,0.005,395
F12685,F13,L01136,0.005,396
F12686,F13,L01136,0.005,397
F12687,F13,L01136,0.005,398
F12688,F13,L01136,0.005,399
F12689,F13,L01136,0.005,400
F12690,F13,L01136,0.005,401
F12691,F13,L01136,0.005,402
F12692,F13,L01136,0.005,403
F12693,F13,L01136,0.005,404
F12694,F13,L01136,0.005,405
F12695,F13,L01136,0.005,406
F12696,F13,L01136,0.005,407
F12697,F13,L01136,0.005,408
F12698,F13,L01136,0.005,409
F12699,F13,L01136,0.005,410
F12700,F13,L01136,0.005,411
F12701,F13,L01136,0.005,412
F12702,F13,L01136,0.005,413
F12703,F13,L01136,0.005,414
F12704,F13,L01136,0.005,415
F12705,F13,L01136,0.005,416
F12706,F13,L01136,0.005,417
F12707,F13,L01136,0.005,418
F12708,F13,L01136,0.005,419
F12709,F13,L01136,0.005,420
F12710,F13,L01136,0.005,421
F12711,F13,L01136,0.005,422
F12712,F13,L01136,0.005,423
F12713,F13,L01136,0.005,424
F12714,F13,L01136,0.005,425
F12715,F13,L01136,0.005,426
F12716,F13,L01136,0.005,427
F12717,F13,L01136,0.005,428
F12718,F13,L01136,0.005,429
F12719,F13,L01136,0.005,430
F12720,F13,L01136,0.005,431
F12721,F13,L01136,0.005,432
F12722,F13,L01136,0.005,433
F12723,F13,L01136,0.005,434
F12724,F13,L01136,0.005,435
F12725,F13,L01136,0.005,436
F12726,F13,L01136,0.005,437
F12727,F13,L01136,0.005,438
F12728,F13,L01136,0.005,439
F12729,F13,L01136,0.005,440
F12730,F13,L01136,0.005,441
F12731,F13,L01136,0.005,442
F12732,F13,L01136,0.005,443
F12733,F13,L01136,0.005,444
F12734,F13,L01136,0.005,445
F12735,F13,L01136,0.005,446
F12736,F13,L01136,0.005,447
F12737,F13,L01136,0.005,448
F12738,F13,L01136,0.005,449
F12739,F13,L01136,0.005,450
F12740,F13,L01136,0.005,451
F12741,F13,L01136,0.005,452
F12742,F13,L01136,0.005,453
F12743,F13,L01136,0.005,454
F12744,F13,L01136,0.005,455
F12745,F13,L01136,0.005,456
F12746,F13,L01136,0.005,457
F12747,F13,L01136,0.005,458
F12748,F13,L01136,0.005,459
F12749,F13,L01136,0.005,460
F12750,F13,L01136,0.005,461
F12751,F13,L01136,0.005,462
F12752,F13,L01136,0.005,463
F12753,F13,L01136,0.005,464
F12754,F13,L01136,0.005,465
F12755,F13,L01136,0.005,466
F12756,F13,L01136,0.005,467
F12757,F13,L01136,0.005,468
F12758,F13,L01136,0.005,469
F12759,F13,L01136,0.005,470
F12760,F13,L01136,0.005,471
F12761,F13,L01136,0.005,472
F12762,F13,L01136,0.005,473
F12763,F13,L01136,0.005,474
F12764,F13,L01136,0.005,475
F12765,F13,L01136,0.005,476
F12766,F13,L01136,0.005,477
F12767,F13,L01136,0.005,478
F12768,F13,L01136,0.005,479
F12769,F13,L01136,0.005,480
F12770,F13,L01136,0.005,481
F12771,F13,L01136,0.005,482
F12772,F13,L01136,0.005,483
F12773,F13,L01136,0.005,484
F12774,F13,L01136,0.005,485
F12775,F13,L01136,0.005,486
F12776,F13,L01136,0.005,487
F12777,F13,L01136,0.005,488
F12778,F13,L01136,0.005,489
F12779,F13,L01136,0.005,490
F12780,F13,L01136,0.005,491
F12781,F13,L01136,0.005,492
F12782,F13,L01136,0.005,493
F12783,F13,L01136,0.005,494
F12784,F13,L01136,0.005,495
F12785,F13,L01136,0.005,496
F12786,F13,L01136,0.005,497
F12787,F13,L01136,0.005,498
F12788,F13,L01136,0.005,499
F12789,F13,L01136,0.005,500
F12790,F13,L01136,0.005,501
F12791,F13,L01136,0.005,502
F12792,F13,L01136,0.005,503
F12793,F13,L01136,0.005,504
F12794,F13,L01136,0.005,505
F12795,F13,L01136,0.005,506
F12796,F13,L01136,0.005,507
F12797,F13,L01136,0.005,508
F12798,F13,L01136,0.005,509
F12799,F13,L01136,0.005,510
F12800,F13,L01136,0.005,511
F12801,F13,L01136,0.005,512
F12802,F13,L01136,0.005,513
F12803,F13,L01136,0.005,514
F12804,F13,L01136,0.005,515
F12805,F13,L01136,0.005,516
F12806,F13,L01136,0.005,517
F12807,F13,L01136,0.005,518
F12808,F13,L01136,0.005,519
F12809,F13,L01136,0.005,520
F12810,F13,L01136,0.005,521
F12811,F13,L01136,0.005,522
F12812,F13,L01136,0.005,523
F12813,F13,L01136,0.005,524
F12814,F13,L01136,0.005,525
F12815,F13,L01136,0.005,526
F12816,F13,L01136,0.005,527
F12817,F13,L01136,0.005,528
F12818,F13,L01136,0.005,529
F12819,F13,L01136,0.005,530
F12820,F13,L01136,0.005,531
F12821,F13,L01136,0.005,532
F12822,F13,L01136,0.005,533
F12823,F13,L01136,0.005,534
F12824,F13,L01136,0.005,535
F12825,F13,L01136,0.005,536
F12826,F13,L01136,0.005,537
F12827,F13,L01136,0.005,538
F12828,F13,L01136,0.005,539
F12829,F13,L01136,0.005,540
F12830,F13,L01136,0.005,541
F12831,F13,L01136,0.005,542
F12832,F13,L01136,0.005,543
F12833,F13,L01136,0.005,544
F12834,F13,L01136,0.005,545
F12835,F13,L01136,0.005,546
F12836,F13,L01136,0.005,547
F12837,F13,L01136,0.005,548
F12838,F13,L01136,0.005,549
F12839,F13,L01136,0.005,550
F12840,F13,L01136,0.005,551
F12841,F13,L01136,0.005,552
F12842,F13,L01136,0.005,553
F12843,F13,L01136,0.005,554
F12844,F13,L01136,0.005,555
F12845,F13,L01136,0.005,556
F12846,F13,L01136,0.005,557
F12847,F13,L01136,0.005,558
F12848,F13,L01136,0.005,559
F12849,F13,L01136,0.005,560
F12850,F13,L01136,0.005,561
F12851,F13,L01136,0.005,562
F12852,F13,L01136,0.005,563
F12853,F13,L01136,0.005,564
F12854,F13,L01136,0.005,565
F12855,F13,L01136,0.005,566
F12856,F13,L01136,0.005,567
F12857,F13,L01136,0.005,568
F12858,F13,L01136,0.005,569
F12859,F13,L01136,0.005,570
F12860,F13,L01136,0.005,571
F12861,F13,L01136,0.005,572
F12862,F13,L01136,0.005,573
F12863,F13,L01136,0.005,574
F12864,F13,L01136,0.005,575
F12865,F13,L01136,0.005,576
F12866,F13,L01136,0.005,577
F12867,F13,L01136,0.005,578
F12868,F13,L01136,0.005,579
F12869,F13,L01136,0.005,580
F12870,F13,L01136,0.005,581
F12871,F13,L01136,0.005,582
F12872,F13,L01136,0.005,583
F12873,F13,L01136,0.005,584
F12874,F13,L01136,0.005,585
F12875,F13,L01136,0.005,586
F12876,F13,L01136,0.005,587
F12877,F13,L01136,0.005,588
F12878,F13,L01136,0.005,589
F12879,F13,L01136,0.005,590
F12880,F13,L01136,0.005,591
F12881,F13,L01136,0.005,592
F12882,F13,L01136,0.005,593
F12883,F13,L01136,0.005,594
F12884,F13,L01136,0.005,595
F12885,F13,L01136,0.005,596
F12886,F13,L01136,0.005,597
F12887,F13,L01136,0.005,598
F12888,F13,L01136,0.005,599
F12889,F13,L01136,0.005,600
F12890,F13,L01136,0.005,601
F12891,F13,L01136,0.005,602
F12892,F13,L01136,0.005,603
F12893,F13,L01136,0.005,604
F12894,F13,L01136,0.005,605
F12895,F13,L01136,0.005,606
F12896,F13,L01136,0.005,607
F12897,F13,L01136,0.005,608
F12898,F13,L01136,0.005,609
F12899,F13,L01136,0.005,610
F12900,F13,L01136,0.005,611
F12901,F13,L01136,0.005,612
F12902,F13,L01136,0.005,613
F12903,F13,L01136,0.005,614
F12904,F13,L01136,0.005,615
F12905,F13,L01136,0.005,616
F12906,F13,L01136,0.005,617
F12907,F13,L01136,0.005,618
F12908,F13,L01136,0.005,619
F12909,F13,L01136,0.005,620
F12910,F13,L01136,0.005,621
F12911,F13,L01136,0.005,622
F12912,F13,L01136,0.005,623
F12913,F13,L01136,0.005,624
F12914,F13,L01136,0.005,625
F12915,F13,L01136,0.005,626
F12916,F13,L01136,0.005,627
F12917,F13,L01136,0.005,628
F12918,F13,L01136,0.005,629
F12919,F13,L01136,0.005,630
F12920,F13,L01136,0.005,631
F12921,F13,L01136,0.005,632
F12922,F13,L01136,0.005,633
F12923,F13,L01136,0.005,634
F12924,F13,L01136,0.005,635
F12925,F13,L01136,0.005,636
F12926,F13,L01136,0.005,637
F12927,F13,L01136,0.005,638
F12928,F13,L01136,0.005,639
F12929,F13,L01136,0.005,640
F12930,F13,L01136,0.005,641
F12931,F13,L01136,0.005,642
F12932,F13,L01136,0.005,643
F12933,F13,L01136,0.005,644
F12934,F13,L01136,0.005,645
F12935,F13,L01136,0.005,646
F12936,F13,L01136,0.005,647
F12937,F13,L01136,0.005,648
F12938,F13,L01136,0.005,649
F12939,F13,L01136,0.005,650
F12940,F13,L01136,0.005,651
F12941,F13,L01136,0.005,652
F12942,F13,L01136,0.005,653
F12943,F13,L01136,0.005,654
F12944,F13,L01136,0.005,655
F12945,F13,L01136,0.005,656
F12946,F13,L01136,0.005,657
F12947,F13,L01136,0.005,658
F12948,F13,L01136,0.005,659
F12949,F13,L01136,0.005,660
F12950,F13,L01136,0.005,661
F12951,F13,L01136,0.005,662
F12952,F13,L01136,0.005,663
F12953,F13,L01136,0.005,664
F12954,F13,L01136,0.005,665
F12955,F13,L01136,0.005,666
F12956,F13,L01136,0.005,667
F12957,F13,L01136,0.005,668
F12958,F13,L01136,0.005,669
F12959,F13,L01136,0.005,670
F12960,F13,L01136,0.005,671
F12961,F13,L01136,0.005,672
F12962,F13,L01136,0.005,673
F12963,F13,L01136,0.005,674
F12964,F13,L01136,0.005,675
F12965,F13,L01136,0.005,676
F12966,F13,L01136,0.005,677
F12967,F13,L01136,0.005,678
F12968,F13,L01136,0.005,679
F12969,F13,L01136,0.005,680
F12970,F13,L01136,0.005,681
F12971,F13,L01136,0.005,682
F12972,F13,L01136,0.005,683
F12973,F13,L01136,0.005,684
F12974,F13,L01136,0.005,685
F12975,F13,L01136,0.005,686
F12976,F13,L01136,0.005,687
F12977,F13,L01136,0.005,688
F12978,F13,L01136,0.005,689
F12979,F13,L01136,0.005,690
F12980,F13,L01136,0.005,691
F12981,F13,L01136,0.005,692
F12982,F13,L01136,0.005,693
F12983,F13,L01136,0.005,694
F12984,F13,L01136,0.005,695
F12985,F13,L01136,0.005,696
F12986,F13,L01136,0.005,697
F12987,F13,L01136,0.005,698
F12988,F13,L01136,0.005,699
F12989,F13,L01136,0.005,700
F12990,F13,L01136,0.005,701
F12991,F13,L01136,0.005,702
F12992,F13,L01136,0.005,703
F12993,F13,L01136,0.005,704
F12994,F13,L01136,0.005,705
F12995,F13,L01136,0.005,706
F12996,F13,L01136,0.005,707
F12997,F13,L01136,0.005,708
F12998,F13,L01136,0.005,709
F12999,F13,L01136,0.005,710
F13000,F13,L01136,0.005,711
F13001,F13,L01136,0.005,712
F13002,F13,L01136,0.005,713
F13003,F13,L01136,0.005,714
F13004,F13,L01136,0.005,715
F13005,F13,L01136,0.005,716
F13006,F13,L01136,0.005,717
F13007,F13,L01136,0.005,718
F13008,F13,L01136,0.005,719
F13009,F13,L01136,0.005,720
F13010,F13,L01136,0.005,721
F13011,F13,L01136,0.005,722
F13012,F13,L01136,0.005,723
F13013,F13,L01136,0.005,724
F13014,F13,L01136,0.005,725
F13015,F13,L01136,0.005,726
F13016,F13,L01136,0.005,727
F13017,F13,L01136,0.005,728
F13018,F13,L01136,0.005,729
F13019,F13,L01136,0.005,730
F13020,F13,L01136,0.005,731
F13021,F13,L01136,0.005,732
F13022,F13,L01136,0.005,733
F13023,F13,L01136,0.005,734
F13024,F13,L01136,0.005,735
F13025,F13,L01136,0.005,736
F13026,F13,L01136,0.005,737
F13027,F13,L01136,0.005,738
F13028,F13,L01136,0.005,739
F13029,F13,L01136,0.005,740
F13030,F13,L01136,0.005,741
F13031,F13,L01136,0.005,742
F13032,F13,L01136,0.005,743
F13033,F13,L01136,0.005,744
F13034,F13,L01136,0.005,745
F13035,F13,L01136,0.005,746
F13036,F13,L01136,0.005,747
F13037,F13,L01136,0.005,748
F13038,F13,L01136,0.005,749
F13039,F13,L01136,0.005,750
F13040,F13,L01136,0.005,751
F13041,F13,L01136,0.005,752
F13042,F13,L01136,0.005,753
F13043,F13,L01136,0.005,754
F13044,F13,L01136,0.005,755
F13045,F13,L01136,0.005,756
F13046,F13,L01136,0.005,757
F13047,F13,L01136,0.005,758
F13048,F13,L01136,0.005,759
F13049,F13,L01136,0.005,760
F13050,F13,L01136,0.005,761
F13051,F13,L01136,0.005,762
F13052,F13,L01136,0.005,763
F13053,F13,L01136,0.005,764
F13054,F13,L01136,0.005,765
F13055,F13,L01136,0.005,766
F13056,F13,L01136,0.005,767
F13057,F13,L01136,0.005,768
F13058,F13,L01136,0.005,769
F13059,F13,L01136,0.005,770
F13060,F13,L01136,0.005,771
F13061,F13,L01136,0.005,772
F13062,F13,L01136,0.005,773
F13063,F13,L01136,0.005,774
F13064,F13,L01136,0.005,775
F13065,F13,L01136,0.005,776
F13066,F13,L01136,0.005,777
F13067,F13,L01136,0.005,778
F13068,F13,L01136,0.005,779
F13069,F13,L01136,0.005,780
F13070,F13,L01136,0.005,781
F13071,F13,L01136,0.005,782
F13072,F13,L01136,0.005,783
F13073,F13,L01136,0.005,784
F13074,F13,L01136,0.005,785
F13075,F13,L01136,0.005,786
F13076,F13,L01136,0.005,787
F13077,F13,L01136,0.005,788
F13078,F13,L01136,0.005,789
F13079,F13,L01136,0.005,790
F13080,F13,L01136,0.005,791
F13081,F13,L01136,0.005,792
F13082,F13,L01136,0.005,793
F13083,F13,L01136,0.005,794
F13084,F13,L01136,0.005,795
F13085,F13,L01136,0.005,796
F13086,F13,L01136,0.005,797
F13087,F13,L01136,0.005,798
F13088,F13,L01136,0.005,799
F13089,F13,L01136,0.005,800
F13090,F13,L01136,0.005,801
F13091,F13,L01136,0.005,802
F13092,F13,L01136,0.005,803
F13093,F13,L01136,0.005,804
F13094,F13,L01136,0.005,805
F13095,F13,L01136,0.005,806
F13096,F13,L01136,0.005,807
F13097,F13,L01136,0.005,808
F13098,F13,L01136,0.005,809
F13099,F13,L01136,0.005,810
F13100,F13,L01136,0.005,811
F13101,F13,L01136,0.005,812
F13102,F13,L01136,0.005,813
F13103,F13,L01136,0.005,814
F13104,F13,L01136,0.005,815
F13105,F13,L01136,0.005,816
F13106,F13,L01136,0.005,817
F13107,F13,L01136,0.005,818
F13108,F13,L01136,0.005,819
F13109,F13,L01136,0.005,820
F13110,F13,L01136,0.005,821
F13111,F13,L01136,0.005,822
F13112,F13,L01136,0.005,823
F13113,F13,L01136,0.005,824
F13114,F13,L01136,0.005,825
F13115,F13,L01136,0.005,826
F13116,F13,L01136,0.005,827
F13117,F13,L01136,0.005,828
F13118,F13,L01136,0.005,829
F13119,F13,L01136,0.005,830
F13120,F13,L01136,0.005,831
F13121,F13,L01136,0.005,832
F13122,F13,L01136,0.005,833
F13123,F13,L01136,0.005,834
F13124,F13,L01136,0.005,835
F13125,F13,L01136,0.005,836
F13126,F13,L01136,0.005,837
F13127,F13,L01136,0.005,838
F13128,F13,L01136,0.005,839
F13129,F13,L01136,0.005,840
F13130,F13,L01136,0.005,841
F13131,F13,L01136,0.005,842
F13132,F13,L01136,0.005,843
F13133,F13,L01136,0.005,844
F13134,F13,L01136,0.005,845
F13135,F13,L01136,0.005,846
F13136,F13,L01136,0.005,847
F13137,F13,L01136,0.005,848
F13138,F13,L01136,0.005,849
F13139,F13,L01136,0.005,850
F13140,F13,L01136,0.005,851
F13141,F13,L01136,0.005,852
F13142,F13,L01136,0.005,853
F13143,F13,L01136,0.005,854
F13144,F13,L01136,0.005,855
F13145,F13,L01136,0.005,856
F13146,F13,L01136,0.005,857
F13147,F13,L01136,0.005,858
F13148,F13,L01136,0.005,859
F13149,F13,L01136,0.005,860
F13150,F13,L01136,0.005,861
F13151,F13,L01136,0.005,862
F13152,F13,L01136,0.005,863
F13153,F13,L01136,0.005,864
F13154,F13,L01136,0.005,865
F13155,F13,L01136,0.005,866
F13156,F13,L01136,0.005,867
F13157,F13,L01136,0.005,868
F13158,F13,L01136,0.005,869
F13159,F13,L01136,0.005,870
F13160,F13,L01136,0.005,871
F13161,F13,L01136,0.005,872
F13162,F13,L01136,0.005,873
F13163,F13,L01136,0.005,874
F13164,F13,L01136,0.005,875
F13165,F13,L01136,0.005,876
F13166,F13,L01136,0.005,877
F13167,F13,L01136,0.005,878
F13168,F13,L01136,0.005,879
F13169,F13,L01136,0.005,880
F13170,F13,L01136,0.005,881
F13171,F13,L01136,0.005,882
F13172,F13,L01136,0.005,883
F13173,F13,L01136,0.005,884
F13174,F13,L01136,0.005,885
F13175,F13,L01136,0.005,886
F13176,F13,L01136,0.005,887
F13177,F13,L01136,0.005,888
F13178,F13,L01136,0.005,889
F13179,F13,L01136,0.005,890
F13180,F13,L01136,0.005,891
F13181,F13,L01136,0.005,892
F13182,F13,L01136,0.005,893
F13183,F13,L01136,0.005,894
F13184,F13,L01136,0.005,895
F13185,F13,L01136,0.005,896
F13186,F13,L01136,0.005,897
F13187,F13,L01136,0.005,898
F13188,F13,L01136,0.005,899
F13189,F13,L01136,0.005,900
F13190,F13,L01136,0.005,901
F13191,F13,L01136,0.005,902
F13192,F13,L01136,0.005,903
F13193,F13,L01136,0.005,904
F13194,F13,L01136,0.005,905
F13195,F13,L01136,0.005,906
F13196,F13,L01136,0.005,907
F13197,F13,L01136,0.005,908
F13198,F13,L01136,0.005,909
F13199,F13,L01136,0.005,910
F13200,F13,L01136,0.005,911
F13201,F13,L01136,0.005,912
F13202,F13,L01136,0.005,913
F13203,F13,L01136,0.005,914
F13204,F13,L01136,0.005,915
F13205,F13,L01136,0.005,916
F13206,F13,L01136,0.005,917
F13207,F13,L01136,0.005,918
F13208,F13,L01136,0.005,919
F13209,F13,L01136,0.005,920
F13210,F13,L01136,0.005,921
F13211,F13,L01136,0.005,922
F13212,F13,L01136,0.005,923
F13213,F13,L01136,0.005,924
F13214,F13,L01136,0.005,925
F13215,F13,L01136,0.005,926
F13216,F13,L01136,0.005,927
F13217,F13,L01136,0.005,928
F13218,F13,L01136,0.005,929
F13219,F13,L01136,0.005,930
F13220,F13,L01136,0.005,931
F13221,F13,L01136,0.005,932
F13222,F13,L01136,0.005,933
F13223,F13,L01136,0.005,934
F13224,F13,L01136,0.005,935
F13225,F13,L01136,0.005,936
F13226,F13,L01136,0.005,937
F13227,F13,L01136,0.005,938
F13228,F13,L01136,0.005,939
F13229,F13,L01136,0.005,940
F13230,F13,L01136,0.005,941
F13231,F13,L01136,0.005,942
F13232,F13,L01136,0.005,943
F13233,F13,L01136,0.005,944
F13234,F13,L01136,0.005,945
F13235,F13,L01136,0.005,946
F13236,F13,L01136,0.005,947
F13237,F13,L01136,0.005,948
F13238,F13,L01136,0.005,949
F13239,F13,L01136,0.005,950
F13240,F13,L01136,0.005,951
F13241,F13,L01136,0.005,952
F13242,F13,L01136,0.005,953
F13243,F13,L01136,0.005,954
F13244,F13,L01136,0.005,955
F13245,F13,L01136,0.005,956
F13246,F13,L01136,0.005,957
F13247,F13,L01136,0.005,958
F13248,F13,L01136,0.005,959
F13249,F13,L01136,0.005,960
F13250,F13,L01136,0.005,961
F13251,F13,L01136,0.005,962
F13252,F13,L01136,0.005,963
F13253,F13,L01136,0.005,964
F13254,F13,L01136,0.005,965
F13255,F13,L01136,0.005,966
F13256,F13,L01136,0.005,967
F13257,F13,L01136,0.005,968
F13258,F13,L01136,0.005,969
F13259,F13,L01136,0.005,970
F13260,F13,L01136,0.005,971
F13261,F13,L01136,0.005,972
F13262,F13,L01136,0.005,973
F13263,F13,L01136,0.005,974
F13264,F13,L01136,0.005,975
F13265,F13,L01136,0.005,976
F13266,F13,L01136,0.005,977
F13267,F13,L01136,0.005,978
F13268,F13,L01136,0.005,979
F13269,F13,L01136,0.005,980
F13270,F13,L01136,0.005,981
F13271,F13,L01136,0.005,982
F13272,F13,L01136,0.005,983
F13273,F13,L01136,0.005,984
F13274,F13,L01136,0.005,985
F13275,F13,L01136,0.005,986
F13276,F13,L01136,0.005,987
F13277,F13,L01136,0.005,988
F13278,F13,L01136,0.005,989
F13279,F13,L01136,0.005,990
F13280,F13,L01136,0.005,991
F13281,F13,L01136,0.005,992
F13282,F13,L01136,0.005,993
F13283,F13,L01136,0.005,994
F13284,F13,L01136,0.005,995
F13285,F13,L01136,0.005,996
F13286,F13,L01136,0.005,997
F13287,F13,L01136,0.005,998
F13288,F13,L01136,0.005,999
F13289,F13,L01136,0.005,1000
F13290,F13,L01136,0.005,1001
F13291,F13,L01136,0.005,1002
F13292,F13,L01136,0.005,1003
F13293,F13,L01136,0.005,1004
F13294,F13,L01136,0.005,1005
F13295,F13,L01136,0.005,1006
F13296,F13,L01136,0.005,1007
F13297,F13,L01136,0.005,1008
F13298,F13,L01136,0.005,1009
F13299,F13,L01136,0.005,1010
F13300,F13,L01136,0.005,1011
F13301,F13,L01136,0.005,1012
F13302,F13,L01136,0.005,1013
F13303,F13,L01136,0.005,1014
F13304,F13,L01136,0.005,1015
F13305,F13,L01136,0.005,1016
F13306,F13,L01136,0.005,1017
F13307,F13,L01136,0.005,1018
F13308,F13,L01136,0.005,1019
F13309,F13,L01136,0.005,1020
F13310,F13,L01136,0.005,1021
F13311,F13,L01136,0.005,1022
F13312,F13,L01136,0.005,1023
F13313,F14,L01136,0.01,0
F13314,F14,L01136,0.01,1
F13315,F14,L01136,0.01,2
F13316,F14,L01136,0.01,3
F13317,F14,L01136,0.01,4
F13318,F14,L01136,0.01,5
F13319,F14,L01136,0.01,6
F13320,F14,L01136,0.01,7
F13321,F14,L01136,0.01,8
F13322,F14,L01136,0.01,9
F13323,F14,L01136,0.01,10
F13324,F14,L01136,0.01,11
F13325,F14,L01136,0.01,12
F13326,F14,L01136,0.01,13
F13327,F14,L01136,0.01,14
F13328,F14,L01136,0.01,15
F13329,F14,L01136,0.01,16
F13330,F14,L01136,0.01,17
F13331,F14,L01136,0.01,18
F13332,F14,L01136,0.01,19
F13333,F14,L01136,0.01,20
F13334,F14,L01136,0.01,21
F13335,F14,L01136,0.01,22
F13336,F14,L01136,0.01,23
F13337,F14,L01136,0.01,24
F13338,F14,L01136,0.01,25
F13339,F14,L01136,0.01,26
F13340,F14,L01136,0.01,27
F13341,F14,L01136,0.01,28
F13342,F14,L01136,0.01,29
F13343,F14,L01136,0.01,30
F13344,F14,L01136,0.01,31
F13345,F14,L01136,0.01,32
F13346,F14,L01136,0.01,33
F13347,F14,L01136,0.01,34
F13348,F14,L01136,0.01,35
F13349,F14,L01136,0.01,36
F13350,F14,L01136,0.01,37
F13351,F14,L01136,0.01,38
F13352,F14,L01136,0.01,39
F13353,F14,L01136,0.01,40
F13354,F14,L01136,0.01,41
F13355,F14,L01136,0.01,42
F13356,F14,L01136,0.01,43
F13357,F14,L01136,0.01,44
F13358,F14,L01136,0.01,45
F13359,F14,L01136,0.01,46
F13360,F14,L01136,0.01,47
F13361,F14,L01136,0.01,48
F13362,F14,L01136,0.01,49
F13363,F14,L01136,0.01,50
F13364,F14,L01136,0.01,51
F13365,F14,L01136,0.01,52
F13366,F14,L01136,0.01,53
F13367,F14,L01136,0.01,54
F13368,F14,L01136,0.01,55
F13369,F14,L01136,0.01,56
F13370,F14,L01136,0.01,57
F13371,F14,L01136,0.01,58
F13372,F14,L01136,0.01,59
F13373,F14,L01136,0.01,60
F13374,F14,L01136,0.01,61
F13375,F14,L01136,0.01,62
F13376,F14,L01136,0.01,63
F13377,F14,L01136,0.01,64
F13378,F14,L01136,0.01,65
F13379,F14,L01136,0.01,66
F13380,F14,L01136,0.01,67
F13381,F14,L01136,0.01,68
F13382,F14,L01136,0.01,69
F13383,F14,L01136,0.01,70
F13384,F14,L01136,0.01,71
F13385,F14,L01136,0.01,72
F13386,F14,L01136,0.01,73
F13387,F14,L01136,0.01,74
F13388,F14,L01136,0.01,75
F13389,F14,L01136,0.01,76
F13390,F14,L01136,0.01,77
F13391,F14,L01136,0.01,78
F13392,F14,L01136,0.01,79
F13393,F14,L01136,0.01,80
F13394,F14,L01136,0.01,81
F13395,F14,L01136,0.01,82
F13396,F14,L01136,0.01,83
F13397,F14,L01136,0.01,84
F13398,F14,L01136,0.01,85
F13399,F14,L01136,0.01,86
F13400,F14,L01136,0.01,87
F13401,F14,L01136,0.01,88
F13402,F14,L01136,0.01,89
F13403,F14,L01136,0.01,90
F13404,F14,L01136,0.01,91
F13405,F14,L01136,0.01,92
F13406,F14,L01136,0.01,93
F13407,F14,L01136,0.01,94
F13408,F14,L01136,0.01,95
F13409,F14,L01136,0.01,96
F13410,F14,L01136,0.01,97
F13411,F14,L01136,0.01,98
F13412,F14,L01136,0.01,99
F13413,F14,L01136,0.01,100
F13414,F14,L01136,0.01,101
F13415,F14,L01136,0.01,102
F13416,F14,L01136,0.01,103
F13417,F14,L01136,0.01,104
F13418,F14,L01136,0.01,105
F13419,F14,L01136,0.01,106
F13420,F14,L01136,0.01,107
F13421,F14,L01136,0.01,108
F13422,F14,L01136,0.01,109
F13423,F14,L01136,0.01,110
F13424,F14,L01136,0.01,111
F13425,F14,L01136,0.01,112
F13426,F14,L01136,0.01,113
F13427,F14,L01136,0.01,114
F13428,F14,L01136,0.01,115
F13429,F14,L01136,0.01,116
F13430,F14,L01136,0.01,117
F13431,F14,L01136,0.01,118
F13432,F14,L01136,0.01,119
F13433,F14,L01136,0.01,120
F13434,F14,L01136,0.01,121
F13435,F14,L01136,0.01,122
F13436,F14,L01136,0.01,123
F13437,F14,L01136,0.01,124
F13438,F14,L01136,0.01,125
F13439,F14,L01136,0.01,126
F13440,F14,L01136,0.01,127
F13441,F14,L01136,0.01,128
F13442,F14,L01136,0.01,129
F13443,F14,L01136,0.01,130
F13444,F14,L01136,0.01,131
F13445,F14,L01136,0.01,132
F13446,F14,L01136,0.01,133
F13447,F14,L01136,0.01,134
F13448,F14,L01136,0.01,135
F13449,F14,L01136,0.01,136
F13450,F14,L01136,0.01,137
F13451,F14,L01136,0.01,138
F13452,F14,L01136,0.01,139
F13453,F14,L01136,0.01,140
F13454,F14,L01136,0.01,141
F13455,F14,L01136,0.01,142
F13456,F14,L01136,0.01,143
F13457,F14,L01136,0.01,144
F13458,F14,L01136,0.01,145
F13459,F14,L01136,0.01,146
F13460,F14,L01136,0.01,147
F13461,F14,L01136,0.01,148
F13462,F14,L01136,0.01,149
F13463,F14,L01136,0.01,150
F13464,F14,L01136,0.01,151
F13465,F14,L01136,0.01,152
F13466,F14,L01136,0.01,153
F13467,F14,L01136,0.01,154
F13468,F14,L01136,0.01,155
F13469,F14,L01136,0.01,156
F13470,F14,L01136,0.01,157
F13471,F14,L01136,0.01,158
F13472,F14,L01136,0.01,159
F13473,F14,L01136,0.01,160
F13474,F14,L01136,0.01,161
F13475,F14,L01136,0.01,162
F13476,F14,L01136,0.01,163
F13477,F14,L01136,0.01,164
F13478,F14,L01136,0.01,165
F13479,F14,L01136,0.01,166
F13480,F14,L01136,0.01,167
F13481,F14,L01136,0.01,168
F13482,F14,L01136,0.01,169
F13483,F14,L01136,0.01,170
F13484,F14,L01136,0.01,171
F13485,F14,L01136,0.01,172
F13486,F14,L01136,0.01,173
F13487,F14,L01136,0.01,174
F13488,F14,L01136,0.01,175
F13489,F14,L01136,0.01,176
F13490,F14,L01136,0.01,177
F13491,F14,L01136,0.01,178
F13492,F14,L01136,0.01,179
F13493,F14,L01136,0.01,180
F13494,F14,L01136,0.01,181
F13495,F14,L01136,0.01,182
F13496,F14,L01136,0.01,183
F13497,F14,L01136,0.01,184
F13498,F14,L01136,0.01,185
F13499,F14,L01136,0.01,186
F13500,F14,L01136,0.01,187
F13501,F14,L01136,0.01,188
F13502,F14,L01136,0.01,189
F13503,F14,L01136,0.01,190
F13504,F14,L01136,0.01,191
F13505,F14,L01136,0.01,192
F13506,F14,L01136,0.01,193
F13507,F14,L01136,0.01,194
F13508,F14,L01136,0.01,195
F13509,F14,L01136,0.01,196
F13510,F14,L01136,0.01,197
F13511,F14,L01136,0.01,198
F13512,F14,L01136,0.01,199
F13513,F14,L01136,0.01,200
F13514,F14,L01136,0.01,201
F13515,F14,L01136,0.01,202
F13516,F14,L01136,0.01,203
F13517,F14,L01136,0.01,204
F13518,F14,L01136,0.01,205
F13519,F14,L01136,0.01,206
F13520,F14,L01136,0.01,207
F13521,F14,L01136,0.01,208
F13522,F14,L01136,0.01,209
F13523,F14,L01136,0.01,210
F13524,F14,L01136,0.01,211
F13525,F14,L01136,0.01,212
F13526,F14,L01136,0.01,213
F13527,F14,L01136,0.01,214
F13528,F14,L01136,0.01,215
F13529,F14,L01136,0.01,216
F13530,F14,L01136,0.01,217
F13531,F14,L01136,0.01,218
F13532,F14,L01136,0.01,219
F13533,F14,L01136,0.01,220
F13534,F14,L01136,0.01,221
F13535,F14,L01136,0.01,222
F13536,F14,L01136,0.01,223
F13537,F14,L01136,0.01,224
F13538,F14,L01136,0.01,225
F13539,F14,L01136,0.01,226
F13540,F14,L01136,0.01,227
F13541,F14,L01136,0.01,228
F13542,F14,L01136,0.01,229
F13543,F14,L01136,0.01,230
F13544,F14,L01136,0.01,231
F13545,F14,L01136,0.01,232
F13546,F14,L01136,0.01,233
F13547,F14,L01136,0.01,234
F13548,F14,L01136,0.01,235
F13549,F14,L01136,0.01,236
F13550,F14,L01136,0.01,237
F13551,F14,L01136,0.01,238
F13552,F14,L01136,0.01,239
F13553,F14,L01136,0.01,240
F13554,F14,L01136,0.01,241
F13555,F14,L01136,0.01,242
F13556,F14,L01136,0.01,243
F13557,F14,L01136,0.01,244
F13558,F14,L01136,0.01,245
F13559,F14,L01136,0.01,246
F13560,F14,L01136,0.01,247
F13561,F14,L01136,0.01,248
F13562,F14,L01136,0.01,249
F13563,F14,L01136,0.01,250
F13564,F14,L01136,0.01,251
F13565,F14,L01136,0.01,252
F13566,F14,L01136,0.01,253
F13567,F14,L01136,0.01,254
F13568,F14,L01136,0.01,255
F13569,F14,L01136,0.01,256
F13570,F14,L01136,0.01,257
F13571,F14,L01136,0.01,258
F13572,F14,L01136,0.01,259
F13573,F14,L01136,0.01,260
F13574,F14,L01136,0.01,261
F13575,F14,L01136,0.01,262
F13576,F14,L01136,0.01,263
F13577,F14,L01136,0.01,264
F13578,F14,L01136,0.01,265
F13579,F14,L01136,0.01,266
F13580,F14,L01136,0.01,267
F13581,F14,L01136,0.01,268
F13582,F14,L01136,0.01,269
F13583,F14,L01136,0.01,270
F13584,F14,L01136,0.01,271
F13585,F14,L01136,0.01,272
F13586,F14,L01136,0.01,273
F13587,F14,L01136,0.01,274
F13588,F14,L01136,0.01,275
F13589,F14,L01136,0.01,276
F13590,F14,L01136,0.01,277
F13591,F14,L01136,0.01,278
F13592,F14,L01136,0.01,279
F13593,F14,L01136,0.01,280
F13594,F14,L01136,0.01,281
F13595,F14,L01136,0.01,282
F13596,F14,L01136,0.01,283
F13597,F14,L01136,0.01,284
F13598,F14,L01136,0.01,285
F13599,F14,L01136,0.01,286
F13600,F14,L01136,0.01,287
F13601,F14,L01136,0.01,288
F13602,F14,L01136,0.01,289
F13603,F14,L01136,0.01,290
F13604,F14,L01136,0.01,291
F13605,F14,L01136,0.01,292
F13606,F14,L01136,0.01,293
F13607,F14,L01136,0.01,294
F13608,F14,L01136,0.01,295
F13609,F14,L01136,0.01,296
F13610,F14,L01136,0.01,297
F13611,F14,L01136,0.01,298
F13612,F14,L01136,0.01,299
F13613,F14,L01136,0.01,300
F13614,F14,L01136,0.01,301
F13615,F14,L01136,0.01,302
F13616,F14,L01136,0.01,303
F13617,F14,L01136,0.01,304
F13618,F14,L01136,0.01,305
F13619,F14,L01136,0.01,306
F13620,F14,L01136,0.01,307
F13621,F14,L01136,0.01,308
F13622,F14,L01136,0.01,309
F13623,F14,L01136,0.01,310
F13624,F14,L01136,0.01,311
F13625,F14,L01136,0.01,312
F13626,F14,L01136,0.01,313
F13627,F14,L01136,0.01,314
F13628,F14,L01136,0.01,315
F13629,F14,L01136,0.01,316
F13630,F14,L01136,0.01,317
F13631,F14,L01136,0.01,318
F13632,F14,L01136,0.01,319
F13633,F14,L01136,0.01,320
F13634,F14,L01136,0.01,321
F13635,F14,L01136,0.01,322
F13636,F14,L01136,0.01,323
F13637,F14,L01136,0.01,324
F13638,F14,L01136,0.01,325
F13639,F14,L01136,0.01,326
F13640,F14,L01136,0.01,327
F13641,F14,L01136,0.01,328
F13642,F14,L01136,0.01,329
F13643,F14,L01136,0.01,330
F13644,F14,L01136,0.01,331
F13645,F14,L01136,0.01,332
F13646,F14,L01136,0.01,333
F13647,F14,L01136,0.01,334
F13648,F14,L01136,0.01,335
F13649,F14,L01136,0.01,336
F13650,F14,L01136,0.01,337
F13651,F14,L01136,0.01,338
F13652,F14,L01136,0.01,339
F13653,F14,L01136,0.01,340
F13654,F14,L01136,0.01,341
F13655,F14,L01136,0.01,342
F13656,F14,L01136,0.01,343
F13657,F14,L01136,0.01,344
F13658,F14,L01136,0.01,345
F13659,F14,L01136,0.01,346
F13660,F14,L01136,0.01,347
F13661,F14,L01136,0.01,348
F13662,F14,L01136,0.01,349
F13663,F14,L01136,0.01,350
F13664,F14,L01136,0.01,351
F13665,F14,L01136,0.01,352
F13666,F14,L01136,0.01,353
F13667,F14,L01136,0.01,354
F13668,F14,L01136,0.01,355
F13669,F14,L01136,0.01,356
F13670,F14,L01136,0.01,357
F13671,F14,L01136,0.01,358
F13672,F14,L01136,0.01,359
F13673,F14,L01136,0.01,360
F13674,F14,L01136,0.01,361
F13675,F14,L01136,0.01,362
F13676,F14,L01136,0.01,363
F13677,F14,L01136,0.01,364
F13678,F14,L01136,0.01,365
F13679,F14,L01136,0.01,366
F13680,F14,L01136,0.01,367
F13681,F14,L01136,0.01,368
F13682,F14,L01136,0.01,369
F13683,F14,L01136,0.01,370
F13684,F14,L01136,0.01,371
F13685,F14,L01136,0.01,372
F13686,F14,L01136,0.01,373
F13687,F14,L01136,0.01,374
F13688,F14,L01136,0.01,375
F13689,F14,L01136,0.01,376
F13690,F14,L01136,0.01,377
F13691,F14,L01136,0.01,378
F13692,F14,L01136,0.01,379
F13693,F14,L01136,0.01,380
F13694,F14,L01136,0.01,381
F13695,F14,L01136,0.01,382
F13696,F14,L01136,0.01,383
F13697,F14,L01136,0.01,384
F13698,F14,L01136,0.01,385
F13699,F14,L01136,0.01,386
F13700,F14,L01136,0.01,387
F13701,F14,L01136,0.01,388
F13702,F14,L01136,0.01,389
F13703,F14,L01136,0.01,390
F13704,F14,L01136,0.01,391
F13705,F14,L01136,0.01,392
F13706,F14,L01136,0.01,393
F13707,F14,L01136,0.01,394
F13708,F14,L01136,0.01,395
F13709,F14,L01136,0.01,396
F13710,F14,L01136,0.01,397
F13711,F14,L01136,0.01,398
F13712,F14,L01136,0.01,399
F13713,F14,L01136,0.01,400
F13714,F14,L01136,0.01,401
F13715,F14,L01136,0.01,402
F13716,F14,L01136,0.01,403
F13717,F14,L01136,0.01,404
F13718,F14,L01136,0.01,405
F13719,F14,L01136,0.01,406
F13720,F14,L01136,0.01,407
F13721,F14,L01136,0.01,408
F13722,F14,L01136,0.01,409
F13723,F14,L01136,0.01,410
F13724,F14,L01136,0.01,411
F13725,F14,L01136,0.01,412
F13726,F14,L01136,0.01,413
F13727,F14,L01136,0.01,414
F13728,F14,L01136,0.01,415
F13729,F14,L01136,0.01,416
F13730,F14,L01136,0.01,417
F13731,F14,L01136,0.01,418
F13732,F14,L01136,0.01,419
F13733,F14,L01136,0.01,420
F13734,F14,L01136,0.01,421
F13735,F14,L01136,0.01,422
F13736,F14,L01136,0.01,423
F13737,F14,L01136,0.01,424
F13738,F14,L01136,0.01,425
F13739,F14,L01136,0.01,426
F13740,F14,L01136,0.01,427
F13741,F14,L01136,0.01,428
F13742,F14,L01136,0.01,429
F13743,F14,L01136,0.01,430
F13744,F14,L01136,0.01,431
F13745,F14,L01136,0.01,432
F13746,F14,L01136,0.01,433
F13747,F14,L01136,0.01,434
F13748,F14,L01136,0.01,435
F13749,F14,L01136,0.01,436
F13750,F14,L01136,0.01,437
F13751,F14,L01136,0.01,438
F13752,F14,L01136,0.01,439
F13753,F14,L01136,0.01,440
F13754,F14,L01136,0.01,441
F13755,F14,L01136,0.01,442
F13756,F14,L01136,0.01,443
F13757,F14,L01136,0.01,444
F13758,F14,L01136,0.01,445
F13759,F14,L01136,0.01,446
F13760,F14,L01136,0.01,447
F13761,F14,L01136,0.01,448
F13762,F14,L01136,0.01,449
F13763,F14,L01136,0.01,450
F13764,F14,L01136,0.01,451
F13765,F14,L01136,0.01,452
F13766,F14,L01136,0.01,453
F13767,F14,L01136,0.01,454
F13768,F14,L01136,0.01,455
F13769,F14,L01136,0.01,456
F13770,F14,L01136,0.01,457
F13771,F14,L01136,0.01,458
F13772,F14,L01136,0.01,459
F13773,F14,L01136,0.01,460
F13774,F14,L01136,0.01,461
F13775,F14,L01136,0.01,462
F13776,F14,L01136,0.01,463
F13777,F14,L01136,0.01,464
F13778,F14,L01136,0.01,465
F13779,F14,L01136,0.01,466
F13780,F14,L01136,0.01,467
F13781,F14,L01136,0.01,468
F13782,F14,L01136,0.01,469
F13783,F14,L01136,0.01,470
F13784,F14,L01136,0.01,471
F13785,F14,L01136,0.01,472
F13786,F14,L01136,0.01,473
F13787,F14,L01136,0.01,474
F13788,F14,L01136,0.01,475
F13789,F14,L01136,0.01,476
F13790,F14,L01136,0.01,477
F13791,F14,L01136,0.01,478
F13792,F14,L01136,0.01,479
F13793,F14,L01136,0.01,480
F13794,F14,L01136,0.01,481
F13795,F14,L01136,0.01,482
F13796,F14,L01136,0.01,483
F13797,F14,L01136,0.01,484
F13798,F14,L01136,0.01,485
F13799,F14,L01136,0.01,486
F13800,F14,L01136,0.01,487
F13801,F14,L01136,0.01,488
F13802,F14,L01136,0.01,489
F13803,F14,L01136,0.01,490
F13804,F14,L01136,0.01,491
F13805,F14,L01136,0.01,492
F13806,F14,L01136,0.01,493
F13807,F14,L01136,0.01,494
F13808,F14,L01136,0.01,495
F13809,F14,L01136,0.01,496
F13810,F14,L01136,0.01,497
F13811,F14,L01136,0.01,498
F13812,F14,L01136,0.01,499
F13813,F14,L01136,0.01,500
F13814,F14,L01136,0.01,501
F13815,F14,L01136,0.01,502
F13816,F14,L01136,0.01,503
F13817,F14,L01136,0.01,504
F13818,F14,L01136,0.01,505
F13819,F14,L01136,0.01,506
F13820,F14,L01136,0.01,507
F13821,F14,L01136,0.01,508
F13822,F14,L01136,0.01,509
F13823,F14,L01136,0.01,510
F13824,F14,L01136,0.01,511
F13825,F14,L01136,0.01,512
F13826,F14,L01136,0.01,513
F13827,F14,L01136,0.01,514
F13828,F14,L01136,0.01,515
F13829,F14,L01136,0.01,516
F13830,F14,L01136,0.01,517
F13831,F14,L01136,0.01,518
F13832,F14,L01136,0.01,519
F13833,F14,L01136,0.01,520
F13834,F14,L01136,0.01,521
F13835,F14,L01136,0.01,522
F13836,F14,L01136,0.01,523
F13837,F14,L01136,0.01,524
F13838,F14,L01136,0.01,525
F13839,F14,L01136,0.01,526
F13840,F14,L01136,0.01,527
F13841,F14,L01136,0.01,528
F13842,F14,L01136,0.01,529
F13843,F14,L01136,0.01,530
F13844,F14,L01136,0.01,531
F13845,F14,L01136,0.01,532
F13846,F14,L01136,0.01,533
F13847,F14,L01136,0.01,534
F13848,F14,L01136,0.01,535
F13849,F14,L01136,0.01,536
F13850,F14,L01136,0.01,537
F13851,F14,L01136,0.01,538
F13852,F14,L01136,0.01,539
F13853,F14,L01136,0.01,540
F13854,F14,L01136,0.01,541
F13855,F14,L01136,0.01,542
F13856,F14,L01136,0.01,543
F13857,F14,L01136,0.01,544
F13858,F14,L01136,0.01,545
F13859,F14,L01136,0.01,546
F13860,F14,L01136,0.01,547
F13861,F14,L01136,0.01,548
F13862,F14,L01136,0.01,549
F13863,F14,L01136,0.01,550
F13864,F14,L01136,0.01,551
F13865,F14,L01136,0.01,552
F13866,F14,L01136,0.01,553
F13867,F14,L01136,0.01,554
F13868,F14,L01136,0.01,555
F13869,F14,L01136,0.01,556
F13870,F14,L01136,0.01,557
F13871,F14,L01136,0.01,558
F13872,F14,L01136,0.01,559
F13873,F14,L01136,0.01,560
F13874,F14,L01136,0.01,561
F13875,F14,L01136,0.01,562
F13876,F14,L01136,0.01,563
F13877,F14,L01136,0.01,564
F13878,F14,L01136,0.01,565
F13879,F14,L01136,0.01,566
F13880,F14,L01136,0.01,567
F13881,F14,L01136,0.01,568
F13882,F14,L01136,0.01,569
F13883,F14,L01136,0.01,570
F13884,F14,L01136,0.01,571
F13885,F14,L01136,0.01,572
F13886,F14,L01136,0.01,573
F13887,F14,L01136,0.01,574
F13888,F14,L01136,0.01,575
F13889,F14,L01136,0.01,576
F13890,F14,L01136,0.01,577
F13891,F14,L01136,0.01,578
F13892,F14,L01136,0.01,579
F13893,F14,L01136,0.01,580
F13894,F14,L01136,0.01,581
F13895,F14,L01136,0.01,582
F13896,F14,L01136,0.01,583
F13897,F14,L01136,0.01,584
F13898,F14,L01136,0.01,585
F13899,F14,L01136,0.01,586
F13900,F14,L01136,0.01,587
F13901,F14,L01136,0.01,588
F13902,F14,L01136,0.01,589
F13903,F14,L01136,0.01,590
F13904,F14,L01136,0.01,591
F13905,F14,L01136,0.01,592
F13906,F14,L01136,0.01,593
F13907,F14,L01136,0.01,594
F13908,F14,L01136,0.01,595
F13909,F14,L01136,0.01,596
F13910,F14,L01136,0.01,597
F13911,F14,L01136,0.01,598
F13912,F14,L01136,0.01,599
F13913,F14,L01136,0.01,600
F13914,F14,L01136,0.01,601
F13915,F14,L01136,0.01,602
F13916,F14,L01136,0.01,603
F13917,F14,L01136,0.01,604
F13918,F14,L01136,0.01,605
F13919,F14,L01136,0.01,606
F13920,F14,L01136,0.01,607
F13921,F14,L01136,0.01,608
F13922,F14,L01136,0.01,609
F13923,F14,L01136,0.01,610
F13924,F14,L01136,0.01,611
F13925,F14,L01136,0.01,612
F13926,F14,L01136,0.01,613
F13927,F14,L01136,0.01,614
F13928,F14,L01136,0.01,615
F13929,F14,L01136,0.01,616
F13930,F14,L01136,0.01,617
F13931,F14,L01136,0.01,618
F13932,F14,L01136,0.01,619
F13933,F14,L01136,0.01,620
F13934,F14,L01136,0.01,621
F13935,F14,L01136,0.01,622
F13936,F14,L01136,0.01,623
F13937,F14,L01136,0.01,624
F13938,F14,L01136,0.01,625
F13939,F14,L01136,0.01,626
F13940,F14,L01136,0.01,627
F13941,F14,L01136,0.01,628
F13942,F14,L01136,0.01,629
F13943,F14,L01136,0.01,630
F13944,F14,L01136,0.01,631
F13945,F14,L01136,0.01,632
F13946,F14,L01136,0.01,633
F13947,F14,L01136,0.01,634
F13948,F14,L01136,0.01,635
F13949,F14,L01136,0.01,636
F13950,F14,L01136,0.01,637
F13951,F14,L01136,0.01,638
F13952,F14,L01136,0.01,639
F13953,F14,L01136,0.01,640
F13954,F14,L01136,0.01,641
F13955,F14,L01136,0.01,642
F13956,F14,L01136,0.01,643
F13957,F14,L01136,0.01,644
F13958,F14,L01136,0.01,645
F13959,F14,L01136,0.01,646
F13960,F14,L01136,0.01,647
F13961,F14,L01136,0.01,648
F13962,F14,L01136,0.01,649
F13963,F14,L01136,0.01,650
F13964,F14,L01136,0.01,651
F13965,F14,L01136,0.01,652
F13966,F14,L01136,0.01,653
F13967,F14,L01136,0.01,654
F13968,F14,L01136,0.01,655
F13969,F14,L01136,0.01,656
F13970,F14,L01136,0.01,657
F13971,F14,L01136,0.01,658
F13972,F14,L01136,0.01,659
F13973,F14,L01136,0.01,660
F13974,F14,L01136,0.01,661
F13975,F14,L01136,0.01,662
F13976,F14,L01136,0.01,663
F13977,F14,L01136,0.01,664
F13978,F14,L01136,0.01,665
F13979,F14,L01136,0.01,666
F13980,F14,L01136,0.01,667
F13981,F14,L01136,0.01,668
F13982,F14,L01136,0.01,669
F13983,F14,L01136,0.01,670
F13984,F14,L01136,0.01,671
F13985,F14,L01136,0.01,672
F13986,F14,L01136,0.01,673
F13987,F14,L01136,0.01,674
F13988,F14,L01136,0.01,675
F13989,F14,L01136,0.01,676
F13990,F14,L01136,0.01,677
F13991,F14,L01136,0.01,678
F13992,F14,L01136,0.01,679
F13993,F14,L01136,0.01,680
F13994,F14,L01136,0.01,681
F13995,F14,L01136,0.01,682
F13996,F14,L01136,0.01,683
F13997,F14,L01136,0.01,684
F13998,F14,L01136,0.01,685
F13999,F14,L01136,0.01,686
F14000,F14,L01136,0.01,687
F14001,F14,L01136,0.01,688
F14002,F14,L01136,0.01,689
F14003,F14,L01136,0.01,690
F14004,F14,L01136,0.01,691
F14005,F14,L01136,0.01,692
F14006,F14,L01136,0.01,693
F14007,F14,L01136,0.01,694
F14008,F14,L01136,0.01,695
F14009,F14,L01136,0.01,696
F14010,F14,L01136,0.01,697
F14011,F14,L01136,0.01,698
F14012,F14,L01136,0.01,699
F14013,F14,L01136,0.01,700
F14014,F14,L01136,0.01,701
F14015,F14,L01136,0.01,702
F14016,F14,L01136,0.01,703
F14017,F14,L01136,0.01,704
F14018,F14,L01136,0.01,705
F14019,F14,L01136,0.01,706
F14020,F14,L01136,0.01,707
F14021,F14,L01136,0.01,708
F14022,F14,L01136,0.01,709
F14023,F14,L01136,0.01,710
F14024,F14,L01136,0.01,711
F14025,F14,L01136,0.01,712
F14026,F14,L01136,0.01,713
F14027,F14,L01136,0.01,714
F14028,F14,L01136,0.01,715
F14029,F14,L01136,0.01,716
F14030,F14,L01136,0.01,717
F14031,F14,L01136,0.01,718
F14032,F14,L01136,0.01,719
F14033,F14,L01136,0.01,720
F14034,F14,L01136,0.01,721
F14035,F14,L01136,0.01,722
F14036,F14,L01136,0.01,723
F14037,F14,L01136,0.01,724
F14038,F14,L01136,0.01,725
F14039,F14,L01136,0.01,726
F14040,F14,L01136,0.01,727
F14041,F14,L01136,0.01,728
F14042,F14,L01136,0.01,729
F14043,F14,L01136,0.01,730
F14044,F14,L01136,0.01,731
F14045,F14,L01136,0.01,732
F14046,F14,L01136,0.01,733
F14047,F14,L01136,0.01,734
F14048,F14,L01136,0.01,735
F14049,F14,L01136,0.01,736
F14050,F14,L01136,0.01,737
F14051,F14,L01136,0.01,738
F14052,F14,L01136,0.01,739
F14053,F14,L01136,0.01,740
F14054,F14,L01136,0.01,741
F14055,F14,L01136,0.01,742
F14056,F14,L01136,0.01,743
F14057,F14,L01136,0.01,744
F14058,F14,L01136,0.01,745
F14059,F14,L01136,0.01,746
F14060,F14,L01136,0.01,747
F14061,F14,L01136,0.01,748
F14062,F14,L01136,0.01,749
F14063,F14,L01136,0.01,750
F14064,F14,L01136,0.01,751
F14065,F14,L01136,0.01,752
F14066,F14,L01136,0.01,753
F14067,F14,L01136,0.01,754
F14068,F14,L01136,0.01,755
F14069,F14,L01136,0.01,756
F14070,F14,L01136,0.01,757
F14071,F14,L01136,0.01,758
F14072,F14,L01136,0.01,759
F14073,F14,L01136,0.01,760
F14074,F14,L01136,0.01,761
F14075,F14,L01136,0.01,762
F14076,F14,L01136,0.01,763
F14077,F14,L01136,0.01,764
F14078,F14,L01136,0.01,765
F14079,F14,L01136,0.01,766
F14080,F14,L01136,0.01,767
F14081,F14,L01136,0.01,768
F14082,F14,L01136,0.01,769
F14083,F14,L01136,0.01,770
F14084,F14,L01136,0.01,771
F14085,F14,L01136,0.01,772
F14086,F14,L01136,0.01,773
F14087,F14,L01136,0.01,774
F14088,F14,L01136,0.01,775
F14089,F14,L01136,0.01,776
F14090,F14,L01136,0.01,777
F14091,F14,L01136,0.01,778
F14092,F14,L01136,0.01,779
F14093,F14,L01136,0.01,780
F14094,F14,L01136,0.01,781
F14095,F14,L01136,0.01,782
F14096,F14,L01136,0.01,783
F14097,F14,L01136,0.01,784
F14098,F14,L01136,0.01,785
F14099,F14,L01136,0.01,786
F14100,F14,L01136,0.01,787
F14101,F14,L01136,0.01,788
F14102,F14,L01136,0.01,789
F14103,F14,L01136,0.01,790
F14104,F14,L01136,0.01,791
F14105,F14,L01136,0.01,792
F14106,F14,L01136,0.01,793
F14107,F14,L01136,0.01,794
F14108,F14,L01136,0.01,795
F14109,F14,L01136,0.01,796
F14110,F14,L01136,0.01,797
F14111,F14,L01136,0.01,798
F14112,F14,L01136,0.01,799
F14113,F14,L01136,0.01,800
F14114,F14,L01136,0.01,801
F14115,F14,L01136,0.01,802
F14116,F14,L01136,0.01,803
F14117,F14,L01136,0.01,804
F14118,F14,L01136,0.01,805
F14119,F14,L01136,0.01,806
F14120,F14,L01136,0.01,807
F14121,F14,L01136,0.01,808
F14122,F14,L01136,0.01,809
F14123,F14,L01136,0.01,810
F14124,F14,L01136,0.01,811
F14125,F14,L01136,0.01,812
F14126,F14,L01136,0.01,813
F14127,F14,L01136,0.01,814
F14128,F14,L01136,0.01,815
F14129,F14,L01136,0.01,816
F14130,F14,L01136,0.01,817
F14131,F14,L01136,0.01,818
F14132,F14,L01136,0.01,819
F14133,F14,L01136,0.01,820
F14134,F14,L01136,0.01,821
F14135,F14,L01136,0.01,822
F14136,F14,L01136,0.01,823
F14137,F14,L01136,0.01,824
F14138,F14,L01136,0.01,825
F14139,F14,L01136,0.01,826
F14140,F14,L01136,0.01,827
F14141,F14,L01136,0.01,828
F14142,F14,L01136,0.01,829
F14143,F14,L01136,0.01,830
F14144,F14,L01136,0.01,831
F14145,F14,L01136,0.01,832
F14146,F14,L01136,0.01,833
F14147,F14,L01136,0.01,834
F14148,F14,L01136,0.01,835
F14149,F14,L01136,0.01,836
F14150,F14,L01136,0.01,837
F14151,F14,L01136,0.01,838
F14152,F14,L01136,0.01,839
F14153,F14,L01136,0.01,840
F14154,F14,L01136,0.01,841
F14155,F14,L01136,0.01,842
F14156,F14,L01136,0.01,843
F14157,F14,L01136,0.01,844
F14158,F14,L01136,0.01,845
F14159,F14,L01136,0.01,846
F14160,F14,L01136,0.01,847
F14161,F14,L01136,0.01,848
F14162,F14,L01136,0.01,849
F14163,F14,L01136,0.01,850
F14164,F14,L01136,0.01,851
F14165,F14,L01136,0.01,852
F14166,F14,L01136,0.01,853
F14167,F14,L01136,0.01,854
F14168,F14,L01136,0.01,855
F14169,F14,L01136,0.01,856
F14170,F14,L01136,0.01,857
F14171,F14,L01136,0.01,858
F14172,F14,L01136,0.01,859
F14173,F14,L01136,0.01,860
F14174,F14,L01136,0.01,861
F14175,F14,L01136,0.01,862
F14176,F14,L01136,0.01,863
F14177,F14,L01136,0.01,864
F14178,F14,L01136,0.01,865
F14179,F14,L01136,0.01,866
F14180,F14,L01136,0.01,867
F14181,F14,L01136,0.01,868
F14182,F14,L01136,0.01,869
F14183,F14,L01136,0.01,870
F14184,F14,L01136,0.01,871
F14185,F14,L01136,0.01,872
F14186,F14,L01136,0.01,873
F14187,F14,L01136,0.01,874
F14188,F14,L01136,0.01,875
F14189,F14,L01136,0.01,876
F14190,F14,L01136,0.01,877
F14191,F14,L01136,0.01,878
F14192,F14,L01136,0.01,879
F14193,F14,L01136,0.01,880
F14194,F14,L01136,0.01,881
F14195,F14,L01136,0.01,882
F14196,F14,L01136,0.01,883
F14197,F14,L01136,0.01,884
F14198,F14,L01136,0.01,885
F14199,F14,L01136,0.01,886
F14200,F14,L01136,0.01,887
F14201,F14,L01136,0.01,888
F14202,F14,L01136,0.01,889
F14203,F14,L01136,0.01,890
F14204,F14,L01136,0.01,891
F14205,F14,L01136,0.01,892
F14206,F14,L01136,0.01,893
F14207,F14,L01136,0.01,894
F14208,F14,L01136,0.01,895
F14209,F14,L01136,0.01,896
F14210,F14,L01136,0.01,897
F14211,F14,L01136,0.01,898
F14212,F14,L01136,0.01,899
F14213,F14,L01136,0.01,900
F14214,F14,L01136,0.01,901
F14215,F14,L01136,0.01,902
F14216,F14,L01136,0.01,903
F14217,F14,L01136,0.01,904
F14218,F14,L01136,0.01,905
F14219,F14,L01136,0.01,906
F14220,F14,L01136,0.01,907
F14221,F14,L01136,0.01,908
F14222,F14,L01136,0.01,909
F14223,F14,L01136,0.01,910
F14224,F14,L01136,0.01,911
F14225,F14,L01136,0.01,912
F14226,F14,L01136,0.01,913
F14227,F14,L01136,0.01,914
F14228,F14,L01136,0.01,915
F14229,F14,L01136,0.01,916
F14230,F14,L01136,0.01,917
F14231,F14,L01136,0.01,918
F14232,F14,L01136,0.01,919
F14233,F14,L01136,0.01,920
F14234,F14,L01136,0.01,921
F14235,F14,L01136,0.01,922
F14236,F14,L01136,0.01,923
F14237,F14,L01136,0.01,924
F14238,F14,L01136,0.01,925
F14239,F14,L01136,0.01,926
F14240,F14,L01136,0.01,927
F14241,F14,L01136,0.01,928
F14242,F14,L01136,0.01,929
F14243,F14,L01136,0.01,930
F14244,F14,L01136,0.01,931
F14245,F14,L01136,0.01,932
F14246,F14,L01136,0.01,933
F14247,F14,L01136,0.01,934
F14248,F14,L01136,0.01,935
F14249,F14,L01136,0.01,936
F14250,F14,L01136,0.01,937
F14251,F14,L01136,0.01,938
F14252,F14,L01136,0.01,939
F14253,F14,L01136,0.01,940
F14254,F14,L01136,0.01,941
F14255,F14,L01136,0.01,942
F14256,F14,L01136,0.01,943
F14257,F14,L01136,0.01,944
F14258,F14,L01136,0.01,945
F14259,F14,L01136,0.01,946
F14260,F14,L01136,0.01,947
F14261,F14,L01136,0.01,948
F14262,F14,L01136,0.01,949
F14263,F14,L01136,0.01,950
F14264,F14,L01136,0.01,951
F14265,F14,L01136,0.01,952
F14266,F14,L01136,0.01,953
F14267,F14,L01136,0.01,954
F14268,F14,L01136,0.01,955
F14269,F14,L01136,0.01,956
F14270,F14,L01136,0.01,957
F14271,F14,L01136,0.01,958
F14272,F14,L01136,0.01,959
F14273,F14,L01136,0.01,960
F14274,F14,L01136,0.01,961
F14275,F14,L01136,0.01,962
F14276,F14,L01136,0.01,963
F14277,F14,L01136,0.01,964
F14278,F14,L01136,0.01,965
F14279,F14,L01136,0.01,966
F14280,F14,L01136,0.01,967
F14281,F14,L01136,0.01,968
F14282,F14,L01136,0.01,969
F14283,F14,L01136,0.01,970
F14284,F14,L01136,0.01,971
F14285,F14,L01136,0.01,972
F14286,F14,L01136,0.01,973
F14287,F14,L01136,0.01,974
F14288,F14,L01136,0.01,975
F14289,F14,L01136,0.01,976
F14290,F14,L01136,0.01,977
F14291,F14,L01136,0.01,978
F14292,F14,L01136,0.01,979
F14293,F14,L01136,0.01,980
F14294,F14,L01136,0.01,981
F14295,F14,L01136,0.01,982
F14296,F14,L01136,0.01,983
F14297,F14,L01136,0.01,984
F14298,F14,L01136,0.01,985
F14299,F14,L01136,0.01,986
F14300,F14,L01136,0.01,987
F14301,F14,L01136,0.01,988
F14302,F14,L01136,0.01,989
F14303,F14,L01136,0.01,990
F14304,F14,L01136,0.01,991
F14305,F14,L01136,0.01,992
F14306,F14,L01136,0.01,993
F14307,F14,L01136,0.01,994
F14308,F14,L01136,0.01,995
F14309,F14,L01136,0.01,996
F14310,F14,L01136,0.01,997
F14311,F14,L01136,0.01,998
F14312,F14,L01136,0.01,999
F14313,F14,L01136,0.01,1000
F14314,F14,L01136,0.01,1001
F14315,F14,L01136,0.01,1002
F14316,F14,L01136,0.01,1003
F14317,F14,L01136,0.01,1004
F14318,F14,L01136,0.01,1005
F14319,F14,L01136,0.01,1006
F14320,F14,L01136,0.01,1007
F14321,F14,L01136,0.01,1008
F14322,F14,L01136,0.01,1009
F14323,F14,L01136,0.01,1010
F14324,F14,L01136,0.01,1011
F14325,F14,L01136,0.01,1012
F14326,F14,L01136,0.01,1013
F14327,F14,L01136,0.01,1014
F14328,F14,L01136,0.01,1015
F14329,F14,L01136,0.01,1016
F14330,F14,L01136,0.01,1017
F14331,F14,L01136,0.01,1018
F14332,F14,L01136,0.01,1019
F14333,F14,L01136,0.01,1020
F14334,F14,L01136,0.01,1021
F14335,F14,L01136,0.01,1022
F14336,F14,L01136,0.01,1023
F14337,F15,L01136,0.02,0
F14338,F15,L01136,0.02,1
F14339,F15,L01136,0.02,2
F14340,F15,L01136,0.02,3
F14341,F15,L01136,0.02,4
F14342,F15,L01136,0.02,5
F14343,F15,L01136,0.02,6
F14344,F15,L01136,0.02,7
F14345,F15,L01136,0.02,8
F14346,F15,L01136,0.02,9
F14347,F15,L01136,0.02,10
F14348,F15,L01136,0.02,11
F14349,F15,L01136,0.02,12
F14350,F15,L01136,0.02,13
F14351,F15,L01136,0.02,14
F14352,F15,L01136,0.02,15
F14353,F15,L01136,0.02,16
F14354,F15,L01136,0.02,17
F14355,F15,L01136,0.02,18
F14356,F15,L01136,0.02,19
F14357,F15,L01136,0.02,20
F14358,F15,L01136,0.02,21
F14359,F15,L01136,0.02,22
F14360,F15,L01136,0.02,23
F14361,F15,L01136,0.02,24
F14362,F15,L01136,0.02,25
F14363,F15,L01136,0.02,26
F14364,F15,L01136,0.02,27
F14365,F15,L01136,0.02,28
F14366,F15,L01136,0.02,29
F14367,F15,L01136,0.02,30
F14368,F15,L01136,0.02,31
F14369,F15,L01136,0.02,32
F14370,F15,L01136,0.02,33
F14371,F15,L01136,0.02,34
F14372,F15,L01136,0.02,35
F14373,F15,L01136,0.02,36
F14374,F15,L01136,0.02,37
F14375,F15,L01136,0.02,38
F14376,F15,L01136,0.02,39
F14377,F15,L01136,0.02,40
F14378,F15,L01136,0.02,41
F14379,F15,L01136,0.02,42
F14380,F15,L01136,0.02,43
F14381,F15,L01136,0.02,44
F14382,F15,L01136,0.02,45
F14383,F15,L01136,0.02,46
F14384,F15,L01136,0.02,47
F14385,F15,L01136,0.02,48
F14386,F15,L01136,0.02,49
F14387,F15,L01136,0.02,50
F14388,F15,L01136,0.02,51
F14389,F15,L01136,0.02,52
F14390,F15,L01136,0.02,53
F14391,F15,L01136,0.02,54
F14392,F15,L01136,0.02,55
F14393,F15,L01136,0.02,56
F14394,F15,L01136,0.02,57
F14395,F15,L01136,0.02,58
F14396,F15,L01136,0.02,59
F14397,F15,L01136,0.02,60
F14398,F15,L01136,0.02,61
F14399,F15,L01136,0.02,62
F14400,F15,L01136,0.02,63
F14401,F15,L01136,0.02,64
F14402,F15,L01136,0.02,65
F14403,F15,L01136,0.02,66
F14404,F15,L01136,0.02,67
F14405,F15,L01136,0.02,68
F14406,F15,L01136,0.02,69
F14407,F15,L01136,0.02,70
F14408,F15,L01136,0.02,71
F14409,F15,L01136,0.02,72
F14410,F15,L01136,0.02,73
F14411,F15,L01136,0.02,74
F14412,F15,L01136,0.02,75
F14413,F15,L01136,0.02,76
F14414,F15,L01136,0.02,77
F14415,F15,L01136,0.02,78
F14416,F15,L01136,0.02,79
F14417,F15,L01136,0.02,80
F14418,F15,L01136,0.02,81
F14419,F15,L01136,0.02,82
F14420,F15,L01136,0.02,83
F14421,F15,L01136,0.02,84
F14422,F15,L01136,0.02,85
F14423,F15,L01136,0.02,86
F14424,F15,L01136,0.02,87
F14425,F15,L01136,0.02,88
F14426,F15,L01136,0.02,89
F14427,F15,L01136,0.02,90
F14428,F15,L01136,0.02,91
F14429,F15,L01136,0.02,92
F14430,F15,L01136,0.02,93
F14431,F15,L01136,0.02,94
F14432,F15,L01136,0.02,95
F14433,F15,L01136,0.02,96
F14434,F15,L01136,0.02,97
F14435,F15,L01136,0.02,98
F14436,F15,L01136,0.02,99
F14437,F15,L01136,0.02,100
F14438,F15,L01136,0.02,101
F14439,F15,L01136,0.02,102
F14440,F15,L01136,0.02,103
F14441,F15,L01136,0.02,104
F14442,F15,L01136,0.02,105
F14443,F15,L01136,0.02,106
F14444,F15,L01136,0.02,107
F14445,F15,L01136,0.02,108
F14446,F15,L01136,0.02,109
F14447,F15,L01136,0.02,110
F14448,F15,L01136,0.02,111
F14449,F15,L01136,0.02,112
F14450,F15,L01136,0.02,113
F14451,F15,L01136,0.02,114
F14452,F15,L01136,0.02,115
F14453,F15,L01136,0.02,116
F14454,F15,L01136,0.02,117
F14455,F15,L01136,0.02,118
F14456,F15,L01136,0.02,119
F14457,F15,L01136,0.02,120
F14458,F15,L01136,0.02,121
F14459,F15,L01136,0.02,122
F14460,F15,L01136,0.02,123
F14461,F15,L01136,0.02,124
F14462,F15,L01136,0.02,125
F14463,F15,L01136,0.02,126
F14464,F15,L01136,0.02,127
F14465,F15,L01136,0.02,128
F14466,F15,L01136,0.02,129
F14467,F15,L01136,0.02,130
F14468,F15,L01136,0.02,131
F14469,F15,L01136,0.02,132
F14470,F15,L01136,0.02,133
F14471,F15,L01136,0.02,134
F14472,F15,L01136,0.02,135
F14473,F15,L01136,0.02,136
F14474,F15,L01136,0.02,137
F14475,F15,L01136,0.02,138
F14476,F15,L01136,0.02,139
F14477,F15,L01136,0.02,140
F14478,F15,L01136,0.02,141
F14479,F15,L01136,0.02,142
F14480,F15,L01136,0.02,143
F14481,F15,L01136,0.02,144
F14482,F15,L01136,0.02,145
F14483,F15,L01136,0.02,146
F14484,F15,L01136,0.02,147
F14485,F15,L01136,0.02,148
F14486,F15,L01136,0.02,149
F14487,F15,L01136,0.02,150
F14488,F15,L01136,0.02,151
F14489,F15,L01136,0.02,152
F14490,F15,L01136,0.02,153
F14491,F15,L01136,0.02,154
F14492,F15,L01136,0.02,155
F14493,F15,L01136,0.02,156
F14494,F15,L01136,0.02,157
F14495,F15,L01136,0.02,158
F14496,F15,L01136,0.02,159
F14497,F15,L01136,0.02,160
F14498,F15,L01136,0.02,161
F14499,F15,L01136,0.02,162
F14500,F15,L01136,0.02,163
F14501,F15,L01136,0.02,164
F14502,F15,L01136,0.02,165
F14503,F15,L01136,0.02,166
F14504,F15,L01136,0.02,167
F14505,F15,L01136,0.02,168
F14506,F15,L01136,0.02,169
F14507,F15,L01136,0.02,170
F14508,F15,L01136,0.02,171
F14509,F15,L01136,0.02,172
F14510,F15,L01136,0.02,173
F14511,F15,L01136,0.02,174
F14512,F15,L01136,0.02,175
F14513,F15,L01136,0.02,176
F14514,F15,L01136,0.02,177
F14515,F15,L01136,0.02,178
F14516,F15,L01136,0.02,179
F14517,F15,L01136,0.02,180
F14518,F15,L01136,0.02,181
F14519,F15,L01136,0.02,182
F14520,F15,L01136,0.02,183
F14521,F15,L01136,0.02,184
F14522,F15,L01136,0.02,185
F14523,F15,L01136,0.02,186
F14524,F15,L01136,0.02,187
F14525,F15,L01136,0.02,188
F14526,F15,L01136,0.02,189
F14527,F15,L01136,0.02,190
F14528,F15,L01136,0.02,191
F14529,F15,L01136,0.02,192
F14530,F15,L01136,0.02,193
F14531,F15,L01136,0.02,194
F14532,F15,L01136,0.02,195
F14533,F15,L01136,0.02,196
F14534,F15,L01136,0.02,197
F14535,F15,L01136,0.02,198
F14536,F15,L01136,0.02,199
F14537,F15,L01136,0.02,200
F14538,F15,L01136,0.02,201
F14539,F15,L01136,0.02,202
F14540,F15,L01136,0.02,203
F14541,F15,L01136,0.02,204
F14542,F15,L01136,0.02,205
F14543,F15,L01136,0.02,206
F14544,F15,L01136,0.02,207
F14545,F15,L01136,0.02,208
F14546,F15,L01136,0.02,209
F14547,F15,L01136,0.02,210
F14548,F15,L01136,0.02,211
F14549,F15,L01136,0.02,212
F14550,F15,L01136,0.02,213
F14551,F15,L01136,0.02,214
F14552,F15,L01136,0.02,215
F14553,F15,L01136,0.02,216
F14554,F15,L01136,0.02,217
F14555,F15,L01136,0.02,218
F14556,F15,L01136,0.02,219
F14557,F15,L01136,0.02,220
F14558,F15,L01136,0.02,221
F14559,F15,L01136,0.02,222
F14560,F15,L01136,0.02,223
F14561,F15,L01136,0.02,224
F14562,F15,L01136,0.02,225
F14563,F15,L01136,0.02,226
F14564,F15,L01136,0.02,227
F14565,F15,L01136,0.02,228
F14566,F15,L01136,0.02,229
F14567,F15,L01136,0.02,230
F14568,F15,L01136,0.02,231
F14569,F15,L01136,0.02,232
F14570,F15,L01136,0.02,233
F14571,F15,L01136,0.02,234
F14572,F15,L01136,0.02,235
F14573,F15,L01136,0.02,236
F14574,F15,L01136,0.02,237
F14575,F15,L01136,0.02,238
F14576,F15,L01136,0.02,239
F14577,F15,L01136,0.02,240
F14578,F15,L01136,0.02,241
F14579,F15,L01136,0.02,242
F14580,F15,L01136,0.02,243
F14581,F15,L01136,0.02,244
F14582,F15,L01136,0.02,245
F14583,F15,L01136,0.02,246
F14584,F15,L01136,0.02,247
F14585,F15,L01136,0.02,248
F14586,F15,L01136,0.02,249
F14587,F15,L01136,0.02,250
F14588,F15,L01136,0.02,251
F14589,F15,L01136,0.02,252
F14590,F15,L01136,0.02,253
F14591,F15,L01136,0.02,254
F14592,F15,L01136,0.02,255
F14593,F15,L01136,0.02,256
F14594,F15,L01136,0.02,257
F14595,F15,L01136,0.02,258
F14596,F15,L01136,0.02,259
F14597,F15,L01136,0.02,260
F14598,F15,L01136,0.02,261
F14599,F15,L01136,0.02,262
F14600,F15,L01136,0.02,263
F14601,F15,L01136,0.02,264
F14602,F15,L01136,0.02,265
F14603,F15,L01136,0.02,266
F14604,F15,L01136,0.02,267
F14605,F15,L01136,0.02,268
F14606,F15,L01136,0.02,269
F14607,F15,L01136,0.02,270
F14608,F15,L01136,0.02,271
F14609,F15,L01136,0.02,272
F14610,F15,L01136,0.02,273
F14611,F15,L01136,0.02,274
F14612,F15,L01136,0.02,275
F14613,F15,L01136,0.02,276
F14614,F15,L01136,0.02,277
F14615,F15,L01136,0.02,278
F14616,F15,L01136,0.02,279
F14617,F15,L01136,0.02,280
F14618,F15,L01136,0.02,281
F14619,F15,L01136,0.02,282
F14620,F15,L01136,0.02,283
F14621,F15,L01136,0.02,284
F14622,F15,L01136,0.02,285
F14623,F15,L01136,0.02,286
F14624,F15,L01136,0.02,287
F14625,F15,L01136,0.02,288
F14626,F15,L01136,0.02,289
F14627,F15,L01136,0.02,290
F14628,F15,L01136,0.02,291
F14629,F15,L01136,0.02,292
F14630,F15,L01136,0.02,293
F14631,F15,L01136,0.02,294
F14632,F15,L01136,0.02,295
F14633,F15,L01136,0.02,296
F14634,F15,L01136,0.02,297
F14635,F15,L01136,0.02,298
F14636,F15,L01136,0.02,299
F14637,F15,L01136,0.02,300
F14638,F15,L01136,0.02,301
F14639,F15,L01136,0.02,302
F14640,F15,L01136,0.02,303
F14641,F15,L01136,0.02,304
F14642,F15,L01136,0.02,305
F14643,F15,L01136,0.02,306
F14644,F15,L01136,0.02,307
F14645,F15,L01136,0.02,308
F14646,F15,L01136,0.02,309
F14647,F15,L01136,0.02,310
F14648,F15,L01136,0.02,311
F14649,F15,L01136,0.02,312
F14650,F15,L01136,0.02,313
F14651,F15,L01136,0.02,314
F14652,F15,L01136,0.02,315
F14653,F15,L01136,0.02,316
F14654,F15,L01136,0.02,317
F14655,F15,L01136,0.02,318
F14656,F15,L01136,0.02,319
F14657,F15,L01136,0.02,320
F14658,F15,L01136,0.02,321
F14659,F15,L01136,0.02,322
F14660,F15,L01136,0.02,323
F14661,F15,L01136,0.02,324
F14662,F15,L01136,0.02,325
F14663,F15,L01136,0.02,326
F14664,F15,L01136,0.02,327
F14665,F15,L01136,0.02,328
F14666,F15,L01136,0.02,329
F14667,F15,L01136,0.02,330
F14668,F15,L01136,0.02,331
F14669,F15,L01136,0.02,332
F14670,F15,L01136,0.02,333
F14671,F15,L01136,0.02,334
F14672,F15,L01136,0.02,335
F14673,F15,L01136,0.02,336
F14674,F15,L01136,0.02,337
F14675,F15,L01136,0.02,338
F14676,F15,L01136,0.02,339
F14677,F15,L01136,0.02,340
F14678,F15,L01136,0.02,341
F14679,F15,L01136,0.02,342
F14680,F15,L01136,0.02,343
F14681,F15,L01136,0.02,344
F14682,F15,L01136,0.02,345
F14683,F15,L01136,0.02,346
F14684,F15,L01136,0.02,347
F14685,F15,L01136,0.02,348
F14686,F15,L01136,0.02,349
F14687,F15,L01136,0.02,350
F14688,F15,L01136,0.02,351
F14689,F15,L01136,0.02,352
F14690,F15,L01136,0.02,353
F14691,F15,L01136,0.02,354
F14692,F15,L01136,0.02,355
F14693,F15,L01136,0.02,356
F14694,F15,L01136,0.02,357
F14695,F15,L01136,0.02,358
F14696,F15,L01136,0.02,359
F14697,F15,L01136,0.02,360
F14698,F15,L01136,0.02,361
F14699,F15,L01136,0.02,362
F14700,F15,L01136,0.02,363
F14701,F15,L01136,0.02,364
F14702,F15,L01136,0.02,365
F14703,F15,L01136,0.02,366
F14704,F15,L01136,0.02,367
F14705,F15,L01136,0.02,368
F14706,F15,L01136,0.02,369
F14707,F15,L01136,0.02,370
F14708,F15,L01136,0.02,371
F14709,F15,L01136,0.02,372
F14710,F15,L01136,0.02,373
F14711,F15,L01136,0.02,374
F14712,F15,L01136,0.02,375
F14713,F15,L01136,0.02,376
F14714,F15,L01136,0.02,377
F14715,F15,L01136,0.02,378
F14716,F15,L01136,0.02,379
F14717,F15,L01136,0.02,380
F14718,F15,L01136,0.02,381
F14719,F15,L01136,0.02,382
F14720,F15,L01136,0.02,383
F14721,F15,L01136,0.02,384
F14722,F15,L01136,0.02,385
F14723,F15,L01136,0.02,386
F14724,F15,L01136,0.02,387
F14725,F15,L01136,0.02,388
F14726,F15,L01136,0.02,389
F14727,F15,L01136,0.02,390
F14728,F15,L01136,0.02,391
F14729,F15,L01136,0.02,392
F14730,F15,L01136,0.02,393
F14731,F15,L01136,0.02,394
F14732,F15,L01136,0.02,395
F14733,F15,L01136,0.02,396
F14734,F15,L01136,0.02,397
F14735,F15,L01136,0.02,398
F14736,F15,L01136,0.02,399
F14737,F15,L01136,0.02,400
F14738,F15,L01136,0.02,401
F14739,F15,L01136,0.02,402
F14740,F15,L01136,0.02,403
F14741,F15,L01136,0.02,404
F14742,F15,L01136,0.02,405
F14743,F15,L01136,0.02,406
F14744,F15,L01136,0.02,407
F14745,F15,L01136,0.02,408
F14746,F15,L01136,0.02,409
F14747,F15,L01136,0.02,410
F14748,F15,L01136,0.02,411
F14749,F15,L01136,0.02,412
F14750,F15,L01136,0.02,413
F14751,F15,L01136,0.02,414
F14752,F15,L01136,0.02,415
F14753,F15,L01136,0.02,416
F14754,F15,L01136,0.02,417
F14755,F15,L01136,0.02,418
F14756,F15,L01136,0.02,419
F14757,F15,L01136,0.02,420
F14758,F15,L01136,0.02,421
F14759,F15,L01136,0.02,422
F14760,F15,L01136,0.02,423
F14761,F15,L01136,0.02,424
F14762,F15,L01136,0.02,425
F14763,F15,L01136,0.02,426
F14764,F15,L01136,0.02,427
F14765,F15,L01136,0.02,428
F14766,F15,L01136,0.02,429
F14767,F15,L01136,0.02,430
F14768,F15,L01136,0.02,431
F14769,F15,L01136,0.02,432
F14770,F15,L01136,0.02,433
F14771,F15,L01136,0.02,434
F14772,F15,L01136,0.02,435
F14773,F15,L01136,0.02,436
F14774,F15,L01136,0.02,437
F14775,F15,L01136,0.02,438
F14776,F15,L01136,0.02,439
F14777,F15,L01136,0.02,440
F14778,F15,L01136,0.02,441
F14779,F15,L01136,0.02,442
F14780,F15,L01136,0.02,443
F14781,F15,L01136,0.02,444
F14782,F15,L01136,0.02,445
F14783,F15,L01136,0.02,446
F14784,F15,L01136,0.02,447
F14785,F15,L01136,0.02,448
F14786,F15,L01136,0.02,449
F14787,F15,L01136,0.02,450
F14788,F15,L01136,0.02,451
F14789,F15,L01136,0.02,452
F14790,F15,L01136,0.02,453
F14791,F15,L01136,0.02,454
F14792,F15,L01136,0.02,455
F14793,F15,L01136,0.02,456
F14794,F15,L01136,0.02,457
F14795,F15,L01136,0.02,458
F14796,F15,L01136,0.02,459
F14797,F15,L01136,0.02,460
F14798,F15,L01136,0.02,461
F14799,F15,L01136,0.02,462
F14800,F15,L01136,0.02,463
F14801,F15,L01136,0.02,464
F14802,F15,L01136,0.02,465
F14803,F15,L01136,0.02,466
F14804,F15,L01136,0.02,467
F14805,F15,L01136,0.02,468
F14806,F15,L01136,0.02,469
F14807,F15,L01136,0.02,470
F14808,F15,L01136,0.02,471
F14809,F15,L01136,0.02,472
F14810,F15,L01136,0.02,473
F14811,F15,L01136,0.02,474
F14812,F15,L01136,0.02,475
F14813,F15,L01136,0.02,476
F14814,F15,L01136,0.02,477
F14815,F15,L01136,0.02,478
F14816,F15,L01136,0.02,479
F14817,F15,L01136,0.02,480
F14818,F15,L01136,0.02,481
F14819,F15,L01136,0.02,482
F14820,F15,L01136,0.02,483
F14821,F15,L01136,0.02,484
F14822,F15,L01136,0.02,485
F14823,F15,L01136,0.02,486
F14824,F15,L01136,0.02,487
F14825,F15,L01136,0.02,488
F14826,F15,L01136,0.02,489
F14827,F15,L01136,0.02,490
F14828,F15,L01136,0.02,491
F14829,F15,L01136,0.02,492
F14830,F15,L01136,0.02,493
F14831,F15,L01136,0.02,494
F14832,F15,L01136,0.02,495
F14833,F15,L01136,0.02,496
F14834,F15,L01136,0.02,497
F14835,F15,L01136,0.02,498
F14836,F15,L01136,0.02,499
F14837,F15,L01136,0.02,500
F14838,F15,L01136,0.02,501
F14839,F15,L01136,0.02,502
F14840,F15,L01136,0.02,503
F14841,F15,L01136,0.02,504
F14842,F15,L01136,0.02,505
F14843,F15,L01136,0.02,506
F14844,F15,L01136,0.02,507
F14845,F15,L01136,0.02,508
F14846,F15,L01136,0.02,509
F14847,F15,L01136,0.02,510
F14848,F15,L01136,0.02,511
F14849,F15,L01136,0.02,512
F14850,F15,L01136,0.02,513
F14851,F15,L01136,0.02,514
F14852,F15,L01136,0.02,515
F14853,F15,L01136,0.02,516
F14854,F15,L01136,0.02,517
F14855,F15,L01136,0.02,518
F14856,F15,L01136,0.02,519
F14857,F15,L01136,0.02,520
F14858,F15,L01136,0.02,521
F14859,F15,L01136,0.02,522
F14860,F15,L01136,0.02,523
F14861,F15,L01136,0.02,524
F14862,F15,L01136,0.02,525
F14863,F15,L01136,0.02,526
F14864,F15,L01136,0.02,527
F14865,F15,L01136,0.02,528
F14866,F15,L01136,0.02,529
F14867,F15,L01136,0.02,530
F14868,F15,L01136,0.02,531
F14869,F15,L01136,0.02,532
F14870,F15,L01136,0.02,533
F14871,F15,L01136,0.02,534
F14872,F15,L01136,0.02,535
F14873,F15,L01136,0.02,536
F14874,F15,L01136,0.02,537
F14875,F15,L01136,0.02,538
F14876,F15,L01136,0.02,539
F14877,F15,L01136,0.02,540
F14878,F15,L01136,0.02,541
F14879,F15,L01136,0.02,542
F14880,F15,L01136,0.02,543
F14881,F15,L01136,0.02,544
F14882,F15,L01136,0.02,545
F14883,F15,L01136,0.02,546
F14884,F15,L01136,0.02,547
F14885,F15,L01136,0.02,548
F14886,F15,L01136,0.02,549
F14887,F15,L01136,0.02,550
F14888,F15,L01136,0.02,551
F14889,F15,L01136,0.02,552
F14890,F15,L01136,0.02,553
F14891,F15,L01136,0.02,554
F14892,F15,L01136,0.02,555
F14893,F15,L01136,0.02,556
F14894,F15,L01136,0.02,557
F14895,F15,L01136,0.02,558
F14896,F15,L01136,0.02,559
F14897,F15,L01136,0.02,560
F14898,F15,L01136,0.02,561
F14899,F15,L01136,0.02,562
F14900,F15,L01136,0.02,563
F14901,F15,L01136,0.02,564
F14902,F15,L01136,0.02,565
F14903,F15,L01136,0.02,566
F14904,F15,L01136,0.02,567
F14905,F15,L01136,0.02,568
F14906,F15,L01136,0.02,569
F14907,F15,L01136,0.02,570
F14908,F15,L01136,0.02,571
F14909,F15,L01136,0.02,572
F14910,F15,L01136,0.02,573
F14911,F15,L01136,0.02,574
F14912,F15,L01136,0.02,575
F14913,F15,L01136,0.02,576
F14914,F15,L01136,0.02,577
F14915,F15,L01136,0.02,578
F14916,F15,L01136,0.02,579
F14917,F15,L01136,0.02,580
F14918,F15,L01136,0.02,581
F14919,F15,L01136,0.02,582
F14920,F15,L01136,0.02,583
F14921,F15,L01136,0.02,584
F14922,F15,L01136,0.02,585
F14923,F15,L01136,0.02,586
F14924,F15,L01136,0.02,587
F14925,F15,L01136,0.02,588
F14926,F15,L01136,0.02,589
F14927,F15,L01136,0.02,590
F14928,F15,L01136,0.02,591
F14929,F15,L01136,0.02,592
F14930,F15,L01136,0.02,593
F14931,F15,L01136,0.02,594
F14932,F15,L01136,0.02,595
F14933,F15,L01136,0.02,596
F14934,F15,L01136,0.02,597
F14935,F15,L01136,0.02,598
F14936,F15,L01136,0.02,599
F14937,F15,L01136,0.02,600
F14938,F15,L01136,0.02,601
F14939,F15,L01136,0.02,602
F14940,F15,L01136,0.02,603
F14941,F15,L01136,0.02,604
F14942,F15,L01136,0.02,605
F14943,F15,L01136,0.02,606
F14944,F15,L01136,0.02,607
F14945,F15,L01136,0.02,608
F14946,F15,L01136,0.02,609
F14947,F15,L01136,0.02,610
F14948,F15,L01136,0.02,611
F14949,F15,L01136,0.02,612
F14950,F15,L01136,0.02,613
F14951,F15,L01136,0.02,614
F14952,F15,L01136,0.02,615
F14953,F15,L01136,0.02,616
F14954,F15,L01136,0.02,617
F14955,F15,L01136,0.02,618
F14956,F15,L01136,0.02,619
F14957,F15,L01136,0.02,620
F14958,F15,L01136,0.02,621
F14959,F15,L01136,0.02,622
F14960,F15,L01136,0.02,623
F14961,F15,L01136,0.02,624
F14962,F15,L01136,0.02,625
F14963,F15,L01136,0.02,626
F14964,F15,L01136,0.02,627
F14965,F15,L01136,0.02,628
F14966,F15,L01136,0.02,629
F14967,F15,L01136,0.02,630
F14968,F15,L01136,0.02,631
F14969,F15,L01136,0.02,632
F14970,F15,L01136,0.02,633
F14971,F15,L01136,0.02,634
F14972,F15,L01136,0.02,635
F14973,F15,L01136,0.02,636
F14974,F15,L01136,0.02,637
F14975,F15,L01136,0.02,638
F14976,F15,L01136,0.02,639
F14977,F15,L01136,0.02,640
F14978,F15,L01136,0.02,641
F14979,F15,L01136,0.02,642
F14980,F15,L01136,0.02,643
F14981,F15,L01136,0.02,644
F14982,F15,L01136,0.02,645
F14983,F15,L01136,0.02,646
F14984,F15,L01136,0.02,647
F14985,F15,L01136,0.02,648
F14986,F15,L01136,0.02,649
F14987,F15,L01136,0.02,650
F14988,F15,L01136,0.02,651
F14989,F15,L01136,0.02,652
F14990,F15,L01136,0.02,653
F14991,F15,L01136,0.02,654
F14992,F15,L01136,0.02,655
F14993,F15,L01136,0.02,656
F14994,F15,L01136,0.02,657
F14995,F15,L01136,0.02,658
F14996,F15,L01136,0.02,659
F14997,F15,L01136,0.02,660
F14998,F15,L01136,0.02,661
F14999,F15,L01136,0.02,662
F15000,F15,L01136,0.02,663
F15001,F15,L01136,0.02,664
F15002,F15,L01136,0.02,665
F15003,F15,L01136,0.02,666
F15004,F15,L01136,0.02,667
F15005,F15,L01136,0.02,668
F15006,F15,L01136,0.02,669
F15007,F15,L01136,0.02,670
F15008,F15,L01136,0.02,671
F15009,F15,L01136,0.02,672
F15010,F15,L01136,0.02,673
F15011,F15,L01136,0.02,674
F15012,F15,L01136,0.02,675
F15013,F15,L01136,0.02,676
F15014,F15,L01136,0.02,677
F15015,F15,L01136,0.02,678
F15016,F15,L01136,0.02,679
F15017,F15,L01136,0.02,680
F15018,F15,L01136,0.02,681
F15019,F15,L01136,0.02,682
F15020,F15,L01136,0.02,683
F15021,F15,L01136,0.02,684
F15022,F15,L01136,0.02,685
F15023,F15,L01136,0.02,686
F15024,F15,L01136,0.02,687
F15025,F15,L01136,0.02,688
F15026,F15,L01136,0.02,689
F15027,F15,L01136,0.02,690
F15028,F15,L01136,0.02,691
F15029,F15,L01136,0.02,692
F15030,F15,L01136,0.02,693
F15031,F15,L01136,0.02,694
F15032,F15,L01136,0.02,695
F15033,F15,L01136,0.02,696
F15034,F15,L01136,0.02,697
F15035,F15,L01136,0.02,698
F15036,F15,L01136,0.02,699
F15037,F15,L01136,0.02,700
F15038,F15,L01136,0.02,701
F15039,F15,L01136,0.02,702
F15040,F15,L01136,0.02,703
F15041,F15,L01136,0.02,704
F15042,F15,L01136,0.02,705
F15043,F15,L01136,0.02,706
F15044,F15,L01136,0.02,707
F15045,F15,L01136,0.02,708
F15046,F15,L01136,0.02,709
F15047,F15,L01136,0.02,710
F15048,F15,L01136,0.02,711
F15049,F15,L01136,0.02,712
F15050,F15,L01136,0.02,713
F15051,F15,L01136,0.02,714
F15052,F15,L01136,0.02,715
F15053,F15,L01136,0.02,716
F15054,F15,L01136,0.02,717
F15055,F15,L01136,0.02,718
F15056,F15,L01136,0.02,719
F15057,F15,L01136,0.02,720
F15058,F15,L01136,0.02,721
F15059,F15,L01136,0.02,722
F15060,F15,L01136,0.02,723
F15061,F15,L01136,0.02,724
F15062,F15,L01136,0.02,725
F15063,F15,L01136,0.02,726
F15064,F15,L01136,0.02,727
F15065,F15,L01136,0.02,728
F15066,F15,L01136,0.02,729
F15067,F15,L01136,0.02,730
F15068,F15,L01136,0.02,731
F15069,F15,L01136,0.02,732
F15070,F15,L01136,0.02,733
F15071,F15,L01136,0.02,734
F15072,F15,L01136,0.02,735
F15073,F15,L01136,0.02,736
F15074,F15,L01136,0.02,737
F15075,F15,L01136,0.02,738
F15076,F15,L01136,0.02,739
F15077,F15,L01136,0.02,740
F15078,F15,L01136,0.02,741
F15079,F15,L01136,0.02,742
F15080,F15,L01136,0.02,743
F15081,F15,L01136,0.02,744
F15082,F15,L01136,0.02,745
F15083,F15,L01136,0.02,746
F15084,F15,L01136,0.02,747
F15085,F15,L01136,0.02,748
F15086,F15,L01136,0.02,749
F15087,F15,L01136,0.02,750
F15088,F15,L01136,0.02,751
F15089,F15,L01136,0.02,752
F15090,F15,L01136,0.02,753
F15091,F15,L01136,0.02,754
F15092,F15,L01136,0.02,755
F15093,F15,L01136,0.02,756
F15094,F15,L01136,0.02,757
F15095,F15,L01136,0.02,758
F15096,F15,L01136,0.02,759
F15097,F15,L01136,0.02,760
F15098,F15,L01136,0.02,761
F15099,F15,L01136,0.02,762
F15100,F15,L01136,0.02,763
F15101,F15,L01136,0.02,764
F15102,F15,L01136,0.02,765
F15103,F15,L01136,0.02,766
F15104,F15,L01136,0.02,767
F15105,F15,L01136,0.02,768
F15106,F15,L01136,0.02,769
F15107,F15,L01136,0.02,770
F15108,F15,L01136,0.02,771
F15109,F15,L01136,0.02,772
F15110,F15,L01136,0.02,773
F15111,F15,L01136,0.02,774
F15112,F15,L01136,0.02,775
F15113,F15,L01136,0.02,776
F15114,F15,L01136,0.02,777
F15115,F15,L01136,0.02,778
F15116,F15,L01136,0.02,779
F15117,F15,L01136,0.02,780
F15118,F15,L01136,0.02,781
F15119,F15,L01136,0.02,782
F15120,F15,L01136,0.02,783
F15121,F15,L01136,0.02,784
F15122,F15,L01136,0.02,785
F15123,F15,L01136,0.02,786
F15124,F15,L01136,0.02,787
F15125,F15,L01136,0.02,788
F15126,F15,L01136,0.02,789
F15127,F15,L01136,0.02,790
F15128,F15,L01136,0.02,791
F15129,F15,L01136,0.02,792
F15130,F15,L01136,0.02,793
F15131,F15,L01136,0.02,794
F15132,F15,L01136,0.02,795
F15133,F15,L01136,0.02,796
F15134,F15,L01136,0.02,797
F15135,F15,L01136,0.02,798
F15136,F15,L01136,0.02,799
F15137,F15,L01136,0.02,800
F15138,F15,L01136,0.02,801
F15139,F15,L01136,0.02,802
F15140,F15,L01136,0.02,803
F15141,F15,L01136,0.02,804
F15142,F15,L01136,0.02,805
F15143,F15,L01136,0.02,806
F15144,F15,L01136,0.02,807
F15145,F15,L01136,0.02,808
F15146,F15,L01136,0.02,809
F15147,F15,L01136,0.02,810
F15148,F15,L01136,0.02,811
F15149,F15,L01136,0.02,812
F15150,F15,L01136,0.02,813
F15151,F15,L01136,0.02,814
F15152,F15,L01136,0.02,815
F15153,F15,L01136,0.02,816
F15154,F15,L01136,0.02,817
F15155,F15,L01136,0.02,818
F15156,F15,L01136,0.02,819
F15157,F15,L01136,0.02,820
F15158,F15,L01136,0.02,821
F15159,F15,L01136,0.02,822
F15160,F15,L01136,0.02,823
F15161,F15,L01136,0.02,824
F15162,F15,L01136,0.02,825
F15163,F15,L01136,0.02,826
F15164,F15,L01136,0.02,827
F15165,F15,L01136,0.02,828
F15166,F15,L01136,0.02,829
F15167,F15,L01136,0.02,830
F15168,F15,L01136,0.02,831
F15169,F15,L01136,0.02,832
F15170,F15,L01136,0.02,833
F15171,F15,L01136,0.02,834
F15172,F15,L01136,0.02,835
F15173,F15,L01136,0.02,836
F15174,F15,L01136,0.02,837
F15175,F15,L01136,0.02,838
F15176,F15,L01136,0.02,839
F15177,F15,L01136,0.02,840
F15178,F15,L01136,0.02,841
F15179,F15,L01136,0.02,842
F15180,F15,L01136,0.02,843
F15181,F15,L01136,0.02,844
F15182,F15,L01136,0.02,845
F15183,F15,L01136,0.02,846
F15184,F15,L01136,0.02,847
F15185,F15,L01136,0.02,848
F15186,F15,L01136,0.02,849
F15187,F15,L01136,0.02,850
F15188,F15,L01136,0.02,851
F15189,F15,L01136,0.02,852
F15190,F15,L01136,0.02,853
F15191,F15,L01136,0.02,854
F15192,F15,L01136,0.02,855
F15193,F15,L01136,0.02,856
F15194,F15,L01136,0.02,857
F15195,F15,L01136,0.02,858
F15196,F15,L01136,0.02,859
F15197,F15,L01136,0.02,860
F15198,F15,L01136,0.02,861
F15199,F15,L01136,0.02,862
F15200,F15,L01136,0.02,863
F15201,F15,L01136,0.02,864
F15202,F15,L01136,0.02,865
F15203,F15,L01136,0.02,866
F15204,F15,L01136,0.02,867
F15205,F15,L01136,0.02,868
F15206,F15,L01136,0.02,869
F15207,F15,L01136,0.02,870
F15208,F15,L01136,0.02,871
F15209,F15,L01136,0.02,872
F15210,F15,L01136,0.02,873
F15211,F15,L01136,0.02,874
F15212,F15,L01136,0.02,875
F15213,F15,L01136,0.02,876
F15214,F15,L01136,0.02,877
F15215,F15,L01136,0.02,878
F15216,F15,L01136,0.02,879
F15217,F15,L01136,0.02,880
F15218,F15,L01136,0.02,881
F15219,F15,L01136,0.02,882
F15220,F15,L01136,0.02,883
F15221,F15,L01136,0.02,884
F15222,F15,L01136,0.02,885
F15223,F15,L01136,0.02,886
F15224,F15,L01136,0.02,887
F15225,F15,L01136,0.02,888
F15226,F15,L01136,0.02,889
F15227,F15,L01136,0.02,890
F15228,F15,L01136,0.02,891
F15229,F15,L01136,0.02,892
F15230,F15,L01136,0.02,893
F15231,F15,L01136,0.02,894
F15232,F15,L01136,0.02,895
F15233,F15,L01136,0.02,896
F15234,F15,L01136,0.02,897
F15235,F15,L01136,0.02,898
F15236,F15,L01136,0.02,899
F15237,F15,L01136,0.02,900
F15238,F15,L01136,0.02,901
F15239,F15,L01136,0.02,902
F15240,F15,L01136,0.02,903
F15241,F15,L01136,0.02,904
F15242,F15,L01136,0.02,905
F15243,F15,L01136,0.02,906
F15244,F15,L01136,0.02,907
F15245,F15,L01136,0.02,908
F15246,F15,L01136,0.02,909
F15247,F15,L01136,0.02,910
F15248,F15,L01136,0.02,911
F15249,F15,L01136,0.02,912
F15250,F15,L01136,0.02,913
F15251,F15,L01136,0.02,914
F15252,F15,L01136,0.02,915
F15253,F15,L01136,0.02,916
F15254,F15,L01136,0.02,917
F15255,F15,L01136,0.02,918
F15256,F15,L01136,0.02,919
F15257,F15,L01136,0.02,920
F15258,F15,L01136,0.02,921
F15259,F15,L01136,0.02,922
F15260,F15,L01136,0.02,923
F15261,F15,L01136,0.02,924
F15262,F15,L01136,0.02,925
F15263,F15,L01136,0.02,926
F15264,F15,L01136,0.02,927
F15265,F15,L01136,0.02,928
F15266,F15,L01136,0.02,929
F15267,F15,L01136,0.02,930
F15268,F15,L01136,0.02,931
F15269,F15,L01136,0.02,932
F15270,F15,L01136,0.02,933
F15271,F15,L01136,0.02,934
F15272,F15,L01136,0.02,935
F15273,F15,L01136,0.02,936
F15274,F15,L01136,0.02,937
F15275,F15,L01136,0.02,938
F15276,F15,L01136,0.02,939
F15277,F15,L01136,0.02,940
F15278,F15,L01136,0.02,941
F15279,F15,L01136,0.02,942
F15280,F15,L01136,0.02,943
F15281,F15,L01136,0.02,944
F15282,F15,L01136,0.02,945
F15283,F15,L01136,0.02,946
F15284,F15,L01136,0.02,947
F15285,F15,L01136,0.02,948
F15286,F15,L01136,0.02,949
F15287,F15,L01136,0.02,950
F15288,F15,L01136,0.02,951
F15289,F15,L01136,0.02,952
F15290,F15,L01136,0.02,953
F15291,F15,L01136,0.02,954
F15292,F15,L01136,0.02,955
F15293,F15,L01136,0.02,956
F15294,F15,L01136,0.02,957
F15295,F15,L01136,0.02,958
F15296,F15,L01136,0.02,959
F15297,F15,L01136,0.02,960
F15298,F15,L01136,0.02,961
F15299,F15,L01136,0.02,962
F15300,F15,L01136,0.02,963
F15301,F15,L01136,0.02,964
F15302,F15,L01136,0.02,965
F15303,F15,L01136,0.02,966
F15304,F15,L01136,0.02,967
F15305,F15,L01136,0.02,968
F15306,F15,L01136,0.02,969
F15307,F15,L01136,0.02,970
F15308,F15,L01136,0.02,971
F15309,F15,L01136,0.02,972
F15310,F15,L01136,0.02,973
F15311,F15,L01136,0.02,974
F15312,F15,L01136,0.02,975
F15313,F15,L01136,0.02,976
F15314,F15,L01136,0.02,977
F15315,F15,L01136,0.02,978
F15316,F15,L01136,0.02,979
F15317,F15,L01136,0.02,980
F15318,F15,L01136,0.02,981
F15319,F15,L01136,0.02,982
F15320,F15,L01136,0.02,983
F15321,F15,L01136,0.02,984
F15322,F15,L01136,0.02,985
F15323,F15,L01136,0.02,986
F15324,F15,L01136,0.02,987
F15325,F15,L01136,0.02,988
F15326,F15,L01136,0.02,989
F15327,F15,L01136,0.02,990
F15328,F15,L01136,0.02,991
F15329,F15,L01136,0.02,992
F15330,F15,L01136,0.02,993
F15331,F15,L01136,0.02,994
F15332,F15,L01136,0.02,995
F15333,F15,L01136,0.02,996
F15334,F15,L01136,0.02,997
F15335,F15,L01136,0.02,998
F15336,F15,L01136,0.02,999
F15337,F15,L01136,0.02,1000
F15338,F15,L01136,0.02,1001
F15339,F15,L01136,0.02,1002
F15340,F15,L01136,0.02,1003
F15341,F15,L01136,0.02,1004
F15342,F15,L01136,0.02,1005
F15343,F15,L01136,0.02,1006
F15344,F15,L01136,0.02,1007
F15345,F15,L01136,0.02,1008
F15346,F15,L01136,0.02,1009
F15347,F15,L01136,0.02,1010
F15348,F15,L01136,0.02,1011
F15349,F15,L01136,0.02,1012
F15350,F15,L01136,0.02,1013
F15351,F15,L01136,0.02,1014
F15352,F15,L01136,0.02,1015
F15353,F15,L01136,0.02,1016
F15354,F15,L01136,0.02,1017
F15355,F15,L01136,0.02,1018
F15356,F15,L01136,0.02,1019
F15357,F15,L01136,0.02,1020
F15358,F15,L01136,0.02,1021
F15359,F15,L01136,0.02,1022
F15360,F15,L01136,0.02,1023
F15361,F16,L01136,0.04,0
F15362,F16,L01136,0.04,1
F15363,F16,L01136,0.04,2
F15364,F16,L01136,0.04,3
F15365,F16,L01136,0.04,4
F15366,F16,L01136,0.04,5
F15367,F16,L01136,0.04,6
F15368,F16,L01136,0.04,7
F15369,F16,L01136,0.04,8
F15370,F16,L01136,0.04,9
F15371,F16,L01136,0.04,10
F15372,F16,L01136,0.04,11
F15373,F16,L01136,0.04,12
F15374,F16,L01136,0.04,13
F15375,F16,L01136,0.04,14
F15376,F16,L01136,0.04,15
F15377,F16,L01136,0.04,16
F15378,F16,L01136,0.04,17
F15379,F16,L01136,0.04,18
F15380,F16,L01136,0.04,19
F15381,F16,L01136,0.04,20
F15382,F16,L01136,0.04,21
F15383,F16,L01136,0.04,22
F15384,F16,L01136,0.04,23
F15385,F16,L01136,0.04,24
F15386,F16,L01136,0.04,25
F15387,F16,L01136,0.04,26
F15388,F16,L01136,0.04,27
F15389,F16,L01136,0.04,28
F15390,F16,L01136,0.04,29
F15391,F16,L01136,0.04,30
F15392,F16,L01136,0.04,31
F15393,F16,L01136,0.04,32
F15394,F16,L01136,0.04,33
F15395,F16,L01136,0.04,34
F15396,F16,L01136,0.04,35
F15397,F16,L01136,0.04,36
F15398,F16,L01136,0.04,37
F15399,F16,L01136,0.04,38
F15400,F16,L01136,0.04,39
F15401,F16,L01136,0.04,40
F15402,F16,L01136,0.04,41
F15403,F16,L01136,0.04,42
F15404,F16,L01136,0.04,43
F15405,F16,L01136,0.04,44
F15406,F16,L01136,0.04,45
F15407,F16,L01136,0.04,46
F15408,F16,L01136,0.04,47
F15409,F16,L01136,0.04,48
F15410,F16,L01136,0.04,49
F15411,F16,L01136,0.04,50
F15412,F16,L01136,0.04,51
F15413,F16,L01136,0.04,52
F15414,F16,L01136,0.04,53
F15415,F16,L01136,0.04,54
F15416,F16,L01136,0.04,55
F15417,F16,L01136,0.04,56
F15418,F16,L01136,0.04,57
F15419,F16,L01136,0.04,58
F15420,F16,L01136,0.04,59
F15421,F16,L01136,0.04,60
F15422,F16,L01136,0.04,61
F15423,F16,L01136,0.04,62
F15424,F16,L01136,0.04,63
F15425,F16,L01136,0.04,64
F15426,F16,L01136,0.04,65
F15427,F16,L01136,0.04,66
F15428,F16,L01136,0.04,67
F15429,F16,L01136,0.04,68
F15430,F16,L01136,0.04,69
F15431,F16,L01136,0.04,70
F15432,F16,L01136,0.04,71
F15433,F16,L01136,0.04,72
F15434,F16,L01136,0.04,73
F15435,F16,L01136,0.04,74
F15436,F16,L01136,0.04,75
F15437,F16,L01136,0.04,76
F15438,F16,L01136,0.04,77
F15439,F16,L01136,0.04,78
F15440,F16,L01136,0.04,79
F15441,F16,L01136,0.04,80
F15442,F16,L01136,0.04,81
F15443,F16,L01136,0.04,82
F15444,F16,L01136,0.04,83
F15445,F16,L01136,0.04,84
F15446,F16,L01136,0.04,85
F15447,F16,L01136,0.04,86
F15448,F16,L01136,0.04,87
F15449,F16,L01136,0.04,88
F15450,F16,L01136,0.04,89
F15451,F16,L01136,0.04,90
F15452,F16,L01136,0.04,91
F15453,F16,L01136,0.04,92
F15454,F16,L01136,0.04,93
F15455,F16,L01136,0.04,94
F15456,F16,L01136,0.04,95
F15457,F16,L01136,0.04,96
F15458,F16,L01136,0.04,97
F15459,F16,L01136,0.04,98
F15460,F16,L01136,0.04,99
F15461,F16,L01136,0.04,100
F15462,F16,L01136,0.04,101
F15463,F16,L01136,0.04,102
F15464,F16,L01136,0.04,103
F15465,F16,L01136,0.04,104
F15466,F16,L01136,0.04,105
F15467,F16,L01136,0.04,106
F15468,F16,L01136,0.04,107
F15469,F16,L01136,0.04,108
F15470,F16,L01136,0.04,109
F15471,F16,L01136,0.04,110
F15472,F16,L01136,0.04,111
F15473,F16,L01136,0.04,112
F15474,F16,L01136,0.04,113
F15475,F16,L01136,0.04,114
F15476,F16,L01136,0.04,115
F15477,F16,L01136,0.04,116
F15478,F16,L01136,0.04,117
F15479,F16,L01136,0.04,118
F15480,F16,L01136,0.04,119
F15481,F16,L01136,0.04,120
F15482,F16,L01136,0.04,121
F15483,F16,L01136,0.04,122
F15484,F16,L01136,0.04,123
F15485,F16,L01136,0.04,124
F15486,F16,L01136,0.04,125
F15487,F16,L01136,0.04,126
F15488,F16,L01136,0.04,127
F15489,F16,L01136,0.04,128
F15490,F16,L01136,0.04,129
F15491,F16,L01136,0.04,130
F15492,F16,L01136,0.04,131
F15493,F16,L01136,0.04,132
F15494,F16,L01136,0.04,133
F15495,F16,L01136,0.04,134
F15496,F16,L01136,0.04,135
F15497,F16,L01136,0.04,136
F15498,F16,L01136,0.04,137
F15499,F16,L01136,0.04,138
F15500,F16,L01136,0.04,139
F15501,F16,L01136,0.04,140
F15502,F16,L01136,0.04,141
F15503,F16,L01136,0.04,142
F15504,F16,L01136,0.04,143
F15505,F16,L01136,0.04,144
F15506,F16,L01136,0.04,145
F15507,F16,L01136,0.04,146
F15508,F16,L01136,0.04,147
F15509,F16,L01136,0.04,148
F15510,F16,L01136,0.04,149
F15511,F16,L01136,0.04,150
F15512,F16,L01136,0.04,151
F15513,F16,L01136,0.04,152
F15514,F16,L01136,0.04,153
F15515,F16,L01136,0.04,154
F15516,F16,L01136,0.04,155
F15517,F16,L01136,0.04,156
F15518,F16,L01136,0.04,157
F15519,F16,L01136,0.04,158
F15520,F16,L01136,0.04,159
F15521,F16,L01136,0.04,160
F15522,F16,L01136,0.04,161
F15523,F16,L01136,0.04,162
F15524,F16,L01136,0.04,163
F15525,F16,L01136,0.04,164
F15526,F16,L01136,0.04,165
F15527,F16,L01136,0.04,166
F15528,F16,L01136,0.04,167
F15529,F16,L01136,0.04,168
F15530,F16,L01136,0.04,169
F15531,F16,L01136,0.04,170
F15532,F16,L01136,0.04,171
F15533,F16,L01136,0.04,172
F15534,F16,L01136,0.04,173
F15535,F16,L01136,0.04,174
F15536,F16,L01136,0.04,175
F15537,F16,L01136,0.04,176
F15538,F16,L01136,0.04,177
F15539,F16,L01136,0.04,178
F15540,F16,L01136,0.04,179
F15541,F16,L01136,0.04,180
F15542,F16,L01136,0.04,181
F15543,F16,L01136,0.04,182
F15544,F16,L01136,0.04,183
F15545,F16,L01136,0.04,184
F15546,F16,L01136,0.04,185
F15547,F16,L01136,0.04,186
F15548,F16,L01136,0.04,187
F15549,F16,L01136,0.04,188
F15550,F16,L01136,0.04,189
F15551,F16,L01136,0.04,190
F15552,F16,L01136,0.04,191
F15553,F16,L01136,0.04,192
F15554,F16,L01136,0.04,193
F15555,F16,L01136,0.04,194
F15556,F16,L01136,0.04,195
F15557,F16,L01136,0.04,196
F15558,F16,L01136,0.04,197
F15559,F16,L01136,0.04,198
F15560,F16,L01136,0.04,199
F15561,F16,L01136,0.04,200
F15562,F16,L01136,0.04,201
F15563,F16,L01136,0.04,202
F15564,F16,L01136,0.04,203
F15565,F16,L01136,0.04,204
F15566,F16,L01136,0.04,205
F15567,F16,L01136,0.04,206
F15568,F16,L01136,0.04,207
F15569,F16,L01136,0.04,208
F15570,F16,L01136,0.04,209
F15571,F16,L01136,0.04,210
F15572,F16,L01136,0.04,211
F15573,F16,L01136,0.04,212
F15574,F16,L01136,0.04,213
F15575,F16,L01136,0.04,214
F15576,F16,L01136,0.04,215
F15577,F16,L01136,0.04,216
F15578,F16,L01136,0.04,217
F15579,F16,L01136,0.04,218
F15580,F16,L01136,0.04,219
F15581,F16,L01136,0.04,220
F15582,F16,L01136,0.04,221
F15583,F16,L01136,0.04,222
F15584,F16,L01136,0.04,223
F15585,F16,L01136,0.04,224
F15586,F16,L01136,0.04,225
F15587,F16,L01136,0.04,226
F15588,F16,L01136,0.04,227
F15589,F16,L01136,0.04,228
F15590,F16,L01136,0.04,229
F15591,F16,L01136,0.04,230
F15592,F16,L01136,0.04,231
F15593,F16,L01136,0.04,232
F15594,F16,L01136,0.04,233
F15595,F16,L01136,0.04,234
F15596,F16,L01136,0.04,235
F15597,F16,L01136,0.04,236
F15598,F16,L01136,0.04,237
F15599,F16,L01136,0.04,238
F15600,F16,L01136,0.04,239
F15601,F16,L01136,0.04,240
F15602,F16,L01136,0.04,241
F15603,F16,L01136,0.04,242
F15604,F16,L01136,0.04,243
F15605,F16,L01136,0.04,244
F15606,F16,L01136,0.04,245
F15607,F16,L01136,0.04,246
F15608,F16,L01136,0.04,247
F15609,F16,L01136,0.04,248
F15610,F16,L01136,0.04,249
F15611,F16,L01136,0.04,250
F15612,F16,L01136,0.04,251
F15613,F16,L01136,0.04,252
F15614,F16,L01136,0.04,253
F15615,F16,L01136,0.04,254
F15616,F16,L01136,0.04,255
F15617,F16,L01136,0.04,256
F15618,F16,L01136,0.04,257
F15619,F16,L01136,0.04,258
F15620,F16,L01136,0.04,259
F15621,F16,L01136,0.04,260
F15622,F16,L01136,0.04,261
F15623,F16,L01136,0.04,262
F15624,F16,L01136,0.04,263
F15625,F16,L01136,0.04,264
F15626,F16,L01136,0.04,265
F15627,F16,L01136,0.04,266
F15628,F16,L01136,0.04,267
F15629,F16,L01136,0.04,268
F15630,F16,L01136,0.04,269
F15631,F16,L01136,0.04,270
F15632,F16,L01136,0.04,271
F15633,F16,L01136,0.04,272
F15634,F16,L01136,0.04,273
F15635,F16,L01136,0.04,274
F15636,F16,L01136,0.04,275
F15637,F16,L01136,0.04,276
F15638,F16,L01136,0.04,277
F15639,F16,L01136,0.04,278
F15640,F16,L01136,0.04,279
F15641,F16,L01136,0.04,280
F15642,F16,L01136,0.04,281
F15643,F16,L01136,0.04,282
F15644,F16,L01136,0.04,283
F15645,F16,L01136,0.04,284
F15646,F16,L01136,0.04,285
F15647,F16,L01136,0.04,286
F15648,F16,L01136,0.04,287
F15649,F16,L01136,0.04,288
F15650,F16,L01136,0.04,289
F15651,F16,L01136,0.04,290
F15652,F16,L01136,0.04,291
F15653,F16,L01136,0.04,292
F15654,F16,L01136,0.04,293
F15655,F16,L01136,0.04,294
F15656,F16,L01136,0.04,295
F15657,F16,L01136,0.04,296
F15658,F16,L01136,0.04,297
F15659,F16,L01136,0.04,298
F15660,F16,L01136,0.04,299
F15661,F16,L01136,0.04,300
F15662,F16,L01136,0.04,301
F15663,F16,L01136,0.04,302
F15664,F16,L01136,0.04,303
F15665,F16,L01136,0.04,304
F15666,F16,L01136,0.04,305
F15667,F16,L01136,0.04,306
F15668,F16,L01136,0.04,307
F15669,F16,L01136,0.04,308
F15670,F16,L01136,0.04,309
F15671,F16,L01136,0.04,310
F15672,F16,L01136,0.04,311
F15673,F16,L01136,0.04,312
F15674,F16,L01136,0.04,313
F15675,F16,L01136,0.04,314
F15676,F16,L01136,0.04,315
F15677,F16,L01136,0.04,316
F15678,F16,L01136,0.04,317
F15679,F16,L01136,0.04,318
F15680,F16,L01136,0.04,319
F15681,F16,L01136,0.04,320
F15682,F16,L01136,0.04,321
F15683,F16,L01136,0.04,322
F15684,F16,L01136,0.04,323
F15685,F16,L01136,0.04,324
F15686,F16,L01136,0.04,325
F15687,F16,L01136,0.04,326
F15688,F16,L01136,0.04,327
F15689,F16,L01136,0.04,328
F15690,F16,L01136,0.04,329
F15691,F16,L01136,0.04,330
F15692,F16,L01136,0.04,331
F15693,F16,L01136,0.04,332
F15694,F16,L01136,0.04,333
F15695,F16,L01136,0.04,334
F15696,F16,L01136,0.04,335
F15697,F16,L01136,0.04,336
F15698,F16,L01136,0.04,337
F15699,F16,L01136,0.04,338
F15700,F16,L01136,0.04,339
F15701,F16,L01136,0.04,340
F15702,F16,L01136,0.04,341
F15703,F16,L01136,0.04,342
F15704,F16,L01136,0.04,343
F15705,F16,L01136,0.04,344
F15706,F16,L01136,0.04,345
F15707,F16,L01136,0.04,346
F15708,F16,L01136,0.04,347
F15709,F16,L01136,0.04,348
F15710,F16,L01136,0.04,349
F15711,F16,L01136,0.04,350
F15712,F16,L01136,0.04,351
F15713,F16,L01136,0.04,352
F15714,F16,L01136,0.04,353
F15715,F16,L01136,0.04,354
F15716,F16,L01136,0.04,355
F15717,F16,L01136,0.04,356
F15718,F16,L01136,0.04,357
F15719,F16,L01136,0.04,358
F15720,F16,L01136,0.04,359
F15721,F16,L01136,0.04,360
F15722,F16,L01136,0.04,361
F15723,F16,L01136,0.04,362
F15724,F16,L01136,0.04,363
F15725,F16,L01136,0.04,364
F15726,F16,L01136,0.04,365
F15727,F16,L01136,0.04,366
F15728,F16,L01136,0.04,367
F15729,F16,L01136,0.04,368
F15730,F16,L01136,0.04,369
F15731,F16,L01136,0.04,370
F15732,F16,L01136,0.04,371
F15733,F16,L01136,0.04,372
F15734,F16,L01136,0.04,373
F15735,F16,L01136,0.04,374
F15736,F16,L01136,0.04,375
F15737,F16,L01136,0.04,376
F15738,F16,L01136,0.04,377
F15739,F16,L01136,0.04,378
F15740,F16,L01136,0.04,379
F15741,F16,L01136,0.04,380
F15742,F16,L01136,0.04,381
F15743,F16,L01136,0.04,382
F15744,F16,L01136,0.04,383
F15745,F16,L01136,0.04,384
F15746,F16,L01136,0.04,385
F15747,F16,L01136,0.04,386
F15748,F16,L01136,0.04,387
F15749,F16,L01136,0.04,388
F15750,F16,L01136,0.04,389
F15751,F16,L01136,0.04,390
F15752,F16,L01136,0.04,391
F15753,F16,L01136,0.04,392
F15754,F16,L01136,0.04,393
F15755,F16,L01136,0.04,394
F15756,F16,L01136,0.04,395
F15757,F16,L01136,0.04,396
F15758,F16,L01136,0.04,397
F15759,F16,L01136,0.04,398
F15760,F16,L01136,0.04,399
F15761,F16,L01136,0.04,400
F15762,F16,L01136,0.04,401
F15763,F16,L01136,0.04,402
F15764,F16,L01136,0.04,403
F15765,F16,L01136,0.04,404
F15766,F16,L01136,0.04,405
F15767,F16,L01136,0.04,406
F15768,F16,L01136,0.04,407
F15769,F16,L01136,0.04,408
F15770,F16,L01136,0.04,409
F15771,F16,L01136,0.04,410
F15772,F16,L01136,0.04,411
F15773,F16,L01136,0.04,412
F15774,F16,L01136,0.04,413
F15775,F16,L01136,0.04,414
F15776,F16,L01136,0.04,415
F15777,F16,L01136,0.04,416
F15778,F16,L01136,0.04,417
F15779,F16,L01136,0.04,418
F15780,F16,L01136,0.04,419
F15781,F16,L01136,0.04,420
F15782,F16,L01136,0.04,421
F15783,F16,L01136,0.04,422
F15784,F16,L01136,0.04,423
F15785,F16,L01136,0.04,424
F15786,F16,L01136,0.04,425
F15787,F16,L01136,0.04,426
F15788,F16,L01136,0.04,427
F15789,F16,L01136,0.04,428
F15790,F16,L01136,0.04,429
F15791,F16,L01136,0.04,430
F15792,F16,L01136,0.04,431
F15793,F16,L01136,0.04,432
F15794,F16,L01136,0.04,433
F15795,F16,L01136,0.04,434
F15796,F16,L01136,0.04,435
F15797,F16,L01136,0.04,436
F15798,F16,L01136,0.04,437
F15799,F16,L01136,0.04,438
F15800,F16,L01136,0.04,439
F15801,F16,L01136,0.04,440
F15802,F16,L01136,0.04,441
F15803,F16,L01136,0.04,442
F15804,F16,L01136,0.04,443
F15805,F16,L01136,0.04,444
F15806,F16,L01136,0.04,445
F15807,F16,L01136,0.04,446
F15808,F16,L01136,0.04,447
F15809,F16,L01136,0.04,448
F15810,F16,L01136,0.04,449
F15811,F16,L01136,0.04,450
F15812,F16,L01136,0.04,451
F15813,F16,L01136,0.04,452
F15814,F16,L01136,0.04,453
F15815,F16,L01136,0.04,454
F15816,F16,L01136,0.04,455
F15817,F16,L01136,0.04,456
F15818,F16,L01136,0.04,457
F15819,F16,L01136,0.04,458
F15820,F16,L01136,0.04,459
F15821,F16,L01136,0.04,460
F15822,F16,L01136,0.04,461
F15823,F16,L01136,0.04,462
F15824,F16,L01136,0.04,463
F15825,F16,L01136,0.04,464
F15826,F16,L01136,0.04,465
F15827,F16,L01136,0.04,466
F15828,F16,L01136,0.04,467
F15829,F16,L01136,0.04,468
F15830,F16,L01136,0.04,469
F15831,F16,L01136,0.04,470
F15832,F16,L01136,0.04,471
F15833,F16,L01136,0.04,472
F15834,F16,L01136,0.04,473
F15835,F16,L01136,0.04,474
F15836,F16,L01136,0.04,475
F15837,F16,L01136,0.04,476
F15838,F16,L01136,0.04,477
F15839,F16,L01136,0.04,478
F15840,F16,L01136,0.04,479
F15841,F16,L01136,0.04,480
F15842,F16,L01136,0.04,481
F15843,F16,L01136,0.04,482
F15844,F16,L01136,0.04,483
F15845,F16,L01136,0.04,484
F15846,F16,L01136,0.04,485
F15847,F16,L01136,0.04,486
F15848,F16,L01136,0.04,487
F15849,F16,L01136,0.04,488
F15850,F16,L01136,0.04,489
F15851,F16,L01136,0.04,490
F15852,F16,L01136,0.04,491
F15853,F16,L01136,0.04,492
F15854,F16,L01136,0.04,493
F15855,F16,L01136,0.04,494
F15856,F16,L01136,0.04,495
F15857,F16,L01136,0.04,496
F15858,F16,L01136,0.04,497
F15859,F16,L01136,0.04,498
F15860,F16,L01136,0.04,499
F15861,F16,L01136,0.04,500
F15862,F16,L01136,0.04,501
F15863,F16,L01136,0.04,502
F15864,F16,L01136,0.04,503
F15865,F16,L01136,0.04,504
F15866,F16,L01136,0.04,505
F15867,F16,L01136,0.04,506
F15868,F16,L01136,0.04,507
F15869,F16,L01136,0.04,508
F15870,F16,L01136,0.04,509
F15871,F16,L01136,0.04,510
F15872,F16,L01136,0.04,511
F15873,F16,L01136,0.04,512
F15874,F16,L01136,0.04,513
F15875,F16,L01136,0.04,514
F15876,F16,L01136,0.04,515
F15877,F16,L01136,0.04,516
F15878,F16,L01136,0.04,517
F15879,F16,L01136,0.04,518
F15880,F16,L01136,0.04,519
F15881,F16,L01136,0.04,520
F15882,F16,L01136,0.04,521
F15883,F16,L01136,0.04,522
F15884,F16,L01136,0.04,523
F15885,F16,L01136,0.04,524
F15886,F16,L01136,0.04,525
F15887,F16,L01136,0.04,526
F15888,F16,L01136,0.04,527
F15889,F16,L01136,0.04,528
F15890,F16,L01136,0.04,529
F15891,F16,L01136,0.04,530
F15892,F16,L01136,0.04,531
F15893,F16,L01136,0.04,532
F15894,F16,L01136,0.04,533
F15895,F16,L01136,0.04,534
F15896,F16,L01136,0.04,535
F15897,F16,L01136,0.04,536
F15898,F16,L01136,0.04,537
F15899,F16,L01136,0.04,538
F15900,F16,L01136,0.04,539
F15901,F16,L01136,0.04,540
F15902,F16,L01136,0.04,541
F15903,F16,L01136,0.04,542
F15904,F16,L01136,0.04,543
F15905,F16,L01136,0.04,544
F15906,F16,L01136,0.04,545
F15907,F16,L01136,0.04,546
F15908,F16,L01136,0.04,547
F15909,F16,L01136,0.04,548
F15910,F16,L01136,0.04,549
F15911,F16,L01136,0.04,550
F15912,F16,L01136,0.04,551
F15913,F16,L01136,0.04,552
F15914,F16,L01136,0.04,553
F15915,F16,L01136,0.04,554
F15916,F16,L01136,0.04,555
F15917,F16,L01136,0.04,556
F15918,F16,L01136,0.04,557
F15919,F16,L01136,0.04,558
F15920,F16,L01136,0.04,559
F15921,F16,L01136,0.04,560
F15922,F16,L01136,0.04,561
F15923,F16,L01136,0.04,562
F15924,F16,L01136,0.04,563
F15925,F16,L01136,0.04,564
F15926,F16,L01136,0.04,565
F15927,F16,L01136,0.04,566
F15928,F16,L01136,0.04,567
F15929,F16,L01136,0.04,568
F15930,F16,L01136,0.04,569
F15931,F16,L01136,0.04,570
F15932,F16,L01136,0.04,571
F15933,F16,L01136,0.04,572
F15934,F16,L01136,0.04,573
F15935,F16,L01136,0.04,574
F15936,F16,L01136,0.04,575
F15937,F16,L01136,0.04,576
F15938,F16,L01136,0.04,577
F15939,F16,L01136,0.04,578
F15940,F16,L01136,0.04,579
F15941,F16,L01136,0.04,580
F15942,F16,L01136,0.04,581
F15943,F16,L01136,0.04,582
F15944,F16,L01136,0.04,583
F15945,F16,L01136,0.04,584
F15946,F16,L01136,0.04,585
F15947,F16,L01136,0.04,586
F15948,F16,L01136,0.04,587
F15949,F16,L01136,0.04,588
F15950,F16,L01136,0.04,589
F15951,F16,L01136,0.04,590
F15952,F16,L01136,0.04,591
F15953,F16,L01136,0.04,592
F15954,F16,L01136,0.04,593
F15955,F16,L01136,0.04,594
F15956,F16,L01136,0.04,595
F15957,F16,L01136,0.04,596
F15958,F16,L01136,0.04,597
F15959,F16,L01136,0.04,598
F15960,F16,L01136,0.04,599
F15961,F16,L01136,0.04,600
F15962,F16,L01136,0.04,601
F15963,F16,L01136,0.04,602
F15964,F16,L01136,0.04,603
F15965,F16,L01136,0.04,604
F15966,F16,L01136,0.04,605
F15967,F16,L01136,0.04,606
F15968,F16,L01136,0.04,607
F15969,F16,L01136,0.04,608
F15970,F16,L01136,0.04,609
F15971,F16,L01136,0.04,610
F15972,F16,L01136,0.04,611
F15973,F16,L01136,0.04,612
F15974,F16,L01136,0.04,613
F15975,F16,L01136,0.04,614
F15976,F16,L01136,0.04,615
F15977,F16,L01136,0.04,616
F15978,F16,L01136,0.04,617
F15979,F16,L01136,0.04,618
F15980,F16,L01136,0.04,619
F15981,F16,L01136,0.04,620
F15982,F16,L01136,0.04,621
F15983,F16,L01136,0.04,622
F15984,F16,L01136,0.04,623
F15985,F16,L01136,0.04,624
F15986,F16,L01136,0.04,625
F15987,F16,L01136,0.04,626
F15988,F16,L01136,0.04,627
F15989,F16,L01136,0.04,628
F15990,F16,L01136,0.04,629
F15991,F16,L01136,0.04,630
F15992,F16,L01136,0.04,631
F15993,F16,L01136,0.04,632
F15994,F16,L01136,0.04,633
F15995,F16,L01136,0.04,634
F15996,F16,L01136,0.04,635
F15997,F16,L01136,0.04,636
F15998,F16,L01136,0.04,637
F15999,F16,L01136,0.04,638
F16000,F16,L01136,0.04,639
F16001,F16,L01136,0.04,640
F16002,F16,L01136,0.04,641
F16003,F16,L01136,0.04,642
F16004,F16,L01136,0.04,643
F16005,F16,L01136,0.04,644
F16006,F16,L01136,0.04,645
F16007,F16,L01136,0.04,646
F16008,F16,L01136,0.04,647
F16009,F16,L01136,0.04,648
F16010,F16,L01136,0.04,649
F16011,F16,L01136,0.04,650
F16012,F16,L01136,0.04,651
F16013,F16,L01136,0.04,652
F16014,F16,L01136,0.04,653
F16015,F16,L01136,0.04,654
F16016,F16,L01136,0.04,655
F16017,F16,L01136,0.04,656
F16018,F16,L01136,0.04,657
F16019,F16,L01136,0.04,658
F16020,F16,L01136,0.04,659
F16021,F16,L01136,0.04,660
F16022,F16,L01136,0.04,661
F16023,F16,L01136,0.04,662
F16024,F16,L01136,0.04,663
F16025,F16,L01136,0.04,664
F16026,F16,L01136,0.04,665
F16027,F16,L01136,0.04,666
F16028,F16,L01136,0.04,667
F16029,F16,L01136,0.04,668
F16030,F16,L01136,0.04,669
F16031,F16,L01136,0.04,670
F16032,F16,L01136,0.04,671
F16033,F16,L01136,0.04,672
F16034,F16,L01136,0.04,673
F16035,F16,L01136,0.04,674
F16036,F16,L01136,0.04,675
F16037,F16,L01136,0.04,676
F16038,F16,L01136,0.04,677
F16039,F16,L01136,0.04,678
F16040,F16,L01136,0.04,679
F16041,F16,L01136,0.04,680
F16042,F16,L01136,0.04,681
F16043,F16,L01136,0.04,682
F16044,F16,L01136,0.04,683
F16045,F16,L01136,0.04,684
F16046,F16,L01136,0.04,685
F16047,F16,L01136,0.04,686
F16048,F16,L01136,0.04,687
F16049,F16,L01136,0.04,688
F16050,F16,L01136,0.04,689
F16051,F16,L01136,0.04,690
F16052,F16,L01136,0.04,691
F16053,F16,L01136,0.04,692
F16054,F16,L01136,0.04,693
F16055,F16,L01136,0.04,694
F16056,F16,L01136,0.04,695
F16057,F16,L01136,0.04,696
F16058,F16,L01136,0.04,697
F16059,F16,L01136,0.04,698
F16060,F16,L01136,0.04,699
F16061,F16,L01136,0.04,700
F16062,F16,L01136,0.04,701
F16063,F16,L01136,0.04,702
F16064,F16,L01136,0.04,703
F16065,F16,L01136,0.04,704
F16066,F16,L01136,0.04,705
F16067,F16,L01136,0.04,706
F16068,F16,L01136,0.04,707
F16069,F16,L01136,0.04,708
F16070,F16,L01136,0.04,709
F16071,F16,L01136,0.04,710
F16072,F16,L01136,0.04,711
F16073,F16,L01136,0.04,712
F16074,F16,L01136,0.04,713
F16075,F16,L01136,0.04,714
F16076,F16,L01136,0.04,715
F16077,F16,L01136,0.04,716
F16078,F16,L01136,0.04,717
F16079,F16,L01136,0.04,718
F16080,F16,L01136,0.04,719
F16081,F16,L01136,0.04,720
F16082,F16,L01136,0.04,721
F16083,F16,L01136,0.04,722
F16084,F16,L01136,0.04,723
F16085,F16,L01136,0.04,724
F16086,F16,L01136,0.04,725
F16087,F16,L01136,0.04,726
F16088,F16,L01136,0.04,727
F16089,F16,L01136,0.04,728
F16090,F16,L01136,0.04,729
F16091,F16,L01136,0.04,730
F16092,F16,L01136,0.04,731
F16093,F16,L01136,0.04,732
F16094,F16,L01136,0.04,733
F16095,F16,L01136,0.04,734
F16096,F16,L01136,0.04,735
F16097,F16,L01136,0.04,736
F16098,F16,L01136,0.04,737
F16099,F16,L01136,0.04,738
F16100,F16,L01136,0.04,739
F16101,F16,L01136,0.04,740
F16102,F16,L01136,0.04,741
F16103,F16,L01136,0.04,742
F16104,F16,L01136,0.04,743
F16105,F16,L01136,0.04,744
F16106,F16,L01136,0.04,745
F16107,F16,L01136,0.04,746
F16108,F16,L01136,0.04,747
F16109,F16,L01136,0.04,748
F16110,F16,L01136,0.04,749
F16111,F16,L01136,0.04,750
F16112,F16,L01136,0.04,751
F16113,F16,L01136,0.04,752
F16114,F16,L01136,0.04,753
F16115,F16,L01136,0.04,754
F16116,F16,L01136,0.04,755
F16117,F16,L01136,0.04,756
F16118,F16,L01136,0.04,757
F16119,F16,L01136,0.04,758
F16120,F16,L01136,0.04,759
F16121,F16,L01136,0.04,760
F16122,F16,L01136,0.04,761
F16123,F16,L01136,0.04,762
F16124,F16,L01136,0.04,763
F16125,F16,L01136,0.04,764
F16126,F16,L01136,0.04,765
F16127,F16,L01136,0.04,766
F16128,F16,L01136,0.04,767
F16129,F16,L01136,0.04,768
F16130,F16,L01136,0.04,769
F16131,F16,L01136,0.04,770
F16132,F16,L01136,0.04,771
F16133,F16,L01136,0.04,772
F16134,F16,L01136,0.04,773
F16135,F16,L01136,0.04,774
F16136,F16,L01136,0.04,775
F16137,F16,L01136,0.04,776
F16138,F16,L01136,0.04,777
F16139,F16,L01136,0.04,778
F16140,F16,L01136,0.04,779
F16141,F16,L01136,0.04,780
F16142,F16,L01136,0.04,781
F16143,F16,L01136,0.04,782
F16144,F16,L01136,0.04,783
F16145,F16,L01136,0.04,784
F16146,F16,L01136,0.04,785
F16147,F16,L01136,0.04,786
F16148,F16,L01136,0.04,787
F16149,F16,L01136,0.04,788
F16150,F16,L01136,0.04,789
F16151,F16,L01136,0.04,790
F16152,F16,L01136,0.04,791
F16153,F16,L01136,0.04,792
F16154,F16,L01136,0.04,793
F16155,F16,L01136,0.04,794
F16156,F16,L01136,0.04,795
F16157,F16,L01136,0.04,796
F16158,F16,L01136,0.04,797
F16159,F16,L01136,0.04,798
F16160,F16,L01136,0.04,799
F16161,F16,L01136,0.04,800
F16162,F16,L01136,0.04,801
F16163,F16,L01136,0.04,802
F16164,F16,L01136,0.04,803
F16165,F16,L01136,0.04,804
F16166,F16,L01136,0.04,805
F16167,F16,L01136,0.04,806
F16168,F16,L01136,0.04,807
F16169,F16,L01136,0.04,808
F16170,F16,L01136,0.04,809
F16171,F16,L01136,0.04,810
F16172,F16,L01136,0.04,811
F16173,F16,L01136,0.04,812
F16174,F16,L01136,0.04,813
F16175,F16,L01136,0.04,814
F16176,F16,L01136,0.04,815
F16177,F16,L01136,0.04,816
F16178,F16,L01136,0.04,817
F16179,F16,L01136,0.04,818
F16180,F16,L01136,0.04,819
F16181,F16,L01136,0.04,820
F16182,F16,L01136,0.04,821
F16183,F16,L01136,0.04,822
F16184,F16,L01136,0.04,823
F16185,F16,L01136,0.04,824
F16186,F16,L01136,0.04,825
F16187,F16,L01136,0.04,826
F16188,F16,L01136,0.04,827
F16189,F16,L01136,0.04,828
F16190,F16,L01136,0.04,829
F16191,F16,L01136,0.04,830
F16192,F16,L01136,0.04,831
F16193,F16,L01136,0.04,832
F16194,F16,L01136,0.04,833
F16195,F16,L01136,0.04,834
F16196,F16,L01136,0.04,835
F16197,F16,L01136,0.04,836
F16198,F16,L01136,0.04,837
F16199,F16,L01136,0.04,838
F16200,F16,L01136,0.04,839
F16201,F16,L01136,0.04,840
F16202,F16,L01136,0.04,841
F16203,F16,L01136,0.04,842
F16204,F16,L01136,0.04,843
F16205,F16,L01136,0.04,844
F16206,F16,L01136,0.04,845
F16207,F16,L01136,0.04,846
F16208,F16,L01136,0.04,847
F16209,F16,L01136,0.04,848
F16210,F16,L01136,0.04,849
F16211,F16,L01136,0.04,850
F16212,F16,L01136,0.04,851
F16213,F16,L01136,0.04,852
F16214,F16,L01136,0.04,853
F16215,F16,L01136,0.04,854
F16216,F16,L01136,0.04,855
F16217,F16,L01136,0.04,856
F16218,F16,L01136,0.04,857
F16219,F16,L01136,0.04,858
F16220,F16,L01136,0.04,859
F16221,F16,L01136,0.04,860
F16222,F16,L01136,0.04,861
F16223,F16,L01136,0.04,862
F16224,F16,L01136,0.04,863
F16225,F16,L01136,0.04,864
F16226,F16,L01136,0.04,865
F16227,F16,L01136,0.04,866
F16228,F16,L01136,0.04,867
F16229,F16,L01136,0.04,868
F16230,F16,L01136,0.04,869
F16231,F16,L01136,0.04,870
F16232,F16,L01136,0.04,871
F16233,F16,L01136,0.04,872
F16234,F16,L01136,0.04,873
F16235,F16,L01136,0.04,874
F16236,F16,L01136,0.04,875
F16237,F16,L01136,0.04,876
F16238,F16,L01136,0.04,877
F16239,F16,L01136,0.04,878
F16240,F16,L01136,0.04,879
F16241,F16,L01136,0.04,880
F16242,F16,L01136,0.04,881
F16243,F16,L01136,0.04,882
F16244,F16,L01136,0.04,883
F16245,F16,L01136,0.04,884
F16246,F16,L01136,0.04,885
F16247,F16,L01136,0.04,886
F16248,F16,L01136,0.04,887
F16249,F16,L01136,0.04,888
F16250,F16,L01136,0.04,889
F16251,F16,L01136,0.04,890
F16252,F16,L01136,0.04,891
F16253,F16,L01136,0.04,892
F16254,F16,L01136,0.04,893
F16255,F16,L01136,0.04,894
F16256,F16,L01136,0.04,895
F16257,F16,L01136,0.04,896
F16258,F16,L01136,0.04,897
F16259,F16,L01136,0.04,898
F16260,F16,L01136,0.04,899
F16261,F16,L01136,0.04,900
F16262,F16,L01136,0.04,901
F16263,F16,L01136,0.04,902
F16264,F16,L01136,0.04,903
F16265,F16,L01136,0.04,904
F16266,F16,L01136,0.04,905
F16267,F16,L01136,0.04,906
F16268,F16,L01136,0.04,907
F16269,F16,L01136,0.04,908
F16270,F16,L01136,0.04,909
F16271,F16,L01136,0.04,910
F16272,F16,L01136,0.04,911
F16273,F16,L01136,0.04,912
F16274,F16,L01136,0.04,913
F16275,F16,L01136,0.04,914
F16276,F16,L01136,0.04,915
F16277,F16,L01136,0.04,916
F16278,F16,L01136,0.04,917
F16279,F16,L01136,0.04,918
F16280,F16,L01136,0.04,919
F16281,F16,L01136,0.04,920
F16282,F16,L01136,0.04,921
F16283,F16,L01136,0.04,922
F16284,F16,L01136,0.04,923
F16285,F16,L01136,0.04,924
F16286,F16,L01136,0.04,925
F16287,F16,L01136,0.04,926
F16288,F16,L01136,0.04,927
F16289,F16,L01136,0.04,928
F16290,F16,L01136,0.04,929
F16291,F16,L01136,0.04,930
F16292,F16,L01136,0.04,931
F16293,F16,L01136,0.04,932
F16294,F16,L01136,0.04,933
F16295,F16,L01136,0.04,934
F16296,F16,L01136,0.04,935
F16297,F16,L01136,0.04,936
F16298,F16,L01136,0.04,937
F16299,F16,L01136,0.04,938
F16300,F16,L01136,0.04,939
F16301,F16,L01136,0.04,940
F16302,F16,L01136,0.04,941
F16303,F16,L01136,0.04,942
F16304,F16,L01136,0.04,943
F16305,F16,L01136,0.04,944
F16306,F16,L01136,0.04,945
F16307,F16,L01136,0.04,946
F16308,F16,L01136,0.04,947
F16309,F16,L01136,0.04,948
F16310,F16,L01136,0.04,949
F16311,F16,L01136,0.04,950
F16312,F16,L01136,0.04,951
F16313,F16,L01136,0.04,952
F16314,F16,L01136,0.04,953
F16315,F16,L01136,0.04,954
F16316,F16,L01136,0.04,955
F16317,F16,L01136,0.04,956
F16318,F16,L01136,0.04,957
F16319,F16,L01136,0.04,958
F16320,F16,L01136,0.04,959
F16321,F16,L01136,0.04,960
F16322,F16,L01136,0.04,961
F16323,F16,L01136,0.04,962
F16324,F16,L01136,0.04,963
F16325,F16,L01136,0.04,964
F16326,F16,L01136,0.04,965
F16327,F16,L01136,0.04,966
F16328,F16,L01136,0.04,967
F16329,F16,L01136,0.04,968
F16330,F16,L01136,0.04,969
F16331,F16,L01136,0.04,970
F16332,F16,L01136,0.04,971
F16333,F16,L01136,0.04,972
F16334,F16,L01136,0.04,973
F16335,F16,L01136,0.04,974
F16336,F16,L01136,0.04,975
F16337,F16,L01136,0.04,976
F16338,F16,L01136,0.04,977
F16339,F16,L01136,0.04,978
F16340,F16,L01136,0.04,979
F16341,F16,L01136,0.04,980
F16342,F16,L01136,0.04,981
F16343,F16,L01136,0.04,982
F16344,F16,L01136,0.04,983
F16345,F16,L01136,0.04,984
F16346,F16,L01136,0.04,985
F16347,F16,L01136,0.04,986
F16348,F16,L01136,0.04,987
F16349,F16,L01136,0.04,988
F16350,F16,L01136,0.04,989
F16351,F16,L01136,0.04,990
F16352,F16,L01136,0.04,991
F16353,F16,L01136,0.04,992
F16354,F16,L01136,0.04,993
F16355,F16,L01136,0.04,994
F16356,F16,L01136,0.04,995
F16357,F16,L01136,0.04,996
F16358,F16,L01136,0.04,997
F16359,F16,L01136,0.04,998
F16360,F16,L01136,0.04,999
F16361,F16,L01136,0.04,1000
F16362,F16,L01136,0.04,1001
F16363,F16,L01136,0.04,1002
F16364,F16,L01136,0.04,1003
F16365,F16,L01136,0.04,1004
F16366,F16,L01136,0.04,1005
F16367,F16,L01136,0.04,1006
F16368,F16,L01136,0.04,1007
F16369,F16,L01136,0.04,1008
F16370,F16,L01136,0.04,1009
F16371,F16,L01136,0.04,1010
F16372,F16,L01136,0.04,1011
F16373,F16,L01136,0.04,1012
F16374,F16,L01136,0.04,1013
F16375,F16,L01136,0.04,1014
F16376,F16,L01136,0.04,1015
F16377,F16,L01136,0.04,1016
F16378,F16,L01136,0.04,1017
F16379,F16,L01136,0.04,1018
F16380,F16,L01136,0.04,1019
F16381,F16,L01136,0.04,1020
F16382,F16,L01136,0.04,1021
F16383,F16,L01136,0.04,1022
F16384,F16,L01136,0.04,1023
F16385,F17,L02225,0.005,0
F16386,F17,L02225,0.005,1
F16387,F17,L02225,0.005,2
F16388,F17,L02225,0.005,3
F16389,F17,L02225,0.005,4
F16390,F17,L02225,0.005,5
F16391,F17,L02225,0.005,6
F16392,F17,L02225,0.005,7
F16393,F17,L02225,0.005,8
F16394,F17,L02225,0.005,9
F16395,F17,L02225,0.005,10
F16396,F17,L02225,0.005,11
F16397,F17,L02225,0.005,12
F16398,F17,L02225,0.005,13
F16399,F17,L02225,0.005,14
F16400,F17,L02225,0.005,15
F16401,F17,L02225,0.005,16
F16402,F17,L02225,0.005,17
F16403,F17,L02225,0.005,18
F16404,F17,L02225,0.005,19
F16405,F17,L02225,0.005,20
F16406,F17,L02225,0.005,21
F16407,F17,L02225,0.005,22
F16408,F17,L02225,0.005,23
F16409,F17,L02225,0.005,24
F16410,F17,L02225,0.005,25
F16411,F17,L02225,0.005,26
F16412,F17,L02225,0.005,27
F16413,F17,L02225,0.005,28
F16414,F17,L02225,0.005,29
F16415,F17,L02225,0.005,30
F16416,F17,L02225,0.005,31
F16417,F17,L02225,0.005,32
F16418,F17,L02225,0.005,33
F16419,F17,L02225,0.005,34
F16420,F17,L02225,0.005,35
F16421,F17,L02225,0.005,36
F16422,F17,L02225,0.005,37
F16423,F17,L02225,0.005,38
F16424,F17,L02225,0.005,39
F16425,F17,L02225,0.005,40
F16426,F17,L02225,0.005,41
F16427,F17,L02225,0.005,42
F16428,F17,L02225,0.005,43
F16429,F17,L02225,0.005,44
F16430,F17,L02225,0.005,45
F16431,F17,L02225,0.005,46
F16432,F17,L02225,0.005,47
F16433,F17,L02225,0.005,48
F16434,F17,L02225,0.005,49
F16435,F17,L02225,0.005,50
F16436,F17,L02225,0.005,51
F16437,F17,L02225,0.005,52
F16438,F17,L02225,0.005,53
F16439,F17,L02225,0.005,54
F16440,F17,L02225,0.005,55
F16441,F17,L02225,0.005,56
F16442,F17,L02225,0.005,57
F16443,F17,L02225,0.005,58
F16444,F17,L02225,0.005,59
F16445,F17,L02225,0.005,60
F16446,F17,L02225,0.005,61
F16447,F17,L02225,0.005,62
F16448,F17,L02225,0.005,63
F16449,F17,L02225,0.005,64
F16450,F17,L02225,0.005,65
F16451,F17,L02225,0.005,66
F16452,F17,L02225,0.005,67
F16453,F17,L02225,0.005,68
F16454,F17,L02225,0.005,69
F16455,F17,L02225,0.005,70
F16456,F17,L02225,0.005,71
F16457,F17,L02225,0.005,72
F16458,F17,L02225,0.005,73
F16459,F17,L02225,0.005,74
F16460,F17,L02225,0.005,75
F16461,F17,L02225,0.005,76
F16462,F17,L02225,0.005,77
F16463,F17,L02225,0.005,78
F16464,F17,L02225,0.005,79
F16465,F17,L02225,0.005,80
F16466,F17,L02225,0.005,81
F16467,F17,L02225,0.005,82
F16468,F17,L02225,0.005,83
F16469,F17,L02225,0.005,84
F16470,F17,L02225,0.005,85
F16471,F17,L02225,0.005,86
F16472,F17,L02225,0.005,87
F16473,F17,L02225,0.005,88
F16474,F17,L02225,0.005,89
F16475,F17,L02225,0.005,90
F16476,F17,L02225,0.005,91
F16477,F17,L02225,0.005,92
F16478,F17,L02225,0.005,93
F16479,F17,L02225,0.005,94
F16480,F17,L02225,0.005,95
F16481,F17,L02225,0.005,96
F16482,F17,L02225,0.005,97
F16483,F17,L02225,0.005,98
F16484,F17,L02225,0.005,99
F16485,F17,L02225,0.005,100
F16486,F17,L02225,0.005,101
F16487,F17,L02225,0.005,102
F16488,F17,L02225,0.005,103
F16489,F17,L02225,0.005,104
F16490,F17,L02225,0.005,105
F16491,F17,L02225,0.005,106
F16492,F17,L02225,0.005,107
F16493,F17,L02225,0.005,108
F16494,F17,L02225,0.005,109
F16495,F17,L02225,0.005,110
F16496,F17,L02225,0.005,111
F16497,F17,L02225,0.005,112
F16498,F17,L02225,0.005,113
F16499,F17,L02225,0.005,114
F16500,F17,L02225,0.005,115
F16501,F17,L02225,0.005,116
F16502,F17,L02225,0.005,117
F16503,F17,L02225,0.005,118
F16504,F17,L02225,0.005,119
F16505,F17,L02225,0.005,120
F16506,F17,L02225,0.005,121
F16507,F17,L02225,0.005,122
F16508,F17,L02225,0.005,123
F16509,F17,L02225,0.005,124
F16510,F17,L02225,0.005,125
F16511,F17,L02225,0.005,126
F16512,F17,L02225,0.005,127
F16513,F17,L02225,0.005,128
F16514,F17,L02225,0.005,129
F16515,F17,L02225,0.005,130
F16516,F17,L02225,0.005,131
F16517,F17,L02225,0.005,132
F16518,F17,L02225,0.005,133
F16519,F17,L02225,0.005,134
F16520,F17,L02225,0.005,135
F16521,F17,L02225,0.005,136
F16522,F17,L02225,0.005,137
F16523,F17,L02225,0.005,138
F16524,F17,L02225,0.005,139
F16525,F17,L02225,0.005,140
F16526,F17,L02225,0.005,141
F16527,F17,L02225,0.005,142
F16528,F17,L02225,0.005,143
F16529,F17,L02225,0.005,144
F16530,F17,L02225,0.005,145
F16531,F17,L02225,0.005,146
F16532,F17,L02225,0.005,147
F16533,F17,L02225,0.005,148
F16534,F17,L02225,0.005,149
F16535,F17,L02225,0.005,150
F16536,F17,L02225,0.005,151
F16537,F17,L02225,0.005,152
F16538,F17,L02225,0.005,153
F16539,F17,L02225,0.005,154
F16540,F17,L02225,0.005,155
F16541,F17,L02225,0.005,156
F16542,F17,L02225,0.005,157
F16543,F17,L02225,0.005,158
F16544,F17,L02225,0.005,159
F16545,F17,L02225,0.005,160
F16546,F17,L02225,0.005,161
F16547,F17,L02225,0.005,162
F16548,F17,L02225,0.005,163
F16549,F17,L02225,0.005,164
F16550,F17,L02225,0.005,165
F16551,F17,L02225,0.005,166
F16552,F17,L02225,0.005,167
F16553,F17,L02225,0.005,168
F16554,F17,L02225,0.005,169
F16555,F17,L02225,0.005,170
F16556,F17,L02225,0.005,171
F16557,F17,L02225,0.005,172
F16558,F17,L02225,0.005,173
F16559,F17,L02225,0.005,174
F16560,F17,L02225,0.005,175
F16561,F17,L02225,0.005,176
F16562,F17,L02225,0.005,177
F16563,F17,L02225,0.005,178
F16564,F17,L02225,0.005,179
F16565,F17,L02225,0.005,180
F16566,F17,L02225,0.005,181
F16567,F17,L02225,0.005,182
F16568,F17,L02225,0.005,183
F16569,F17,L02225,0.005,184
F16570,F17,L02225,0.005,185
F16571,F17,L02225,0.005,186
F16572,F17,L02225,0.005,187
F16573,F17,L02225,0.005,188
F16574,F17,L02225,0.005,189
F16575,F17,L02225,0.005,190
F16576,F17,L02225,0.005,191
F16577,F17,L02225,0.005,192
F16578,F17,L02225,0.005,193
F16579,F17,L02225,0.005,194
F16580,F17,L02225,0.005,195
F16581,F17,L02225,0.005,196
F16582,F17,L02225,0.005,197
F16583,F17,L02225,0.005,198
F16584,F17,L02225,0.005,199
F16585,F17,L02225,0.005,200
F16586,F17,L02225,0.005,201
F16587,F17,L02225,0.005,202
F16588,F17,L02225,0.005,203
F16589,F17,L02225,0.005,204
F16590,F17,L02225,0.005,205
F16591,F17,L02225,0.005,206
F16592,F17,L02225,0.005,207
F16593,F17,L02225,0.005,208
F16594,F17,L02225,0.005,209
F16595,F17,L02225,0.005,210
F16596,F17,L02225,0.005,211
F16597,F17,L02225,0.005,212
F16598,F17,L02225,0.005,213
F16599,F17,L02225,0.005,214
F16600,F17,L02225,0.005,215
F16601,F17,L02225,0.005,216
F16602,F17,L02225,0.005,217
F16603,F17,L02225,0.005,218
F16604,F17,L02225,0.005,219
F16605,F17,L02225,0.005,220
F16606,F17,L02225,0.005,221
F16607,F17,L02225,0.005,222
F16608,F17,L02225,0.005,223
F16609,F17,L02225,0.005,224
F16610,F17,L02225,0.005,225
F16611,F17,L02225,0.005,226
F16612,F17,L02225,0.005,227
F16613,F17,L02225,0.005,228
F16614,F17,L02225,0.005,229
F16615,F17,L02225,0.005,230
F16616,F17,L02225,0.005,231
F16617,F17,L02225,0.005,232
F16618,F17,L02225,0.005,233
F16619,F17,L02225,0.005,234
F16620,F17,L02225,0.005,235
F16621,F17,L02225,0.005,236
F16622,F17,L02225,0.005,237
F16623,F17,L02225,0.005,238
F16624,F17,L02225,0.005,239
F16625,F17,L02225,0.005,240
F16626,F17,L02225,0.005,241
F16627,F17,L02225,0.005,242
F16628,F17,L02225,0.005,243
F16629,F17,L02225,0.005,244
F16630,F17,L02225,0.005,245
F16631,F17,L02225,0.005,246
F16632,F17,L02225,0.005,247
F16633,F17,L02225,0.005,248
F16634,F17,L02225,0.005,249
F16635,F17,L02225,0.005,250
F16636,F17,L02225,0.005,251
F16637,F17,L02225,0.005,252
F16638,F17,L02225,0.005,253
F16639,F17,L02225,0.005,254
F16640,F17,L02225,0.005,255
F16641,F17,L02225,0.005,256
F16642,F17,L02225,0.005,257
F16643,F17,L02225,0.005,258
F16644,F17,L02225,0.005,259
F16645,F17,L02225,0.005,260
F16646,F17,L02225,0.005,261
F16647,F17,L02225,0.005,262
F16648,F17,L02225,0.005,263
F16649,F17,L02225,0.005,264
F16650,F17,L02225,0.005,265
F16651,F17,L02225,0.005,266
F16652,F17,L02225,0.005,267
F16653,F17,L02225,0.005,268
F16654,F17,L02225,0.005,269
F16655,F17,L02225,0.005,270
F16656,F17,L02225,0.005,271
F16657,F17,L02225,0.005,272
F16658,F17,L02225,0.005,273
F16659,F17,L02225,0.005,274
F16660,F17,L02225,0.005,275
F16661,F17,L02225,0.005,276
F16662,F17,L02225,0.005,277
F16663,F17,L02225,0.005,278
F16664,F17,L02225,0.005,279
F16665,F17,L02225,0.005,280
F16666,F17,L02225,0.005,281
F16667,F17,L02225,0.005,282
F16668,F17,L02225,0.005,283
F16669,F17,L02225,0.005,284
F16670,F17,L02225,0.005,285
F16671,F17,L02225,0.005,286
F16672,F17,L02225,0.005,287
F16673,F17,L02225,0.005,288
F16674,F17,L02225,0.005,289
F16675,F17,L02225,0.005,290
F16676,F17,L02225,0.005,291
F16677,F17,L02225,0.005,292
F16678,F17,L02225,0.005,293
F16679,F17,L02225,0.005,294
F16680,F17,L02225,0.005,295
F16681,F17,L02225,0.005,296
F16682,F17,L02225,0.005,297
F16683,F17,L02225,0.005,298
F16684,F17,L02225,0.005,299
F16685,F17,L02225,0.005,300
F16686,F17,L02225,0.005,301
F16687,F17,L02225,0.005,302
F16688,F17,L02225,0.005,303
F16689,F17,L02225,0.005,304
F16690,F17,L02225,0.005,305
F16691,F17,L02225,0.005,306
F16692,F17,L02225,0.005,307
F16693,F17,L02225,0.005,308
F16694,F17,L02225,0.005,309
F16695,F17,L02225,0.005,310
F16696,F17,L02225,0.005,311
F16697,F17,L02225,0.005,312
F16698,F17,L02225,0.005,313
F16699,F17,L02225,0.005,314
F16700,F17,L02225,0.005,315
F16701,F17,L02225,0.005,316
F16702,F17,L02225,0.005,317
F16703,F17,L02225,0.005,318
F16704,F17,L02225,0.005,319
F16705,F17,L02225,0.005,320
F16706,F17,L02225,0.005,321
F16707,F17,L02225,0.005,322
F16708,F17,L02225,0.005,323
F16709,F17,L02225,0.005,324
F16710,F17,L02225,0.005,325
F16711,F17,L02225,0.005,326
F16712,F17,L02225,0.005,327
F16713,F17,L02225,0.005,328
F16714,F17,L02225,0.005,329
F16715,F17,L02225,0.005,330
F16716,F17,L02225,0.005,331
F16717,F17,L02225,0.005,332
F16718,F17,L02225,0.005,333
F16719,F17,L02225,0.005,334
F16720,F17,L02225,0.005,335
F16721,F17,L02225,0.005,336
F16722,F17,L02225,0.005,337
F16723,F17,L02225,0.005,338
F16724,F17,L02225,0.005,339
F16725,F17,L02225,0.005,340
F16726,F17,L02225,0.005,341
F16727,F17,L02225,0.005,342
F16728,F17,L02225,0.005,343
F16729,F17,L02225,0.005,344
F16730,F17,L02225,0.005,345
F16731,F17,L02225,0.005,346
F16732,F17,L02225,0.005,347
F16733,F17,L02225,0.005,348
F16734,F17,L02225,0.005,349
F16735,F17,L02225,0.005,350
F16736,F17,L02225,0.005,351
F16737,F17,L02225,0.005,352
F16738,F17,L02225,0.005,353
F16739,F17,L02225,0.005,354
F16740,F17,L02225,0.005,355
F16741,F17,L02225,0.005,356
F16742,F17,L02225,0.005,357
F16743,F17,L02225,0.005,358
F16744,F17,L02225,0.005,359
F16745,F17,L02225,0.005,360
F16746,F17,L02225,0.005,361
F16747,F17,L02225,0.005,362
F16748,F17,L02225,0.005,363
F16749,F17,L02225,0.005,364
F16750,F17,L02225,0.005,365
F16751,F17,L02225,0.005,366
F16752,F17,L02225,0.005,367
F16753,F17,L02225,0.005,368
F16754,F17,L02225,0.005,369
F16755,F17,L02225,0.005,370
F16756,F17,L02225,0.005,371
F16757,F17,L02225,0.005,372
F16758,F17,L02225,0.005,373
F16759,F17,L02225,0.005,374
F16760,F17,L02225,0.005,375
F16761,F17,L02225,0.005,376
F16762,F17,L02225,0.005,377
F16763,F17,L02225,0.005,378
F16764,F17,L02225,0.005,379
F16765,F17,L02225,0.005,380
F16766,F17,L02225,0.005,381
F16767,F17,L02225,0.005,382
F16768,F17,L02225,0.005,383
F16769,F17,L02225,0.005,384
F16770,F17,L02225,0.005,385
F16771,F17,L02225,0.005,386
F16772,F17,L02225,0.005,387
F16773,F17,L02225,0.005,388
F16774,F17,L02225,0.005,389
F16775,F17,L02225,0.005,390
F16776,F17,L02225,0.005,391
F16777,F17,L02225,0.005,392
F16778,F17,L02225,0.005,393
F16779,F17,L02225,0.005,394
F16780,F17,L02225,0.005,395
F16781,F17,L02225,0.005,396
F16782,F17,L02225,0.005,397
F16783,F17,L02225,0.005,398
F16784,F17,L02225,0.005,399
F16785,F17,L02225,0.005,400
F16786,F17,L02225,0.005,401
F16787,F17,L02225,0.005,402
F16788,F17,L02225,0.005,403
F16789,F17,L02225,0.005,404
F16790,F17,L02225,0.005,405
F16791,F17,L02225,0.005,406
F16792,F17,L02225,0.005,407
F16793,F17,L02225,0.005,408
F16794,F17,L02225,0.005,409
F16795,F17,L02225,0.005,410
F16796,F17,L02225,0.005,411
F16797,F17,L02225,0.005,412
F16798,F17,L02225,0.005,413
F16799,F17,L02225,0.005,414
F16800,F17,L02225,0.005,415
F16801,F17,L02225,0.005,416
F16802,F17,L02225,0.005,417
F16803,F17,L02225,0.005,418
F16804,F17,L02225,0.005,419
F16805,F17,L02225,0.005,420
F16806,F17,L02225,0.005,421
F16807,F17,L02225,0.005,422
F16808,F17,L02225,0.005,423
F16809,F17,L02225,0.005,424
F16810,F17,L02225,0.005,425
F16811,F17,L02225,0.005,426
F16812,F17,L02225,0.005,427
F16813,F17,L02225,0.005,428
F16814,F17,L02225,0.005,429
F16815,F17,L02225,0.005,430
F16816,F17,L02225,0.005,431
F16817,F17,L02225,0.005,432
F16818,F17,L02225,0.005,433
F16819,F17,L02225,0.005,434
F16820,F17,L02225,0.005,435
F16821,F17,L02225,0.005,436
F16822,F17,L02225,0.005,437
F16823,F17,L02225,0.005,438
F16824,F17,L02225,0.005,439
F16825,F17,L02225,0.005,440
F16826,F17,L02225,0.005,441
F16827,F17,L02225,0.005,442
F16828,F17,L02225,0.005,443
F16829,F17,L02225,0.005,444
F16830,F17,L02225,0.005,445
F16831,F17,L02225,0.005,446
F16832,F17,L02225,0.005,447
F16833,F17,L02225,0.005,448
F16834,F17,L02225,0.005,449
F16835,F17,L02225,0.005,450
F16836,F17,L02225,0.005,451
F16837,F17,L02225,0.005,452
F16838,F17,L02225,0.005,453
F16839,F17,L02225,0.005,454
F16840,F17,L02225,0.005,455
F16841,F17,L02225,0.005,456
F16842,F17,L02225,0.005,457
F16843,F17,L02225,0.005,458
F16844,F17,L02225,0.005,459
F16845,F17,L02225,0.005,460
F16846,F17,L02225,0.005,461
F16847,F17,L02225,0.005,462
F16848,F17,L02225,0.005,463
F16849,F17,L02225,0.005,464
F16850,F17,L02225,0.005,465
F16851,F17,L02225,0.005,466
F16852,F17,L02225,0.005,467
F16853,F17,L02225,0.005,468
F16854,F17,L02225,0.005,469
F16855,F17,L02225,0.005,470
F16856,F17,L02225,0.005,471
F16857,F17,L02225,0.005,472
F16858,F17,L02225,0.005,473
F16859,F17,L02225,0.005,474
F16860,F17,L02225,0.005,475
F16861,F17,L02225,0.005,476
F16862,F17,L02225,0.005,477
F16863,F17,L02225,0.005,478
F16864,F17,L02225,0.005,479
F16865,F17,L02225,0.005,480
F16866,F17,L02225,0.005,481
F16867,F17,L02225,0.005,482
F16868,F17,L02225,0.005,483
F16869,F17,L02225,0.005,484
F16870,F17,L02225,0.005,485
F16871,F17,L02225,0.005,486
F16872,F17,L02225,0.005,487
F16873,F17,L02225,0.005,488
F16874,F17,L02225,0.005,489
F16875,F17,L02225,0.005,490
F16876,F17,L02225,0.005,491
F16877,F17,L02225,0.005,492
F16878,F17,L02225,0.005,493
F16879,F17,L02225,0.005,494
F16880,F17,L02225,0.005,495
F16881,F17,L02225,0.005,496
F16882,F17,L02225,0.005,497
F16883,F17,L02225,0.005,498
F16884,F17,L02225,0.005,499
F16885,F17,L02225,0.005,500
F16886,F17,L02225,0.005,501
F16887,F17,L02225,0.005,502
F16888,F17,L02225,0.005,503
F16889,F17,L02225,0.005,504
F16890,F17,L02225,0.005,505
F16891,F17,L02225,0.005,506
F16892,F17,L02225,0.005,507
F16893,F17,L02225,0.005,508
F16894,F17,L02225,0.005,509
F16895,F17,L02225,0.005,510
F16896,F17,L02225,0.005,511
F16897,F17,L02225,0.005,512
F16898,F17,L02225,0.005,513
F16899,F17,L02225,0.005,514
F16900,F17,L02225,0.005,515
F16901,F17,L02225,0.005,516
F16902,F17,L02225,0.005,517
F16903,F17,L02225,0.005,518
F16904,F17,L02225,0.005,519
F16905,F17,L02225,0.005,520
F16906,F17,L02225,0.005,521
F16907,F17,L02225,0.005,522
F16908,F17,L02225,0.005,523
F16909,F17,L02225,0.005,524
F16910,F17,L02225,0.005,525
F16911,F17,L02225,0.005,526
F16912,F17,L02225,0.005,527
F16913,F17,L02225,0.005,528
F16914,F17,L02225,0.005,529
F16915,F17,L02225,0.005,530
F16916,F17,L02225,0.005,531
F16917,F17,L02225,0.005,532
F16918,F17,L02225,0.005,533
F16919,F17,L02225,0.005,534
F16920,F17,L02225,0.005,535
F16921,F17,L02225,0.005,536
F16922,F17,L02225,0.005,537
F16923,F17,L02225,0.005,538
F16924,F17,L02225,0.005,539
F16925,F17,L02225,0.005,540
F16926,F17,L02225,0.005,541
F16927,F17,L02225,0.005,542
F16928,F17,L02225,0.005,543
F16929,F17,L02225,0.005,544
F16930,F17,L02225,0.005,545
F16931,F17,L02225,0.005,546
F16932,F17,L02225,0.005,547
F16933,F17,L02225,0.005,548
F16934,F17,L02225,0.005,549
F16935,F17,L02225,0.005,550
F16936,F17,L02225,0.005,551
F16937,F17,L02225,0.005,552
F16938,F17,L02225,0.005,553
F16939,F17,L02225,0.005,554
F16940,F17,L02225,0.005,555
F16941,F17,L02225,0.005,556
F16942,F17,L02225,0.005,557
F16943,F17,L02225,0.005,558
F16944,F17,L02225,0.005,559
F16945,F17,L02225,0.005,560
F16946,F17,L02225,0.005,561
F16947,F17,L02225,0.005,562
F16948,F17,L02225,0.005,563
F16949,F17,L02225,0.005,564
F16950,F17,L02225,0.005,565
F16951,F17,L02225,0.005,566
F16952,F17,L02225,0.005,567
F16953,F17,L02225,0.005,568
F16954,F17,L02225,0.005,569
F16955,F17,L02225,0.005,570
F16956,F17,L02225,0.005,571
F16957,F17,L02225,0.005,572
F16958,F17,L02225,0.005,573
F16959,F17,L02225,0.005,574
F16960,F17,L02225,0.005,575
F16961,F17,L02225,0.005,576
F16962,F17,L02225,0.005,577
F16963,F17,L02225,0.005,578
F16964,F17,L02225,0.005,579
F16965,F17,L02225,0.005,580
F16966,F17,L02225,0.005,581
F16967,F17,L02225,0.005,582
F16968,F17,L02225,0.005,583
F16969,F17,L02225,0.005,584
F16970,F17,L02225,0.005,585
F16971,F17,L02225,0.005,586
F16972,F17,L02225,0.005,587
F16973,F17,L02225,0.005,588
F16974,F17,L02225,0.005,589
F16975,F17,L02225,0.005,590
F16976,F17,L02225,0.005,591
F16977,F17,L02225,0.005,592
F16978,F17,L02225,0.005,593
F16979,F17,L02225,0.005,594
F16980,F17,L02225,0.005,595
F16981,F17,L02225,0.005,596
F16982,F17,L02225,0.005,597
F16983,F17,L02225,0.005,598
F16984,F17,L02225,0.005,599
F16985,F17,L02225,0.005,600
F16986,F17,L02225,0.005,601
F16987,F17,L02225,0.005,602
F16988,F17,L02225,0.005,603
F16989,F17,L02225,0.005,604
F16990,F17,L02225,0.005,605
F16991,F17,L02225,0.005,606
F16992,F17,L02225,0.005,607
F16993,F17,L02225,0.005,608
F16994,F17,L02225,0.005,609
F16995,F17,L02225,0.005,610
F16996,F17,L02225,0.005,611
F16997,F17,L02225,0.005,612
F16998,F17,L02225,0.005,613
F16999,F17,L02225,0.005,614
F17000,F17,L02225,0.005,615
F17001,F17,L02225,0.005,616
F17002,F17,L02225,0.005,617
F17003,F17,L02225,0.005,618
F17004,F17,L02225,0.005,619
F17005,F17,L02225,0.005,620
F17006,F17,L02225,0.005,621
F17007,F17,L02225,0.005,622
F17008,F17,L02225,0.005,623
F17009,F17,L02225,0.005,624
F17010,F17,L02225,0.005,625
F17011,F17,L02225,0.005,626
F17012,F17,L02225,0.005,627
F17013,F17,L02225,0.005,628
F17014,F17,L02225,0.005,629
F17015,F17,L02225,0.005,630
F17016,F17,L02225,0.005,631
F17017,F17,L02225,0.005,632
F17018,F17,L02225,0.005,633
F17019,F17,L02225,0.005,634
F17020,F17,L02225,0.005,635
F17021,F17,L02225,0.005,636
F17022,F17,L02225,0.005,637
F17023,F17,L02225,0.005,638
F17024,F17,L02225,0.005,639
F17025,F17,L02225,0.005,640
F17026,F17,L02225,0.005,641
F17027,F17,L02225,0.005,642
F17028,F17,L02225,0.005,643
F17029,F17,L02225,0.005,644
F17030,F17,L02225,0.005,645
F17031,F17,L02225,0.005,646
F17032,F17,L02225,0.005,647
F17033,F17,L02225,0.005,648
F17034,F17,L02225,0.005,649
F17035,F17,L02225,0.005,650
F17036,F17,L02225,0.005,651
F17037,F17,L02225,0.005,652
F17038,F17,L02225,0.005,653
F17039,F17,L02225,0.005,654
F17040,F17,L02225,0.005,655
F17041,F17,L02225,0.005,656
F17042,F17,L02225,0.005,657
F17043,F17,L02225,0.005,658
F17044,F17,L02225,0.005,659
F17045,F17,L02225,0.005,660
F17046,F17,L02225,0.005,661
F17047,F17,L02225,0.005,662
F17048,F17,L02225,0.005,663
F17049,F17,L02225,0.005,664
F17050,F17,L02225,0.005,665
F17051,F17,L02225,0.005,666
F17052,F17,L02225,0.005,667
F17053,F17,L02225,0.005,668
F17054,F17,L02225,0.005,669
F17055,F17,L02225,0.005,670
F17056,F17,L02225,0.005,671
F17057,F17,L02225,0.005,672
F17058,F17,L02225,0.005,673
F17059,F17,L02225,0.005,674
F17060,F17,L02225,0.005,675
F17061,F17,L02225,0.005,676
F17062,F17,L02225,0.005,677
F17063,F17,L02225,0.005,678
F17064,F17,L02225,0.005,679
F17065,F17,L02225,0.005,680
F17066,F17,L02225,0.005,681
F17067,F17,L02225,0.005,682
F17068,F17,L02225,0.005,683
F17069,F17,L02225,0.005,684
F17070,F17,L02225,0.005,685
F17071,F17,L02225,0.005,686
F17072,F17,L02225,0.005,687
F17073,F17,L02225,0.005,688
F17074,F17,L02225,0.005,689
F17075,F17,L02225,0.005,690
F17076,F17,L02225,0.005,691
F17077,F17,L02225,0.005,692
F17078,F17,L02225,0.005,693
F17079,F17,L02225,0.005,694
F17080,F17,L02225,0.005,695
F17081,F17,L02225,0.005,696
F17082,F17,L02225,0.005,697
F17083,F17,L02225,0.005,698
F17084,F17,L02225,0.005,699
F17085,F17,L02225,0.005,700
F17086,F17,L02225,0.005,701
F17087,F17,L02225,0.005,702
F17088,F17,L02225,0.005,703
F17089,F17,L02225,0.005,704
F17090,F17,L02225,0.005,705
F17091,F17,L02225,0.005,706
F17092,F17,L02225,0.005,707
F17093,F17,L02225,0.005,708
F17094,F17,L02225,0.005,709
F17095,F17,L02225,0.005,710
F17096,F17,L02225,0.005,711
F17097,F17,L02225,0.005,712
F17098,F17,L02225,0.005,713
F17099,F17,L02225,0.005,714
F17100,F17,L02225,0.005,715
F17101,F17,L02225,0.005,716
F17102,F17,L02225,0.005,717
F17103,F17,L02225,0.005,718
F17104,F17,L02225,0.005,719
F17105,F17,L02225,0.005,720
F17106,F17,L02225,0.005,721
F17107,F17,L02225,0.005,722
F17108,F17,L02225,0.005,723
F17109,F17,L02225,0.005,724
F17110,F17,L02225,0.005,725
F17111,F17,L02225,0.005,726
F17112,F17,L02225,0.005,727
F17113,F17,L02225,0.005,728
F17114,F17,L02225,0.005,729
F17115,F17,L02225,0.005,730
F17116,F17,L02225,0.005,731
F17117,F17,L02225,0.005,732
F17118,F17,L02225,0.005,733
F17119,F17,L02225,0.005,734
F17120,F17,L02225,0.005,735
F17121,F17,L02225,0.005,736
F17122,F17,L02225,0.005,737
F17123,F17,L02225,0.005,738
F17124,F17,L02225,0.005,739
F17125,F17,L02225,0.005,740
F17126,F17,L02225,0.005,741
F17127,F17,L02225,0.005,742
F17128,F17,L02225,0.005,743
F17129,F17,L02225,0.005,744
F17130,F17,L02225,0.005,745
F17131,F17,L02225,0.005,746
F17132,F17,L02225,0.005,747
F17133,F17,L02225,0.005,748
F17134,F17,L02225,0.005,749
F17135,F17,L02225,0.005,750
F17136,F17,L02225,0.005,751
F17137,F17,L02225,0.005,752
F17138,F17,L02225,0.005,753
F17139,F17,L02225,0.005,754
F17140,F17,L02225,0.005,755
F17141,F17,L02225,0.005,756
F17142,F17,L02225,0.005,757
F17143,F17,L02225,0.005,758
F17144,F17,L02225,0.005,759
F17145,F17,L02225,0.005,760
F17146,F17,L02225,0.005,761
F17147,F17,L02225,0.005,762
F17148,F17,L02225,0.005,763
F17149,F17,L02225,0.005,764
F17150,F17,L02225,0.005,765
F17151,F17,L02225,0.005,766
F17152,F17,L02225,0.005,767
F17153,F17,L02225,0.005,768
F17154,F17,L02225,0.005,769
F17155,F17,L02225,0.005,770
F17156,F17,L02225,0.005,771
F17157,F17,L02225,0.005,772
F17158,F17,L02225,0.005,773
F17159,F17,L02225,0.005,774
F17160,F17,L02225,0.005,775
F17161,F17,L02225,0.005,776
F17162,F17,L02225,0.005,777
F17163,F17,L02225,0.005,778
F17164,F17,L02225,0.005,779
F17165,F17,L02225,0.005,780
F17166,F17,L02225,0.005,781
F17167,F17,L02225,0.005,782
F17168,F17,L02225,0.005,783
F17169,F17,L02225,0.005,784
F17170,F17,L02225,0.005,785
F17171,F17,L02225,0.005,786
F17172,F17,L02225,0.005,787
F17173,F17,L02225,0.005,788
F17174,F17,L02225,0.005,789
F17175,F17,L02225,0.005,790
F17176,F17,L02225,0.005,791
F17177,F17,L02225,0.005,792
F17178,F17,L02225,0.005,793
F17179,F17,L02225,0.005,794
F17180,F17,L02225,0.005,795
F17181,F17,L02225,0.005,796
F17182,F17,L02225,0.005,797
F17183,F17,L02225,0.005,798
F17184,F17,L02225,0.005,799
F17185,F17,L02225,0.005,800
F17186,F17,L02225,0.005,801
F17187,F17,L02225,0.005,802
F17188,F17,L02225,0.005,803
F17189,F17,L02225,0.005,804
F17190,F17,L02225,0.005,805
F17191,F17,L02225,0.005,806
F17192,F17,L02225,0.005,807
F17193,F17,L02225,0.005,808
F17194,F17,L02225,0.005,809
F17195,F17,L02225,0.005,810
F17196,F17,L02225,0.005,811
F17197,F17,L02225,0.005,812
F17198,F17,L02225,0.005,813
F17199,F17,L02225,0.005,814
F17200,F17,L02225,0.005,815
F17201,F17,L02225,0.005,816
F17202,F17,L02225,0.005,817
F17203,F17,L02225,0.005,818
F17204,F17,L02225,0.005,819
F17205,F17,L02225,0.005,820
F17206,F17,L02225,0.005,821
F17207,F17,L02225,0.005,822
F17208,F17,L02225,0.005,823
F17209,F17,L02225,0.005,824
F17210,F17,L02225,0.005,825
F17211,F17,L02225,0.005,826
F17212,F17,L02225,0.005,827
F17213,F17,L02225,0.005,828
F17214,F17,L02225,0.005,829
F17215,F17,L02225,0.005,830
F17216,F17,L02225,0.005,831
F17217,F17,L02225,0.005,832
F17218,F17,L02225,0.005,833
F17219,F17,L02225,0.005,834
F17220,F17,L02225,0.005,835
F17221,F17,L02225,0.005,836
F17222,F17,L02225,0.005,837
F17223,F17,L02225,0.005,838
F17224,F17,L02225,0.005,839
F17225,F17,L02225,0.005,840
F17226,F17,L02225,0.005,841
F17227,F17,L02225,0.005,842
F17228,F17,L02225,0.005,843
F17229,F17,L02225,0.005,844
F17230,F17,L02225,0.005,845
F17231,F17,L02225,0.005,846
F17232,F17,L02225,0.005,847
F17233,F17,L02225,0.005,848
F17234,F17,L02225,0.005,849
F17235,F17,L02225,0.005,850
F17236,F17,L02225,0.005,851
F17237,F17,L02225,0.005,852
F17238,F17,L02225,0.005,853
F17239,F17,L02225,0.005,854
F17240,F17,L02225,0.005,855
F17241,F17,L02225,0.005,856
F17242,F17,L02225,0.005,857
F17243,F17,L02225,0.005,858
F17244,F17,L02225,0.005,859
F17245,F17,L02225,0.005,860
F17246,F17,L02225,0.005,861
F17247,F17,L02225,0.005,862
F17248,F17,L02225,0.005,863
F17249,F17,L02225,0.005,864
F17250,F17,L02225,0.005,865
F17251,F17,L02225,0.005,866
F17252,F17,L02225,0.005,867
F17253,F17,L02225,0.005,868
F17254,F17,L02225,0.005,869
F17255,F17,L02225,0.005,870
F17256,F17,L02225,0.005,871
F17257,F17,L02225,0.005,872
F17258,F17,L02225,0.005,873
F17259,F17,L02225,0.005,874
F17260,F17,L02225,0.005,875
F17261,F17,L02225,0.005,876
F17262,F17,L02225,0.005,877
F17263,F17,L02225,0.005,878
F17264,F17,L02225,0.005,879
F17265,F17,L02225,0.005,880
F17266,F17,L02225,0.005,881
F17267,F17,L02225,0.005,882
F17268,F17,L02225,0.005,883
F17269,F17,L02225,0.005,884
F17270,F17,L02225,0.005,885
F17271,F17,L02225,0.005,886
F17272,F17,L02225,0.005,887
F17273,F17,L02225,0.005,888
F17274,F17,L02225,0.005,889
F17275,F17,L02225,0.005,890
F17276,F17,L02225,0.005,891
F17277,F17,L02225,0.005,892
F17278,F17,L02225,0.005,893
F17279,F17,L02225,0.005,894
F17280,F17,L02225,0.005,895
F17281,F17,L02225,0.005,896
F17282,F17,L02225,0.005,897
F17283,F17,L02225,0.005,898
F17284,F17,L02225,0.005,899
F17285,F17,L02225,0.005,900
F17286,F17,L02225,0.005,901
F17287,F17,L02225,0.005,902
F17288,F17,L02225,0.005,903
F17289,F17,L02225,0.005,904
F17290,F17,L02225,0.005,905
F17291,F17,L02225,0.005,906
F17292,F17,L02225,0.005,907
F17293,F17,L02225,0.005,908
F17294,F17,L02225,0.005,909
F17295,F17,L02225,0.005,910
F17296,F17,L02225,0.005,911
F17297,F17,L02225,0.005,912
F17298,F17,L02225,0.005,913
F17299,F17,L02225,0.005,914
F17300,F17,L02225,0.005,915
F17301,F17,L02225,0.005,916
F17302,F17,L02225,0.005,917
F17303,F17,L02225,0.005,918
F17304,F17,L02225,0.005,919
F17305,F17,L02225,0.005,920
F17306,F17,L02225,0.005,921
F17307,F17,L02225,0.005,922
F17308,F17,L02225,0.005,923
F17309,F17,L02225,0.005,924
F17310,F17,L02225,0.005,925
F17311,F17,L02225,0.005,926
F17312,F17,L02225,0.005,927
F17313,F17,L02225,0.005,928
F17314,F17,L02225,0.005,929
F17315,F17,L02225,0.005,930
F17316,F17,L02225,0.005,931
F17317,F17,L02225,0.005,932
F17318,F17,L02225,0.005,933
F17319,F17,L02225,0.005,934
F17320,F17,L02225,0.005,935
F17321,F17,L02225,0.005,936
F17322,F17,L02225,0.005,937
F17323,F17,L02225,0.005,938
F17324,F17,L02225,0.005,939
F17325,F17,L02225,0.005,940
F17326,F17,L02225,0.005,941
F17327,F17,L02225,0.005,942
F17328,F17,L02225,0.005,943
F17329,F17,L02225,0.005,944
F17330,F17,L02225,0.005,945
F17331,F17,L02225,0.005,946
F17332,F17,L02225,0.005,947
F17333,F17,L02225,0.005,948
F17334,F17,L02225,0.005,949
F17335,F17,L02225,0.005,950
F17336,F17,L02225,0.005,951
F17337,F17,L02225,0.005,952
F17338,F17,L02225,0.005,953
F17339,F17,L02225,0.005,954
F17340,F17,L02225,0.005,955
F17341,F17,L02225,0.005,956
F17342,F17,L02225,0.005,957
F17343,F17,L02225,0.005,958
F17344,F17,L02225,0.005,959
F17345,F17,L02225,0.005,960
F17346,F17,L02225,0.005,961
F17347,F17,L02225,0.005,962
F17348,F17,L02225,0.005,963
F17349,F17,L02225,0.005,964
F17350,F17,L02225,0.005,965
F17351,F17,L02225,0.005,966
F17352,F17,L02225,0.005,967
F17353,F17,L02225,0.005,968
F17354,F17,L02225,0.005,969
F17355,F17,L02225,0.005,970
F17356,F17,L02225,0.005,971
F17357,F17,L02225,0.005,972
F17358,F17,L02225,0.005,973
F17359,F17,L02225,0.005,974
F17360,F17,L02225,0.005,975
F17361,F17,L02225,0.005,976
F17362,F17,L02225,0.005,977
F17363,F17,L02225,0.005,978
F17364,F17,L02225,0.005,979
F17365,F17,L02225,0.005,980
F17366,F17,L02225,0.005,981
F17367,F17,L02225,0.005,982
F17368,F17,L02225,0.005,983
F17369,F17,L02225,0.005,984
F17370,F17,L02225,0.005,985
F17371,F17,L02225,0.005,986
F17372,F17,L02225,0.005,987
F17373,F17,L02225,0.005,988
F17374,F17,L02225,0.005,989
F17375,F17,L02225,0.005,990
F17376,F17,L02225,0.005,991
F17377,F17,L02225,0.005,992
F17378,F17,L02225,0.005,993
F17379,F17,L02225,0.005,994
F17380,F17,L02225,0.005,995
F17381,F17,L02225,0.005,996
F17382,F17,L02225,0.005,997
F17383,F17,L02225,0.005,998
F17384,F17,L02225,0.005,999
F17385,F17,L02225,0.005,1000
F17386,F17,L02225,0.005,1001
F17387,F17,L02225,0.005,1002
F17388,F17,L02225,0.005,1003
F17389,F17,L02225,0.005,1004
F17390,F17,L02225,0.005,1005
F17391,F17,L02225,0.005,1006
F17392,F17,L02225,0.005,1007
F17393,F17,L02225,0.005,1008
F17394,F17,L02225,0.005,1009
F17395,F17,L02225,0.005,1010
F17396,F17,L02225,0.005,1011
F17397,F17,L02225,0.005,1012
F17398,F17,L02225,0.005,1013
F17399,F17,L02225,0.005,1014
F17400,F17,L02225,0.005,1015
F17401,F17,L02225,0.005,1016
F17402,F17,L02225,0.005,1017
F17403,F17,L02225,0.005,1018
F17404,F17,L02225,0.005,1019
F17405,F17,L02225,0.005,1020
F17406,F17,L02225,0.005,1021
F17407,F17,L02225,0.005,1022
F17408,F17,L02225,0.005,1023
F17409,F18,L02225,0.01,0
F17410,F18,L02225,0.01,1
F17411,F18,L02225,0.01,2
F17412,F18,L02225,0.01,3
F17413,F18,L02225,0.01,4
F17414,F18,L02225,0.01,5
F17415,F18,L02225,0.01,6
F17416,F18,L02225,0.01,7
F17417,F18,L02225,0.01,8
F17418,F18,L02225,0.01,9
F17419,F18,L02225,0.01,10
F17420,F18,L02225,0.01,11
F17421,F18,L02225,0.01,12
F17422,F18,L02225,0.01,13
F17423,F18,L02225,0.01,14
F17424,F18,L02225,0.01,15
F17425,F18,L02225,0.01,16
F17426,F18,L02225,0.01,17
F17427,F18,L02225,0.01,18
F17428,F18,L02225,0.01,19
F17429,F18,L02225,0.01,20
F17430,F18,L02225,0.01,21
F17431,F18,L02225,0.01,22
F17432,F18,L02225,0.01,23
F17433,F18,L02225,0.01,24
F17434,F18,L02225,0.01,25
F17435,F18,L02225,0.01,26
F17436,F18,L02225,0.01,27
F17437,F18,L02225,0.01,28
F17438,F18,L02225,0.01,29
F17439,F18,L02225,0.01,30
F17440,F18,L02225,0.01,31
F17441,F18,L02225,0.01,32
F17442,F18,L02225,0.01,33
F17443,F18,L02225,0.01,34
F17444,F18,L02225,0.01,35
F17445,F18,L02225,0.01,36
F17446,F18,L02225,0.01,37
F17447,F18,L02225,0.01,38
F17448,F18,L02225,0.01,39
F17449,F18,L02225,0.01,40
F17450,F18,L02225,0.01,41
F17451,F18,L02225,0.01,42
F17452,F18,L02225,0.01,43
F17453,F18,L02225,0.01,44
F17454,F18,L02225,0.01,45
F17455,F18,L02225,0.01,46
F17456,F18,L02225,0.01,47
F17457,F18,L02225,0.01,48
F17458,F18,L02225,0.01,49
F17459,F18,L02225,0.01,50
F17460,F18,L02225,0.01,51
F17461,F18,L02225,0.01,52
F17462,F18,L02225,0.01,53
F17463,F18,L02225,0.01,54
F17464,F18,L02225,0.01,55
F17465,F18,L02225,0.01,56
F17466,F18,L02225,0.01,57
F17467,F18,L02225,0.01,58
F17468,F18,L02225,0.01,59
F17469,F18,L02225,0.01,60
F17470,F18,L02225,0.01,61
F17471,F18,L02225,0.01,62
F17472,F18,L02225,0.01,63
F17473,F18,L02225,0.01,64
F17474,F18,L02225,0.01,65
F17475,F18,L02225,0.01,66
F17476,F18,L02225,0.01,67
F17477,F18,L02225,0.01,68
F17478,F18,L02225,0.01,69
F17479,F18,L02225,0.01,70
F17480,F18,L02225,0.01,71
F17481,F18,L02225,0.01,72
F17482,F18,L02225,0.01,73
F17483,F18,L02225,0.01,74
F17484,F18,L02225,0.01,75
F17485,F18,L02225,0.01,76
F17486,F18,L02225,0.01,77
F17487,F18,L02225,0.01,78
F17488,F18,L02225,0.01,79
F17489,F18,L02225,0.01,80
F17490,F18,L02225,0.01,81
F17491,F18,L02225,0.01,82
F17492,F18,L02225,0.01,83
F17493,F18,L02225,0.01,84
F17494,F18,L02225,0.01,85
F17495,F18,L02225,0.01,86
F17496,F18,L02225,0.01,87
F17497,F18,L02225,0.01,88
F17498,F18,L02225,0.01,89
F17499,F18,L02225,0.01,90
F17500,F18,L02225,0.01,91
F17501,F18,L02225,0.01,92
F17502,F18,L02225,0.01,93
F17503,F18,L02225,0.01,94
F17504,F18,L02225,0.01,95
F17505,F18,L02225,0.01,96
F17506,F18,L02225,0.01,97
F17507,F18,L02225,0.01,98
F17508,F18,L02225,0.01,99
F17509,F18,L02225,0.01,100
F17510,F18,L02225,0.01,101
F17511,F18,L02225,0.01,102
F17512,F18,L02225,0.01,103
F17513,F18,L02225,0.01,104
F17514,F18,L02225,0.01,105
F17515,F18,L02225,0.01,106
F17516,F18,L02225,0.01,107
F17517,F18,L02225,0.01,108
F17518,F18,L02225,0.01,109
F17519,F18,L02225,0.01,110
F17520,F18,L02225,0.01,111
F17521,F18,L02225,0.01,112
F17522,F18,L02225,0.01,113
F17523,F18,L02225,0.01,114
F17524,F18,L02225,0.01,115
F17525,F18,L02225,0.01,116
F17526,F18,L02225,0.01,117
F17527,F18,L02225,0.01,118
F17528,F18,L02225,0.01,119
F17529,F18,L02225,0.01,120
F17530,F18,L02225,0.01,121
F17531,F18,L02225,0.01,122
F17532,F18,L02225,0.01,123
F17533,F18,L02225,0.01,124
F17534,F18,L02225,0.01,125
F17535,F18,L02225,0.01,126
F17536,F18,L02225,0.01,127
F17537,F18,L02225,0.01,128
F17538,F18,L02225,0.01,129
F17539,F18,L02225,0.01,130
F17540,F18,L02225,0.01,131
F17541,F18,L02225,0.01,132
F17542,F18,L02225,0.01,133
F17543,F18,L02225,0.01,134
F17544,F18,L02225,0.01,135
F17545,F18,L02225,0.01,136
F17546,F18,L02225,0.01,137
F17547,F18,L02225,0.01,138
F17548,F18,L02225,0.01,139
F17549,F18,L02225,0.01,140
F17550,F18,L02225,0.01,141
F17551,F18,L02225,0.01,142
F17552,F18,L02225,0.01,143
F17553,F18,L02225,0.01,144
F17554,F18,L02225,0.01,145
F17555,F18,L02225,0.01,146
F17556,F18,L02225,0.01,147
F17557,F18,L02225,0.01,148
F17558,F18,L02225,0.01,149
F17559,F18,L02225,0.01,150
F17560,F18,L02225,0.01,151
F17561,F18,L02225,0.01,152
F17562,F18,L02225,0.01,153
F17563,F18,L02225,0.01,154
F17564,F18,L02225,0.01,155
F17565,F18,L02225,0.01,156
F17566,F18,L02225,0.01,157
F17567,F18,L02225,0.01,158
F17568,F18,L02225,0.01,159
F17569,F18,L02225,0.01,160
F17570,F18,L02225,0.01,161
F17571,F18,L02225,0.01,162
F17572,F18,L02225,0.01,163
F17573,F18,L02225,0.01,164
F17574,F18,L02225,0.01,165
F17575,F18,L02225,0.01,166
F17576,F18,L02225,0.01,167
F17577,F18,L02225,0.01,168
F17578,F18,L02225,0.01,169
F17579,F18,L02225,0.01,170
F17580,F18,L02225,0.01,171
F17581,F18,L02225,0.01,172
F17582,F18,L02225,0.01,173
F17583,F18,L02225,0.01,174
F17584,F18,L02225,0.01,175
F17585,F18,L02225,0.01,176
F17586,F18,L02225,0.01,177
F17587,F18,L02225,0.01,178
F17588,F18,L02225,0.01,179
F17589,F18,L02225,0.01,180
F17590,F18,L02225,0.01,181
F17591,F18,L02225,0.01,182
F17592,F18,L02225,0.01,183
F17593,F18,L02225,0.01,184
F17594,F18,L02225,0.01,185
F17595,F18,L02225,0.01,186
F17596,F18,L02225,0.01,187
F17597,F18,L02225,0.01,188
F17598,F18,L02225,0.01,189
F17599,F18,L02225,0.01,190
F17600,F18,L02225,0.01,191
F17601,F18,L02225,0.01,192
F17602,F18,L02225,0.01,193
F17603,F18,L02225,0.01,194
F17604,F18,L02225,0.01,195
F17605,F18,L02225,0.01,196
F17606,F18,L02225,0.01,197
F17607,F18,L02225,0.01,198
F17608,F18,L02225,0.01,199
F17609,F18,L02225,0.01,200
F17610,F18,L02225,0.01,201
F17611,F18,L02225,0.01,202
F17612,F18,L02225,0.01,203
F17613,F18,L02225,0.01,204
F17614,F18,L02225,0.01,205
F17615,F18,L02225,0.01,206
F17616,F18,L02225,0.01,207
F17617,F18,L02225,0.01,208
F17618,F18,L02225,0.01,209
F17619,F18,L02225,0.01,210
F17620,F18,L02225,0.01,211
F17621,F18,L02225,0.01,212
F17622,F18,L02225,0.01,213
F17623,F18,L02225,0.01,214
F17624,F18,L02225,0.01,215
F17625,F18,L02225,0.01,216
F17626,F18,L02225,0.01,217
F17627,F18,L02225,0.01,218
F17628,F18,L02225,0.01,219
F17629,F18,L02225,0.01,220
F17630,F18,L02225,0.01,221
F17631,F18,L02225,0.01,222
F17632,F18,L02225,0.01,223
F17633,F18,L02225,0.01,224
F17634,F18,L02225,0.01,225
F17635,F18,L02225,0.01,226
F17636,F18,L02225,0.01,227
F17637,F18,L02225,0.01,228
F17638,F18,L02225,0.01,229
F17639,F18,L02225,0.01,230
F17640,F18,L02225,0.01,231
F17641,F18,L02225,0.01,232
F17642,F18,L02225,0.01,233
F17643,F18,L02225,0.01,234
F17644,F18,L02225,0.01,235
F17645,F18,L02225,0.01,236
F17646,F18,L02225,0.01,237
F17647,F18,L02225,0.01,238
F17648,F18,L02225,0.01,239
F17649,F18,L02225,0.01,240
F17650,F18,L02225,0.01,241
F17651,F18,L02225,0.01,242
F17652,F18,L02225,0.01,243
F17653,F18,L02225,0.01,244
F17654,F18,L02225,0.01,245
F17655,F18,L02225,0.01,246
F17656,F18,L02225,0.01,247
F17657,F18,L02225,0.01,248
F17658,F18,L02225,0.01,249
F17659,F18,L02225,0.01,250
F17660,F18,L02225,0.01,251
F17661,F18,L02225,0.01,252
F17662,F18,L02225,0.01,253
F17663,F18,L02225,0.01,254
F17664,F18,L02225,0.01,255
F17665,F18,L02225,0.01,256
F17666,F18,L02225,0.01,257
F17667,F18,L02225,0.01,258
F17668,F18,L02225,0.01,259
F17669,F18,L02225,0.01,260
F17670,F18,L02225,0.01,261
F17671,F18,L02225,0.01,262
F17672,F18,L02225,0.01,263
F17673,F18,L02225,0.01,264
F17674,F18,L02225,0.01,265
F17675,F18,L02225,0.01,266
F17676,F18,L02225,0.01,267
F17677,F18,L02225,0.01,268
F17678,F18,L02225,0.01,269
F17679,F18,L02225,0.01,270
F17680,F18,L02225,0.01,271
F17681,F18,L02225,0.01,272
F17682,F18,L02225,0.01,273
F17683,F18,L02225,0.01,274
F17684,F18,L02225,0.01,275
F17685,F18,L02225,0.01,276
F17686,F18,L02225,0.01,277
F17687,F18,L02225,0.01,278
F17688,F18,L02225,0.01,279
F17689,F18,L02225,0.01,280
F17690,F18,L02225,0.01,281
F17691,F18,L02225,0.01,282
F17692,F18,L02225,0.01,283
F17693,F18,L02225,0.01,284
F17694,F18,L02225,0.01,285
F17695,F18,L02225,0.01,286
F17696,F18,L02225,0.01,287
F17697,F18,L02225,0.01,288
F17698,F18,L02225,0.01,289
F17699,F18,L02225,0.01,290
F17700,F18,L02225,0.01,291
F17701,F18,L02225,0.01,292
F17702,F18,L02225,0.01,293
F17703,F18,L02225,0.01,294
F17704,F18,L02225,0.01,295
F17705,F18,L02225,0.01,296
F17706,F18,L02225,0.01,297
F17707,F18,L02225,0.01,298
F17708,F18,L02225,0.01,299
F17709,F18,L02225,0.01,300
F17710,F18,L02225,0.01,301
F17711,F18,L02225,0.01,302
F17712,F18,L02225,0.01,303
F17713,F18,L02225,0.01,304
F17714,F18,L02225,0.01,305
F17715,F18,L02225,0.01,306
F17716,F18,L02225,0.01,307
F17717,F18,L02225,0.01,308
F17718,F18,L02225,0.01,309
F17719,F18,L02225,0.01,310
F17720,F18,L02225,0.01,311
F17721,F18,L02225,0.01,312
F17722,F18,L02225,0.01,313
F17723,F18,L02225,0.01,314
F17724,F18,L02225,0.01,315
F17725,F18,L02225,0.01,316
F17726,F18,L02225,0.01,317
F17727,F18,L02225,0.01,318
F17728,F18,L02225,0.01,319
F17729,F18,L02225,0.01,320
F17730,F18,L02225,0.01,321
F17731,F18,L02225,0.01,322
F17732,F18,L02225,0.01,323
F17733,F18,L02225,0.01,324
F17734,F18,L02225,0.01,325
F17735,F18,L02225,0.01,326
F17736,F18,L02225,0.01,327
F17737,F18,L02225,0.01,328
F17738,F18,L02225,0.01,329
F17739,F18,L02225,0.01,330
F17740,F18,L02225,0.01,331
F17741,F18,L02225,0.01,332
F17742,F18,L02225,0.01,333
F17743,F18,L02225,0.01,334
F17744,F18,L02225,0.01,335
F17745,F18,L02225,0.01,336
F17746,F18,L02225,0.01,337
F17747,F18,L02225,0.01,338
F17748,F18,L02225,0.01,339
F17749,F18,L02225,0.01,340
F17750,F18,L02225,0.01,341
F17751,F18,L02225,0.01,342
F17752,F18,L02225,0.01,343
F17753,F18,L02225,0.01,344
F17754,F18,L02225,0.01,345
F17755,F18,L02225,0.01,346
F17756,F18,L02225,0.01,347
F17757,F18,L02225,0.01,348
F17758,F18,L02225,0.01,349
F17759,F18,L02225,0.01,350
F17760,F18,L02225,0.01,351
F17761,F18,L02225,0.01,352
F17762,F18,L02225,0.01,353
F17763,F18,L02225,0.01,354
F17764,F18,L02225,0.01,355
F17765,F18,L02225,0.01,356
F17766,F18,L02225,0.01,357
F17767,F18,L02225,0.01,358
F17768,F18,L02225,0.01,359
F17769,F18,L02225,0.01,360
F17770,F18,L02225,0.01,361
F17771,F18,L02225,0.01,362
F17772,F18,L02225,0.01,363
F17773,F18,L02225,0.01,364
F17774,F18,L02225,0.01,365
F17775,F18,L02225,0.01,366
F17776,F18,L02225,0.01,367
F17777,F18,L02225,0.01,368
F17778,F18,L02225,0.01,369
F17779,F18,L02225,0.01,370
F17780,F18,L02225,0.01,371
F17781,F18,L02225,0.01,372
F17782,F18,L02225,0.01,373
F17783,F18,L02225,0.01,374
F17784,F18,L02225,0.01,375
F17785,F18,L02225,0.01,376
F17786,F18,L02225,0.01,377
F17787,F18,L02225,0.01,378
F17788,F18,L02225,0.01,379
F17789,F18,L02225,0.01,380
F17790,F18,L02225,0.01,381
F17791,F18,L02225,0.01,382
F17792,F18,L02225,0.01,383
F17793,F18,L02225,0.01,384
F17794,F18,L02225,0.01,385
F17795,F18,L02225,0.01,386
F17796,F18,L02225,0.01,387
F17797,F18,L02225,0.01,388
F17798,F18,L02225,0.01,389
F17799,F18,L02225,0.01,390
F17800,F18,L02225,0.01,391
F17801,F18,L02225,0.01,392
F17802,F18,L02225,0.01,393
F17803,F18,L02225,0.01,394
F17804,F18,L02225,0.01,395
F17805,F18,L02225,0.01,396
F17806,F18,L02225,0.01,397
F17807,F18,L02225,0.01,398
F17808,F18,L02225,0.01,399
F17809,F18,L02225,0.01,400
F17810,F18,L02225,0.01,401
F17811,F18,L02225,0.01,402
F17812,F18,L02225,0.01,403
F17813,F18,L02225,0.01,404
F17814,F18,L02225,0.01,405
F17815,F18,L02225,0.01,406
F17816,F18,L02225,0.01,407
F17817,F18,L02225,0.01,408
F17818,F18,L02225,0.01,409
F17819,F18,L02225,0.01,410
F17820,F18,L02225,0.01,411
F17821,F18,L02225,0.01,412
F17822,F18,L02225,0.01,413
F17823,F18,L02225,0.01,414
F17824,F18,L02225,0.01,415
F17825,F18,L02225,0.01,416
F17826,F18,L02225,0.01,417
F17827,F18,L02225,0.01,418
F17828,F18,L02225,0.01,419
F17829,F18,L02225,0.01,420
F17830,F18,L02225,0.01,421
F17831,F18,L02225,0.01,422
F17832,F18,L02225,0.01,423
F17833,F18,L02225,0.01,424
F17834,F18,L02225,0.01,425
F17835,F18,L02225,0.01,426
F17836,F18,L02225,0.01,427
F17837,F18,L02225,0.01,428
F17838,F18,L02225,0.01,429
F17839,F18,L02225,0.01,430
F17840,F18,L02225,0.01,431
F17841,F18,L02225,0.01,432
F17842,F18,L02225,0.01,433
F17843,F18,L02225,0.01,434
F17844,F18,L02225,0.01,435
F17845,F18,L02225,0.01,436
F17846,F18,L02225,0.01,437
F17847,F18,L02225,0.01,438
F17848,F18,L02225,0.01,439
F17849,F18,L02225,0.01,440
F17850,F18,L02225,0.01,441
F17851,F18,L02225,0.01,442
F17852,F18,L02225,0.01,443
F17853,F18,L02225,0.01,444
F17854,F18,L02225,0.01,445
F17855,F18,L02225,0.01,446
F17856,F18,L02225,0.01,447
F17857,F18,L02225,0.01,448
F17858,F18,L02225,0.01,449
F17859,F18,L02225,0.01,450
F17860,F18,L02225,0.01,451
F17861,F18,L02225,0.01,452
F17862,F18,L02225,0.01,453
F17863,F18,L02225,0.01,454
F17864,F18,L02225,0.01,455
F17865,F18,L02225,0.01,456
F17866,F18,L02225,0.01,457
F17867,F18,L02225,0.01,458
F17868,F18,L02225,0.01,459
F17869,F18,L02225,0.01,460
F17870,F18,L02225,0.01,461
F17871,F18,L02225,0.01,462
F17872,F18,L02225,0.01,463
F17873,F18,L02225,0.01,464
F17874,F18,L02225,0.01,465
F17875,F18,L02225,0.01,466
F17876,F18,L02225,0.01,467
F17877,F18,L02225,0.01,468
F17878,F18,L02225,0.01,469
F17879,F18,L02225,0.01,470
F17880,F18,L02225,0.01,471
F17881,F18,L02225,0.01,472
F17882,F18,L02225,0.01,473
F17883,F18,L02225,0.01,474
F17884,F18,L02225,0.01,475
F17885,F18,L02225,0.01,476
F17886,F18,L02225,0.01,477
F17887,F18,L02225,0.01,478
F17888,F18,L02225,0.01,479
F17889,F18,L02225,0.01,480
F17890,F18,L02225,0.01,481
F17891,F18,L02225,0.01,482
F17892,F18,L02225,0.01,483
F17893,F18,L02225,0.01,484
F17894,F18,L02225,0.01,485
F17895,F18,L02225,0.01,486
F17896,F18,L02225,0.01,487
F17897,F18,L02225,0.01,488
F17898,F18,L02225,0.01,489
F17899,F18,L02225,0.01,490
F17900,F18,L02225,0.01,491
F17901,F18,L02225,0.01,492
F17902,F18,L02225,0.01,493
F17903,F18,L02225,0.01,494
F17904,F18,L02225,0.01,495
F17905,F18,L02225,0.01,496
F17906,F18,L02225,0.01,497
F17907,F18,L02225,0.01,498
F17908,F18,L02225,0.01,499
F17909,F18,L02225,0.01,500
F17910,F18,L02225,0.01,501
F17911,F18,L02225,0.01,502
F17912,F18,L02225,0.01,503
F17913,F18,L02225,0.01,504
F17914,F18,L02225,0.01,505
F17915,F18,L02225,0.01,506
F17916,F18,L02225,0.01,507
F17917,F18,L02225,0.01,508
F17918,F18,L02225,0.01,509
F17919,F18,L02225,0.01,510
F17920,F18,L02225,0.01,511
F17921,F18,L02225,0.01,512
F17922,F18,L02225,0.01,513
F17923,F18,L02225,0.01,514
F17924,F18,L02225,0.01,515
F17925,F18,L02225,0.01,516
F17926,F18,L02225,0.01,517
F17927,F18,L02225,0.01,518
F17928,F18,L02225,0.01,519
F17929,F18,L02225,0.01,520
F17930,F18,L02225,0.01,521
F17931,F18,L02225,0.01,522
F17932,F18,L02225,0.01,523
F17933,F18,L02225,0.01,524
F17934,F18,L02225,0.01,525
F17935,F18,L02225,0.01,526
F17936,F18,L02225,0.01,527
F17937,F18,L02225,0.01,528
F17938,F18,L02225,0.01,529
F17939,F18,L02225,0.01,530
F17940,F18,L02225,0.01,531
F17941,F18,L02225,0.01,532
F17942,F18,L02225,0.01,533
F17943,F18,L02225,0.01,534
F17944,F18,L02225,0.01,535
F17945,F18,L02225,0.01,536
F17946,F18,L02225,0.01,537
F17947,F18,L02225,0.01,538
F17948,F18,L02225,0.01,539
F17949,F18,L02225,0.01,540
F17950,F18,L02225,0.01,541
F17951,F18,L02225,0.01,542
F17952,F18,L02225,0.01,543
F17953,F18,L02225,0.01,544
F17954,F18,L02225,0.01,545
F17955,F18,L02225,0.01,546
F17956,F18,L02225,0.01,547
F17957,F18,L02225,0.01,548
F17958,F18,L02225,0.01,549
F17959,F18,L02225,0.01,550
F17960,F18,L02225,0.01,551
F17961,F18,L02225,0.01,552
F17962,F18,L02225,0.01,553
F17963,F18,L02225,0.01,554
F17964,F18,L02225,0.01,555
F17965,F18,L02225,0.01,556
F17966,F18,L02225,0.01,557
F17967,F18,L02225,0.01,558
F17968,F18,L02225,0.01,559
F17969,F18,L02225,0.01,560
F17970,F18,L02225,0.01,561
F17971,F18,L02225,0.01,562
F17972,F18,L02225,0.01,563
F17973,F18,L02225,0.01,564
F17974,F18,L02225,0.01,565
F17975,F18,L02225,0.01,566
F17976,F18,L02225,0.01,567
F17977,F18,L02225,0.01,568
F17978,F18,L02225,0.01,569
F17979,F18,L02225,0.01,570
F17980,F18,L02225,0.01,571
F17981,F18,L02225,0.01,572
F17982,F18,L02225,0.01,573
F17983,F18,L02225,0.01,574
F17984,F18,L02225,0.01,575
F17985,F18,L02225,0.01,576
F17986,F18,L02225,0.01,577
F17987,F18,L02225,0.01,578
F17988,F18,L02225,0.01,579
F17989,F18,L02225,0.01,580
F17990,F18,L02225,0.01,581
F17991,F18,L02225,0.01,582
F17992,F18,L02225,0.01,583
F17993,F18,L02225,0.01,584
F17994,F18,L02225,0.01,585
F17995,F18,L02225,0.01,586
F17996,F18,L02225,0.01,587
F17997,F18,L02225,0.01,588
F17998,F18,L02225,0.01,589
F17999,F18,L02225,0.01,590
F18000,F18,L02225,0.01,591
F18001,F18,L02225,0.01,592
F18002,F18,L02225,0.01,593
F18003,F18,L02225,0.01,594
F18004,F18,L02225,0.01,595
F18005,F18,L02225,0.01,596
F18006,F18,L02225,0.01,597
F18007,F18,L02225,0.01,598
F18008,F18,L02225,0.01,599
F18009,F18,L02225,0.01,600
F18010,F18,L02225,0.01,601
F18011,F18,L02225,0.01,602
F18012,F18,L02225,0.01,603
F18013,F18,L02225,0.01,604
F18014,F18,L02225,0.01,605
F18015,F18,L02225,0.01,606
F18016,F18,L02225,0.01,607
F18017,F18,L02225,0.01,608
F18018,F18,L02225,0.01,609
F18019,F18,L02225,0.01,610
F18020,F18,L02225,0.01,611
F18021,F18,L02225,0.01,612
F18022,F18,L02225,0.01,613
F18023,F18,L02225,0.01,614
F18024,F18,L02225,0.01,615
F18025,F18,L02225,0.01,616
F18026,F18,L02225,0.01,617
F18027,F18,L02225,0.01,618
F18028,F18,L02225,0.01,619
F18029,F18,L02225,0.01,620
F18030,F18,L02225,0.01,621
F18031,F18,L02225,0.01,622
F18032,F18,L02225,0.01,623
F18033,F18,L02225,0.01,624
F18034,F18,L02225,0.01,625
F18035,F18,L02225,0.01,626
F18036,F18,L02225,0.01,627
F18037,F18,L02225,0.01,628
F18038,F18,L02225,0.01,629
F18039,F18,L02225,0.01,630
F18040,F18,L02225,0.01,631
F18041,F18,L02225,0.01,632
F18042,F18,L02225,0.01,633
F18043,F18,L02225,0.01,634
F18044,F18,L02225,0.01,635
F18045,F18,L02225,0.01,636
F18046,F18,L02225,0.01,637
F18047,F18,L02225,0.01,638
F18048,F18,L02225,0.01,639
F18049,F18,L02225,0.01,640
F18050,F18,L02225,0.01,641
F18051,F18,L02225,0.01,642
F18052,F18,L02225,0.01,643
F18053,F18,L02225,0.01,644
F18054,F18,L02225,0.01,645
F18055,F18,L02225,0.01,646
F18056,F18,L02225,0.01,647
F18057,F18,L02225,0.01,648
F18058,F18,L02225,0.01,649
F18059,F18,L02225,0.01,650
F18060,F18,L02225,0.01,651
F18061,F18,L02225,0.01,652
F18062,F18,L02225,0.01,653
F18063,F18,L02225,0.01,654
F18064,F18,L02225,0.01,655
F18065,F18,L02225,0.01,656
F18066,F18,L02225,0.01,657
F18067,F18,L02225,0.01,658
F18068,F18,L02225,0.01,659
F18069,F18,L02225,0.01,660
F18070,F18,L02225,0.01,661
F18071,F18,L02225,0.01,662
F18072,F18,L02225,0.01,663
F18073,F18,L02225,0.01,664
F18074,F18,L02225,0.01,665
F18075,F18,L02225,0.01,666
F18076,F18,L02225,0.01,667
F18077,F18,L02225,0.01,668
F18078,F18,L02225,0.01,669
F18079,F18,L02225,0.01,670
F18080,F18,L02225,0.01,671
F18081,F18,L02225,0.01,672
F18082,F18,L02225,0.01,673
F18083,F18,L02225,0.01,674
F18084,F18,L02225,0.01,675
F18085,F18,L02225,0.01,676
F18086,F18,L02225,0.01,677
F18087,F18,L02225,0.01,678
F18088,F18,L02225,0.01,679
F18089,F18,L02225,0.01,680
F18090,F18,L02225,0.01,681
F18091,F18,L02225,0.01,682
F18092,F18,L02225,0.01,683
F18093,F18,L02225,0.01,684
F18094,F18,L02225,0.01,685
F18095,F18,L02225,0.01,686
F18096,F18,L02225,0.01,687
F18097,F18,L02225,0.01,688
F18098,F18,L02225,0.01,689
F18099,F18,L02225,0.01,690
F18100,F18,L02225,0.01,691
F18101,F18,L02225,0.01,692
F18102,F18,L02225,0.01,693
F18103,F18,L02225,0.01,694
F18104,F18,L02225,0.01,695
F18105,F18,L02225,0.01,696
F18106,F18,L02225,0.01,697
F18107,F18,L02225,0.01,698
F18108,F18,L02225,0.01,699
F18109,F18,L02225,0.01,700
F18110,F18,L02225,0.01,701
F18111,F18,L02225,0.01,702
F18112,F18,L02225,0.01,703
F18113,F18,L02225,0.01,704
F18114,F18,L02225,0.01,705
F18115,F18,L02225,0.01,706
F18116,F18,L02225,0.01,707
F18117,F18,L02225,0.01,708
F18118,F18,L02225,0.01,709
F18119,F18,L02225,0.01,710
F18120,F18,L02225,0.01,711
F18121,F18,L02225,0.01,712
F18122,F18,L02225,0.01,713
F18123,F18,L02225,0.01,714
F18124,F18,L02225,0.01,715
F18125,F18,L02225,0.01,716
F18126,F18,L02225,0.01,717
F18127,F18,L02225,0.01,718
F18128,F18,L02225,0.01,719
F18129,F18,L02225,0.01,720
F18130,F18,L02225,0.01,721
F18131,F18,L02225,0.01,722
F18132,F18,L02225,0.01,723
F18133,F18,L02225,0.01,724
F18134,F18,L02225,0.01,725
F18135,F18,L02225,0.01,726
F18136,F18,L02225,0.01,727
F18137,F18,L02225,0.01,728
F18138,F18,L02225,0.01,729
F18139,F18,L02225,0.01,730
F18140,F18,L02225,0.01,731
F18141,F18,L02225,0.01,732
F18142,F18,L02225,0.01,733
F18143,F18,L02225,0.01,734
F18144,F18,L02225,0.01,735
F18145,F18,L02225,0.01,736
F18146,F18,L02225,0.01,737
F18147,F18,L02225,0.01,738
F18148,F18,L02225,0.01,739
F18149,F18,L02225,0.01,740
F18150,F18,L02225,0.01,741
F18151,F18,L02225,0.01,742
F18152,F18,L02225,0.01,743
F18153,F18,L02225,0.01,744
F18154,F18,L02225,0.01,745
F18155,F18,L02225,0.01,746
F18156,F18,L02225,0.01,747
F18157,F18,L02225,0.01,748
F18158,F18,L02225,0.01,749
F18159,F18,L02225,0.01,750
F18160,F18,L02225,0.01,751
F18161,F18,L02225,0.01,752
F18162,F18,L02225,0.01,753
F18163,F18,L02225,0.01,754
F18164,F18,L02225,0.01,755
F18165,F18,L02225,0.01,756
F18166,F18,L02225,0.01,757
F18167,F18,L02225,0.01,758
F18168,F18,L02225,0.01,759
F18169,F18,L02225,0.01,760
F18170,F18,L02225,0.01,761
F18171,F18,L02225,0.01,762
F18172,F18,L02225,0.01,763
F18173,F18,L02225,0.01,764
F18174,F18,L02225,0.01,765
F18175,F18,L02225,0.01,766
F18176,F18,L02225,0.01,767
F18177,F18,L02225,0.01,768
F18178,F18,L02225,0.01,769
F18179,F18,L02225,0.01,770
F18180,F18,L02225,0.01,771
F18181,F18,L02225,0.01,772
F18182,F18,L02225,0.01,773
F18183,F18,L02225,0.01,774
F18184,F18,L02225,0.01,775
F18185,F18,L02225,0.01,776
F18186,F18,L02225,0.01,777
F18187,F18,L02225,0.01,778
F18188,F18,L02225,0.01,779
F18189,F18,L02225,0.01,780
F18190,F18,L02225,0.01,781
F18191,F18,L02225,0.01,782
F18192,F18,L02225,0.01,783
F18193,F18,L02225,0.01,784
F18194,F18,L02225,0.01,785
F18195,F18,L02225,0.01,786
F18196,F18,L02225,0.01,787
F18197,F18,L02225,0.01,788
F18198,F18,L02225,0.01,789
F18199,F18,L02225,0.01,790
F18200,F18,L02225,0.01,791
F18201,F18,L02225,0.01,792
F18202,F18,L02225,0.01,793
F18203,F18,L02225,0.01,794
F18204,F18,L02225,0.01,795
F18205,F18,L02225,0.01,796
F18206,F18,L02225,0.01,797
F18207,F18,L02225,0.01,798
F18208,F18,L02225,0.01,799
F18209,F18,L02225,0.01,800
F18210,F18,L02225,0.01,801
F18211,F18,L02225,0.01,802
F18212,F18,L02225,0.01,803
F18213,F18,L02225,0.01,804
F18214,F18,L02225,0.01,805
F18215,F18,L02225,0.01,806
F18216,F18,L02225,0.01,807
F18217,F18,L02225,0.01,808
F18218,F18,L02225,0.01,809
F18219,F18,L02225,0.01,810
F18220,F18,L02225,0.01,811
F18221,F18,L02225,0.01,812
F18222,F18,L02225,0.01,813
F18223,F18,L02225,0.01,814
F18224,F18,L02225,0.01,815
F18225,F18,L02225,0.01,816
F18226,F18,L02225,0.01,817
F18227,F18,L02225,0.01,818
F18228,F18,L02225,0.01,819
F18229,F18,L02225,0.01,820
F18230,F18,L02225,0.01,821
F18231,F18,L02225,0.01,822
F18232,F18,L02225,0.01,823
F18233,F18,L02225,0.01,824
F18234,F18,L02225,0.01,825
F18235,F18,L02225,0.01,826
F18236,F18,L02225,0.01,827
F18237,F18,L02225,0.01,828
F18238,F18,L02225,0.01,829
F18239,F18,L02225,0.01,830
F18240,F18,L02225,0.01,831
F18241,F18,L02225,0.01,832
F18242,F18,L02225,0.01,833
F18243,F18,L02225,0.01,834
F18244,F18,L02225,0.01,835
F18245,F18,L02225,0.01,836
F18246,F18,L02225,0.01,837
F18247,F18,L02225,0.01,838
F18248,F18,L02225,0.01,839
F18249,F18,L02225,0.01,840
F18250,F18,L02225,0.01,841
F18251,F18,L02225,0.01,842
F18252,F18,L02225,0.01,843
F18253,F18,L02225,0.01,844
F18254,F18,L02225,0.01,845
F18255,F18,L02225,0.01,846
F18256,F18,L02225,0.01,847
F18257,F18,L02225,0.01,848
F18258,F18,L02225,0.01,849
F18259,F18,L02225,0.01,850
F18260,F18,L02225,0.01,851
F18261,F18,L02225,0.01,852
F18262,F18,L02225,0.01,853
F18263,F18,L02225,0.01,854
F18264,F18,L02225,0.01,855
F18265,F18,L02225,0.01,856
F18266,F18,L02225,0.01,857
F18267,F18,L02225,0.01,858
F18268,F18,L02225,0.01,859
F18269,F18,L02225,0.01,860
F18270,F18,L02225,0.01,861
F18271,F18,L02225,0.01,862
F18272,F18,L02225,0.01,863
F18273,F18,L02225,0.01,864
F18274,F18,L02225,0.01,865
F18275,F18,L02225,0.01,866
F18276,F18,L02225,0.01,867
F18277,F18,L02225,0.01,868
F18278,F18,L02225,0.01,869
F18279,F18,L02225,0.01,870
F18280,F18,L02225,0.01,871
F18281,F18,L02225,0.01,872
F18282,F18,L02225,0.01,873
F18283,F18,L02225,0.01,874
F18284,F18,L02225,0.01,875
F18285,F18,L02225,0.01,876
F18286,F18,L02225,0.01,877
F18287,F18,L02225,0.01,878
F18288,F18,L02225,0.01,879
F18289,F18,L02225,0.01,880
F18290,F18,L02225,0.01,881
F18291,F18,L02225,0.01,882
F18292,F18,L02225,0.01,883
F18293,F18,L02225,0.01,884
F18294,F18,L02225,0.01,885
F18295,F18,L02225,0.01,886
F18296,F18,L02225,0.01,887
F18297,F18,L02225,0.01,888
F18298,F18,L02225,0.01,889
F18299,F18,L02225,0.01,890
F18300,F18,L02225,0.01,891
F18301,F18,L02225,0.01,892
F18302,F18,L02225,0.01,893
F18303,F18,L02225,0.01,894
F18304,F18,L02225,0.01,895
F18305,F18,L02225,0.01,896
F18306,F18,L02225,0.01,897
F18307,F18,L02225,0.01,898
F18308,F18,L02225,0.01,899
F18309,F18,L02225,0.01,900
F18310,F18,L02225,0.01,901
F18311,F18,L02225,0.01,902
F18312,F18,L02225,0.01,903
F18313,F18,L02225,0.01,904
F18314,F18,L02225,0.01,905
F18315,F18,L02225,0.01,906
F18316,F18,L02225,0.01,907
F18317,F18,L02225,0.01,908
F18318,F18,L02225,0.01,909
F18319,F18,L02225,0.01,910
F18320,F18,L02225,0.01,911
F18321,F18,L02225,0.01,912
F18322,F18,L02225,0.01,913
F18323,F18,L02225,0.01,914
F18324,F18,L02225,0.01,915
F18325,F18,L02225,0.01,916
F18326,F18,L02225,0.01,917
F18327,F18,L02225,0.01,918
F18328,F18,L02225,0.01,919
F18329,F18,L02225,0.01,920
F18330,F18,L02225,0.01,921
F18331,F18,L02225,0.01,922
F18332,F18,L02225,0.01,923
F18333,F18,L02225,0.01,924
F18334,F18,L02225,0.01,925
F18335,F18,L02225,0.01,926
F18336,F18,L02225,0.01,927
F18337,F18,L02225,0.01,928
F18338,F18,L02225,0.01,929
F18339,F18,L02225,0.01,930
F18340,F18,L02225,0.01,931
F18341,F18,L02225,0.01,932
F18342,F18,L02225,0.01,933
F18343,F18,L02225,0.01,934
F18344,F18,L02225,0.01,935
F18345,F18,L02225,0.01,936
F18346,F18,L02225,0.01,937
F18347,F18,L02225,0.01,938
F18348,F18,L02225,0.01,939
F18349,F18,L02225,0.01,940
F18350,F18,L02225,0.01,941
F18351,F18,L02225,0.01,942
F18352,F18,L02225,0.01,943
F18353,F18,L02225,0.01,944
F18354,F18,L02225,0.01,945
F18355,F18,L02225,0.01,946
F18356,F18,L02225,0.01,947
F18357,F18,L02225,0.01,948
F18358,F18,L02225,0.01,949
F18359,F18,L02225,0.01,950
F18360,F18,L02225,0.01,951
F18361,F18,L02225,0.01,952
F18362,F18,L02225,0.01,953
F18363,F18,L02225,0.01,954
F18364,F18,L02225,0.01,955
F18365,F18,L02225,0.01,956
F18366,F18,L02225,0.01,957
F18367,F18,L02225,0.01,958
F18368,F18,L02225,0.01,959
F18369,F18,L02225,0.01,960
F18370,F18,L02225,0.01,961
F18371,F18,L02225,0.01,962
F18372,F18,L02225,0.01,963
F18373,F18,L02225,0.01,964
F18374,F18,L02225,0.01,965
F18375,F18,L02225,0.01,966
F18376,F18,L02225,0.01,967
F18377,F18,L02225,0.01,968
F18378,F18,L02225,0.01,969
F18379,F18,L02225,0.01,970
F18380,F18,L02225,0.01,971
F18381,F18,L02225,0.01,972
F18382,F18,L02225,0.01,973
F18383,F18,L02225,0.01,974
F18384,F18,L02225,0.01,975
F18385,F18,L02225,0.01,976
F18386,F18,L02225,0.01,977
F18387,F18,L02225,0.01,978
F18388,F18,L02225,0.01,979
F18389,F18,L02225,0.01,980
F18390,F18,L02225,0.01,981
F18391,F18,L02225,0.01,982
F18392,F18,L02225,0.01,983
F18393,F18,L02225,0.01,984
F18394,F18,L02225,0.01,985
F18395,F18,L02225,0.01,986
F18396,F18,L02225,0.01,987
F18397,F18,L02225,0.01,988
F18398,F18,L02225,0.01,989
F18399,F18,L02225,0.01,990
F18400,F18,L02225,0.01,991
F18401,F18,L02225,0.01,992
F18402,F18,L02225,0.01,993
F18403,F18,L02225,0.01,994
F18404,F18,L02225,0.01,995
F18405,F18,L02225,0.01,996
F18406,F18,L02225,0.01,997
F18407,F18,L02225,0.01,998
F18408,F18,L02225,0.01,999
F18409,F18,L02225,0.01,1000
F18410,F18,L02225,0.01,1001
F18411,F18,L02225,0.01,1002
F18412,F18,L02225,0.01,1003
F18413,F18,L02225,0.01,1004
F18414,F18,L02225,0.01,1005
F18415,F18,L02225,0.01,1006
F18416,F18,L02225,0.01,1007
F18417,F18,L02225,0.01,1008
F18418,F18,L02225,0.01,1009
F18419,F18,L02225,0.01,1010
F18420,F18,L02225,0.01,1011
F18421,F18,L02225,0.01,1012
F18422,F18,L02225,0.01,1013
F18423,F18,L02225,0.01,1014
F18424,F18,L02225,0.01,1015
F18425,F18,L02225,0.01,1016
F18426,F18,L02225,0.01,1017
F18427,F18,L02225,0.01,1018
F18428,F18,L02225,0.01,1019
F18429,F18,L02225,0.01,1020
F18430,F18,L02225,0.01,1021
F18431,F18,L02225,0.01,1022
F18432,F18,L02225,0.01,1023
F18433,F19,L02225,0.02,0
F18434,F19,L02225,0.02,1
F18435,F19,L02225,0.02,2
F18436,F19,L02225,0.02,3
F18437,F19,L02225,0.02,4
F18438,F19,L02225,0.02,5
F18439,F19,L02225,0.02,6
F18440,F19,L02225,0.02,7
F18441,F19,L02225,0.02,8
F18442,F19,L02225,0.02,9
F18443,F19,L02225,0.02,10
F18444,F19,L02225,0.02,11
F18445,F19,L02225,0.02,12
F18446,F19,L02225,0.02,13
F18447,F19,L02225,0.02,14
F18448,F19,L02225,0.02,15
F18449,F19,L02225,0.02,16
F18450,F19,L02225,0.02,17
F18451,F19,L02225,0.02,18
F18452,F19,L02225,0.02,19
F18453,F19,L02225,0.02,20
F18454,F19,L02225,0.02,21
F18455,F19,L02225,0.02,22
F18456,F19,L02225,0.02,23
F18457,F19,L02225,0.02,24
F18458,F19,L02225,0.02,25
F18459,F19,L02225,0.02,26
F18460,F19,L02225,0.02,27
F18461,F19,L02225,0.02,28
F18462,F19,L02225,0.02,29
F18463,F19,L02225,0.02,30
F18464,F19,L02225,0.02,31
F18465,F19,L02225,0.02,32
F18466,F19,L02225,0.02,33
F18467,F19,L02225,0.02,34
F18468,F19,L02225,0.02,35
F18469,F19,L02225,0.02,36
F18470,F19,L02225,0.02,37
F18471,F19,L02225,0.02,38
F18472,F19,L02225,0.02,39
F18473,F19,L02225,0.02,40
F18474,F19,L02225,0.02,41
F18475,F19,L02225,0.02,42
F18476,F19,L02225,0.02,43
F18477,F19,L02225,0.02,44
F18478,F19,L02225,0.02,45
F18479,F19,L02225,0.02,46
F18480,F19,L02225,0.02,47
F18481,F19,L02225,0.02,48
F18482,F19,L02225,0.02,49
F18483,F19,L02225,0.02,50
F18484,F19,L02225,0.02,51
F18485,F19,L02225,0.02,52
F18486,F19,L02225,0.02,53
F18487,F19,L02225,0.02,54
F18488,F19,L02225,0.02,55
F18489,F19,L02225,0.02,56
F18490,F19,L02225,0.02,57
F18491,F19,L02225,0.02,58
F18492,F19,L02225,0.02,59
F18493,F19,L02225,0.02,60
F18494,F19,L02225,0.02,61
F18495,F19,L02225,0.02,62
F18496,F19,L02225,0.02,63
F18497,F19,L02225,0.02,64
F18498,F19,L02225,0.02,65
F18499,F19,L02225,0.02,66
F18500,F19,L02225,0.02,67
F18501,F19,L02225,0.02,68
F18502,F19,L02225,0.02,69
F18503,F19,L02225,0.02,70
F18504,F19,L02225,0.02,71
F18505,F19,L02225,0.02,72
F18506,F19,L02225,0.02,73
F18507,F19,L02225,0.02,74
F18508,F19,L02225,0.02,75
F18509,F19,L02225,0.02,76
F18510,F19,L02225,0.02,77
F18511,F19,L02225,0.02,78
F18512,F19,L02225,0.02,79
F18513,F19,L02225,0.02,80
F18514,F19,L02225,0.02,81
F18515,F19,L02225,0.02,82
F18516,F19,L02225,0.02,83
F18517,F19,L02225,0.02,84
F18518,F19,L02225,0.02,85
F18519,F19,L02225,0.02,86
F18520,F19,L02225,0.02,87
F18521,F19,L02225,0.02,88
F18522,F19,L02225,0.02,89
F18523,F19,L02225,0.02,90
F18524,F19,L02225,0.02,91
F18525,F19,L02225,0.02,92
F18526,F19,L02225,0.02,93
F18527,F19,L02225,0.02,94
F18528,F19,L02225,0.02,95
F18529,F19,L02225,0.02,96
F18530,F19,L02225,0.02,97
F18531,F19,L02225,0.02,98
F18532,F19,L02225,0.02,99
F18533,F19,L02225,0.02,100
F18534,F19,L02225,0.02,101
F18535,F19,L02225,0.02,102
F18536,F19,L02225,0.02,103
F18537,F19,L02225,0.02,104
F18538,F19,L02225,0.02,105
F18539,F19,L02225,0.02,106
F18540,F19,L02225,0.02,107
F18541,F19,L02225,0.02,108
F18542,F19,L02225,0.02,109
F18543,F19,L02225,0.02,110
F18544,F19,L02225,0.02,111
F18545,F19,L02225,0.02,112
F18546,F19,L02225,0.02,113
F18547,F19,L02225,0.02,114
F18548,F19,L02225,0.02,115
F18549,F19,L02225,0.02,116
F18550,F19,L02225,0.02,117
F18551,F19,L02225,0.02,118
F18552,F19,L02225,0.02,119
F18553,F19,L02225,0.02,120
F18554,F19,L02225,0.02,121
F18555,F19,L02225,0.02,122
F18556,F19,L02225,0.02,123
F18557,F19,L02225,0.02,124
F18558,F19,L02225,0.02,125
F18559,F19,L02225,0.02,126
F18560,F19,L02225,0.02,127
F18561,F19,L02225,0.02,128
F18562,F19,L02225,0.02,129
F18563,F19,L02225,0.02,130
F18564,F19,L02225,0.02,131
F18565,F19,L02225,0.02,132
F18566,F19,L02225,0.02,133
F18567,F19,L02225,0.02,134
F18568,F19,L02225,0.02,135
F18569,F19,L02225,0.02,136
F18570,F19,L02225,0.02,137
F18571,F19,L02225,0.02,138
F18572,F19,L02225,0.02,139
F18573,F19,L02225,0.02,140
F18574,F19,L02225,0.02,141
F18575,F19,L02225,0.02,142
F18576,F19,L02225,0.02,143
F18577,F19,L02225,0.02,144
F18578,F19,L02225,0.02,145
F18579,F19,L02225,0.02,146
F18580,F19,L02225,0.02,147
F18581,F19,L02225,0.02,148
F18582,F19,L02225,0.02,149
F18583,F19,L02225,0.02,150
F18584,F19,L02225,0.02,151
F18585,F19,L02225,0.02,152
F18586,F19,L02225,0.02,153
F18587,F19,L02225,0.02,154
F18588,F19,L02225,0.02,155
F18589,F19,L02225,0.02,156
F18590,F19,L02225,0.02,157
F18591,F19,L02225,0.02,158
F18592,F19,L02225,0.02,159
F18593,F19,L02225,0.02,160
F18594,F19,L02225,0.02,161
F18595,F19,L02225,0.02,162
F18596,F19,L02225,0.02,163
F18597,F19,L02225,0.02,164
F18598,F19,L02225,0.02,165
F18599,F19,L02225,0.02,166
F18600,F19,L02225,0.02,167
F18601,F19,L02225,0.02,168
F18602,F19,L02225,0.02,169
F18603,F19,L02225,0.02,170
F18604,F19,L02225,0.02,171
F18605,F19,L02225,0.02,172
F18606,F19,L02225,0.02,173
F18607,F19,L02225,0.02,174
F18608,F19,L02225,0.02,175
F18609,F19,L02225,0.02,176
F18610,F19,L02225,0.02,177
F18611,F19,L02225,0.02,178
F18612,F19,L02225,0.02,179
F18613,F19,L02225,0.02,180
F18614,F19,L02225,0.02,181
F18615,F19,L02225,0.02,182
F18616,F19,L02225,0.02,183
F18617,F19,L02225,0.02,184
F18618,F19,L02225,0.02,185
F18619,F19,L02225,0.02,186
F18620,F19,L02225,0.02,187
F18621,F19,L02225,0.02,188
F18622,F19,L02225,0.02,189
F18623,F19,L02225,0.02,190
F18624,F19,L02225,0.02,191
F18625,F19,L02225,0.02,192
F18626,F19,L02225,0.02,193
F18627,F19,L02225,0.02,194
F18628,F19,L02225,0.02,195
F18629,F19,L02225,0.02,196
F18630,F19,L02225,0.02,197
F18631,F19,L02225,0.02,198
F18632,F19,L02225,0.02,199
F18633,F19,L02225,0.02,200
F18634,F19,L02225,0.02,201
F18635,F19,L02225,0.02,202
F18636,F19,L02225,0.02,203
F18637,F19,L02225,0.02,204
F18638,F19,L02225,0.02,205
F18639,F19,L02225,0.02,206
F18640,F19,L02225,0.02,207
F18641,F19,L02225,0.02,208
F18642,F19,L02225,0.02,209
F18643,F19,L02225,0.02,210
F18644,F19,L02225,0.02,211
F18645,F19,L02225,0.02,212
F18646,F19,L02225,0.02,213
F18647,F19,L02225,0.02,214
F18648,F19,L02225,0.02,215
F18649,F19,L02225,0.02,216
F18650,F19,L02225,0.02,217
F18651,F19,L02225,0.02,218
F18652,F19,L02225,0.02,219
F18653,F19,L02225,0.02,220
F18654,F19,L02225,0.02,221
F18655,F19,L02225,0.02,222
F18656,F19,L02225,0.02,223
F18657,F19,L02225,0.02,224
F18658,F19,L02225,0.02,225
F18659,F19,L02225,0.02,226
F18660,F19,L02225,0.02,227
F18661,F19,L02225,0.02,228
F18662,F19,L02225,0.02,229
F18663,F19,L02225,0.02,230
F18664,F19,L02225,0.02,231
F18665,F19,L02225,0.02,232
F18666,F19,L02225,0.02,233
F18667,F19,L02225,0.02,234
F18668,F19,L02225,0.02,235
F18669,F19,L02225,0.02,236
F18670,F19,L02225,0.02,237
F18671,F19,L02225,0.02,238
F18672,F19,L02225,0.02,239
F18673,F19,L02225,0.02,240
F18674,F19,L02225,0.02,241
F18675,F19,L02225,0.02,242
F18676,F19,L02225,0.02,243
F18677,F19,L02225,0.02,244
F18678,F19,L02225,0.02,245
F18679,F19,L02225,0.02,246
F18680,F19,L02225,0.02,247
F18681,F19,L02225,0.02,248
F18682,F19,L02225,0.02,249
F18683,F19,L02225,0.02,250
F18684,F19,L02225,0.02,251
F18685,F19,L02225,0.02,252
F18686,F19,L02225,0.02,253
F18687,F19,L02225,0.02,254
F18688,F19,L02225,0.02,255
F18689,F19,L02225,0.02,256
F18690,F19,L02225,0.02,257
F18691,F19,L02225,0.02,258
F18692,F19,L02225,0.02,259
F18693,F19,L02225,0.02,260
F18694,F19,L02225,0.02,261
F18695,F19,L02225,0.02,262
F18696,F19,L02225,0.02,263
F18697,F19,L02225,0.02,264
F18698,F19,L02225,0.02,265
F18699,F19,L02225,0.02,266
F18700,F19,L02225,0.02,267
F18701,F19,L02225,0.02,268
F18702,F19,L02225,0.02,269
F18703,F19,L02225,0.02,270
F18704,F19,L02225,0.02,271
F18705,F19,L02225,0.02,272
F18706,F19,L02225,0.02,273
F18707,F19,L02225,0.02,274
F18708,F19,L02225,0.02,275
F18709,F19,L02225,0.02,276
F18710,F19,L02225,0.02,277
F18711,F19,L02225,0.02,278
F18712,F19,L02225,0.02,279
F18713,F19,L02225,0.02,280
F18714,F19,L02225,0.02,281
F18715,F19,L02225,0.02,282
F18716,F19,L02225,0.02,283
F18717,F19,L02225,0.02,284
F18718,F19,L02225,0.02,285
F18719,F19,L02225,0.02,286
F18720,F19,L02225,0.02,287
F18721,F19,L02225,0.02,288
F18722,F19,L02225,0.02,289
F18723,F19,L02225,0.02,290
F18724,F19,L02225,0.02,291
F18725,F19,L02225,0.02,292
F18726,F19,L02225,0.02,293
F18727,F19,L02225,0.02,294
F18728,F19,L02225,0.02,295
F18729,F19,L02225,0.02,296
F18730,F19,L02225,0.02,297
F18731,F19,L02225,0.02,298
F18732,F19,L02225,0.02,299
F18733,F19,L02225,0.02,300
F18734,F19,L02225,0.02,301
F18735,F19,L02225,0.02,302
F18736,F19,L02225,0.02,303
F18737,F19,L02225,0.02,304
F18738,F19,L02225,0.02,305
F18739,F19,L02225,0.02,306
F18740,F19,L02225,0.02,307
F18741,F19,L02225,0.02,308
F18742,F19,L02225,0.02,309
F18743,F19,L02225,0.02,310
F18744,F19,L02225,0.02,311
F18745,F19,L02225,0.02,312
F18746,F19,L02225,0.02,313
F18747,F19,L02225,0.02,314
F18748,F19,L02225,0.02,315
F18749,F19,L02225,0.02,316
F18750,F19,L02225,0.02,317
F18751,F19,L02225,0.02,318
F18752,F19,L02225,0.02,319
F18753,F19,L02225,0.02,320
F18754,F19,L02225,0.02,321
F18755,F19,L02225,0.02,322
F18756,F19,L02225,0.02,323
F18757,F19,L02225,0.02,324
F18758,F19,L02225,0.02,325
F18759,F19,L02225,0.02,326
F18760,F19,L02225,0.02,327
F18761,F19,L02225,0.02,328
F18762,F19,L02225,0.02,329
F18763,F19,L02225,0.02,330
F18764,F19,L02225,0.02,331
F18765,F19,L02225,0.02,332
F18766,F19,L02225,0.02,333
F18767,F19,L02225,0.02,334
F18768,F19,L02225,0.02,335
F18769,F19,L02225,0.02,336
F18770,F19,L02225,0.02,337
F18771,F19,L02225,0.02,338
F18772,F19,L02225,0.02,339
F18773,F19,L02225,0.02,340
F18774,F19,L02225,0.02,341
F18775,F19,L02225,0.02,342
F18776,F19,L02225,0.02,343
F18777,F19,L02225,0.02,344
F18778,F19,L02225,0.02,345
F18779,F19,L02225,0.02,346
F18780,F19,L02225,0.02,347
F18781,F19,L02225,0.02,348
F18782,F19,L02225,0.02,349
F18783,F19,L02225,0.02,350
F18784,F19,L02225,0.02,351
F18785,F19,L02225,0.02,352
F18786,F19,L02225,0.02,353
F18787,F19,L02225,0.02,354
F18788,F19,L02225,0.02,355
F18789,F19,L02225,0.02,356
F18790,F19,L02225,0.02,357
F18791,F19,L02225,0.02,358
F18792,F19,L02225,0.02,359
F18793,F19,L02225,0.02,360
F18794,F19,L02225,0.02,361
F18795,F19,L02225,0.02,362
F18796,F19,L02225,0.02,363
F18797,F19,L02225,0.02,364
F18798,F19,L02225,0.02,365
F18799,F19,L02225,0.02,366
F18800,F19,L02225,0.02,367
F18801,F19,L02225,0.02,368
F18802,F19,L02225,0.02,369
F18803,F19,L02225,0.02,370
F18804,F19,L02225,0.02,371
F18805,F19,L02225,0.02,372
F18806,F19,L02225,0.02,373
F18807,F19,L02225,0.02,374
F18808,F19,L02225,0.02,375
F18809,F19,L02225,0.02,376
F18810,F19,L02225,0.02,377
F18811,F19,L02225,0.02,378
F18812,F19,L02225,0.02,379
F18813,F19,L02225,0.02,380
F18814,F19,L02225,0.02,381
F18815,F19,L02225,0.02,382
F18816,F19,L02225,0.02,383
F18817,F19,L02225,0.02,384
F18818,F19,L02225,0.02,385
F18819,F19,L02225,0.02,386
F18820,F19,L02225,0.02,387
F18821,F19,L02225,0.02,388
F18822,F19,L02225,0.02,389
F18823,F19,L02225,0.02,390
F18824,F19,L02225,0.02,391
F18825,F19,L02225,0.02,392
F18826,F19,L02225,0.02,393
F18827,F19,L02225,0.02,394
F18828,F19,L02225,0.02,395
F18829,F19,L02225,0.02,396
F18830,F19,L02225,0.02,397
F18831,F19,L02225,0.02,398
F18832,F19,L02225,0.02,399
F18833,F19,L02225,0.02,400
F18834,F19,L02225,0.02,401
F18835,F19,L02225,0.02,402
F18836,F19,L02225,0.02,403
F18837,F19,L02225,0.02,404
F18838,F19,L02225,0.02,405
F18839,F19,L02225,0.02,406
F18840,F19,L02225,0.02,407
F18841,F19,L02225,0.02,408
F18842,F19,L02225,0.02,409
F18843,F19,L02225,0.02,410
F18844,F19,L02225,0.02,411
F18845,F19,L02225,0.02,412
F18846,F19,L02225,0.02,413
F18847,F19,L02225,0.02,414
F18848,F19,L02225,0.02,415
F18849,F19,L02225,0.02,416
F18850,F19,L02225,0.02,417
F18851,F19,L02225,0.02,418
F18852,F19,L02225,0.02,419
F18853,F19,L02225,0.02,420
F18854,F19,L02225,0.02,421
F18855,F19,L02225,0.02,422
F18856,F19,L02225,0.02,423
F18857,F19,L02225,0.02,424
F18858,F19,L02225,0.02,425
F18859,F19,L02225,0.02,426
F18860,F19,L02225,0.02,427
F18861,F19,L02225,0.02,428
F18862,F19,L02225,0.02,429
F18863,F19,L02225,0.02,430
F18864,F19,L02225,0.02,431
F18865,F19,L02225,0.02,432
F18866,F19,L02225,0.02,433
F18867,F19,L02225,0.02,434
F18868,F19,L02225,0.02,435
F18869,F19,L02225,0.02,436
F18870,F19,L02225,0.02,437
F18871,F19,L02225,0.02,438
F18872,F19,L02225,0.02,439
F18873,F19,L02225,0.02,440
F18874,F19,L02225,0.02,441
F18875,F19,L02225,0.02,442
F18876,F19,L02225,0.02,443
F18877,F19,L02225,0.02,444
F18878,F19,L02225,0.02,445
F18879,F19,L02225,0.02,446
F18880,F19,L02225,0.02,447
F18881,F19,L02225,0.02,448
F18882,F19,L02225,0.02,449
F18883,F19,L02225,0.02,450
F18884,F19,L02225,0.02,451
F18885,F19,L02225,0.02,452
F18886,F19,L02225,0.02,453
F18887,F19,L02225,0.02,454
F18888,F19,L02225,0.02,455
F18889,F19,L02225,0.02,456
F18890,F19,L02225,0.02,457
F18891,F19,L02225,0.02,458
F18892,F19,L02225,0.02,459
F18893,F19,L02225,0.02,460
F18894,F19,L02225,0.02,461
F18895,F19,L02225,0.02,462
F18896,F19,L02225,0.02,463
F18897,F19,L02225,0.02,464
F18898,F19,L02225,0.02,465
F18899,F19,L02225,0.02,466
F18900,F19,L02225,0.02,467
F18901,F19,L02225,0.02,468
F18902,F19,L02225,0.02,469
F18903,F19,L02225,0.02,470
F18904,F19,L02225,0.02,471
F18905,F19,L02225,0.02,472
F18906,F19,L02225,0.02,473
F18907,F19,L02225,0.02,474
F18908,F19,L02225,0.02,475
F18909,F19,L02225,0.02,476
F18910,F19,L02225,0.02,477
F18911,F19,L02225,0.02,478
F18912,F19,L02225,0.02,479
F18913,F19,L02225,0.02,480
F18914,F19,L02225,0.02,481
F18915,F19,L02225,0.02,482
F18916,F19,L02225,0.02,483
F18917,F19,L02225,0.02,484
F18918,F19,L02225,0.02,485
F18919,F19,L02225,0.02,486
F18920,F19,L02225,0.02,487
F18921,F19,L02225,0.02,488
F18922,F19,L02225,0.02,489
F18923,F19,L02225,0.02,490
F18924,F19,L02225,0.02,491
F18925,F19,L02225,0.02,492
F18926,F19,L02225,0.02,493
F18927,F19,L02225,0.02,494
F18928,F19,L02225,0.02,495
F18929,F19,L02225,0.02,496
F18930,F19,L02225,0.02,497
F18931,F19,L02225,0.02,498
F18932,F19,L02225,0.02,499
F18933,F19,L02225,0.02,500
F18934,F19,L02225,0.02,501
F18935,F19,L02225,0.02,502
F18936,F19,L02225,0.02,503
F18937,F19,L02225,0.02,504
F18938,F19,L02225,0.02,505
F18939,F19,L02225,0.02,506
F18940,F19,L02225,0.02,507
F18941,F19,L02225,0.02,508
F18942,F19,L02225,0.02,509
F18943,F19,L02225,0.02,510
F18944,F19,L02225,0.02,511
F18945,F19,L02225,0.02,512
F18946,F19,L02225,0.02,513
F18947,F19,L02225,0.02,514
F18948,F19,L02225,0.02,515
F18949,F19,L02225,0.02,516
F18950,F19,L02225,0.02,517
F18951,F19,L02225,0.02,518
F18952,F19,L02225,0.02,519
F18953,F19,L02225,0.02,520
F18954,F19,L02225,0.02,521
F18955,F19,L02225,0.02,522
F18956,F19,L02225,0.02,523
F18957,F19,L02225,0.02,524
F18958,F19,L02225,0.02,525
F18959,F19,L02225,0.02,526
F18960,F19,L02225,0.02,527
F18961,F19,L02225,0.02,528
F18962,F19,L02225,0.02,529
F18963,F19,L02225,0.02,530
F18964,F19,L02225,0.02,531
F18965,F19,L02225,0.02,532
F18966,F19,L02225,0.02,533
F18967,F19,L02225,0.02,534
F18968,F19,L02225,0.02,535
F18969,F19,L02225,0.02,536
F18970,F19,L02225,0.02,537
F18971,F19,L02225,0.02,538
F18972,F19,L02225,0.02,539
F18973,F19,L02225,0.02,540
F18974,F19,L02225,0.02,541
F18975,F19,L02225,0.02,542
F18976,F19,L02225,0.02,543
F18977,F19,L02225,0.02,544
F18978,F19,L02225,0.02,545
F18979,F19,L02225,0.02,546
F18980,F19,L02225,0.02,547
F18981,F19,L02225,0.02,548
F18982,F19,L02225,0.02,549
F18983,F19,L02225,0.02,550
F18984,F19,L02225,0.02,551
F18985,F19,L02225,0.02,552
F18986,F19,L02225,0.02,553
F18987,F19,L02225,0.02,554
F18988,F19,L02225,0.02,555
F18989,F19,L02225,0.02,556
F18990,F19,L02225,0.02,557
F18991,F19,L02225,0.02,558
F18992,F19,L02225,0.02,559
F18993,F19,L02225,0.02,560
F18994,F19,L02225,0.02,561
F18995,F19,L02225,0.02,562
F18996,F19,L02225,0.02,563
F18997,F19,L02225,0.02,564
F18998,F19,L02225,0.02,565
F18999,F19,L02225,0.02,566
F19000,F19,L02225,0.02,567
F19001,F19,L02225,0.02,568
F19002,F19,L02225,0.02,569
F19003,F19,L02225,0.02,570
F19004,F19,L02225,0.02,571
F19005,F19,L02225,0.02,572
F19006,F19,L02225,0.02,573
F19007,F19,L02225,0.02,574
F19008,F19,L02225,0.02,575
F19009,F19,L02225,0.02,576
F19010,F19,L02225,0.02,577
F19011,F19,L02225,0.02,578
F19012,F19,L02225,0.02,579
F19013,F19,L02225,0.02,580
F19014,F19,L02225,0.02,581
F19015,F19,L02225,0.02,582
F19016,F19,L02225,0.02,583
F19017,F19,L02225,0.02,584
F19018,F19,L02225,0.02,585
F19019,F19,L02225,0.02,586
F19020,F19,L02225,0.02,587
F19021,F19,L02225,0.02,588
F19022,F19,L02225,0.02,589
F19023,F19,L02225,0.02,590
F19024,F19,L02225,0.02,591
F19025,F19,L02225,0.02,592
F19026,F19,L02225,0.02,593
F19027,F19,L02225,0.02,594
F19028,F19,L02225,0.02,595
F19029,F19,L02225,0.02,596
F19030,F19,L02225,0.02,597
F19031,F19,L02225,0.02,598
F19032,F19,L02225,0.02,599
F19033,F19,L02225,0.02,600
F19034,F19,L02225,0.02,601
F19035,F19,L02225,0.02,602
F19036,F19,L02225,0.02,603
F19037,F19,L02225,0.02,604
F19038,F19,L02225,0.02,605
F19039,F19,L02225,0.02,606
F19040,F19,L02225,0.02,607
F19041,F19,L02225,0.02,608
F19042,F19,L02225,0.02,609
F19043,F19,L02225,0.02,610
F19044,F19,L02225,0.02,611
F19045,F19,L02225,0.02,612
F19046,F19,L02225,0.02,613
F19047,F19,L02225,0.02,614
F19048,F19,L02225,0.02,615
F19049,F19,L02225,0.02,616
F19050,F19,L02225,0.02,617
F19051,F19,L02225,0.02,618
F19052,F19,L02225,0.02,619
F19053,F19,L02225,0.02,620
F19054,F19,L02225,0.02,621
F19055,F19,L02225,0.02,622
F19056,F19,L02225,0.02,623
F19057,F19,L02225,0.02,624
F19058,F19,L02225,0.02,625
F19059,F19,L02225,0.02,626
F19060,F19,L02225,0.02,627
F19061,F19,L02225,0.02,628
F19062,F19,L02225,0.02,629
F19063,F19,L02225,0.02,630
F19064,F19,L02225,0.02,631
F19065,F19,L02225,0.02,632
F19066,F19,L02225,0.02,633
F19067,F19,L02225,0.02,634
F19068,F19,L02225,0.02,635
F19069,F19,L02225,0.02,636
F19070,F19,L02225,0.02,637
F19071,F19,L02225,0.02,638
F19072,F19,L02225,0.02,639
F19073,F19,L02225,0.02,640
F19074,F19,L02225,0.02,641
F19075,F19,L02225,0.02,642
F19076,F19,L02225,0.02,643
F19077,F19,L02225,0.02,644
F19078,F19,L02225,0.02,645
F19079,F19,L02225,0.02,646
F19080,F19,L02225,0.02,647
F19081,F19,L02225,0.02,648
F19082,F19,L02225,0.02,649
F19083,F19,L02225,0.02,650
F19084,F19,L02225,0.02,651
F19085,F19,L02225,0.02,652
F19086,F19,L02225,0.02,653
F19087,F19,L02225,0.02,654
F19088,F19,L02225,0.02,655
F19089,F19,L02225,0.02,656
F19090,F19,L02225,0.02,657
F19091,F19,L02225,0.02,658
F19092,F19,L02225,0.02,659
F19093,F19,L02225,0.02,660
F19094,F19,L02225,0.02,661
F19095,F19,L02225,0.02,662
F19096,F19,L02225,0.02,663
F19097,F19,L02225,0.02,664
F19098,F19,L02225,0.02,665
F19099,F19,L02225,0.02,666
F19100,F19,L02225,0.02,667
F19101,F19,L02225,0.02,668
F19102,F19,L02225,0.02,669
F19103,F19,L02225,0.02,670
F19104,F19,L02225,0.02,671
F19105,F19,L02225,0.02,672
F19106,F19,L02225,0.02,673
F19107,F19,L02225,0.02,674
F19108,F19,L02225,0.02,675
F19109,F19,L02225,0.02,676
F19110,F19,L02225,0.02,677
F19111,F19,L02225,0.02,678
F19112,F19,L02225,0.02,679
F19113,F19,L02225,0.02,680
F19114,F19,L02225,0.02,681
F19115,F19,L02225,0.02,682
F19116,F19,L02225,0.02,683
F19117,F19,L02225,0.02,684
F19118,F19,L02225,0.02,685
F19119,F19,L02225,0.02,686
F19120,F19,L02225,0.02,687
F19121,F19,L02225,0.02,688
F19122,F19,L02225,0.02,689
F19123,F19,L02225,0.02,690
F19124,F19,L02225,0.02,691
F19125,F19,L02225,0.02,692
F19126,F19,L02225,0.02,693
F19127,F19,L02225,0.02,694
F19128,F19,L02225,0.02,695
F19129,F19,L02225,0.02,696
F19130,F19,L02225,0.02,697
F19131,F19,L02225,0.02,698
F19132,F19,L02225,0.02,699
F19133,F19,L02225,0.02,700
F19134,F19,L02225,0.02,701
F19135,F19,L02225,0.02,702
F19136,F19,L02225,0.02,703
F19137,F19,L02225,0.02,704
F19138,F19,L02225,0.02,705
F19139,F19,L02225,0.02,706
F19140,F19,L02225,0.02,707
F19141,F19,L02225,0.02,708
F19142,F19,L02225,0.02,709
F19143,F19,L02225,0.02,710
F19144,F19,L02225,0.02,711
F19145,F19,L02225,0.02,712
F19146,F19,L02225,0.02,713
F19147,F19,L02225,0.02,714
F19148,F19,L02225,0.02,715
F19149,F19,L02225,0.02,716
F19150,F19,L02225,0.02,717
F19151,F19,L02225,0.02,718
F19152,F19,L02225,0.02,719
F19153,F19,L02225,0.02,720
F19154,F19,L02225,0.02,721
F19155,F19,L02225,0.02,722
F19156,F19,L02225,0.02,723
F19157,F19,L02225,0.02,724
F19158,F19,L02225,0.02,725
F19159,F19,L02225,0.02,726
F19160,F19,L02225,0.02,727
F19161,F19,L02225,0.02,728
F19162,F19,L02225,0.02,729
F19163,F19,L02225,0.02,730
F19164,F19,L02225,0.02,731
F19165,F19,L02225,0.02,732
F19166,F19,L02225,0.02,733
F19167,F19,L02225,0.02,734
F19168,F19,L02225,0.02,735
F19169,F19,L02225,0.02,736
F19170,F19,L02225,0.02,737
F19171,F19,L02225,0.02,738
F19172,F19,L02225,0.02,739
F19173,F19,L02225,0.02,740
F19174,F19,L02225,0.02,741
F19175,F19,L02225,0.02,742
F19176,F19,L02225,0.02,743
F19177,F19,L02225,0.02,744
F19178,F19,L02225,0.02,745
F19179,F19,L02225,0.02,746
F19180,F19,L02225,0.02,747
F19181,F19,L02225,0.02,748
F19182,F19,L02225,0.02,749
F19183,F19,L02225,0.02,750
F19184,F19,L02225,0.02,751
F19185,F19,L02225,0.02,752
F19186,F19,L02225,0.02,753
F19187,F19,L02225,0.02,754
F19188,F19,L02225,0.02,755
F19189,F19,L02225,0.02,756
F19190,F19,L02225,0.02,757
F19191,F19,L02225,0.02,758
F19192,F19,L02225,0.02,759
F19193,F19,L02225,0.02,760
F19194,F19,L02225,0.02,761
F19195,F19,L02225,0.02,762
F19196,F19,L02225,0.02,763
F19197,F19,L02225,0.02,764
F19198,F19,L02225,0.02,765
F19199,F19,L02225,0.02,766
F19200,F19,L02225,0.02,767
F19201,F19,L02225,0.02,768
F19202,F19,L02225,0.02,769
F19203,F19,L02225,0.02,770
F19204,F19,L02225,0.02,771
F19205,F19,L02225,0.02,772
F19206,F19,L02225,0.02,773
F19207,F19,L02225,0.02,774
F19208,F19,L02225,0.02,775
F19209,F19,L02225,0.02,776
F19210,F19,L02225,0.02,777
F19211,F19,L02225,0.02,778
F19212,F19,L02225,0.02,779
F19213,F19,L02225,0.02,780
F19214,F19,L02225,0.02,781
F19215,F19,L02225,0.02,782
F19216,F19,L02225,0.02,783
F19217,F19,L02225,0.02,784
F19218,F19,L02225,0.02,785
F19219,F19,L02225,0.02,786
F19220,F19,L02225,0.02,787
F19221,F19,L02225,0.02,788
F19222,F19,L02225,0.02,789
F19223,F19,L02225,0.02,790
F19224,F19,L02225,0.02,791
F19225,F19,L02225,0.02,792
F19226,F19,L02225,0.02,793
F19227,F19,L02225,0.02,794
F19228,F19,L02225,0.02,795
F19229,F19,L02225,0.02,796
F19230,F19,L02225,0.02,797
F19231,F19,L02225,0.02,798
F19232,F19,L02225,0.02,799
F19233,F19,L02225,0.02,800
F19234,F19,L02225,0.02,801
F19235,F19,L02225,0.02,802
F19236,F19,L02225,0.02,803
F19237,F19,L02225,0.02,804
F19238,F19,L02225,0.02,805
F19239,F19,L02225,0.02,806
F19240,F19,L02225,0.02,807
F19241,F19,L02225,0.02,808
F19242,F19,L02225,0.02,809
F19243,F19,L02225,0.02,810
F19244,F19,L02225,0.02,811
F19245,F19,L02225,0.02,812
F19246,F19,L02225,0.02,813
F19247,F19,L02225,0.02,814
F19248,F19,L02225,0.02,815
F19249,F19,L02225,0.02,816
F19250,F19,L02225,0.02,817
F19251,F19,L02225,0.02,818
F19252,F19,L02225,0.02,819
F19253,F19,L02225,0.02,820
F19254,F19,L02225,0.02,821
F19255,F19,L02225,0.02,822
F19256,F19,L02225,0.02,823
F19257,F19,L02225,0.02,824
F19258,F19,L02225,0.02,825
F19259,F19,L02225,0.02,826
F19260,F19,L02225,0.02,827
F19261,F19,L02225,0.02,828
F19262,F19,L02225,0.02,829
F19263,F19,L02225,0.02,830
F19264,F19,L02225,0.02,831
F19265,F19,L02225,0.02,832
F19266,F19,L02225,0.02,833
F19267,F19,L02225,0.02,834
F19268,F19,L02225,0.02,835
F19269,F19,L02225,0.02,836
F19270,F19,L02225,0.02,837
F19271,F19,L02225,0.02,838
F19272,F19,L02225,0.02,839
F19273,F19,L02225,0.02,840
F19274,F19,L02225,0.02,841
F19275,F19,L02225,0.02,842
F19276,F19,L02225,0.02,843
F19277,F19,L02225,0.02,844
F19278,F19,L02225,0.02,845
F19279,F19,L02225,0.02,846
F19280,F19,L02225,0.02,847
F19281,F19,L02225,0.02,848
F19282,F19,L02225,0.02,849
F19283,F19,L02225,0.02,850
F19284,F19,L02225,0.02,851
F19285,F19,L02225,0.02,852
F19286,F19,L02225,0.02,853
F19287,F19,L02225,0.02,854
F19288,F19,L02225,0.02,855
F19289,F19,L02225,0.02,856
F19290,F19,L02225,0.02,857
F19291,F19,L02225,0.02,858
F19292,F19,L02225,0.02,859
F19293,F19,L02225,0.02,860
F19294,F19,L02225,0.02,861
F19295,F19,L02225,0.02,862
F19296,F19,L02225,0.02,863
F19297,F19,L02225,0.02,864
F19298,F19,L02225,0.02,865
F19299,F19,L02225,0.02,866
F19300,F19,L02225,0.02,867
F19301,F19,L02225,0.02,868
F19302,F19,L02225,0.02,869
F19303,F19,L02225,0.02,870
F19304,F19,L02225,0.02,871
F19305,F19,L02225,0.02,872
F19306,F19,L02225,0.02,873
F19307,F19,L02225,0.02,874
F19308,F19,L02225,0.02,875
F19309,F19,L02225,0.02,876
F19310,F19,L02225,0.02,877
F19311,F19,L02225,0.02,878
F19312,F19,L02225,0.02,879
F19313,F19,L02225,0.02,880
F19314,F19,L02225,0.02,881
F19315,F19,L02225,0.02,882
F19316,F19,L02225,0.02,883
F19317,F19,L02225,0.02,884
F19318,F19,L02225,0.02,885
F19319,F19,L02225,0.02,886
F19320,F19,L02225,0.02,887
F19321,F19,L02225,0.02,888
F19322,F19,L02225,0.02,889
F19323,F19,L02225,0.02,890
F19324,F19,L02225,0.02,891
F19325,F19,L02225,0.02,892
F19326,F19,L02225,0.02,893
F19327,F19,L02225,0.02,894
F19328,F19,L02225,0.02,895
F19329,F19,L02225,0.02,896
F19330,F19,L02225,0.02,897
F19331,F19,L02225,0.02,898
F19332,F19,L02225,0.02,899
F19333,F19,L02225,0.02,900
F19334,F19,L02225,0.02,901
F19335,F19,L02225,0.02,902
F19336,F19,L02225,0.02,903
F19337,F19,L02225,0.02,904
F19338,F19,L02225,0.02,905
F19339,F19,L02225,0.02,906
F19340,F19,L02225,0.02,907
F19341,F19,L02225,0.02,908
F19342,F19,L02225,0.02,909
F19343,F19,L02225,0.02,910
F19344,F19,L02225,0.02,911
F19345,F19,L02225,0.02,912
F19346,F19,L02225,0.02,913
F19347,F19,L02225,0.02,914
F19348,F19,L02225,0.02,915
F19349,F19,L02225,0.02,916
F19350,F19,L02225,0.02,917
F19351,F19,L02225,0.02,918
F19352,F19,L02225,0.02,919
F19353,F19,L02225,0.02,920
F19354,F19,L02225,0.02,921
F19355,F19,L02225,0.02,922
F19356,F19,L02225,0.02,923
F19357,F19,L02225,0.02,924
F19358,F19,L02225,0.02,925
F19359,F19,L02225,0.02,926
F19360,F19,L02225,0.02,927
F19361,F19,L02225,0.02,928
F19362,F19,L02225,0.02,929
F19363,F19,L02225,0.02,930
F19364,F19,L02225,0.02,931
F19365,F19,L02225,0.02,932
F19366,F19,L02225,0.02,933
F19367,F19,L02225,0.02,934
F19368,F19,L02225,0.02,935
F19369,F19,L02225,0.02,936
F19370,F19,L02225,0.02,937
F19371,F19,L02225,0.02,938
F19372,F19,L02225,0.02,939
F19373,F19,L02225,0.02,940
F19374,F19,L02225,0.02,941
F19375,F19,L02225,0.02,942
F19376,F19,L02225,0.02,943
F19377,F19,L02225,0.02,944
F19378,F19,L02225,0.02,945
F19379,F19,L02225,0.02,946
F19380,F19,L02225,0.02,947
F19381,F19,L02225,0.02,948
F19382,F19,L02225,0.02,949
F19383,F19,L02225,0.02,950
F19384,F19,L02225,0.02,951
F19385,F19,L02225,0.02,952
F19386,F19,L02225,0.02,953
F19387,F19,L02225,0.02,954
F19388,F19,L02225,0.02,955
F19389,F19,L02225,0.02,956
F19390,F19,L02225,0.02,957
F19391,F19,L02225,0.02,958
F19392,F19,L02225,0.02,959
F19393,F19,L02225,0.02,960
F19394,F19,L02225,0.02,961
F19395,F19,L02225,0.02,962
F19396,F19,L02225,0.02,963
F19397,F19,L02225,0.02,964
F19398,F19,L02225,0.02,965
F19399,F19,L02225,0.02,966
F19400,F19,L02225,0.02,967
F19401,F19,L02225,0.02,968
F19402,F19,L02225,0.02,969
F19403,F19,L02225,0.02,970
F19404,F19,L02225,0.02,971
F19405,F19,L02225,0.02,972
F19406,F19,L02225,0.02,973
F19407,F19,L02225,0.02,974
F19408,F19,L02225,0.02,975
F19409,F19,L02225,0.02,976
F19410,F19,L02225,0.02,977
F19411,F19,L02225,0.02,978
F19412,F19,L02225,0.02,979
F19413,F19,L02225,0.02,980
F19414,F19,L02225,0.02,981
F19415,F19,L02225,0.02,982
F19416,F19,L02225,0.02,983
F19417,F19,L02225,0.02,984
F19418,F19,L02225,0.02,985
F19419,F19,L02225,0.02,986
F19420,F19,L02225,0.02,987
F19421,F19,L02225,0.02,988
F19422,F19,L02225,0.02,989
F19423,F19,L02225,0.02,990
F19424,F19,L02225,0.02,991
F19425,F19,L02225,0.02,992
F19426,F19,L02225,0.02,993
F19427,F19,L02225,0.02,994
F19428,F19,L02225,0.02,995
F19429,F19,L02225,0.02,996
F19430,F19,L02225,0.02,997
F19431,F19,L02225,0.02,998
F19432,F19,L02225,0.02,999
F19433,F19,L02225,0.02,1000
F19434,F19,L02225,0.02,1001
F19435,F19,L02225,0.02,1002
F19436,F19,L02225,0.02,1003
F19437,F19,L02225,0.02,1004
F19438,F19,L02225,0.02,1005
F19439,F19,L02225,0.02,1006
F19440,F19,L02225,0.02,1007
F19441,F19,L02225,0.02,1008
F19442,F19,L02225,0.02,1009
F19443,F19,L02225,0.02,1010
F19444,F19,L02225,0.02,1011
F19445,F19,L02225,0.02,1012
F19446,F19,L02225,0.02,1013
F19447,F19,L02225,0.02,1014
F19448,F19,L02225,0.02,1015
F19449,F19,L02225,0.02,1016
F19450,F19,L02225,0.02,1017
F19451,F19,L02225,0.02,1018
F19452,F19,L02225,0.02,1019
F19453,F19,L02225,0.02,1020
F19454,F19,L02225,0.02,1021
F19455,F19,L02225,0.02,1022
F19456,F19,L02225,0.02,1023
F19457,F20,L02225,0.04,0
F19458,F20,L02225,0.04,1
F19459,F20,L02225,0.04,2
F19460,F20,L02225,0.04,3
F19461,F20,L02225,0.04,4
F19462,F20,L02225,0.04,5
F19463,F20,L02225,0.04,6
F19464,F20,L02225,0.04,7
F19465,F20,L02225,0.04,8
F19466,F20,L02225,0.04,9
F19467,F20,L02225,0.04,10
F19468,F20,L02225,0.04,11
F19469,F20,L02225,0.04,12
F19470,F20,L02225,0.04,13
F19471,F20,L02225,0.04,14
F19472,F20,L02225,0.04,15
F19473,F20,L02225,0.04,16
F19474,F20,L02225,0.04,17
F19475,F20,L02225,0.04,18
F19476,F20,L02225,0.04,19
F19477,F20,L02225,0.04,20
F19478,F20,L02225,0.04,21
F19479,F20,L02225,0.04,22
F19480,F20,L02225,0.04,23
F19481,F20,L02225,0.04,24
F19482,F20,L02225,0.04,25
F19483,F20,L02225,0.04,26
F19484,F20,L02225,0.04,27
F19485,F20,L02225,0.04,28
F19486,F20,L02225,0.04,29
F19487,F20,L02225,0.04,30
F19488,F20,L02225,0.04,31
F19489,F20,L02225,0.04,32
F19490,F20,L02225,0.04,33
F19491,F20,L02225,0.04,34
F19492,F20,L02225,0.04,35
F19493,F20,L02225,0.04,36
F19494,F20,L02225,0.04,37
F19495,F20,L02225,0.04,38
F19496,F20,L02225,0.04,39
F19497,F20,L02225,0.04,40
F19498,F20,L02225,0.04,41
F19499,F20,L02225,0.04,42
F19500,F20,L02225,0.04,43
F19501,F20,L02225,0.04,44
F19502,F20,L02225,0.04,45
F19503,F20,L02225,0.04,46
F19504,F20,L02225,0.04,47
F19505,F20,L02225,0.04,48
F19506,F20,L02225,0.04,49
F19507,F20,L02225,0.04,50
F19508,F20,L02225,0.04,51
F19509,F20,L02225,0.04,52
F19510,F20,L02225,0.04,53
F19511,F20,L02225,0.04,54
F19512,F20,L02225,0.04,55
F19513,F20,L02225,0.04,56
F19514,F20,L02225,0.04,57
F19515,F20,L02225,0.04,58
F19516,F20,L02225,0.04,59
F19517,F20,L02225,0.04,60
F19518,F20,L02225,0.04,61
F19519,F20,L02225,0.04,62
F19520,F20,L02225,0.04,63
F19521,F20,L02225,0.04,64
F19522,F20,L02225,0.04,65
F19523,F20,L02225,0.04,66
F19524,F20,L02225,0.04,67
F19525,F20,L02225,0.04,68
F19526,F20,L02225,0.04,69
F19527,F20,L02225,0.04,70
F19528,F20,L02225,0.04,71
F19529,F20,L02225,0.04,72
F19530,F20,L02225,0.04,73
F19531,F20,L02225,0.04,74
F19532,F20,L02225,0.04,75
F19533,F20,L02225,0.04,76
F19534,F20,L02225,0.04,77
F19535,F20,L02225,0.04,78
F19536,F20,L02225,0.04,79
F19537,F20,L02225,0.04,80
F19538,F20,L02225,0.04,81
F19539,F20,L02225,0.04,82
F19540,F20,L02225,0.04,83
F19541,F20,L02225,0.04,84
F19542,F20,L02225,0.04,85
F19543,F20,L02225,0.04,86
F19544,F20,L02225,0.04,87
F19545,F20,L02225,0.04,88
F19546,F20,L02225,0.04,89
F19547,F20,L02225,0.04,90
F19548,F20,L02225,0.04,91
F19549,F20,L02225,0.04,92
F19550,F20,L02225,0.04,93
F19551,F20,L02225,0.04,94
F19552,F20,L02225,0.04,95
F19553,F20,L02225,0.04,96
F19554,F20,L02225,0.04,97
F19555,F20,L02225,0.04,98
F19556,F20,L02225,0.04,99
F19557,F20,L02225,0.04,100
F19558,F20,L02225,0.04,101
F19559,F20,L02225,0.04,102
F19560,F20,L02225,0.04,103
F19561,F20,L02225,0.04,104
F19562,F20,L02225,0.04,105
F19563,F20,L02225,0.04,106
F19564,F20,L02225,0.04,107
F19565,F20,L02225,0.04,108
F19566,F20,L02225,0.04,109
F19567,F20,L02225,0.04,110
F19568,F20,L02225,0.04,111
F19569,F20,L02225,0.04,112
F19570,F20,L02225,0.04,113
F19571,F20,L02225,0.04,114
F19572,F20,L02225,0.04,115
F19573,F20,L02225,0.04,116
F19574,F20,L02225,0.04,117
F19575,F20,L02225,0.04,118
F19576,F20,L02225,0.04,119
F19577,F20,L02225,0.04,120
F19578,F20,L02225,0.04,121
F19579,F20,L02225,0.04,122
F19580,F20,L02225,0.04,123
F19581,F20,L02225,0.04,124
F19582,F20,L02225,0.04,125
F19583,F20,L02225,0.04,126
F19584,F20,L02225,0.04,127
F19585,F20,L02225,0.04,128
F19586,F20,L02225,0.04,129
F19587,F20,L02225,0.04,130
F19588,F20,L02225,0.04,131
F19589,F20,L02225,0.04,132
F19590,F20,L02225,0.04,133
F19591,F20,L02225,0.04,134
F19592,F20,L02225,0.04,135
F19593,F20,L02225,0.04,136
F19594,F20,L02225,0.04,137
F19595,F20,L02225,0.04,138
F19596,F20,L02225,0.04,139
F19597,F20,L02225,0.04,140
F19598,F20,L02225,0.04,141
F19599,F20,L02225,0.04,142
F19600,F20,L02225,0.04,143
F19601,F20,L02225,0.04,144
F19602,F20,L02225,0.04,145
F19603,F20,L02225,0.04,146
F19604,F20,L02225,0.04,147
F19605,F20,L02225,0.04,148
F19606,F20,L02225,0.04,149
F19607,F20,L02225,0.04,150
F19608,F20,L02225,0.04,151
F19609,F20,L02225,0.04,152
F19610,F20,L02225,0.04,153
F19611,F20,L02225,0.04,154
F19612,F20,L02225,0.04,155
F19613,F20,L02225,0.04,156
F19614,F20,L02225,0.04,157
F19615,F20,L02225,0.04,158
F19616,F20,L02225,0.04,159
F19617,F20,L02225,0.04,160
F19618,F20,L02225,0.04,161
F19619,F20,L02225,0.04,162
F19620,F20,L02225,0.04,163
F19621,F20,L02225,0.04,164
F19622,F20,L02225,0.04,165
F19623,F20,L02225,0.04,166
F19624,F20,L02225,0.04,167
F19625,F20,L02225,0.04,168
F19626,F20,L02225,0.04,169
F19627,F20,L02225,0.04,170
F19628,F20,L02225,0.04,171
F19629,F20,L02225,0.04,172
F19630,F20,L02225,0.04,173
F19631,F20,L02225,0.04,174
F19632,F20,L02225,0.04,175
F19633,F20,L02225,0.04,176
F19634,F20,L02225,0.04,177
F19635,F20,L02225,0.04,178
F19636,F20,L02225,0.04,179
F19637,F20,L02225,0.04,180
F19638,F20,L02225,0.04,181
F19639,F20,L02225,0.04,182
F19640,F20,L02225,0.04,183
F19641,F20,L02225,0.04,184
F19642,F20,L02225,0.04,185
F19643,F20,L02225,0.04,186
F19644,F20,L02225,0.04,187
F19645,F20,L02225,0.04,188
F19646,F20,L02225,0.04,189
F19647,F20,L02225,0.04,190
F19648,F20,L02225,0.04,191
F19649,F20,L02225,0.04,192
F19650,F20,L02225,0.04,193
F19651,F20,L02225,0.04,194
F19652,F20,L02225,0.04,195
F19653,F20,L02225,0.04,196
F19654,F20,L02225,0.04,197
F19655,F20,L02225,0.04,198
F19656,F20,L02225,0.04,199
F19657,F20,L02225,0.04,200
F19658,F20,L02225,0.04,201
F19659,F20,L02225,0.04,202
F19660,F20,L02225,0.04,203
F19661,F20,L02225,0.04,204
F19662,F20,L02225,0.04,205
F19663,F20,L02225,0.04,206
F19664,F20,L02225,0.04,207
F19665,F20,L02225,0.04,208
F19666,F20,L02225,0.04,209
F19667,F20,L02225,0.04,210
F19668,F20,L02225,0.04,211
F19669,F20,L02225,0.04,212
F19670,F20,L02225,0.04,213
F19671,F20,L02225,0.04,214
F19672,F20,L02225,0.04,215
F19673,F20,L02225,0.04,216
F19674,F20,L02225,0.04,217
F19675,F20,L02225,0.04,218
F19676,F20,L02225,0.04,219
F19677,F20,L02225,0.04,220
F19678,F20,L02225,0.04,221
F19679,F20,L02225,0.04,222
F19680,F20,L02225,0.04,223
F19681,F20,L02225,0.04,224
F19682,F20,L02225,0.04,225
F19683,F20,L02225,0.04,226
F19684,F20,L02225,0.04,227
F19685,F20,L02225,0.04,228
F19686,F20,L02225,0.04,229
F19687,F20,L02225,0.04,230
F19688,F20,L02225,0.04,231
F19689,F20,L02225,0.04,232
F19690,F20,L02225,0.04,233
F19691,F20,L02225,0.04,234
F19692,F20,L02225,0.04,235
F19693,F20,L02225,0.04,236
F19694,F20,L02225,0.04,237
F19695,F20,L02225,0.04,238
F19696,F20,L02225,0.04,239
F19697,F20,L02225,0.04,240
F19698,F20,L02225,0.04,241
F19699,F20,L02225,0.04,242
F19700,F20,L02225,0.04,243
F19701,F20,L02225,0.04,244
F19702,F20,L02225,0.04,245
F19703,F20,L02225,0.04,246
F19704,F20,L02225,0.04,247
F19705,F20,L02225,0.04,248
F19706,F20,L02225,0.04,249
F19707,F20,L02225,0.04,250
F19708,F20,L02225,0.04,251
F19709,F20,L02225,0.04,252
F19710,F20,L02225,0.04,253
F19711,F20,L02225,0.04,254
F19712,F20,L02225,0.04,255
F19713,F20,L02225,0.04,256
F19714,F20,L02225,0.04,257
F19715,F20,L02225,0.04,258
F19716,F20,L02225,0.04,259
F19717,F20,L02225,0.04,260
F19718,F20,L02225,0.04,261
F19719,F20,L02225,0.04,262
F19720,F20,L02225,0.04,263
F19721,F20,L02225,0.04,264
F19722,F20,L02225,0.04,265
F19723,F20,L02225,0.04,266
F19724,F20,L02225,0.04,267
F19725,F20,L02225,0.04,268
F19726,F20,L02225,0.04,269
F19727,F20,L02225,0.04,270
F19728,F20,L02225,0.04,271
F19729,F20,L02225,0.04,272
F19730,F20,L02225,0.04,273
F19731,F20,L02225,0.04,274
F19732,F20,L02225,0.04,275
F19733,F20,L02225,0.04,276
F19734,F20,L02225,0.04,277
F19735,F20,L02225,0.04,278
F19736,F20,L02225,0.04,279
F19737,F20,L02225,0.04,280
F19738,F20,L02225,0.04,281
F19739,F20,L02225,0.04,282
F19740,F20,L02225,0.04,283
F19741,F20,L02225,0.04,284
F19742,F20,L02225,0.04,285
F19743,F20,L02225,0.04,286
F19744,F20,L02225,0.04,287
F19745,F20,L02225,0.04,288
F19746,F20,L02225,0.04,289
F19747,F20,L02225,0.04,290
F19748,F20,L02225,0.04,291
F19749,F20,L02225,0.04,292
F19750,F20,L02225,0.04,293
F19751,F20,L02225,0.04,294
F19752,F20,L02225,0.04,295
F19753,F20,L02225,0.04,296
F19754,F20,L02225,0.04,297
F19755,F20,L02225,0.04,298
F19756,F20,L02225,0.04,299
F19757,F20,L02225,0.04,300
F19758,F20,L02225,0.04,301
F19759,F20,L02225,0.04,302
F19760,F20,L02225,0.04,303
F19761,F20,L02225,0.04,304
F19762,F20,L02225,0.04,305
F19763,F20,L02225,0.04,306
F19764,F20,L02225,0.04,307
F19765,F20,L02225,0.04,308
F19766,F20,L02225,0.04,309
F19767,F20,L02225,0.04,310
F19768,F20,L02225,0.04,311
F19769,F20,L02225,0.04,312
F19770,F20,L02225,0.04,313
F19771,F20,L02225,0.04,314
F19772,F20,L02225,0.04,315
F19773,F20,L02225,0.04,316
F19774,F20,L02225,0.04,317
F19775,F20,L02225,0.04,318
F19776,F20,L02225,0.04,319
F19777,F20,L02225,0.04,320
F19778,F20,L02225,0.04,321
F19779,F20,L02225,0.04,322
F19780,F20,L02225,0.04,323
F19781,F20,L02225,0.04,324
F19782,F20,L02225,0.04,325
F19783,F20,L02225,0.04,326
F19784,F20,L02225,0.04,327
F19785,F20,L02225,0.04,328
F19786,F20,L02225,0.04,329
F19787,F20,L02225,0.04,330
F19788,F20,L02225,0.04,331
F19789,F20,L02225,0.04,332
F19790,F20,L02225,0.04,333
F19791,F20,L02225,0.04,334
F19792,F20,L02225,0.04,335
F19793,F20,L02225,0.04,336
F19794,F20,L02225,0.04,337
F19795,F20,L02225,0.04,338
F19796,F20,L02225,0.04,339
F19797,F20,L02225,0.04,340
F19798,F20,L02225,0.04,341
F19799,F20,L02225,0.04,342
F19800,F20,L02225,0.04,343
F19801,F20,L02225,0.04,344
F19802,F20,L02225,0.04,345
F19803,F20,L02225,0.04,346
F19804,F20,L02225,0.04,347
F19805,F20,L02225,0.04,348
F19806,F20,L02225,0.04,349
F19807,F20,L02225,0.04,350
F19808,F20,L02225,0.04,351
F19809,F20,L02225,0.04,352
F19810,F20,L02225,0.04,353
F19811,F20,L02225,0.04,354
F19812,F20,L02225,0.04,355
F19813,F20,L02225,0.04,356
F19814,F20,L02225,0.04,357
F19815,F20,L02225,0.04,358
F19816,F20,L02225,0.04,359
F19817,F20,L02225,0.04,360
F19818,F20,L02225,0.04,361
F19819,F20,L02225,0.04,362
F19820,F20,L02225,0.04,363
F19821,F20,L02225,0.04,364
F19822,F20,L02225,0.04,365
F19823,F20,L02225,0.04,366
F19824,F20,L02225,0.04,367
F19825,F20,L02225,0.04,368
F19826,F20,L02225,0.04,369
F19827,F20,L02225,0.04,370
F19828,F20,L02225,0.04,371
F19829,F20,L02225,0.04,372
F19830,F20,L02225,0.04,373
F19831,F20,L02225,0.04,374
F19832,F20,L02225,0.04,375
F19833,F20,L02225,0.04,376
F19834,F20,L02225,0.04,377
F19835,F20,L02225,0.04,378
F19836,F20,L02225,0.04,379
F19837,F20,L02225,0.04,380
F19838,F20,L02225,0.04,381
F19839,F20,L02225,0.04,382
F19840,F20,L02225,0.04,383
F19841,F20,L02225,0.04,384
F19842,F20,L02225,0.04,385
F19843,F20,L02225,0.04,386
F19844,F20,L02225,0.04,387
F19845,F20,L02225,0.04,388
F19846,F20,L02225,0.04,389
F19847,F20,L02225,0.04,390
F19848,F20,L02225,0.04,391
F19849,F20,L02225,0.04,392
F19850,F20,L02225,0.04,393
F19851,F20,L02225,0.04,394
F19852,F20,L02225,0.04,395
F19853,F20,L02225,0.04,396
F19854,F20,L02225,0.04,397
F19855,F20,L02225,0.04,398
F19856,F20,L02225,0.04,399
F19857,F20,L02225,0.04,400
F19858,F20,L02225,0.04,401
F19859,F20,L02225,0.04,402
F19860,F20,L02225,0.04,403
F19861,F20,L02225,0.04,404
F19862,F20,L02225,0.04,405
F19863,F20,L02225,0.04,406
F19864,F20,L02225,0.04,407
F19865,F20,L02225,0.04,408
F19866,F20,L02225,0.04,409
F19867,F20,L02225,0.04,410
F19868,F20,L02225,0.04,411
F19869,F20,L02225,0.04,412
F19870,F20,L02225,0.04,413
F19871,F20,L02225,0.04,414
F19872,F20,L02225,0.04,415
F19873,F20,L02225,0.04,416
F19874,F20,L02225,0.04,417
F19875,F20,L02225,0.04,418
F19876,F20,L02225,0.04,419
F19877,F20,L02225,0.04,420
F19878,F20,L02225,0.04,421
F19879,F20,L02225,0.04,422
F19880,F20,L02225,0.04,423
F19881,F20,L02225,0.04,424
F19882,F20,L02225,0.04,425
F19883,F20,L02225,0.04,426
F19884,F20,L02225,0.04,427
F19885,F20,L02225,0.04,428
F19886,F20,L02225,0.04,429
F19887,F20,L02225,0.04,430
F19888,F20,L02225,0.04,431
F19889,F20,L02225,0.04,432
F19890,F20,L02225,0.04,433
F19891,F20,L02225,0.04,434
F19892,F20,L02225,0.04,435
F19893,F20,L02225,0.04,436
F19894,F20,L02225,0.04,437
F19895,F20,L02225,0.04,438
F19896,F20,L02225,0.04,439
F19897,F20,L02225,0.04,440
F19898,F20,L02225,0.04,441
F19899,F20,L02225,0.04,442
F19900,F20,L02225,0.04,443
F19901,F20,L02225,0.04,444
F19902,F20,L02225,0.04,445
F19903,F20,L02225,0.04,446
F19904,F20,L02225,0.04,447
F19905,F20,L02225,0.04,448
F19906,F20,L02225,0.04,449
F19907,F20,L02225,0.04,450
F19908,F20,L02225,0.04,451
F19909,F20,L02225,0.04,452
F19910,F20,L02225,0.04,453
F19911,F20,L02225,0.04,454
F19912,F20,L02225,0.04,455
F19913,F20,L02225,0.04,456
F19914,F20,L02225,0.04,457
F19915,F20,L02225,0.04,458
F19916,F20,L02225,0.04,459
F19917,F20,L02225,0.04,460
F19918,F20,L02225,0.04,461
F19919,F20,L02225,0.04,462
F19920,F20,L02225,0.04,463
F19921,F20,L02225,0.04,464
F19922,F20,L02225,0.04,465
F19923,F20,L02225,0.04,466
F19924,F20,L02225,0.04,467
F19925,F20,L02225,0.04,468
F19926,F20,L02225,0.04,469
F19927,F20,L02225,0.04,470
F19928,F20,L02225,0.04,471
F19929,F20,L02225,0.04,472
F19930,F20,L02225,0.04,473
F19931,F20,L02225,0.04,474
F19932,F20,L02225,0.04,475
F19933,F20,L02225,0.04,476
F19934,F20,L02225,0.04,477
F19935,F20,L02225,0.04,478
F19936,F20,L02225,0.04,479
F19937,F20,L02225,0.04,480
F19938,F20,L02225,0.04,481
F19939,F20,L02225,0.04,482
F19940,F20,L02225,0.04,483
F19941,F20,L02225,0.04,484
F19942,F20,L02225,0.04,485
F19943,F20,L02225,0.04,486
F19944,F20,L02225,0.04,487
F19945,F20,L02225,0.04,488
F19946,F20,L02225,0.04,489
F19947,F20,L02225,0.04,490
F19948,F20,L02225,0.04,491
F19949,F20,L02225,0.04,492
F19950,F20,L02225,0.04,493
F19951,F20,L02225,0.04,494
F19952,F20,L02225,0.04,495
F19953,F20,L02225,0.04,496
F19954,F20,L02225,0.04,497
F19955,F20,L02225,0.04,498
F19956,F20,L02225,0.04,499
F19957,F20,L02225,0.04,500
F19958,F20,L02225,0.04,501
F19959,F20,L02225,0.04,502
F19960,F20,L02225,0.04,503
F19961,F20,L02225,0.04,504
F19962,F20,L02225,0.04,505
F19963,F20,L02225,0.04,506
F19964,F20,L02225,0.04,507
F19965,F20,L02225,0.04,508
F19966,F20,L02225,0.04,509
F19967,F20,L02225,0.04,510
F19968,F20,L02225,0.04,511
F19969,F20,L02225,0.04,512
F19970,F20,L02225,0.04,513
F19971,F20,L02225,0.04,514
F19972,F20,L02225,0.04,515
F19973,F20,L02225,0.04,516
F19974,F20,L02225,0.04,517
F19975,F20,L02225,0.04,518
F19976,F20,L02225,0.04,519
F19977,F20,L02225,0.04,520
F19978,F20,L02225,0.04,521
F19979,F20,L02225,0.04,522
F19980,F20,L02225,0.04,523
F19981,F20,L02225,0.04,524
F19982,F20,L02225,0.04,525
F19983,F20,L02225,0.04,526
F19984,F20,L02225,0.04,527
F19985,F20,L02225,0.04,528
F19986,F20,L02225,0.04,529
F19987,F20,L02225,0.04,530
F19988,F20,L02225,0.04,531
F19989,F20,L02225,0.04,532
F19990,F20,L02225,0.04,533
F19991,F20,L02225,0.04,534
F19992,F20,L02225,0.04,535
F19993,F20,L02225,0.04,536
F19994,F20,L02225,0.04,537
F19995,F20,L02225,0.04,538
F19996,F20,L02225,0.04,539
F19997,F20,L02225,0.04,540
F19998,F20,L02225,0.04,541
F19999,F20,L02225,0.04,542
F20000,F20,L02225,0.04,543
F20001,F20,L02225,0.04,544
F20002,F20,L02225,0.04,545
F20003,F20,L02225,0.04,546
F20004,F20,L02225,0.04,547
F20005,F20,L02225,0.04,548
F20006,F20,L02225,0.04,549
F20007,F20,L02225,0.04,550
F20008,F20,L02225,0.04,551
F20009,F20,L02225,0.04,552
F20010,F20,L02225,0.04,553
F20011,F20,L02225,0.04,554
F20012,F20,L02225,0.04,555
F20013,F20,L02225,0.04,556
F20014,F20,L02225,0.04,557
F20015,F20,L02225,0.04,558
F20016,F20,L02225,0.04,559
F20017,F20,L02225,0.04,560
F20018,F20,L02225,0.04,561
F20019,F20,L02225,0.04,562
F20020,F20,L02225,0.04,563
F20021,F20,L02225,0.04,564
F20022,F20,L02225,0.04,565
F20023,F20,L02225,0.04,566
F20024,F20,L02225,0.04,567
F20025,F20,L02225,0.04,568
F20026,F20,L02225,0.04,569
F20027,F20,L02225,0.04,570
F20028,F20,L02225,0.04,571
F20029,F20,L02225,0.04,572
F20030,F20,L02225,0.04,573
F20031,F20,L02225,0.04,574
F20032,F20,L02225,0.04,575
F20033,F20,L02225,0.04,576
F20034,F20,L02225,0.04,577
F20035,F20,L02225,0.04,578
F20036,F20,L02225,0.04,579
F20037,F20,L02225,0.04,580
F20038,F20,L02225,0.04,581
F20039,F20,L02225,0.04,582
F20040,F20,L02225,0.04,583
F20041,F20,L02225,0.04,584
F20042,F20,L02225,0.04,585
F20043,F20,L02225,0.04,586
F20044,F20,L02225,0.04,587
F20045,F20,L02225,0.04,588
F20046,F20,L02225,0.04,589
F20047,F20,L02225,0.04,590
F20048,F20,L02225,0.04,591
F20049,F20,L02225,0.04,592
F20050,F20,L02225,0.04,593
F20051,F20,L02225,0.04,594
F20052,F20,L02225,0.04,595
F20053,F20,L02225,0.04,596
F20054,F20,L02225,0.04,597
F20055,F20,L02225,0.04,598
F20056,F20,L02225,0.04,599
F20057,F20,L02225,0.04,600
F20058,F20,L02225,0.04,601
F20059,F20,L02225,0.04,602
F20060,F20,L02225,0.04,603
F20061,F20,L02225,0.04,604
F20062,F20,L02225,0.04,605
F20063,F20,L02225,0.04,606
F20064,F20,L02225,0.04,607
F20065,F20,L02225,0.04,608
F20066,F20,L02225,0.04,609
F20067,F20,L02225,0.04,610
F20068,F20,L02225,0.04,611
F20069,F20,L02225,0.04,612
F20070,F20,L02225,0.04,613
F20071,F20,L02225,0.04,614
F20072,F20,L02225,0.04,615
F20073,F20,L02225,0.04,616
F20074,F20,L02225,0.04,617
F20075,F20,L02225,0.04,618
F20076,F20,L02225,0.04,619
F20077,F20,L02225,0.04,620
F20078,F20,L02225,0.04,621
F20079,F20,L02225,0.04,622
F20080,F20,L02225,0.04,623
F20081,F20,L02225,0.04,624
F20082,F20,L02225,0.04,625
F20083,F20,L02225,0.04,626
F20084,F20,L02225,0.04,627
F20085,F20,L02225,0.04,628
F20086,F20,L02225,0.04,629
F20087,F20,L02225,0.04,630
F20088,F20,L02225,0.04,631
F20089,F20,L02225,0.04,632
F20090,F20,L02225,0.04,633
F20091,F20,L02225,0.04,634
F20092,F20,L02225,0.04,635
F20093,F20,L02225,0.04,636
F20094,F20,L02225,0.04,637
F20095,F20,L02225,0.04,638
F20096,F20,L02225,0.04,639
F20097,F20,L02225,0.04,640
F20098,F20,L02225,0.04,641
F20099,F20,L02225,0.04,642
F20100,F20,L02225,0.04,643
F20101,F20,L02225,0.04,644
F20102,F20,L02225,0.04,645
F20103,F20,L02225,0.04,646
F20104,F20,L02225,0.04,647
F20105,F20,L02225,0.04,648
F20106,F20,L02225,0.04,649
F20107,F20,L02225,0.04,650
F20108,F20,L02225,0.04,651
F20109,F20,L02225,0.04,652
F20110,F20,L02225,0.04,653
F20111,F20,L02225,0.04,654
F20112,F20,L02225,0.04,655
F20113,F20,L02225,0.04,656
F20114,F20,L02225,0.04,657
F20115,F20,L02225,0.04,658
F20116,F20,L02225,0.04,659
F20117,F20,L02225,0.04,660
F20118,F20,L02225,0.04,661
F20119,F20,L02225,0.04,662
F20120,F20,L02225,0.04,663
F20121,F20,L02225,0.04,664
F20122,F20,L02225,0.04,665
F20123,F20,L02225,0.04,666
F20124,F20,L02225,0.04,667
F20125,F20,L02225,0.04,668
F20126,F20,L02225,0.04,669
F20127,F20,L02225,0.04,670
F20128,F20,L02225,0.04,671
F20129,F20,L02225,0.04,672
F20130,F20,L02225,0.04,673
F20131,F20,L02225,0.04,674
F20132,F20,L02225,0.04,675
F20133,F20,L02225,0.04,676
F20134,F20,L02225,0.04,677
F20135,F20,L02225,0.04,678
F20136,F20,L02225,0.04,679
F20137,F20,L02225,0.04,680
F20138,F20,L02225,0.04,681
F20139,F20,L02225,0.04,682
F20140,F20,L02225,0.04,683
F20141,F20,L02225,0.04,684
F20142,F20,L02225,0.04,685
F20143,F20,L02225,0.04,686
F20144,F20,L02225,0.04,687
F20145,F20,L02225,0.04,688
F20146,F20,L02225,0.04,689
F20147,F20,L02225,0.04,690
F20148,F20,L02225,0.04,691
F20149,F20,L02225,0.04,692
F20150,F20,L02225,0.04,693
F20151,F20,L02225,0.04,694
F20152,F20,L02225,0.04,695
F20153,F20,L02225,0.04,696
F20154,F20,L02225,0.04,697
F20155,F20,L02225,0.04,698
F20156,F20,L02225,0.04,699
F20157,F20,L02225,0.04,700
F20158,F20,L02225,0.04,701
F20159,F20,L02225,0.04,702
F20160,F20,L02225,0.04,703
F20161,F20,L02225,0.04,704
F20162,F20,L02225,0.04,705
F20163,F20,L02225,0.04,706
F20164,F20,L02225,0.04,707
F20165,F20,L02225,0.04,708
F20166,F20,L02225,0.04,709
F20167,F20,L02225,0.04,710
F20168,F20,L02225,0.04,711
F20169,F20,L02225,0.04,712
F20170,F20,L02225,0.04,713
F20171,F20,L02225,0.04,714
F20172,F20,L02225,0.04,715
F20173,F20,L02225,0.04,716
F20174,F20,L02225,0.04,717
F20175,F20,L02225,0.04,718
F20176,F20,L02225,0.04,719
F20177,F20,L02225,0.04,720
F20178,F20,L02225,0.04,721
F20179,F20,L02225,0.04,722
F20180,F20,L02225,0.04,723
F20181,F20,L02225,0.04,724
F20182,F20,L02225,0.04,725
F20183,F20,L02225,0.04,726
F20184,F20,L02225,0.04,727
F20185,F20,L02225,0.04,728
F20186,F20,L02225,0.04,729
F20187,F20,L02225,0.04,730
F20188,F20,L02225,0.04,731
F20189,F20,L02225,0.04,732
F20190,F20,L02225,0.04,733
F20191,F20,L02225,0.04,734
F20192,F20,L02225,0.04,735
F20193,F20,L02225,0.04,736
F20194,F20,L02225,0.04,737
F20195,F20,L02225,0.04,738
F20196,F20,L02225,0.04,739
F20197,F20,L02225,0.04,740
F20198,F20,L02225,0.04,741
F20199,F20,L02225,0.04,742
F20200,F20,L02225,0.04,743
F20201,F20,L02225,0.04,744
F20202,F20,L02225,0.04,745
F20203,F20,L02225,0.04,746
F20204,F20,L02225,0.04,747
F20205,F20,L02225,0.04,748
F20206,F20,L02225,0.04,749
F20207,F20,L02225,0.04,750
F20208,F20,L02225,0.04,751
F20209,F20,L02225,0.04,752
F20210,F20,L02225,0.04,753
F20211,F20,L02225,0.04,754
F20212,F20,L02225,0.04,755
F20213,F20,L02225,0.04,756
F20214,F20,L02225,0.04,757
F20215,F20,L02225,0.04,758
F20216,F20,L02225,0.04,759
F20217,F20,L02225,0.04,760
F20218,F20,L02225,0.04,761
F20219,F20,L02225,0.04,762
F20220,F20,L02225,0.04,763
F20221,F20,L02225,0.04,764
F20222,F20,L02225,0.04,765
F20223,F20,L02225,0.04,766
F20224,F20,L02225,0.04,767
F20225,F20,L02225,0.04,768
F20226,F20,L02225,0.04,769
F20227,F20,L02225,0.04,770
F20228,F20,L02225,0.04,771
F20229,F20,L02225,0.04,772
F20230,F20,L02225,0.04,773
F20231,F20,L02225,0.04,774
F20232,F20,L02225,0.04,775
F20233,F20,L02225,0.04,776
F20234,F20,L02225,0.04,777
F20235,F20,L02225,0.04,778
F20236,F20,L02225,0.04,779
F20237,F20,L02225,0.04,780
F20238,F20,L02225,0.04,781
F20239,F20,L02225,0.04,782
F20240,F20,L02225,0.04,783
F20241,F20,L02225,0.04,784
F20242,F20,L02225,0.04,785
F20243,F20,L02225,0.04,786
F20244,F20,L02225,0.04,787
F20245,F20,L02225,0.04,788
F20246,F20,L02225,0.04,789
F20247,F20,L02225,0.04,790
F20248,F20,L02225,0.04,791
F20249,F20,L02225,0.04,792
F20250,F20,L02225,0.04,793
F20251,F20,L02225,0.04,794
F20252,F20,L02225,0.04,795
F20253,F20,L02225,0.04,796
F20254,F20,L02225,0.04,797
F20255,F20,L02225,0.04,798
F20256,F20,L02225,0.04,799
F20257,F20,L02225,0.04,800
F20258,F20,L02225,0.04,801
F20259,F20,L02225,0.04,802
F20260,F20,L02225,0.04,803
F20261,F20,L02225,0.04,804
F20262,F20,L02225,0.04,805
F20263,F20,L02225,0.04,806
F20264,F20,L02225,0.04,807
F20265,F20,L02225,0.04,808
F20266,F20,L02225,0.04,809
F20267,F20,L02225,0.04,810
F20268,F20,L02225,0.04,811
F20269,F20,L02225,0.04,812
F20270,F20,L02225,0.04,813
F20271,F20,L02225,0.04,814
F20272,F20,L02225,0.04,815
F20273,F20,L02225,0.04,816
F20274,F20,L02225,0.04,817
F20275,F20,L02225,0.04,818
F20276,F20,L02225,0.04,819
F20277,F20,L02225,0.04,820
F20278,F20,L02225,0.04,821
F20279,F20,L02225,0.04,822
F20280,F20,L02225,0.04,823
F20281,F20,L02225,0.04,824
F20282,F20,L02225,0.04,825
F20283,F20,L02225,0.04,826
F20284,F20,L02225,0.04,827
F20285,F20,L02225,0.04,828
F20286,F20,L02225,0.04,829
F20287,F20,L02225,0.04,830
F20288,F20,L02225,0.04,831
F20289,F20,L02225,0.04,832
F20290,F20,L02225,0.04,833
F20291,F20,L02225,0.04,834
F20292,F20,L02225,0.04,835
F20293,F20,L02225,0.04,836
F20294,F20,L02225,0.04,837
F20295,F20,L02225,0.04,838
F20296,F20,L02225,0.04,839
F20297,F20,L02225,0.04,840
F20298,F20,L02225,0.04,841
F20299,F20,L02225,0.04,842
F20300,F20,L02225,0.04,843
F20301,F20,L02225,0.04,844
F20302,F20,L02225,0.04,845
F20303,F20,L02225,0.04,846
F20304,F20,L02225,0.04,847
F20305,F20,L02225,0.04,848
F20306,F20,L02225,0.04,849
F20307,F20,L02225,0.04,850
F20308,F20,L02225,0.04,851
F20309,F20,L02225,0.04,852
F20310,F20,L02225,0.04,853
F20311,F20,L02225,0.04,854
F20312,F20,L02225,0.04,855
F20313,F20,L02225,0.04,856
F20314,F20,L02225,0.04,857
F20315,F20,L02225,0.04,858
F20316,F20,L02225,0.04,859
F20317,F20,L02225,0.04,860
F20318,F20,L02225,0.04,861
F20319,F20,L02225,0.04,862
F20320,F20,L02225,0.04,863
F20321,F20,L02225,0.04,864
F20322,F20,L02225,0.04,865
F20323,F20,L02225,0.04,866
F20324,F20,L02225,0.04,867
F20325,F20,L02225,0.04,868
F20326,F20,L02225,0.04,869
F20327,F20,L02225,0.04,870
F20328,F20,L02225,0.04,871
F20329,F20,L02225,0.04,872
F20330,F20,L02225,0.04,873
F20331,F20,L02225,0.04,874
F20332,F20,L02225,0.04,875
F20333,F20,L02225,0.04,876
F20334,F20,L02225,0.04,877
F20335,F20,L02225,0.04,878
F20336,F20,L02225,0.04,879
F20337,F20,L02225,0.04,880
F20338,F20,L02225,0.04,881
F20339,F20,L02225,0.04,882
F20340,F20,L02225,0.04,883
F20341,F20,L02225,0.04,884
F20342,F20,L02225,0.04,885
F20343,F20,L02225,0.04,886
F20344,F20,L02225,0.04,887
F20345,F20,L02225,0.04,888
F20346,F20,L02225,0.04,889
F20347,F20,L02225,0.04,890
F20348,F20,L02225,0.04,891
F20349,F20,L02225,0.04,892
F20350,F20,L02225,0.04,893
F20351,F20,L02225,0.04,894
F20352,F20,L02225,0.04,895
F20353,F20,L02225,0.04,896
F20354,F20,L02225,0.04,897
F20355,F20,L02225,0.04,898
F20356,F20,L02225,0.04,899
F20357,F20,L02225,0.04,900
F20358,F20,L02225,0.04,901
F20359,F20,L02225,0.04,902
F20360,F20,L02225,0.04,903
F20361,F20,L02225,0.04,904
F20362,F20,L02225,0.04,905
F20363,F20,L02225,0.04,906
F20364,F20,L02225,0.04,907
F20365,F20,L02225,0.04,908
F20366,F20,L02225,0.04,909
F20367,F20,L02225,0.04,910
F20368,F20,L02225,0.04,911
F20369,F20,L02225,0.04,912
F20370,F20,L02225,0.04,913
F20371,F20,L02225,0.04,914
F20372,F20,L02225,0.04,915
F20373,F20,L02225,0.04,916
F20374,F20,L02225,0.04,917
F20375,F20,L02225,0.04,918
F20376,F20,L02225,0.04,919
F20377,F20,L02225,0.04,920
F20378,F20,L02225,0.04,921
F20379,F20,L02225,0.04,922
F20380,F20,L02225,0.04,923
F20381,F20,L02225,0.04,924
F20382,F20,L02225,0.04,925
F20383,F20,L02225,0.04,926
F20384,F20,L02225,0.04,927
F20385,F20,L02225,0.04,928
F20386,F20,L02225,0.04,929
F20387,F20,L02225,0.04,930
F20388,F20,L02225,0.04,931
F20389,F20,L02225,0.04,932
F20390,F20,L02225,0.04,933
F20391,F20,L02225,0.04,934
F20392,F20,L02225,0.04,935
F20393,F20,L02225,0.04,936
F20394,F20,L02225,0.04,937
F20395,F20,L02225,0.04,938
F20396,F20,L02225,0.04,939
F20397,F20,L02225,0.04,940
F20398,F20,L02225,0.04,941
F20399,F20,L02225,0.04,942
F20400,F20,L02225,0.04,943
F20401,F20,L02225,0.04,944
F20402,F20,L02225,0.04,945
F20403,F20,L02225,0.04,946
F20404,F20,L02225,0.04,947
F20405,F20,L02225,0.04,948
F20406,F20,L02225,0.04,949
F20407,F20,L02225,0.04,950
F20408,F20,L02225,0.04,951
F20409,F20,L02225,0.04,952
F20410,F20,L02225,0.04,953
F20411,F20,L02225,0.04,954
F20412,F20,L02225,0.04,955
F20413,F20,L02225,0.04,956
F20414,F20,L02225,0.04,957
F20415,F20,L02225,0.04,958
F20416,F20,L02225,0.04,959
F20417,F20,L02225,0.04,960
F20418,F20,L02225,0.04,961
F20419,F20,L02225,0.04,962
F20420,F20,L02225,0.04,963
F20421,F20,L02225,0.04,964
F20422,F20,L02225,0.04,965
F20423,F20,L02225,0.04,966
F20424,F20,L02225,0.04,967
F20425,F20,L02225,0.04,968
F20426,F20,L02225,0.04,969
F20427,F20,L02225,0.04,970
F20428,F20,L02225,0.04,971
F20429,F20,L02225,0.04,972
F20430,F20,L02225,0.04,973
F20431,F20,L02225,0.04,974
F20432,F20,L02225,0.04,975
F20433,F20,L02225,0.04,976
F20434,F20,L02225,0.04,977
F20435,F20,L02225,0.04,978
F20436,F20,L02225,0.04,979
F20437,F20,L02225,0.04,980
F20438,F20,L02225,0.04,981
F20439,F20,L02225,0.04,982
F20440,F20,L02225,0.04,983
F20441,F20,L02225,0.04,984
F20442,F20,L02225,0.04,985
F20443,F20,L02225,0.04,986
F20444,F20,L02225,0.04,987
F20445,F20,L02225,0.04,988
F20446,F20,L02225,0.04,989
F20447,F20,L02225,0.04,990
F20448,F20,L02225,0.04,991
F20449,F20,L02225,0.04,992
F20450,F20,L02225,0.04,993
F20451,F20,L02225,0.04,994
F20452,F20,L02225,0.04,995
F20453,F20,L02225,0.04,996
F20454,F20,L02225,0.04,997
F20455,F20,L02225,0.04,998
F20456,F20,L02225,0.04,999
F20457,F20,L02225,0.04,1000
F20458,F20,L02225,0.04,1001
F20459,F20,L02225,0.04,1002
F20460,F20,L02225,0.04,1003
F20461,F20,L02225,0.04,1004
F20462,F20,L02225,0.04,1005
F20463,F20,L02225,0.04,1006
F20464,F20,L02225,0.04,1007
F20465,F20,L02225,0.04,1008
F20466,F20,L02225,0.04,1009
F20467,F20,L02225,0.04,1010
F20468,F20,L02225,0.04,1011
F20469,F20,L02225,0.04,1012
F20470,F20,L02225,0.04,1013
F20471,F20,L02225,0.04,1014
F20472,F20,L02225,0.04,1015
F20473,F20,L02225,0.04,1016
F20474,F20,L02225,0.04,1017
F20475,F20,L02225,0.04,1018
F20476,F20,L02225,0.04,1019
F20477,F20,L02225,0.04,1020
F20478,F20,L02225,0.04,1021
F20479,F20,L02225,0.04,1022
F20480,F20,L02225,0.04,1023
F20481,F21,L02776,0.005,0
F20482,F21,L02776,0.005,1
F20483,F21,L02776,0.005,2
F20484,F21,L02776,0.005,3
F20485,F21,L02776,0.005,4
F20486,F21,L02776,0.005,5
F20487,F21,L02776,0.005,6
F20488,F21,L02776,0.005,7
F20489,F21,L02776,0.005,8
F20490,F21,L02776,0.005,9
F20491,F21,L02776,0.005,10
F20492,F21,L02776,0.005,11
F20493,F21,L02776,0.005,12
F20494,F21,L02776,0.005,13
F20495,F21,L02776,0.005,14
F20496,F21,L02776,0.005,15
F20497,F21,L02776,0.005,16
F20498,F21,L02776,0.005,17
F20499,F21,L02776,0.005,18
F20500,F21,L02776,0.005,19
F20501,F21,L02776,0.005,20
F20502,F21,L02776,0.005,21
F20503,F21,L02776,0.005,22
F20504,F21,L02776,0.005,23
F20505,F21,L02776,0.005,24
F20506,F21,L02776,0.005,25
F20507,F21,L02776,0.005,26
F20508,F21,L02776,0.005,27
F20509,F21,L02776,0.005,28
F20510,F21,L02776,0.005,29
F20511,F21,L02776,0.005,30
F20512,F21,L02776,0.005,31
F20513,F21,L02776,0.005,32
F20514,F21,L02776,0.005,33
F20515,F21,L02776,0.005,34
F20516,F21,L02776,0.005,35
F20517,F21,L02776,0.005,36
F20518,F21,L02776,0.005,37
F20519,F21,L02776,0.005,38
F20520,F21,L02776,0.005,39
F20521,F21,L02776,0.005,40
F20522,F21,L02776,0.005,41
F20523,F21,L02776,0.005,42
F20524,F21,L02776,0.005,43
F20525,F21,L02776,0.005,44
F20526,F21,L02776,0.005,45
F20527,F21,L02776,0.005,46
F20528,F21,L02776,0.005,47
F20529,F21,L02776,0.005,48
F20530,F21,L02776,0.005,49
F20531,F21,L02776,0.005,50
F20532,F21,L02776,0.005,51
F20533,F21,L02776,0.005,52
F20534,F21,L02776,0.005,53
F20535,F21,L02776,0.005,54
F20536,F21,L02776,0.005,55
F20537,F21,L02776,0.005,56
F20538,F21,L02776,0.005,57
F20539,F21,L02776,0.005,58
F20540,F21,L02776,0.005,59
F20541,F21,L02776,0.005,60
F20542,F21,L02776,0.005,61
F20543,F21,L02776,0.005,62
F20544,F21,L02776,0.005,63
F20545,F21,L02776,0.005,64
F20546,F21,L02776,0.005,65
F20547,F21,L02776,0.005,66
F20548,F21,L02776,0.005,67
F20549,F21,L02776,0.005,68
F20550,F21,L02776,0.005,69
F20551,F21,L02776,0.005,70
F20552,F21,L02776,0.005,71
F20553,F21,L02776,0.005,72
F20554,F21,L02776,0.005,73
F20555,F21,L02776,0.005,74
F20556,F21,L02776,0.005,75
F20557,F21,L02776,0.005,76
F20558,F21,L02776,0.005,77
F20559,F21,L02776,0.005,78
F20560,F21,L02776,0.005,79
F20561,F21,L02776,0.005,80
F20562,F21,L02776,0.005,81
F20563,F21,L02776,0.005,82
F20564,F21,L02776,0.005,83
F20565,F21,L02776,0.005,84
F20566,F21,L02776,0.005,85
F20567,F21,L02776,0.005,86
F20568,F21,L02776,0.005,87
F20569,F21,L02776,0.005,88
F20570,F21,L02776,0.005,89
F20571,F21,L02776,0.005,90
F20572,F21,L02776,0.005,91
F20573,F21,L02776,0.005,92
F20574,F21,L02776,0.005,93
F20575,F21,L02776,0.005,94
F20576,F21,L02776,0.005,95
F20577,F21,L02776,0.005,96
F20578,F21,L02776,0.005,97
F20579,F21,L02776,0.005,98
F20580,F21,L02776,0.005,99
F20581,F21,L02776,0.005,100
F20582,F21,L02776,0.005,101
F20583,F21,L02776,0.005,102
F20584,F21,L02776,0.005,103
F20585,F21,L02776,0.005,104
F20586,F21,L02776,0.005,105
F20587,F21,L02776,0.005,106
F20588,F21,L02776,0.005,107
F20589,F21,L02776,0.005,108
F20590,F21,L02776,0.005,109
F20591,F21,L02776,0.005,110
F20592,F21,L02776,0.005,111
F20593,F21,L02776,0.005,112
F20594,F21,L02776,0.005,113
F20595,F21,L02776,0.005,114
F20596,F21,L02776,0.005,115
F20597,F21,L02776,0.005,116
F20598,F21,L02776,0.005,117
F20599,F21,L02776,0.005,118
F20600,F21,L02776,0.005,119
F20601,F21,L02776,0.005,120
F20602,F21,L02776,0.005,121
F20603,F21,L02776,0.005,122
F20604,F21,L02776,0.005,123
F20605,F21,L02776,0.005,124
F20606,F21,L02776,0.005,125
F20607,F21,L02776,0.005,126
F20608,F21,L02776,0.005,127
F20609,F21,L02776,0.005,128
F20610,F21,L02776,0.005,129
F20611,F21,L02776,0.005,130
F20612,F21,L02776,0.005,131
F20613,F21,L02776,0.005,132
F20614,F21,L02776,0.005,133
F20615,F21,L02776,0.005,134
F20616,F21,L02776,0.005,135
F20617,F21,L02776,0.005,136
F20618,F21,L02776,0.005,137
F20619,F21,L02776,0.005,138
F20620,F21,L02776,0.005,139
F20621,F21,L02776,0.005,140
F20622,F21,L02776,0.005,141
F20623,F21,L02776,0.005,142
F20624,F21,L02776,0.005,143
F20625,F21,L02776,0.005,144
F20626,F21,L02776,0.005,145
F20627,F21,L02776,0.005,146
F20628,F21,L02776,0.005,147
F20629,F21,L02776,0.005,148
F20630,F21,L02776,0.005,149
F20631,F21,L02776,0.005,150
F20632,F21,L02776,0.005,151
F20633,F21,L02776,0.005,152
F20634,F21,L02776,0.005,153
F20635,F21,L02776,0.005,154
F20636,F21,L02776,0.005,155
F20637,F21,L02776,0.005,156
F20638,F21,L02776,0.005,157
F20639,F21,L02776,0.005,158
F20640,F21,L02776,0.005,159
F20641,F21,L02776,0.005,160
F20642,F21,L02776,0.005,161
F20643,F21,L02776,0.005,162
F20644,F21,L02776,0.005,163
F20645,F21,L02776,0.005,164
F20646,F21,L02776,0.005,165
F20647,F21,L02776,0.005,166
F20648,F21,L02776,0.005,167
F20649,F21,L02776,0.005,168
F20650,F21,L02776,0.005,169
F20651,F21,L02776,0.005,170
F20652,F21,L02776,0.005,171
F20653,F21,L02776,0.005,172
F20654,F21,L02776,0.005,173
F20655,F21,L02776,0.005,174
F20656,F21,L02776,0.005,175
F20657,F21,L02776,0.005,176
F20658,F21,L02776,0.005,177
F20659,F21,L02776,0.005,178
F20660,F21,L02776,0.005,179
F20661,F21,L02776,0.005,180
F20662,F21,L02776,0.005,181
F20663,F21,L02776,0.005,182
F20664,F21,L02776,0.005,183
F20665,F21,L02776,0.005,184
F20666,F21,L02776,0.005,185
F20667,F21,L02776,0.005,186
F20668,F21,L02776,0.005,187
F20669,F21,L02776,0.005,188
F20670,F21,L02776,0.005,189
F20671,F21,L02776,0.005,190
F20672,F21,L02776,0.005,191
F20673,F21,L02776,0.005,192
F20674,F21,L02776,0.005,193
F20675,F21,L02776,0.005,194
F20676,F21,L02776,0.005,195
F20677,F21,L02776,0.005,196
F20678,F21,L02776,0.005,197
F20679,F21,L02776,0.005,198
F20680,F21,L02776,0.005,199
F20681,F21,L02776,0.005,200
F20682,F21,L02776,0.005,201
F20683,F21,L02776,0.005,202
F20684,F21,L02776,0.005,203
F20685,F21,L02776,0.005,204
F20686,F21,L02776,0.005,205
F20687,F21,L02776,0.005,206
F20688,F21,L02776,0.005,207
F20689,F21,L02776,0.005,208
F20690,F21,L02776,0.005,209
F20691,F21,L02776,0.005,210
F20692,F21,L02776,0.005,211
F20693,F21,L02776,0.005,212
F20694,F21,L02776,0.005,213
F20695,F21,L02776,0.005,214
F20696,F21,L02776,0.005,215
F20697,F21,L02776,0.005,216
F20698,F21,L02776,0.005,217
F20699,F21,L02776,0.005,218
F20700,F21,L02776,0.005,219
F20701,F21,L02776,0.005,220
F20702,F21,L02776,0.005,221
F20703,F21,L02776,0.005,222
F20704,F21,L02776,0.005,223
F20705,F21,L02776,0.005,224
F20706,F21,L02776,0.005,225
F20707,F21,L02776,0.005,226
F20708,F21,L02776,0.005,227
F20709,F21,L02776,0.005,228
F20710,F21,L02776,0.005,229
F20711,F21,L02776,0.005,230
F20712,F21,L02776,0.005,231
F20713,F21,L02776,0.005,232
F20714,F21,L02776,0.005,233
F20715,F21,L02776,0.005,234
F20716,F21,L02776,0.005,235
F20717,F21,L02776,0.005,236
F20718,F21,L02776,0.005,237
F20719,F21,L02776,0.005,238
F20720,F21,L02776,0.005,239
F20721,F21,L02776,0.005,240
F20722,F21,L02776,0.005,241
F20723,F21,L02776,0.005,242
F20724,F21,L02776,0.005,243
F20725,F21,L02776,0.005,244
F20726,F21,L02776,0.005,245
F20727,F21,L02776,0.005,246
F20728,F21,L02776,0.005,247
F20729,F21,L02776,0.005,248
F20730,F21,L02776,0.005,249
F20731,F21,L02776,0.005,250
F20732,F21,L02776,0.005,251
F20733,F21,L02776,0.005,252
F20734,F21,L02776,0.005,253
F20735,F21,L02776,0.005,254
F20736,F21,L02776,0.005,255
F20737,F21,L02776,0.005,256
F20738,F21,L02776,0.005,257
F20739,F21,L02776,0.005,258
F20740,F21,L02776,0.005,259
F20741,F21,L02776,0.005,260
F20742,F21,L02776,0.005,261
F20743,F21,L02776,0.005,262
F20744,F21,L02776,0.005,263
F20745,F21,L02776,0.005,264
F20746,F21,L02776,0.005,265
F20747,F21,L02776,0.005,266
F20748,F21,L02776,0.005,267
F20749,F21,L02776,0.005,268
F20750,F21,L02776,0.005,269
F20751,F21,L02776,0.005,270
F20752,F21,L02776,0.005,271
F20753,F21,L02776,0.005,272
F20754,F21,L02776,0.005,273
F20755,F21,L02776,0.005,274
F20756,F21,L02776,0.005,275
F20757,F21,L02776,0.005,276
F20758,F21,L02776,0.005,277
F20759,F21,L02776,0.005,278
F20760,F21,L02776,0.005,279
F20761,F21,L02776,0.005,280
F20762,F21,L02776,0.005,281
F20763,F21,L02776,0.005,282
F20764,F21,L02776,0.005,283
F20765,F21,L02776,0.005,284
F20766,F21,L02776,0.005,285
F20767,F21,L02776,0.005,286
F20768,F21,L02776,0.005,287
F20769,F21,L02776,0.005,288
F20770,F21,L02776,0.005,289
F20771,F21,L02776,0.005,290
F20772,F21,L02776,0.005,291
F20773,F21,L02776,0.005,292
F20774,F21,L02776,0.005,293
F20775,F21,L02776,0.005,294
F20776,F21,L02776,0.005,295
F20777,F21,L02776,0.005,296
F20778,F21,L02776,0.005,297
F20779,F21,L02776,0.005,298
F20780,F21,L02776,0.005,299
F20781,F21,L02776,0.005,300
F20782,F21,L02776,0.005,301
F20783,F21,L02776,0.005,302
F20784,F21,L02776,0.005,303
F20785,F21,L02776,0.005,304
F20786,F21,L02776,0.005,305
F20787,F21,L02776,0.005,306
F20788,F21,L02776,0.005,307
F20789,F21,L02776,0.005,308
F20790,F21,L02776,0.005,309
F20791,F21,L02776,0.005,310
F20792,F21,L02776,0.005,311
F20793,F21,L02776,0.005,312
F20794,F21,L02776,0.005,313
F20795,F21,L02776,0.005,314
F20796,F21,L02776,0.005,315
F20797,F21,L02776,0.005,316
F20798,F21,L02776,0.005,317
F20799,F21,L02776,0.005,318
F20800,F21,L02776,0.005,319
F20801,F21,L02776,0.005,320
F20802,F21,L02776,0.005,321
F20803,F21,L02776,0.005,322
F20804,F21,L02776,0.005,323
F20805,F21,L02776,0.005,324
F20806,F21,L02776,0.005,325
F20807,F21,L02776,0.005,326
F20808,F21,L02776,0.005,327
F20809,F21,L02776,0.005,328
F20810,F21,L02776,0.005,329
F20811,F21,L02776,0.005,330
F20812,F21,L02776,0.005,331
F20813,F21,L02776,0.005,332
F20814,F21,L02776,0.005,333
F20815,F21,L02776,0.005,334
F20816,F21,L02776,0.005,335
F20817,F21,L02776,0.005,336
F20818,F21,L02776,0.005,337
F20819,F21,L02776,0.005,338
F20820,F21,L02776,0.005,339
F20821,F21,L02776,0.005,340
F20822,F21,L02776,0.005,341
F20823,F21,L02776,0.005,342
F20824,F21,L02776,0.005,343
F20825,F21,L02776,0.005,344
F20826,F21,L02776,0.005,345
F20827,F21,L02776,0.005,346
F20828,F21,L02776,0.005,347
F20829,F21,L02776,0.005,348
F20830,F21,L02776,0.005,349
F20831,F21,L02776,0.005,350
F20832,F21,L02776,0.005,351
F20833,F21,L02776,0.005,352
F20834,F21,L02776,0.005,353
F20835,F21,L02776,0.005,354
F20836,F21,L02776,0.005,355
F20837,F21,L02776,0.005,356
F20838,F21,L02776,0.005,357
F20839,F21,L02776,0.005,358
F20840,F21,L02776,0.005,359
F20841,F21,L02776,0.005,360
F20842,F21,L02776,0.005,361
F20843,F21,L02776,0.005,362
F20844,F21,L02776,0.005,363
F20845,F21,L02776,0.005,364
F20846,F21,L02776,0.005,365
F20847,F21,L02776,0.005,366
F20848,F21,L02776,0.005,367
F20849,F21,L02776,0.005,368
F20850,F21,L02776,0.005,369
F20851,F21,L02776,0.005,370
F20852,F21,L02776,0.005,371
F20853,F21,L02776,0.005,372
F20854,F21,L02776,0.005,373
F20855,F21,L02776,0.005,374
F20856,F21,L02776,0.005,375
F20857,F21,L02776,0.005,376
F20858,F21,L02776,0.005,377
F20859,F21,L02776,0.005,378
F20860,F21,L02776,0.005,379
F20861,F21,L02776,0.005,380
F20862,F21,L02776,0.005,381
F20863,F21,L02776,0.005,382
F20864,F21,L02776,0.005,383
F20865,F21,L02776,0.005,384
F20866,F21,L02776,0.005,385
F20867,F21,L02776,0.005,386
F20868,F21,L02776,0.005,387
F20869,F21,L02776,0.005,388
F20870,F21,L02776,0.005,389
F20871,F21,L02776,0.005,390
F20872,F21,L02776,0.005,391
F20873,F21,L02776,0.005,392
F20874,F21,L02776,0.005,393
F20875,F21,L02776,0.005,394
F20876,F21,L02776,0.005,395
F20877,F21,L02776,0.005,396
F20878,F21,L02776,0.005,397
F20879,F21,L02776,0.005,398
F20880,F21,L02776,0.005,399
F20881,F21,L02776,0.005,400
F20882,F21,L02776,0.005,401
F20883,F21,L02776,0.005,402
F20884,F21,L02776,0.005,403
F20885,F21,L02776,0.005,404
F20886,F21,L02776,0.005,405
F20887,F21,L02776,0.005,406
F20888,F21,L02776,0.005,407
F20889,F21,L02776,0.005,408
F20890,F21,L02776,0.005,409
F20891,F21,L02776,0.005,410
F20892,F21,L02776,0.005,411
F20893,F21,L02776,0.005,412
F20894,F21,L02776,0.005,413
F20895,F21,L02776,0.005,414
F20896,F21,L02776,0.005,415
F20897,F21,L02776,0.005,416
F20898,F21,L02776,0.005,417
F20899,F21,L02776,0.005,418
F20900,F21,L02776,0.005,419
F20901,F21,L02776,0.005,420
F20902,F21,L02776,0.005,421
F20903,F21,L02776,0.005,422
F20904,F21,L02776,0.005,423
F20905,F21,L02776,0.005,424
F20906,F21,L02776,0.005,425
F20907,F21,L02776,0.005,426
F20908,F21,L02776,0.005,427
F20909,F21,L02776,0.005,428
F20910,F21,L02776,0.005,429
F20911,F21,L02776,0.005,430
F20912,F21,L02776,0.005,431
F20913,F21,L02776,0.005,432
F20914,F21,L02776,0.005,433
F20915,F21,L02776,0.005,434
F20916,F21,L02776,0.005,435
F20917,F21,L02776,0.005,436
F20918,F21,L02776,0.005,437
F20919,F21,L02776,0.005,438
F20920,F21,L02776,0.005,439
F20921,F21,L02776,0.005,440
F20922,F21,L02776,0.005,441
F20923,F21,L02776,0.005,442
F20924,F21,L02776,0.005,443
F20925,F21,L02776,0.005,444
F20926,F21,L02776,0.005,445
F20927,F21,L02776,0.005,446
F20928,F21,L02776,0.005,447
F20929,F21,L02776,0.005,448
F20930,F21,L02776,0.005,449
F20931,F21,L02776,0.005,450
F20932,F21,L02776,0.005,451
F20933,F21,L02776,0.005,452
F20934,F21,L02776,0.005,453
F20935,F21,L02776,0.005,454
F20936,F21,L02776,0.005,455
F20937,F21,L02776,0.005,456
F20938,F21,L02776,0.005,457
F20939,F21,L02776,0.005,458
F20940,F21,L02776,0.005,459
F20941,F21,L02776,0.005,460
F20942,F21,L02776,0.005,461
F20943,F21,L02776,0.005,462
F20944,F21,L02776,0.005,463
F20945,F21,L02776,0.005,464
F20946,F21,L02776,0.005,465
F20947,F21,L02776,0.005,466
F20948,F21,L02776,0.005,467
F20949,F21,L02776,0.005,468
F20950,F21,L02776,0.005,469
F20951,F21,L02776,0.005,470
F20952,F21,L02776,0.005,471
F20953,F21,L02776,0.005,472
F20954,F21,L02776,0.005,473
F20955,F21,L02776,0.005,474
F20956,F21,L02776,0.005,475
F20957,F21,L02776,0.005,476
F20958,F21,L02776,0.005,477
F20959,F21,L02776,0.005,478
F20960,F21,L02776,0.005,479
F20961,F21,L02776,0.005,480
F20962,F21,L02776,0.005,481
F20963,F21,L02776,0.005,482
F20964,F21,L02776,0.005,483
F20965,F21,L02776,0.005,484
F20966,F21,L02776,0.005,485
F20967,F21,L02776,0.005,486
F20968,F21,L02776,0.005,487
F20969,F21,L02776,0.005,488
F20970,F21,L02776,0.005,489
F20971,F21,L02776,0.005,490
F20972,F21,L02776,0.005,491
F20973,F21,L02776,0.005,492
F20974,F21,L02776,0.005,493
F20975,F21,L02776,0.005,494
F20976,F21,L02776,0.005,495
F20977,F21,L02776,0.005,496
F20978,F21,L02776,0.005,497
F20979,F21,L02776,0.005,498
F20980,F21,L02776,0.005,499
F20981,F21,L02776,0.005,500
F20982,F21,L02776,0.005,501
F20983,F21,L02776,0.005,502
F20984,F21,L02776,0.005,503
F20985,F21,L02776,0.005,504
F20986,F21,L02776,0.005,505
F20987,F21,L02776,0.005,506
F20988,F21,L02776,0.005,507
F20989,F21,L02776,0.005,508
F20990,F21,L02776,0.005,509
F20991,F21,L02776,0.005,510
F20992,F21,L02776,0.005,511
F20993,F21,L02776,0.005,512
F20994,F21,L02776,0.005,513
F20995,F21,L02776,0.005,514
F20996,F21,L02776,0.005,515
F20997,F21,L02776,0.005,516
F20998,F21,L02776,0.005,517
F20999,F21,L02776,0.005,518
F21000,F21,L02776,0.005,519
F21001,F21,L02776,0.005,520
F21002,F21,L02776,0.005,521
F21003,F21,L02776,0.005,522
F21004,F21,L02776,0.005,523
F21005,F21,L02776,0.005,524
F21006,F21,L02776,0.005,525
F21007,F21,L02776,0.005,526
F21008,F21,L02776,0.005,527
F21009,F21,L02776,0.005,528
F21010,F21,L02776,0.005,529
F21011,F21,L02776,0.005,530
F21012,F21,L02776,0.005,531
F21013,F21,L02776,0.005,532
F21014,F21,L02776,0.005,533
F21015,F21,L02776,0.005,534
F21016,F21,L02776,0.005,535
F21017,F21,L02776,0.005,536
F21018,F21,L02776,0.005,537
F21019,F21,L02776,0.005,538
F21020,F21,L02776,0.005,539
F21021,F21,L02776,0.005,540
F21022,F21,L02776,0.005,541
F21023,F21,L02776,0.005,542
F21024,F21,L02776,0.005,543
F21025,F21,L02776,0.005,544
F21026,F21,L02776,0.005,545
F21027,F21,L02776,0.005,546
F21028,F21,L02776,0.005,547
F21029,F21,L02776,0.005,548
F21030,F21,L02776,0.005,549
F21031,F21,L02776,0.005,550
F21032,F21,L02776,0.005,551
F21033,F21,L02776,0.005,552
F21034,F21,L02776,0.005,553
F21035,F21,L02776,0.005,554
F21036,F21,L02776,0.005,555
F21037,F21,L02776,0.005,556
F21038,F21,L02776,0.005,557
F21039,F21,L02776,0.005,558
F21040,F21,L02776,0.005,559
F21041,F21,L02776,0.005,560
F21042,F21,L02776,0.005,561
F21043,F21,L02776,0.005,562
F21044,F21,L02776,0.005,563
F21045,F21,L02776,0.005,564
F21046,F21,L02776,0.005,565
F21047,F21,L02776,0.005,566
F21048,F21,L02776,0.005,567
F21049,F21,L02776,0.005,568
F21050,F21,L02776,0.005,569
F21051,F21,L02776,0.005,570
F21052,F21,L02776,0.005,571
F21053,F21,L02776,0.005,572
F21054,F21,L02776,0.005,573
F21055,F21,L02776,0.005,574
F21056,F21,L02776,0.005,575
F21057,F21,L02776,0.005,576
F21058,F21,L02776,0.005,577
F21059,F21,L02776,0.005,578
F21060,F21,L02776,0.005,579
F21061,F21,L02776,0.005,580
F21062,F21,L02776,0.005,581
F21063,F21,L02776,0.005,582
F21064,F21,L02776,0.005,583
F21065,F21,L02776,0.005,584
F21066,F21,L02776,0.005,585
F21067,F21,L02776,0.005,586
F21068,F21,L02776,0.005,587
F21069,F21,L02776,0.005,588
F21070,F21,L02776,0.005,589
F21071,F21,L02776,0.005,590
F21072,F21,L02776,0.005,591
F21073,F21,L02776,0.005,592
F21074,F21,L02776,0.005,593
F21075,F21,L02776,0.005,594
F21076,F21,L02776,0.005,595
F21077,F21,L02776,0.005,596
F21078,F21,L02776,0.005,597
F21079,F21,L02776,0.005,598
F21080,F21,L02776,0.005,599
F21081,F21,L02776,0.005,600
F21082,F21,L02776,0.005,601
F21083,F21,L02776,0.005,602
F21084,F21,L02776,0.005,603
F21085,F21,L02776,0.005,604
F21086,F21,L02776,0.005,605
F21087,F21,L02776,0.005,606
F21088,F21,L02776,0.005,607
F21089,F21,L02776,0.005,608
F21090,F21,L02776,0.005,609
F21091,F21,L02776,0.005,610
F21092,F21,L02776,0.005,611
F21093,F21,L02776,0.005,612
F21094,F21,L02776,0.005,613
F21095,F21,L02776,0.005,614
F21096,F21,L02776,0.005,615
F21097,F21,L02776,0.005,616
F21098,F21,L02776,0.005,617
F21099,F21,L02776,0.005,618
F21100,F21,L02776,0.005,619
F21101,F21,L02776,0.005,620
F21102,F21,L02776,0.005,621
F21103,F21,L02776,0.005,622
F21104,F21,L02776,0.005,623
F21105,F21,L02776,0.005,624
F21106,F21,L02776,0.005,625
F21107,F21,L02776,0.005,626
F21108,F21,L02776,0.005,627
F21109,F21,L02776,0.005,628
F21110,F21,L02776,0.005,629
F21111,F21,L02776,0.005,630
F21112,F21,L02776,0.005,631
F21113,F21,L02776,0.005,632
F21114,F21,L02776,0.005,633
F21115,F21,L02776,0.005,634
F21116,F21,L02776,0.005,635
F21117,F21,L02776,0.005,636
F21118,F21,L02776,0.005,637
F21119,F21,L02776,0.005,638
F21120,F21,L02776,0.005,639
F21121,F21,L02776,0.005,640
F21122,F21,L02776,0.005,641
F21123,F21,L02776,0.005,642
F21124,F21,L02776,0.005,643
F21125,F21,L02776,0.005,644
F21126,F21,L02776,0.005,645
F21127,F21,L02776,0.005,646
F21128,F21,L02776,0.005,647
F21129,F21,L02776,0.005,648
F21130,F21,L02776,0.005,649
F21131,F21,L02776,0.005,650
F21132,F21,L02776,0.005,651
F21133,F21,L02776,0.005,652
F21134,F21,L02776,0.005,653
F21135,F21,L02776,0.005,654
F21136,F21,L02776,0.005,655
F21137,F21,L02776,0.005,656
F21138,F21,L02776,0.005,657
F21139,F21,L02776,0.005,658
F21140,F21,L02776,0.005,659
F21141,F21,L02776,0.005,660
F21142,F21,L02776,0.005,661
F21143,F21,L02776,0.005,662
F21144,F21,L02776,0.005,663
F21145,F21,L02776,0.005,664
F21146,F21,L02776,0.005,665
F21147,F21,L02776,0.005,666
F21148,F21,L02776,0.005,667
F21149,F21,L02776,0.005,668
F21150,F21,L02776,0.005,669
F21151,F21,L02776,0.005,670
F21152,F21,L02776,0.005,671
F21153,F21,L02776,0.005,672
F21154,F21,L02776,0.005,673
F21155,F21,L02776,0.005,674
F21156,F21,L02776,0.005,675
F21157,F21,L02776,0.005,676
F21158,F21,L02776,0.005,677
F21159,F21,L02776,0.005,678
F21160,F21,L02776,0.005,679
F21161,F21,L02776,0.005,680
F21162,F21,L02776,0.005,681
F21163,F21,L02776,0.005,682
F21164,F21,L02776,0.005,683
F21165,F21,L02776,0.005,684
F21166,F21,L02776,0.005,685
F21167,F21,L02776,0.005,686
F21168,F21,L02776,0.005,687
F21169,F21,L02776,0.005,688
F21170,F21,L02776,0.005,689
F21171,F21,L02776,0.005,690
F21172,F21,L02776,0.005,691
F21173,F21,L02776,0.005,692
F21174,F21,L02776,0.005,693
F21175,F21,L02776,0.005,694
F21176,F21,L02776,0.005,695
F21177,F21,L02776,0.005,696
F21178,F21,L02776,0.005,697
F21179,F21,L02776,0.005,698
F21180,F21,L02776,0.005,699
F21181,F21,L02776,0.005,700
F21182,F21,L02776,0.005,701
F21183,F21,L02776,0.005,702
F21184,F21,L02776,0.005,703
F21185,F21,L02776,0.005,704
F21186,F21,L02776,0.005,705
F21187,F21,L02776,0.005,706
F21188,F21,L02776,0.005,707
F21189,F21,L02776,0.005,708
F21190,F21,L02776,0.005,709
F21191,F21,L02776,0.005,710
F21192,F21,L02776,0.005,711
F21193,F21,L02776,0.005,712
F21194,F21,L02776,0.005,713
F21195,F21,L02776,0.005,714
F21196,F21,L02776,0.005,715
F21197,F21,L02776,0.005,716
F21198,F21,L02776,0.005,717
F21199,F21,L02776,0.005,718
F21200,F21,L02776,0.005,719
F21201,F21,L02776,0.005,720
F21202,F21,L02776,0.005,721
F21203,F21,L02776,0.005,722
F21204,F21,L02776,0.005,723
F21205,F21,L02776,0.005,724
F21206,F21,L02776,0.005,725
F21207,F21,L02776,0.005,726
F21208,F21,L02776,0.005,727
F21209,F21,L02776,0.005,728
F21210,F21,L02776,0.005,729
F21211,F21,L02776,0.005,730
F21212,F21,L02776,0.005,731
F21213,F21,L02776,0.005,732
F21214,F21,L02776,0.005,733
F21215,F21,L02776,0.005,734
F21216,F21,L02776,0.005,735
F21217,F21,L02776,0.005,736
F21218,F21,L02776,0.005,737
F21219,F21,L02776,0.005,738
F21220,F21,L02776,0.005,739
F21221,F21,L02776,0.005,740
F21222,F21,L02776,0.005,741
F21223,F21,L02776,0.005,742
F21224,F21,L02776,0.005,743
F21225,F21,L02776,0.005,744
F21226,F21,L02776,0.005,745
F21227,F21,L02776,0.005,746
F21228,F21,L02776,0.005,747
F21229,F21,L02776,0.005,748
F21230,F21,L02776,0.005,749
F21231,F21,L02776,0.005,750
F21232,F21,L02776,0.005,751
F21233,F21,L02776,0.005,752
F21234,F21,L02776,0.005,753
F21235,F21,L02776,0.005,754
F21236,F21,L02776,0.005,755
F21237,F21,L02776,0.005,756
F21238,F21,L02776,0.005,757
F21239,F21,L02776,0.005,758
F21240,F21,L02776,0.005,759
F21241,F21,L02776,0.005,760
F21242,F21,L02776,0.005,761
F21243,F21,L02776,0.005,762
F21244,F21,L02776,0.005,763
F21245,F21,L02776,0.005,764
F21246,F21,L02776,0.005,765
F21247,F21,L02776,0.005,766
F21248,F21,L02776,0.005,767
F21249,F21,L02776,0.005,768
F21250,F21,L02776,0.005,769
F21251,F21,L02776,0.005,770
F21252,F21,L02776,0.005,771
F21253,F21,L02776,0.005,772
F21254,F21,L02776,0.005,773
F21255,F21,L02776,0.005,774
F21256,F21,L02776,0.005,775
F21257,F21,L02776,0.005,776
F21258,F21,L02776,0.005,777
F21259,F21,L02776,0.005,778
F21260,F21,L02776,0.005,779
F21261,F21,L02776,0.005,780
F21262,F21,L02776,0.005,781
F21263,F21,L02776,0.005,782
F21264,F21,L02776,0.005,783
F21265,F21,L02776,0.005,784
F21266,F21,L02776,0.005,785
F21267,F21,L02776,0.005,786
F21268,F21,L02776,0.005,787
F21269,F21,L02776,0.005,788
F21270,F21,L02776,0.005,789
F21271,F21,L02776,0.005,790
F21272,F21,L02776,0.005,791
F21273,F21,L02776,0.005,792
F21274,F21,L02776,0.005,793
F21275,F21,L02776,0.005,794
F21276,F21,L02776,0.005,795
F21277,F21,L02776,0.005,796
F21278,F21,L02776,0.005,797
F21279,F21,L02776,0.005,798
F21280,F21,L02776,0.005,799
F21281,F21,L02776,0.005,800
F21282,F21,L02776,0.005,801
F21283,F21,L02776,0.005,802
F21284,F21,L02776,0.005,803
F21285,F21,L02776,0.005,804
F21286,F21,L02776,0.005,805
F21287,F21,L02776,0.005,806
F21288,F21,L02776,0.005,807
F21289,F21,L02776,0.005,808
F21290,F21,L02776,0.005,809
F21291,F21,L02776,0.005,810
F21292,F21,L02776,0.005,811
F21293,F21,L02776,0.005,812
F21294,F21,L02776,0.005,813
F21295,F21,L02776,0.005,814
F21296,F21,L02776,0.005,815
F21297,F21,L02776,0.005,816
F21298,F21,L02776,0.005,817
F21299,F21,L02776,0.005,818
F21300,F21,L02776,0.005,819
F21301,F21,L02776,0.005,820
F21302,F21,L02776,0.005,821
F21303,F21,L02776,0.005,822
F21304,F21,L02776,0.005,823
F21305,F21,L02776,0.005,824
F21306,F21,L02776,0.005,825
F21307,F21,L02776,0.005,826
F21308,F21,L02776,0.005,827
F21309,F21,L02776,0.005,828
F21310,F21,L02776,0.005,829
F21311,F21,L02776,0.005,830
F21312,F21,L02776,0.005,831
F21313,F21,L02776,0.005,832
F21314,F21,L02776,0.005,833
F21315,F21,L02776,0.005,834
F21316,F21,L02776,0.005,835
F21317,F21,L02776,0.005,836
F21318,F21,L02776,0.005,837
F21319,F21,L02776,0.005,838
F21320,F21,L02776,0.005,839
F21321,F21,L02776,0.005,840
F21322,F21,L02776,0.005,841
F21323,F21,L02776,0.005,842
F21324,F21,L02776,0.005,843
F21325,F21,L02776,0.005,844
F21326,F21,L02776,0.005,845
F21327,F21,L02776,0.005,846
F21328,F21,L02776,0.005,847
F21329,F21,L02776,0.005,848
F21330,F21,L02776,0.005,849
F21331,F21,L02776,0.005,850
F21332,F21,L02776,0.005,851
F21333,F21,L02776,0.005,852
F21334,F21,L02776,0.005,853
F21335,F21,L02776,0.005,854
F21336,F21,L02776,0.005,855
F21337,F21,L02776,0.005,856
F21338,F21,L02776,0.005,857
F21339,F21,L02776,0.005,858
F21340,F21,L02776,0.005,859
F21341,F21,L02776,0.005,860
F21342,F21,L02776,0.005,861
F21343,F21,L02776,0.005,862
F21344,F21,L02776,0.005,863
F21345,F21,L02776,0.005,864
F21346,F21,L02776,0.005,865
F21347,F21,L02776,0.005,866
F21348,F21,L02776,0.005,867
F21349,F21,L02776,0.005,868
F21350,F21,L02776,0.005,869
F21351,F21,L02776,0.005,870
F21352,F21,L02776,0.005,871
F21353,F21,L02776,0.005,872
F21354,F21,L02776,0.005,873
F21355,F21,L02776,0.005,874
F21356,F21,L02776,0.005,875
F21357,F21,L02776,0.005,876
F21358,F21,L02776,0.005,877
F21359,F21,L02776,0.005,878
F21360,F21,L02776,0.005,879
F21361,F21,L02776,0.005,880
F21362,F21,L02776,0.005,881
F21363,F21,L02776,0.005,882
F21364,F21,L02776,0.005,883
F21365,F21,L02776,0.005,884
F21366,F21,L02776,0.005,885
F21367,F21,L02776,0.005,886
F21368,F21,L02776,0.005,887
F21369,F21,L02776,0.005,888
F21370,F21,L02776,0.005,889
F21371,F21,L02776,0.005,890
F21372,F21,L02776,0.005,891
F21373,F21,L02776,0.005,892
F21374,F21,L02776,0.005,893
F21375,F21,L02776,0.005,894
F21376,F21,L02776,0.005,895
F21377,F21,L02776,0.005,896
F21378,F21,L02776,0.005,897
F21379,F21,L02776,0.005,898
F21380,F21,L02776,0.005,899
F21381,F21,L02776,0.005,900
F21382,F21,L02776,0.005,901
F21383,F21,L02776,0.005,902
F21384,F21,L02776,0.005,903
F21385,F21,L02776,0.005,904
F21386,F21,L02776,0.005,905
F21387,F21,L02776,0.005,906
F21388,F21,L02776,0.005,907
F21389,F21,L02776,0.005,908
F21390,F21,L02776,0.005,909
F21391,F21,L02776,0.005,910
F21392,F21,L02776,0.005,911
F21393,F21,L02776,0.005,912
F21394,F21,L02776,0.005,913
F21395,F21,L02776,0.005,914
F21396,F21,L02776,0.005,915
F21397,F21,L02776,0.005,916
F21398,F21,L02776,0.005,917
F21399,F21,L02776,0.005,918
F21400,F21,L02776,0.005,919
F21401,F21,L02776,0.005,920
F21402,F21,L02776,0.005,921
F21403,F21,L02776,0.005,922
F21404,F21,L02776,0.005,923
F21405,F21,L02776,0.005,924
F21406,F21,L02776,0.005,925
F21407,F21,L02776,0.005,926
F21408,F21,L02776,0.005,927
F21409,F21,L02776,0.005,928
F21410,F21,L02776,0.005,929
F21411,F21,L02776,0.005,930
F21412,F21,L02776,0.005,931
F21413,F21,L02776,0.005,932
F21414,F21,L02776,0.005,933
F21415,F21,L02776,0.005,934
F21416,F21,L02776,0.005,935
F21417,F21,L02776,0.005,936
F21418,F21,L02776,0.005,937
F21419,F21,L02776,0.005,938
F21420,F21,L02776,0.005,939
F21421,F21,L02776,0.005,940
F21422,F21,L02776,0.005,941
F21423,F21,L02776,0.005,942
F21424,F21,L02776,0.005,943
F21425,F21,L02776,0.005,944
F21426,F21,L02776,0.005,945
F21427,F21,L02776,0.005,946
F21428,F21,L02776,0.005,947
F21429,F21,L02776,0.005,948
F21430,F21,L02776,0.005,949
F21431,F21,L02776,0.005,950
F21432,F21,L02776,0.005,951
F21433,F21,L02776,0.005,952
F21434,F21,L02776,0.005,953
F21435,F21,L02776,0.005,954
F21436,F21,L02776,0.005,955
F21437,F21,L02776,0.005,956
F21438,F21,L02776,0.005,957
F21439,F21,L02776,0.005,958
F21440,F21,L02776,0.005,959
F21441,F21,L02776,0.005,960
F21442,F21,L02776,0.005,961
F21443,F21,L02776,0.005,962
F21444,F21,L02776,0.005,963
F21445,F21,L02776,0.005,964
F21446,F21,L02776,0.005,965
F21447,F21,L02776,0.005,966
F21448,F21,L02776,0.005,967
F21449,F21,L02776,0.005,968
F21450,F21,L02776,0.005,969
F21451,F21,L02776,0.005,970
F21452,F21,L02776,0.005,971
F21453,F21,L02776,0.005,972
F21454,F21,L02776,0.005,973
F21455,F21,L02776,0.005,974
F21456,F21,L02776,0.005,975
F21457,F21,L02776,0.005,976
F21458,F21,L02776,0.005,977
F21459,F21,L02776,0.005,978
F21460,F21,L02776,0.005,979
F21461,F21,L02776,0.005,980
F21462,F21,L02776,0.005,981
F21463,F21,L02776,0.005,982
F21464,F21,L02776,0.005,983
F21465,F21,L02776,0.005,984
F21466,F21,L02776,0.005,985
F21467,F21,L02776,0.005,986
F21468,F21,L02776,0.005,987
F21469,F21,L02776,0.005,988
F21470,F21,L02776,0.005,989
F21471,F21,L02776,0.005,990
F21472,F21,L02776,0.005,991
F21473,F21,L02776,0.005,992
F21474,F21,L02776,0.005,993
F21475,F21,L02776,0.005,994
F21476,F21,L02776,0.005,995
F21477,F21,L02776,0.005,996
F21478,F21,L02776,0.005,997
F21479,F21,L02776,0.005,998
F21480,F21,L02776,0.005,999
F21481,F21,L02776,0.005,1000
F21482,F21,L02776,0.005,1001
F21483,F21,L02776,0.005,1002
F21484,F21,L02776,0.005,1003
F21485,F21,L02776,0.005,1004
F21486,F21,L02776,0.005,1005
F21487,F21,L02776,0.005,1006
F21488,F21,L02776,0.005,1007
F21489,F21,L02776,0.005,1008
F21490,F21,L02776,0.005,1009
F21491,F21,L02776,0.005,1010
F21492,F21,L02776,0.005,1011
F21493,F21,L02776,0.005,1012
F21494,F21,L02776,0.005,1013
F21495,F21,L02776,0.005,1014
F21496,F21,L02776,0.005,1015
F21497,F21,L02776,0.005,1016
F21498,F21,L02776,0.005,1017
F21499,F21,L02776,0.005,1018
F21500,F21,L02776,0.005,1019
F21501,F21,L02776,0.005,1020
F21502,F21,L02776,0.005,1021
F21503,F21,L02776,0.005,1022
F21504,F21,L02776,0.005,1023
F21505,F22,L02776,0.01,0
F21506,F22,L02776,0.01,1
F21507,F22,L02776,0.01,2
F21508,F22,L02776,0.01,3
F21509,F22,L02776,0.01,4
F21510,F22,L02776,0.01,5
F21511,F22,L02776,0.01,6
F21512,F22,L02776,0.01,7
F21513,F22,L02776,0.01,8
F21514,F22,L02776,0.01,9
F21515,F22,L02776,0.01,10
F21516,F22,L02776,0.01,11
F21517,F22,L02776,0.01,12
F21518,F22,L02776,0.01,13
F21519,F22,L02776,0.01,14
F21520,F22,L02776,0.01,15
F21521,F22,L02776,0.01,16
F21522,F22,L02776,0.01,17
F21523,F22,L02776,0.01,18
F21524,F22,L02776,0.01,19
F21525,F22,L02776,0.01,20
F21526,F22,L02776,0.01,21
F21527,F22,L02776,0.01,22
F21528,F22,L02776,0.01,23
F21529,F22,L02776,0.01,24
F21530,F22,L02776,0.01,25
F21531,F22,L02776,0.01,26
F21532,F22,L02776,0.01,27
F21533,F22,L02776,0.01,28
F21534,F22,L02776,0.01,29
F21535,F22,L02776,0.01,30
F21536,F22,L02776,0.01,31
F21537,F22,L02776,0.01,32
F21538,F22,L02776,0.01,33
F21539,F22,L02776,0.01,34
F21540,F22,L02776,0.01,35
F21541,F22,L02776,0.01,36
F21542,F22,L02776,0.01,37
F21543,F22,L02776,0.01,38
F21544,F22,L02776,0.01,39
F21545,F22,L02776,0.01,40
F21546,F22,L02776,0.01,41
F21547,F22,L02776,0.01,42
F21548,F22,L02776,0.01,43
F21549,F22,L02776,0.01,44
F21550,F22,L02776,0.01,45
F21551,F22,L02776,0.01,46
F21552,F22,L02776,0.01,47
F21553,F22,L02776,0.01,48
F21554,F22,L02776,0.01,49
F21555,F22,L02776,0.01,50
F21556,F22,L02776,0.01,51
F21557,F22,L02776,0.01,52
F21558,F22,L02776,0.01,53
F21559,F22,L02776,0.01,54
F21560,F22,L02776,0.01,55
F21561,F22,L02776,0.01,56
F21562,F22,L02776,0.01,57
F21563,F22,L02776,0.01,58
F21564,F22,L02776,0.01,59
F21565,F22,L02776,0.01,60
F21566,F22,L02776,0.01,61
F21567,F22,L02776,0.01,62
F21568,F22,L02776,0.01,63
F21569,F22,L02776,0.01,64
F21570,F22,L02776,0.01,65
F21571,F22,L02776,0.01,66
F21572,F22,L02776,0.01,67
F21573,F22,L02776,0.01,68
F21574,F22,L02776,0.01,69
F21575,F22,L02776,0.01,70
F21576,F22,L02776,0.01,71
F21577,F22,L02776,0.01,72
F21578,F22,L02776,0.01,73
F21579,F22,L02776,0.01,74
F21580,F22,L02776,0.01,75
F21581,F22,L02776,0.01,76
F21582,F22,L02776,0.01,77
F21583,F22,L02776,0.01,78
F21584,F22,L02776,0.01,79
F21585,F22,L02776,0.01,80
F21586,F22,L02776,0.01,81
F21587,F22,L02776,0.01,82
F21588,F22,L02776,0.01,83
F21589,F22,L02776,0.01,84
F21590,F22,L02776,0.01,85
F21591,F22,L02776,0.01,86
F21592,F22,L02776,0.01,87
F21593,F22,L02776,0.01,88
F21594,F22,L02776,0.01,89
F21595,F22,L02776,0.01,90
F21596,F22,L02776,0.01,91
F21597,F22,L02776,0.01,92
F21598,F22,L02776,0.01,93
F21599,F22,L02776,0.01,94
F21600,F22,L02776,0.01,95
F21601,F22,L02776,0.01,96
F21602,F22,L02776,0.01,97
F21603,F22,L02776,0.01,98
F21604,F22,L02776,0.01,99
F21605,F22,L02776,0.01,100
F21606,F22,L02776,0.01,101
F21607,F22,L02776,0.01,102
F21608,F22,L02776,0.01,103
F21609,F22,L02776,0.01,104
F21610,F22,L02776,0.01,105
F21611,F22,L02776,0.01,106
F21612,F22,L02776,0.01,107
F21613,F22,L02776,0.01,108
F21614,F22,L02776,0.01,109
F21615,F22,L02776,0.01,110
F21616,F22,L02776,0.01,111
F21617,F22,L02776,0.01,112
F21618,F22,L02776,0.01,113
F21619,F22,L02776,0.01,114
F21620,F22,L02776,0.01,115
F21621,F22,L02776,0.01,116
F21622,F22,L02776,0.01,117
F21623,F22,L02776,0.01,118
F21624,F22,L02776,0.01,119
F21625,F22,L02776,0.01,120
F21626,F22,L02776,0.01,121
F21627,F22,L02776,0.01,122
F21628,F22,L02776,0.01,123
F21629,F22,L02776,0.01,124
F21630,F22,L02776,0.01,125
F21631,F22,L02776,0.01,126
F21632,F22,L02776,0.01,127
F21633,F22,L02776,0.01,128
F21634,F22,L02776,0.01,129
F21635,F22,L02776,0.01,130
F21636,F22,L02776,0.01,131
F21637,F22,L02776,0.01,132
F21638,F22,L02776,0.01,133
F21639,F22,L02776,0.01,134
F21640,F22,L02776,0.01,135
F21641,F22,L02776,0.01,136
F21642,F22,L02776,0.01,137
F21643,F22,L02776,0.01,138
F21644,F22,L02776,0.01,139
F21645,F22,L02776,0.01,140
F21646,F22,L02776,0.01,141
F21647,F22,L02776,0.01,142
F21648,F22,L02776,0.01,143
F21649,F22,L02776,0.01,144
F21650,F22,L02776,0.01,145
F21651,F22,L02776,0.01,146
F21652,F22,L02776,0.01,147
F21653,F22,L02776,0.01,148
F21654,F22,L02776,0.01,149
F21655,F22,L02776,0.01,150
F21656,F22,L02776,0.01,151
F21657,F22,L02776,0.01,152
F21658,F22,L02776,0.01,153
F21659,F22,L02776,0.01,154
F21660,F22,L02776,0.01,155
F21661,F22,L02776,0.01,156
F21662,F22,L02776,0.01,157
F21663,F22,L02776,0.01,158
F21664,F22,L02776,0.01,159
F21665,F22,L02776,0.01,160
F21666,F22,L02776,0.01,161
F21667,F22,L02776,0.01,162
F21668,F22,L02776,0.01,163
F21669,F22,L02776,0.01,164
F21670,F22,L02776,0.01,165
F21671,F22,L02776,0.01,166
F21672,F22,L02776,0.01,167
F21673,F22,L02776,0.01,168
F21674,F22,L02776,0.01,169
F21675,F22,L02776,0.01,170
F21676,F22,L02776,0.01,171
F21677,F22,L02776,0.01,172
F21678,F22,L02776,0.01,173
F21679,F22,L02776,0.01,174
F21680,F22,L02776,0.01,175
F21681,F22,L02776,0.01,176
F21682,F22,L02776,0.01,177
F21683,F22,L02776,0.01,178
F21684,F22,L02776,0.01,179
F21685,F22,L02776,0.01,180
F21686,F22,L02776,0.01,181
F21687,F22,L02776,0.01,182
F21688,F22,L02776,0.01,183
F21689,F22,L02776,0.01,184
F21690,F22,L02776,0.01,185
F21691,F22,L02776,0.01,186
F21692,F22,L02776,0.01,187
F21693,F22,L02776,0.01,188
F21694,F22,L02776,0.01,189
F21695,F22,L02776,0.01,190
F21696,F22,L02776,0.01,191
F21697,F22,L02776,0.01,192
F21698,F22,L02776,0.01,193
F21699,F22,L02776,0.01,194
F21700,F22,L02776,0.01,195
F21701,F22,L02776,0.01,196
F21702,F22,L02776,0.01,197
F21703,F22,L02776,0.01,198
F21704,F22,L02776,0.01,199
F21705,F22,L02776,0.01,200
F21706,F22,L02776,0.01,201
F21707,F22,L02776,0.01,202
F21708,F22,L02776,0.01,203
F21709,F22,L02776,0.01,204
F21710,F22,L02776,0.01,205
F21711,F22,L02776,0.01,206
F21712,F22,L02776,0.01,207
F21713,F22,L02776,0.01,208
F21714,F22,L02776,0.01,209
F21715,F22,L02776,0.01,210
F21716,F22,L02776,0.01,211
F21717,F22,L02776,0.01,212
F21718,F22,L02776,0.01,213
F21719,F22,L02776,0.01,214
F21720,F22,L02776,0.01,215
F21721,F22,L02776,0.01,216
F21722,F22,L02776,0.01,217
F21723,F22,L02776,0.01,218
F21724,F22,L02776,0.01,219
F21725,F22,L02776,0.01,220
F21726,F22,L02776,0.01,221
F21727,F22,L02776,0.01,222
F21728,F22,L02776,0.01,223
F21729,F22,L02776,0.01,224
F21730,F22,L02776,0.01,225
F21731,F22,L02776,0.01,226
F21732,F22,L02776,0.01,227
F21733,F22,L02776,0.01,228
F21734,F22,L02776,0.01,229
F21735,F22,L02776,0.01,230
F21736,F22,L02776,0.01,231
F21737,F22,L02776,0.01,232
F21738,F22,L02776,0.01,233
F21739,F22,L02776,0.01,234
F21740,F22,L02776,0.01,235
F21741,F22,L02776,0.01,236
F21742,F22,L02776,0.01,237
F21743,F22,L02776,0.01,238
F21744,F22,L02776,0.01,239
F21745,F22,L02776,0.01,240
F21746,F22,L02776,0.01,241
F21747,F22,L02776,0.01,242
F21748,F22,L02776,0.01,243
F21749,F22,L02776,0.01,244
F21750,F22,L02776,0.01,245
F21751,F22,L02776,0.01,246
F21752,F22,L02776,0.01,247
F21753,F22,L02776,0.01,248
F21754,F22,L02776,0.01,249
F21755,F22,L02776,0.01,250
F21756,F22,L02776,0.01,251
F21757,F22,L02776,0.01,252
F21758,F22,L02776,0.01,253
F21759,F22,L02776,0.01,254
F21760,F22,L02776,0.01,255
F21761,F22,L02776,0.01,256
F21762,F22,L02776,0.01,257
F21763,F22,L02776,0.01,258
F21764,F22,L02776,0.01,259
F21765,F22,L02776,0.01,260
F21766,F22,L02776,0.01,261
F21767,F22,L02776,0.01,262
F21768,F22,L02776,0.01,263
F21769,F22,L02776,0.01,264
F21770,F22,L02776,0.01,265
F21771,F22,L02776,0.01,266
F21772,F22,L02776,0.01,267
F21773,F22,L02776,0.01,268
F21774,F22,L02776,0.01,269
F21775,F22,L02776,0.01,270
F21776,F22,L02776,0.01,271
F21777,F22,L02776,0.01,272
F21778,F22,L02776,0.01,273
F21779,F22,L02776,0.01,274
F21780,F22,L02776,0.01,275
F21781,F22,L02776,0.01,276
F21782,F22,L02776,0.01,277
F21783,F22,L02776,0.01,278
F21784,F22,L02776,0.01,279
F21785,F22,L02776,0.01,280
F21786,F22,L02776,0.01,281
F21787,F22,L02776,0.01,282
F21788,F22,L02776,0.01,283
F21789,F22,L02776,0.01,284
F21790,F22,L02776,0.01,285
F21791,F22,L02776,0.01,286
F21792,F22,L02776,0.01,287
F21793,F22,L02776,0.01,288
F21794,F22,L02776,0.01,289
F21795,F22,L02776,0.01,290
F21796,F22,L02776,0.01,291
F21797,F22,L02776,0.01,292
F21798,F22,L02776,0.01,293
F21799,F22,L02776,0.01,294
F21800,F22,L02776,0.01,295
F21801,F22,L02776,0.01,296
F21802,F22,L02776,0.01,297
F21803,F22,L02776,0.01,298
F21804,F22,L02776,0.01,299
F21805,F22,L02776,0.01,300
F21806,F22,L02776,0.01,301
F21807,F22,L02776,0.01,302
F21808,F22,L02776,0.01,303
F21809,F22,L02776,0.01,304
F21810,F22,L02776,0.01,305
F21811,F22,L02776,0.01,306
F21812,F22,L02776,0.01,307
F21813,F22,L02776,0.01,308
F21814,F22,L02776,0.01,309
F21815,F22,L02776,0.01,310
F21816,F22,L02776,0.01,311
F21817,F22,L02776,0.01,312
F21818,F22,L02776,0.01,313
F21819,F22,L02776,0.01,314
F21820,F22,L02776,0.01,315
F21821,F22,L02776,0.01,316
F21822,F22,L02776,0.01,317
F21823,F22,L02776,0.01,318
F21824,F22,L02776,0.01,319
F21825,F22,L02776,0.01,320
F21826,F22,L02776,0.01,321
F21827,F22,L02776,0.01,322
F21828,F22,L02776,0.01,323
F21829,F22,L02776,0.01,324
F21830,F22,L02776,0.01,325
F21831,F22,L02776,0.01,326
F21832,F22,L02776,0.01,327
F21833,F22,L02776,0.01,328
F21834,F22,L02776,0.01,329
F21835,F22,L02776,0.01,330
F21836,F22,L02776,0.01,331
F21837,F22,L02776,0.01,332
F21838,F22,L02776,0.01,333
F21839,F22,L02776,0.01,334
F21840,F22,L02776,0.01,335
F21841,F22,L02776,0.01,336
F21842,F22,L02776,0.01,337
F21843,F22,L02776,0.01,338
F21844,F22,L02776,0.01,339
F21845,F22,L02776,0.01,340
F21846,F22,L02776,0.01,341
F21847,F22,L02776,0.01,342
F21848,F22,L02776,0.01,343
F21849,F22,L02776,0.01,344
F21850,F22,L02776,0.01,345
F21851,F22,L02776,0.01,346
F21852,F22,L02776,0.01,347
F21853,F22,L02776,0.01,348
F21854,F22,L02776,0.01,349
F21855,F22,L02776,0.01,350
F21856,F22,L02776,0.01,351
F21857,F22,L02776,0.01,352
F21858,F22,L02776,0.01,353
F21859,F22,L02776,0.01,354
F21860,F22,L02776,0.01,355
F21861,F22,L02776,0.01,356
F21862,F22,L02776,0.01,357
F21863,F22,L02776,0.01,358
F21864,F22,L02776,0.01,359
F21865,F22,L02776,0.01,360
F21866,F22,L02776,0.01,361
F21867,F22,L02776,0.01,362
F21868,F22,L02776,0.01,363
F21869,F22,L02776,0.01,364
F21870,F22,L02776,0.01,365
F21871,F22,L02776,0.01,366
F21872,F22,L02776,0.01,367
F21873,F22,L02776,0.01,368
F21874,F22,L02776,0.01,369
F21875,F22,L02776,0.01,370
F21876,F22,L02776,0.01,371
F21877,F22,L02776,0.01,372
F21878,F22,L02776,0.01,373
F21879,F22,L02776,0.01,374
F21880,F22,L02776,0.01,375
F21881,F22,L02776,0.01,376
F21882,F22,L02776,0.01,377
F21883,F22,L02776,0.01,378
F21884,F22,L02776,0.01,379
F21885,F22,L02776,0.01,380
F21886,F22,L02776,0.01,381
F21887,F22,L02776,0.01,382
F21888,F22,L02776,0.01,383
F21889,F22,L02776,0.01,384
F21890,F22,L02776,0.01,385
F21891,F22,L02776,0.01,386
F21892,F22,L02776,0.01,387
F21893,F22,L02776,0.01,388
F21894,F22,L02776,0.01,389
F21895,F22,L02776,0.01,390
F21896,F22,L02776,0.01,391
F21897,F22,L02776,0.01,392
F21898,F22,L02776,0.01,393
F21899,F22,L02776,0.01,394
F21900,F22,L02776,0.01,395
F21901,F22,L02776,0.01,396
F21902,F22,L02776,0.01,397
F21903,F22,L02776,0.01,398
F21904,F22,L02776,0.01,399
F21905,F22,L02776,0.01,400
F21906,F22,L02776,0.01,401
F21907,F22,L02776,0.01,402
F21908,F22,L02776,0.01,403
F21909,F22,L02776,0.01,404
F21910,F22,L02776,0.01,405
F21911,F22,L02776,0.01,406
F21912,F22,L02776,0.01,407
F21913,F22,L02776,0.01,408
F21914,F22,L02776,0.01,409
F21915,F22,L02776,0.01,410
F21916,F22,L02776,0.01,411
F21917,F22,L02776,0.01,412
F21918,F22,L02776,0.01,413
F21919,F22,L02776,0.01,414
F21920,F22,L02776,0.01,415
F21921,F22,L02776,0.01,416
F21922,F22,L02776,0.01,417
F21923,F22,L02776,0.01,418
F21924,F22,L02776,0.01,419
F21925,F22,L02776,0.01,420
F21926,F22,L02776,0.01,421
F21927,F22,L02776,0.01,422
F21928,F22,L02776,0.01,423
F21929,F22,L02776,0.01,424
F21930,F22,L02776,0.01,425
F21931,F22,L02776,0.01,426
F21932,F22,L02776,0.01,427
F21933,F22,L02776,0.01,428
F21934,F22,L02776,0.01,429
F21935,F22,L02776,0.01,430
F21936,F22,L02776,0.01,431
F21937,F22,L02776,0.01,432
F21938,F22,L02776,0.01,433
F21939,F22,L02776,0.01,434
F21940,F22,L02776,0.01,435
F21941,F22,L02776,0.01,436
F21942,F22,L02776,0.01,437
F21943,F22,L02776,0.01,438
F21944,F22,L02776,0.01,439
F21945,F22,L02776,0.01,440
F21946,F22,L02776,0.01,441
F21947,F22,L02776,0.01,442
F21948,F22,L02776,0.01,443
F21949,F22,L02776,0.01,444
F21950,F22,L02776,0.01,445
F21951,F22,L02776,0.01,446
F21952,F22,L02776,0.01,447
F21953,F22,L02776,0.01,448
F21954,F22,L02776,0.01,449
F21955,F22,L02776,0.01,450
F21956,F22,L02776,0.01,451
F21957,F22,L02776,0.01,452
F21958,F22,L02776,0.01,453
F21959,F22,L02776,0.01,454
F21960,F22,L02776,0.01,455
F21961,F22,L02776,0.01,456
F21962,F22,L02776,0.01,457
F21963,F22,L02776,0.01,458
F21964,F22,L02776,0.01,459
F21965,F22,L02776,0.01,460
F21966,F22,L02776,0.01,461
F21967,F22,L02776,0.01,462
F21968,F22,L02776,0.01,463
F21969,F22,L02776,0.01,464
F21970,F22,L02776,0.01,465
F21971,F22,L02776,0.01,466
F21972,F22,L02776,0.01,467
F21973,F22,L02776,0.01,468
F21974,F22,L02776,0.01,469
F21975,F22,L02776,0.01,470
F21976,F22,L02776,0.01,471
F21977,F22,L02776,0.01,472
F21978,F22,L02776,0.01,473
F21979,F22,L02776,0.01,474
F21980,F22,L02776,0.01,475
F21981,F22,L02776,0.01,476
F21982,F22,L02776,0.01,477
F21983,F22,L02776,0.01,478
F21984,F22,L02776,0.01,479
F21985,F22,L02776,0.01,480
F21986,F22,L02776,0.01,481
F21987,F22,L02776,0.01,482
F21988,F22,L02776,0.01,483
F21989,F22,L02776,0.01,484
F21990,F22,L02776,0.01,485
F21991,F22,L02776,0.01,486
F21992,F22,L02776,0.01,487
F21993,F22,L02776,0.01,488
F21994,F22,L02776,0.01,489
F21995,F22,L02776,0.01,490
F21996,F22,L02776,0.01,491
F21997,F22,L02776,0.01,492
F21998,F22,L02776,0.01,493
F21999,F22,L02776,0.01,494
F22000,F22,L02776,0.01,495
F22001,F22,L02776,0.01,496
F22002,F22,L02776,0.01,497
F22003,F22,L02776,0.01,498
F22004,F22,L02776,0.01,499
F22005,F22,L02776,0.01,500
F22006,F22,L02776,0.01,501
F22007,F22,L02776,0.01,502
F22008,F22,L02776,0.01,503
F22009,F22,L02776,0.01,504
F22010,F22,L02776,0.01,505
F22011,F22,L02776,0.01,506
F22012,F22,L02776,0.01,507
F22013,F22,L02776,0.01,508
F22014,F22,L02776,0.01,509
F22015,F22,L02776,0.01,510
F22016,F22,L02776,0.01,511
F22017,F22,L02776,0.01,512
F22018,F22,L02776,0.01,513
F22019,F22,L02776,0.01,514
F22020,F22,L02776,0.01,515
F22021,F22,L02776,0.01,516
F22022,F22,L02776,0.01,517
F22023,F22,L02776,0.01,518
F22024,F22,L02776,0.01,519
F22025,F22,L02776,0.01,520
F22026,F22,L02776,0.01,521
F22027,F22,L02776,0.01,522
F22028,F22,L02776,0.01,523
F22029,F22,L02776,0.01,524
F22030,F22,L02776,0.01,525
F22031,F22,L02776,0.01,526
F22032,F22,L02776,0.01,527
F22033,F22,L02776,0.01,528
F22034,F22,L02776,0.01,529
F22035,F22,L02776,0.01,530
F22036,F22,L02776,0.01,531
F22037,F22,L02776,0.01,532
F22038,F22,L02776,0.01,533
F22039,F22,L02776,0.01,534
F22040,F22,L02776,0.01,535
F22041,F22,L02776,0.01,536
F22042,F22,L02776,0.01,537
F22043,F22,L02776,0.01,538
F22044,F22,L02776,0.01,539
F22045,F22,L02776,0.01,540
F22046,F22,L02776,0.01,541
F22047,F22,L02776,0.01,542
F22048,F22,L02776,0.01,543
F22049,F22,L02776,0.01,544
F22050,F22,L02776,0.01,545
F22051,F22,L02776,0.01,546
F22052,F22,L02776,0.01,547
F22053,F22,L02776,0.01,548
F22054,F22,L02776,0.01,549
F22055,F22,L02776,0.01,550
F22056,F22,L02776,0.01,551
F22057,F22,L02776,0.01,552
F22058,F22,L02776,0.01,553
F22059,F22,L02776,0.01,554
F22060,F22,L02776,0.01,555
F22061,F22,L02776,0.01,556
F22062,F22,L02776,0.01,557
F22063,F22,L02776,0.01,558
F22064,F22,L02776,0.01,559
F22065,F22,L02776,0.01,560
F22066,F22,L02776,0.01,561
F22067,F22,L02776,0.01,562
F22068,F22,L02776,0.01,563
F22069,F22,L02776,0.01,564
F22070,F22,L02776,0.01,565
F22071,F22,L02776,0.01,566
F22072,F22,L02776,0.01,567
F22073,F22,L02776,0.01,568
F22074,F22,L02776,0.01,569
F22075,F22,L02776,0.01,570
F22076,F22,L02776,0.01,571
F22077,F22,L02776,0.01,572
F22078,F22,L02776,0.01,573
F22079,F22,L02776,0.01,574
F22080,F22,L02776,0.01,575
F22081,F22,L02776,0.01,576
F22082,F22,L02776,0.01,577
F22083,F22,L02776,0.01,578
F22084,F22,L02776,0.01,579
F22085,F22,L02776,0.01,580
F22086,F22,L02776,0.01,581
F22087,F22,L02776,0.01,582
F22088,F22,L02776,0.01,583
F22089,F22,L02776,0.01,584
F22090,F22,L02776,0.01,585
F22091,F22,L02776,0.01,586
F22092,F22,L02776,0.01,587
F22093,F22,L02776,0.01,588
F22094,F22,L02776,0.01,589
F22095,F22,L02776,0.01,590
F22096,F22,L02776,0.01,591
F22097,F22,L02776,0.01,592
F22098,F22,L02776,0.01,593
F22099,F22,L02776,0.01,594
F22100,F22,L02776,0.01,595
F22101,F22,L02776,0.01,596
F22102,F22,L02776,0.01,597
F22103,F22,L02776,0.01,598
F22104,F22,L02776,0.01,599
F22105,F22,L02776,0.01,600
F22106,F22,L02776,0.01,601
F22107,F22,L02776,0.01,602
F22108,F22,L02776,0.01,603
F22109,F22,L02776,0.01,604
F22110,F22,L02776,0.01,605
F22111,F22,L02776,0.01,606
F22112,F22,L02776,0.01,607
F22113,F22,L02776,0.01,608
F22114,F22,L02776,0.01,609
F22115,F22,L02776,0.01,610
F22116,F22,L02776,0.01,611
F22117,F22,L02776,0.01,612
F22118,F22,L02776,0.01,613
F22119,F22,L02776,0.01,614
F22120,F22,L02776,0.01,615
F22121,F22,L02776,0.01,616
F22122,F22,L02776,0.01,617
F22123,F22,L02776,0.01,618
F22124,F22,L02776,0.01,619
F22125,F22,L02776,0.01,620
F22126,F22,L02776,0.01,621
F22127,F22,L02776,0.01,622
F22128,F22,L02776,0.01,623
F22129,F22,L02776,0.01,624
F22130,F22,L02776,0.01,625
F22131,F22,L02776,0.01,626
F22132,F22,L02776,0.01,627
F22133,F22,L02776,0.01,628
F22134,F22,L02776,0.01,629
F22135,F22,L02776,0.01,630
F22136,F22,L02776,0.01,631
F22137,F22,L02776,0.01,632
F22138,F22,L02776,0.01,633
F22139,F22,L02776,0.01,634
F22140,F22,L02776,0.01,635
F22141,F22,L02776,0.01,636
F22142,F22,L02776,0.01,637
F22143,F22,L02776,0.01,638
F22144,F22,L02776,0.01,639
F22145,F22,L02776,0.01,640
F22146,F22,L02776,0.01,641
F22147,F22,L02776,0.01,642
F22148,F22,L02776,0.01,643
F22149,F22,L02776,0.01,644
F22150,F22,L02776,0.01,645
F22151,F22,L02776,0.01,646
F22152,F22,L02776,0.01,647
F22153,F22,L02776,0.01,648
F22154,F22,L02776,0.01,649
F22155,F22,L02776,0.01,650
F22156,F22,L02776,0.01,651
F22157,F22,L02776,0.01,652
F22158,F22,L02776,0.01,653
F22159,F22,L02776,0.01,654
F22160,F22,L02776,0.01,655
F22161,F22,L02776,0.01,656
F22162,F22,L02776,0.01,657
F22163,F22,L02776,0.01,658
F22164,F22,L02776,0.01,659
F22165,F22,L02776,0.01,660
F22166,F22,L02776,0.01,661
F22167,F22,L02776,0.01,662
F22168,F22,L02776,0.01,663
F22169,F22,L02776,0.01,664
F22170,F22,L02776,0.01,665
F22171,F22,L02776,0.01,666
F22172,F22,L02776,0.01,667
F22173,F22,L02776,0.01,668
F22174,F22,L02776,0.01,669
F22175,F22,L02776,0.01,670
F22176,F22,L02776,0.01,671
F22177,F22,L02776,0.01,672
F22178,F22,L02776,0.01,673
F22179,F22,L02776,0.01,674
F22180,F22,L02776,0.01,675
F22181,F22,L02776,0.01,676
F22182,F22,L02776,0.01,677
F22183,F22,L02776,0.01,678
F22184,F22,L02776,0.01,679
F22185,F22,L02776,0.01,680
F22186,F22,L02776,0.01,681
F22187,F22,L02776,0.01,682
F22188,F22,L02776,0.01,683
F22189,F22,L02776,0.01,684
F22190,F22,L02776,0.01,685
F22191,F22,L02776,0.01,686
F22192,F22,L02776,0.01,687
F22193,F22,L02776,0.01,688
F22194,F22,L02776,0.01,689
F22195,F22,L02776,0.01,690
F22196,F22,L02776,0.01,691
F22197,F22,L02776,0.01,692
F22198,F22,L02776,0.01,693
F22199,F22,L02776,0.01,694
F22200,F22,L02776,0.01,695
F22201,F22,L02776,0.01,696
F22202,F22,L02776,0.01,697
F22203,F22,L02776,0.01,698
F22204,F22,L02776,0.01,699
F22205,F22,L02776,0.01,700
F22206,F22,L02776,0.01,701
F22207,F22,L02776,0.01,702
F22208,F22,L02776,0.01,703
F22209,F22,L02776,0.01,704
F22210,F22,L02776,0.01,705
F22211,F22,L02776,0.01,706
F22212,F22,L02776,0.01,707
F22213,F22,L02776,0.01,708
F22214,F22,L02776,0.01,709
F22215,F22,L02776,0.01,710
F22216,F22,L02776,0.01,711
F22217,F22,L02776,0.01,712
F22218,F22,L02776,0.01,713
F22219,F22,L02776,0.01,714
F22220,F22,L02776,0.01,715
F22221,F22,L02776,0.01,716
F22222,F22,L02776,0.01,717
F22223,F22,L02776,0.01,718
F22224,F22,L02776,0.01,719
F22225,F22,L02776,0.01,720
F22226,F22,L02776,0.01,721
F22227,F22,L02776,0.01,722
F22228,F22,L02776,0.01,723
F22229,F22,L02776,0.01,724
F22230,F22,L02776,0.01,725
F22231,F22,L02776,0.01,726
F22232,F22,L02776,0.01,727
F22233,F22,L02776,0.01,728
F22234,F22,L02776,0.01,729
F22235,F22,L02776,0.01,730
F22236,F22,L02776,0.01,731
F22237,F22,L02776,0.01,732
F22238,F22,L02776,0.01,733
F22239,F22,L02776,0.01,734
F22240,F22,L02776,0.01,735
F22241,F22,L02776,0.01,736
F22242,F22,L02776,0.01,737
F22243,F22,L02776,0.01,738
F22244,F22,L02776,0.01,739
F22245,F22,L02776,0.01,740
F22246,F22,L02776,0.01,741
F22247,F22,L02776,0.01,742
F22248,F22,L02776,0.01,743
F22249,F22,L02776,0.01,744
F22250,F22,L02776,0.01,745
F22251,F22,L02776,0.01,746
F22252,F22,L02776,0.01,747
F22253,F22,L02776,0.01,748
F22254,F22,L02776,0.01,749
F22255,F22,L02776,0.01,750
F22256,F22,L02776,0.01,751
F22257,F22,L02776,0.01,752
F22258,F22,L02776,0.01,753
F22259,F22,L02776,0.01,754
F22260,F22,L02776,0.01,755
F22261,F22,L02776,0.01,756
F22262,F22,L02776,0.01,757
F22263,F22,L02776,0.01,758
F22264,F22,L02776,0.01,759
F22265,F22,L02776,0.01,760
F22266,F22,L02776,0.01,761
F22267,F22,L02776,0.01,762
F22268,F22,L02776,0.01,763
F22269,F22,L02776,0.01,764
F22270,F22,L02776,0.01,765
F22271,F22,L02776,0.01,766
F22272,F22,L02776,0.01,767
F22273,F22,L02776,0.01,768
F22274,F22,L02776,0.01,769
F22275,F22,L02776,0.01,770
F22276,F22,L02776,0.01,771
F22277,F22,L02776,0.01,772
F22278,F22,L02776,0.01,773
F22279,F22,L02776,0.01,774
F22280,F22,L02776,0.01,775
F22281,F22,L02776,0.01,776
F22282,F22,L02776,0.01,777
F22283,F22,L02776,0.01,778
F22284,F22,L02776,0.01,779
F22285,F22,L02776,0.01,780
F22286,F22,L02776,0.01,781
F22287,F22,L02776,0.01,782
F22288,F22,L02776,0.01,783
F22289,F22,L02776,0.01,784
F22290,F22,L02776,0.01,785
F22291,F22,L02776,0.01,786
F22292,F22,L02776,0.01,787
F22293,F22,L02776,0.01,788
F22294,F22,L02776,0.01,789
F22295,F22,L02776,0.01,790
F22296,F22,L02776,0.01,791
F22297,F22,L02776,0.01,792
F22298,F22,L02776,0.01,793
F22299,F22,L02776,0.01,794
F22300,F22,L02776,0.01,795
F22301,F22,L02776,0.01,796
F22302,F22,L02776,0.01,797
F22303,F22,L02776,0.01,798
F22304,F22,L02776,0.01,799
F22305,F22,L02776,0.01,800
F22306,F22,L02776,0.01,801
F22307,F22,L02776,0.01,802
F22308,F22,L02776,0.01,803
F22309,F22,L02776,0.01,804
F22310,F22,L02776,0.01,805
F22311,F22,L02776,0.01,806
F22312,F22,L02776,0.01,807
F22313,F22,L02776,0.01,808
F22314,F22,L02776,0.01,809
F22315,F22,L02776,0.01,810
F22316,F22,L02776,0.01,811
F22317,F22,L02776,0.01,812
F22318,F22,L02776,0.01,813
F22319,F22,L02776,0.01,814
F22320,F22,L02776,0.01,815
F22321,F22,L02776,0.01,816
F22322,F22,L02776,0.01,817
F22323,F22,L02776,0.01,818
F22324,F22,L02776,0.01,819
F22325,F22,L02776,0.01,820
F22326,F22,L02776,0.01,821
F22327,F22,L02776,0.01,822
F22328,F22,L02776,0.01,823
F22329,F22,L02776,0.01,824
F22330,F22,L02776,0.01,825
F22331,F22,L02776,0.01,826
F22332,F22,L02776,0.01,827
F22333,F22,L02776,0.01,828
F22334,F22,L02776,0.01,829
F22335,F22,L02776,0.01,830
F22336,F22,L02776,0.01,831
F22337,F22,L02776,0.01,832
F22338,F22,L02776,0.01,833
F22339,F22,L02776,0.01,834
F22340,F22,L02776,0.01,835
F22341,F22,L02776,0.01,836
F22342,F22,L02776,0.01,837
F22343,F22,L02776,0.01,838
F22344,F22,L02776,0.01,839
F22345,F22,L02776,0.01,840
F22346,F22,L02776,0.01,841
F22347,F22,L02776,0.01,842
F22348,F22,L02776,0.01,843
F22349,F22,L02776,0.01,844
F22350,F22,L02776,0.01,845
F22351,F22,L02776,0.01,846
F22352,F22,L02776,0.01,847
F22353,F22,L02776,0.01,848
F22354,F22,L02776,0.01,849
F22355,F22,L02776,0.01,850
F22356,F22,L02776,0.01,851
F22357,F22,L02776,0.01,852
F22358,F22,L02776,0.01,853
F22359,F22,L02776,0.01,854
F22360,F22,L02776,0.01,855
F22361,F22,L02776,0.01,856
F22362,F22,L02776,0.01,857
F22363,F22,L02776,0.01,858
F22364,F22,L02776,0.01,859
F22365,F22,L02776,0.01,860
F22366,F22,L02776,0.01,861
F22367,F22,L02776,0.01,862
F22368,F22,L02776,0.01,863
F22369,F22,L02776,0.01,864
F22370,F22,L02776,0.01,865
F22371,F22,L02776,0.01,866
F22372,F22,L02776,0.01,867
F22373,F22,L02776,0.01,868
F22374,F22,L02776,0.01,869
F22375,F22,L02776,0.01,870
F22376,F22,L02776,0.01,871
F22377,F22,L02776,0.01,872
F22378,F22,L02776,0.01,873
F22379,F22,L02776,0.01,874
F22380,F22,L02776,0.01,875
F22381,F22,L02776,0.01,876
F22382,F22,L02776,0.01,877
F22383,F22,L02776,0.01,878
F22384,F22,L02776,0.01,879
F22385,F22,L02776,0.01,880
F22386,F22,L02776,0.01,881
F22387,F22,L02776,0.01,882
F22388,F22,L02776,0.01,883
F22389,F22,L02776,0.01,884
F22390,F22,L02776,0.01,885
F22391,F22,L02776,0.01,886
F22392,F22,L02776,0.01,887
F22393,F22,L02776,0.01,888
F22394,F22,L02776,0.01,889
F22395,F22,L02776,0.01,890
F22396,F22,L02776,0.01,891
F22397,F22,L02776,0.01,892
F22398,F22,L02776,0.01,893
F22399,F22,L02776,0.01,894
F22400,F22,L02776,0.01,895
F22401,F22,L02776,0.01,896
F22402,F22,L02776,0.01,897
F22403,F22,L02776,0.01,898
F22404,F22,L02776,0.01,899
F22405,F22,L02776,0.01,900
F22406,F22,L02776,0.01,901
F22407,F22,L02776,0.01,902
F22408,F22,L02776,0.01,903
F22409,F22,L02776,0.01,904
F22410,F22,L02776,0.01,905
F22411,F22,L02776,0.01,906
F22412,F22,L02776,0.01,907
F22413,F22,L02776,0.01,908
F22414,F22,L02776,0.01,909
F22415,F22,L02776,0.01,910
F22416,F22,L02776,0.01,911
F22417,F22,L02776,0.01,912
F22418,F22,L02776,0.01,913
F22419,F22,L02776,0.01,914
F22420,F22,L02776,0.01,915
F22421,F22,L02776,0.01,916
F22422,F22,L02776,0.01,917
F22423,F22,L02776,0.01,918
F22424,F22,L02776,0.01,919
F22425,F22,L02776,0.01,920
F22426,F22,L02776,0.01,921
F22427,F22,L02776,0.01,922
F22428,F22,L02776,0.01,923
F22429,F22,L02776,0.01,924
F22430,F22,L02776,0.01,925
F22431,F22,L02776,0.01,926
F22432,F22,L02776,0.01,927
F22433,F22,L02776,0.01,928
F22434,F22,L02776,0.01,929
F22435,F22,L02776,0.01,930
F22436,F22,L02776,0.01,931
F22437,F22,L02776,0.01,932
F22438,F22,L02776,0.01,933
F22439,F22,L02776,0.01,934
F22440,F22,L02776,0.01,935
F22441,F22,L02776,0.01,936
F22442,F22,L02776,0.01,937
F22443,F22,L02776,0.01,938
F22444,F22,L02776,0.01,939
F22445,F22,L02776,0.01,940
F22446,F22,L02776,0.01,941
F22447,F22,L02776,0.01,942
F22448,F22,L02776,0.01,943
F22449,F22,L02776,0.01,944
F22450,F22,L02776,0.01,945
F22451,F22,L02776,0.01,946
F22452,F22,L02776,0.01,947
F22453,F22,L02776,0.01,948
F22454,F22,L02776,0.01,949
F22455,F22,L02776,0.01,950
F22456,F22,L02776,0.01,951
F22457,F22,L02776,0.01,952
F22458,F22,L02776,0.01,953
F22459,F22,L02776,0.01,954
F22460,F22,L02776,0.01,955
F22461,F22,L02776,0.01,956
F22462,F22,L02776,0.01,957
F22463,F22,L02776,0.01,958
F22464,F22,L02776,0.01,959
F22465,F22,L02776,0.01,960
F22466,F22,L02776,0.01,961
F22467,F22,L02776,0.01,962
F22468,F22,L02776,0.01,963
F22469,F22,L02776,0.01,964
F22470,F22,L02776,0.01,965
F22471,F22,L02776,0.01,966
F22472,F22,L02776,0.01,967
F22473,F22,L02776,0.01,968
F22474,F22,L02776,0.01,969
F22475,F22,L02776,0.01,970
F22476,F22,L02776,0.01,971
F22477,F22,L02776,0.01,972
F22478,F22,L02776,0.01,973
F22479,F22,L02776,0.01,974
F22480,F22,L02776,0.01,975
F22481,F22,L02776,0.01,976
F22482,F22,L02776,0.01,977
F22483,F22,L02776,0.01,978
F22484,F22,L02776,0.01,979
F22485,F22,L02776,0.01,980
F22486,F22,L02776,0.01,981
F22487,F22,L02776,0.01,982
F22488,F22,L02776,0.01,983
F22489,F22,L02776,0.01,984
F22490,F22,L02776,0.01,985
F22491,F22,L02776,0.01,986
F22492,F22,L02776,0.01,987
F22493,F22,L02776,0.01,988
F22494,F22,L02776,0.01,989
F22495,F22,L02776,0.01,990
F22496,F22,L02776,0.01,991
F22497,F22,L02776,0.01,992
F22498,F22,L02776,0.01,993
F22499,F22,L02776,0.01,994
F22500,F22,L02776,0.01,995
F22501,F22,L02776,0.01,996
F22502,F22,L02776,0.01,997
F22503,F22,L02776,0.01,998
F22504,F22,L02776,0.01,999
F22505,F22,L02776,0.01,1000
F22506,F22,L02776,0.01,1001
F22507,F22,L02776,0.01,1002
F22508,F22,L02776,0.01,1003
F22509,F22,L02776,0.01,1004
F22510,F22,L02776,0.01,1005
F22511,F22,L02776,0.01,1006
F22512,F22,L02776,0.01,1007
F22513,F22,L02776,0.01,1008
F22514,F22,L02776,0.01,1009
F22515,F22,L02776,0.01,1010
F22516,F22,L02776,0.01,1011
F22517,F22,L02776,0.01,1012
F22518,F22,L02776,0.01,1013
F22519,F22,L02776,0.01,1014
F22520,F22,L02776,0.01,1015
F22521,F22,L02776,0.01,1016
F22522,F22,L02776,0.01,1017
F22523,F22,L02776,0.01,1018
F22524,F22,L02776,0.01,1019
F22525,F22,L02776,0.01,1020
F22526,F22,L02776,0.01,1021
F22527,F22,L02776,0.01,1022
F22528,F22,L02776,0.01,1023
F22529,F23,L02776,0.02,0
F22530,F23,L02776,0.02,1
F22531,F23,L02776,0.02,2
F22532,F23,L02776,0.02,3
F22533,F23,L02776,0.02,4
F22534,F23,L02776,0.02,5
F22535,F23,L02776,0.02,6
F22536,F23,L02776,0.02,7
F22537,F23,L02776,0.02,8
F22538,F23,L02776,0.02,9
F22539,F23,L02776,0.02,10
F22540,F23,L02776,0.02,11
F22541,F23,L02776,0.02,12
F22542,F23,L02776,0.02,13
F22543,F23,L02776,0.02,14
F22544,F23,L02776,0.02,15
F22545,F23,L02776,0.02,16
F22546,F23,L02776,0.02,17
F22547,F23,L02776,0.02,18
F22548,F23,L02776,0.02,19
F22549,F23,L02776,0.02,20
F22550,F23,L02776,0.02,21
F22551,F23,L02776,0.02,22
F22552,F23,L02776,0.02,23
F22553,F23,L02776,0.02,24
F22554,F23,L02776,0.02,25
F22555,F23,L02776,0.02,26
F22556,F23,L02776,0.02,27
F22557,F23,L02776,0.02,28
F22558,F23,L02776,0.02,29
F22559,F23,L02776,0.02,30
F22560,F23,L02776,0.02,31
F22561,F23,L02776,0.02,32
F22562,F23,L02776,0.02,33
F22563,F23,L02776,0.02,34
F22564,F23,L02776,0.02,35
F22565,F23,L02776,0.02,36
F22566,F23,L02776,0.02,37
F22567,F23,L02776,0.02,38
F22568,F23,L02776,0.02,39
F22569,F23,L02776,0.02,40
F22570,F23,L02776,0.02,41
F22571,F23,L02776,0.02,42
F22572,F23,L02776,0.02,43
F22573,F23,L02776,0.02,44
F22574,F23,L02776,0.02,45
F22575,F23,L02776,0.02,46
F22576,F23,L02776,0.02,47
F22577,F23,L02776,0.02,48
F22578,F23,L02776,0.02,49
F22579,F23,L02776,0.02,50
F22580,F23,L02776,0.02,51
F22581,F23,L02776,0.02,52
F22582,F23,L02776,0.02,53
F22583,F23,L02776,0.02,54
F22584,F23,L02776,0.02,55
F22585,F23,L02776,0.02,56
F22586,F23,L02776,0.02,57
F22587,F23,L02776,0.02,58
F22588,F23,L02776,0.02,59
F22589,F23,L02776,0.02,60
F22590,F23,L02776,0.02,61
F22591,F23,L02776,0.02,62
F22592,F23,L02776,0.02,63
F22593,F23,L02776,0.02,64
F22594,F23,L02776,0.02,65
F22595,F23,L02776,0.02,66
F22596,F23,L02776,0.02,67
F22597,F23,L02776,0.02,68
F22598,F23,L02776,0.02,69
F22599,F23,L02776,0.02,70
F22600,F23,L02776,0.02,71
F22601,F23,L02776,0.02,72
F22602,F23,L02776,0.02,73
F22603,F23,L02776,0.02,74
F22604,F23,L02776,0.02,75
F22605,F23,L02776,0.02,76
F22606,F23,L02776,0.02,77
F22607,F23,L02776,0.02,78
F22608,F23,L02776,0.02,79
F22609,F23,L02776,0.02,80
F22610,F23,L02776,0.02,81
F22611,F23,L02776,0.02,82
F22612,F23,L02776,0.02,83
F22613,F23,L02776,0.02,84
F22614,F23,L02776,0.02,85
F22615,F23,L02776,0.02,86
F22616,F23,L02776,0.02,87
F22617,F23,L02776,0.02,88
F22618,F23,L02776,0.02,89
F22619,F23,L02776,0.02,90
F22620,F23,L02776,0.02,91
F22621,F23,L02776,0.02,92
F22622,F23,L02776,0.02,93
F22623,F23,L02776,0.02,94
F22624,F23,L02776,0.02,95
F22625,F23,L02776,0.02,96
F22626,F23,L02776,0.02,97
F22627,F23,L02776,0.02,98
F22628,F23,L02776,0.02,99
F22629,F23,L02776,0.02,100
F22630,F23,L02776,0.02,101
F22631,F23,L02776,0.02,102
F22632,F23,L02776,0.02,103
F22633,F23,L02776,0.02,104
F22634,F23,L02776,0.02,105
F22635,F23,L02776,0.02,106
F22636,F23,L02776,0.02,107
F22637,F23,L02776,0.02,108
F22638,F23,L02776,0.02,109
F22639,F23,L02776,0.02,110
F22640,F23,L02776,0.02,111
F22641,F23,L02776,0.02,112
F22642,F23,L02776,0.02,113
F22643,F23,L02776,0.02,114
F22644,F23,L02776,0.02,115
F22645,F23,L02776,0.02,116
F22646,F23,L02776,0.02,117
F22647,F23,L02776,0.02,118
F22648,F23,L02776,0.02,119
F22649,F23,L02776,0.02,120
F22650,F23,L02776,0.02,121
F22651,F23,L02776,0.02,122
F22652,F23,L02776,0.02,123
F22653,F23,L02776,0.02,124
F22654,F23,L02776,0.02,125
F22655,F23,L02776,0.02,126
F22656,F23,L02776,0.02,127
F22657,F23,L02776,0.02,128
F22658,F23,L02776,0.02,129
F22659,F23,L02776,0.02,130
F22660,F23,L02776,0.02,131
F22661,F23,L02776,0.02,132
F22662,F23,L02776,0.02,133
F22663,F23,L02776,0.02,134
F22664,F23,L02776,0.02,135
F22665,F23,L02776,0.02,136
F22666,F23,L02776,0.02,137
F22667,F23,L02776,0.02,138
F22668,F23,L02776,0.02,139
F22669,F23,L02776,0.02,140
F22670,F23,L02776,0.02,141
F22671,F23,L02776,0.02,142
F22672,F23,L02776,0.02,143
F22673,F23,L02776,0.02,144
F22674,F23,L02776,0.02,145
F22675,F23,L02776,0.02,146
F22676,F23,L02776,0.02,147
F22677,F23,L02776,0.02,148
F22678,F23,L02776,0.02,149
F22679,F23,L02776,0.02,150
F22680,F23,L02776,0.02,151
F22681,F23,L02776,0.02,152
F22682,F23,L02776,0.02,153
F22683,F23,L02776,0.02,154
F22684,F23,L02776,0.02,155
F22685,F23,L02776,0.02,156
F22686,F23,L02776,0.02,157
F22687,F23,L02776,0.02,158
F22688,F23,L02776,0.02,159
F22689,F23,L02776,0.02,160
F22690,F23,L02776,0.02,161
F22691,F23,L02776,0.02,162
F22692,F23,L02776,0.02,163
F22693,F23,L02776,0.02,164
F22694,F23,L02776,0.02,165
F22695,F23,L02776,0.02,166
F22696,F23,L02776,0.02,167
F22697,F23,L02776,0.02,168
F22698,F23,L02776,0.02,169
F22699,F23,L02776,0.02,170
F22700,F23,L02776,0.02,171
F22701,F23,L02776,0.02,172
F22702,F23,L02776,0.02,173
F22703,F23,L02776,0.02,174
F22704,F23,L02776,0.02,175
F22705,F23,L02776,0.02,176
F22706,F23,L02776,0.02,177
F22707,F23,L02776,0.02,178
F22708,F23,L02776,0.02,179
F22709,F23,L02776,0.02,180
F22710,F23,L02776,0.02,181
F22711,F23,L02776,0.02,182
F22712,F23,L02776,0.02,183
F22713,F23,L02776,0.02,184
F22714,F23,L02776,0.02,185
F22715,F23,L02776,0.02,186
F22716,F23,L02776,0.02,187
F22717,F23,L02776,0.02,188
F22718,F23,L02776,0.02,189
F22719,F23,L02776,0.02,190
F22720,F23,L02776,0.02,191
F22721,F23,L02776,0.02,192
F22722,F23,L02776,0.02,193
F22723,F23,L02776,0.02,194
F22724,F23,L02776,0.02,195
F22725,F23,L02776,0.02,196
F22726,F23,L02776,0.02,197
F22727,F23,L02776,0.02,198
F22728,F23,L02776,0.02,199
F22729,F23,L02776,0.02,200
F22730,F23,L02776,0.02,201
F22731,F23,L02776,0.02,202
F22732,F23,L02776,0.02,203
F22733,F23,L02776,0.02,204
F22734,F23,L02776,0.02,205
F22735,F23,L02776,0.02,206
F22736,F23,L02776,0.02,207
F22737,F23,L02776,0.02,208
F22738,F23,L02776,0.02,209
F22739,F23,L02776,0.02,210
F22740,F23,L02776,0.02,211
F22741,F23,L02776,0.02,212
F22742,F23,L02776,0.02,213
F22743,F23,L02776,0.02,214
F22744,F23,L02776,0.02,215
F22745,F23,L02776,0.02,216
F22746,F23,L02776,0.02,217
F22747,F23,L02776,0.02,218
F22748,F23,L02776,0.02,219
F22749,F23,L02776,0.02,220
F22750,F23,L02776,0.02,221
F22751,F23,L02776,0.02,222
F22752,F23,L02776,0.02,223
F22753,F23,L02776,0.02,224
F22754,F23,L02776,0.02,225
F22755,F23,L02776,0.02,226
F22756,F23,L02776,0.02,227
F22757,F23,L02776,0.02,228
F22758,F23,L02776,0.02,229
F22759,F23,L02776,0.02,230
F22760,F23,L02776,0.02,231
F22761,F23,L02776,0.02,232
F22762,F23,L02776,0.02,233
F22763,F23,L02776,0.02,234
F22764,F23,L02776,0.02,235
F22765,F23,L02776,0.02,236
F22766,F23,L02776,0.02,237
F22767,F23,L02776,0.02,238
F22768,F23,L02776,0.02,239
F22769,F23,L02776,0.02,240
F22770,F23,L02776,0.02,241
F22771,F23,L02776,0.02,242
F22772,F23,L02776,0.02,243
F22773,F23,L02776,0.02,244
F22774,F23,L02776,0.02,245
F22775,F23,L02776,0.02,246
F22776,F23,L02776,0.02,247
F22777,F23,L02776,0.02,248
F22778,F23,L02776,0.02,249
F22779,F23,L02776,0.02,250
F22780,F23,L02776,0.02,251
F22781,F23,L02776,0.02,252
F22782,F23,L02776,0.02,253
F22783,F23,L02776,0.02,254
F22784,F23,L02776,0.02,255
F22785,F23,L02776,0.02,256
F22786,F23,L02776,0.02,257
F22787,F23,L02776,0.02,258
F22788,F23,L02776,0.02,259
F22789,F23,L02776,0.02,260
F22790,F23,L02776,0.02,261
F22791,F23,L02776,0.02,262
F22792,F23,L02776,0.02,263
F22793,F23,L02776,0.02,264
F22794,F23,L02776,0.02,265
F22795,F23,L02776,0.02,266
F22796,F23,L02776,0.02,267
F22797,F23,L02776,0.02,268
F22798,F23,L02776,0.02,269
F22799,F23,L02776,0.02,270
F22800,F23,L02776,0.02,271
F22801,F23,L02776,0.02,272
F22802,F23,L02776,0.02,273
F22803,F23,L02776,0.02,274
F22804,F23,L02776,0.02,275
F22805,F23,L02776,0.02,276
F22806,F23,L02776,0.02,277
F22807,F23,L02776,0.02,278
F22808,F23,L02776,0.02,279
F22809,F23,L02776,0.02,280
F22810,F23,L02776,0.02,281
F22811,F23,L02776,0.02,282
F22812,F23,L02776,0.02,283
F22813,F23,L02776,0.02,284
F22814,F23,L02776,0.02,285
F22815,F23,L02776,0.02,286
F22816,F23,L02776,0.02,287
F22817,F23,L02776,0.02,288
F22818,F23,L02776,0.02,289
F22819,F23,L02776,0.02,290
F22820,F23,L02776,0.02,291
F22821,F23,L02776,0.02,292
F22822,F23,L02776,0.02,293
F22823,F23,L02776,0.02,294
F22824,F23,L02776,0.02,295
F22825,F23,L02776,0.02,296
F22826,F23,L02776,0.02,297
F22827,F23,L02776,0.02,298
F22828,F23,L02776,0.02,299
F22829,F23,L02776,0.02,300
F22830,F23,L02776,0.02,301
F22831,F23,L02776,0.02,302
F22832,F23,L02776,0.02,303
F22833,F23,L02776,0.02,304
F22834,F23,L02776,0.02,305
F22835,F23,L02776,0.02,306
F22836,F23,L02776,0.02,307
F22837,F23,L02776,0.02,308
F22838,F23,L02776,0.02,309
F22839,F23,L02776,0.02,310
F22840,F23,L02776,0.02,311
F22841,F23,L02776,0.02,312
F22842,F23,L02776,0.02,313
F22843,F23,L02776,0.02,314
F22844,F23,L02776,0.02,315
F22845,F23,L02776,0.02,316
F22846,F23,L02776,0.02,317
F22847,F23,L02776,0.02,318
F22848,F23,L02776,0.02,319
F22849,F23,L02776,0.02,320
F22850,F23,L02776,0.02,321
F22851,F23,L02776,0.02,322
F22852,F23,L02776,0.02,323
F22853,F23,L02776,0.02,324
F22854,F23,L02776,0.02,325
F22855,F23,L02776,0.02,326
F22856,F23,L02776,0.02,327
F22857,F23,L02776,0.02,328
F22858,F23,L02776,0.02,329
F22859,F23,L02776,0.02,330
F22860,F23,L02776,0.02,331
F22861,F23,L02776,0.02,332
F22862,F23,L02776,0.02,333
F22863,F23,L02776,0.02,334
F22864,F23,L02776,0.02,335
F22865,F23,L02776,0.02,336
F22866,F23,L02776,0.02,337
F22867,F23,L02776,0.02,338
F22868,F23,L02776,0.02,339
F22869,F23,L02776,0.02,340
F22870,F23,L02776,0.02,341
F22871,F23,L02776,0.02,342
F22872,F23,L02776,0.02,343
F22873,F23,L02776,0.02,344
F22874,F23,L02776,0.02,345
F22875,F23,L02776,0.02,346
F22876,F23,L02776,0.02,347
F22877,F23,L02776,0.02,348
F22878,F23,L02776,0.02,349
F22879,F23,L02776,0.02,350
F22880,F23,L02776,0.02,351
F22881,F23,L02776,0.02,352
F22882,F23,L02776,0.02,353
F22883,F23,L02776,0.02,354
F22884,F23,L02776,0.02,355
F22885,F23,L02776,0.02,356
F22886,F23,L02776,0.02,357
F22887,F23,L02776,0.02,358
F22888,F23,L02776,0.02,359
F22889,F23,L02776,0.02,360
F22890,F23,L02776,0.02,361
F22891,F23,L02776,0.02,362
F22892,F23,L02776,0.02,363
F22893,F23,L02776,0.02,364
F22894,F23,L02776,0.02,365
F22895,F23,L02776,0.02,366
F22896,F23,L02776,0.02,367
F22897,F23,L02776,0.02,368
F22898,F23,L02776,0.02,369
F22899,F23,L02776,0.02,370
F22900,F23,L02776,0.02,371
F22901,F23,L02776,0.02,372
F22902,F23,L02776,0.02,373
F22903,F23,L02776,0.02,374
F22904,F23,L02776,0.02,375
F22905,F23,L02776,0.02,376
F22906,F23,L02776,0.02,377
F22907,F23,L02776,0.02,378
F22908,F23,L02776,0.02,379
F22909,F23,L02776,0.02,380
F22910,F23,L02776,0.02,381
F22911,F23,L02776,0.02,382
F22912,F23,L02776,0.02,383
F22913,F23,L02776,0.02,384
F22914,F23,L02776,0.02,385
F22915,F23,L02776,0.02,386
F22916,F23,L02776,0.02,387
F22917,F23,L02776,0.02,388
F22918,F23,L02776,0.02,389
F22919,F23,L02776,0.02,390
F22920,F23,L02776,0.02,391
F22921,F23,L02776,0.02,392
F22922,F23,L02776,0.02,393
F22923,F23,L02776,0.02,394
F22924,F23,L02776,0.02,395
F22925,F23,L02776,0.02,396
F22926,F23,L02776,0.02,397
F22927,F23,L02776,0.02,398
F22928,F23,L02776,0.02,399
F22929,F23,L02776,0.02,400
F22930,F23,L02776,0.02,401
F22931,F23,L02776,0.02,402
F22932,F23,L02776,0.02,403
F22933,F23,L02776,0.02,404
F22934,F23,L02776,0.02,405
F22935,F23,L02776,0.02,406
F22936,F23,L02776,0.02,407
F22937,F23,L02776,0.02,408
F22938,F23,L02776,0.02,409
F22939,F23,L02776,0.02,410
F22940,F23,L02776,0.02,411
F22941,F23,L02776,0.02,412
F22942,F23,L02776,0.02,413
F22943,F23,L02776,0.02,414
F22944,F23,L02776,0.02,415
F22945,F23,L02776,0.02,416
F22946,F23,L02776,0.02,417
F22947,F23,L02776,0.02,418
F22948,F23,L02776,0.02,419
F22949,F23,L02776,0.02,420
F22950,F23,L02776,0.02,421
F22951,F23,L02776,0.02,422
F22952,F23,L02776,0.02,423
F22953,F23,L02776,0.02,424
F22954,F23,L02776,0.02,425
F22955,F23,L02776,0.02,426
F22956,F23,L02776,0.02,427
F22957,F23,L02776,0.02,428
F22958,F23,L02776,0.02,429
F22959,F23,L02776,0.02,430
F22960,F23,L02776,0.02,431
F22961,F23,L02776,0.02,432
F22962,F23,L02776,0.02,433
F22963,F23,L02776,0.02,434
F22964,F23,L02776,0.02,435
F22965,F23,L02776,0.02,436
F22966,F23,L02776,0.02,437
F22967,F23,L02776,0.02,438
F22968,F23,L02776,0.02,439
F22969,F23,L02776,0.02,440
F22970,F23,L02776,0.02,441
F22971,F23,L02776,0.02,442
F22972,F23,L02776,0.02,443
F22973,F23,L02776,0.02,444
F22974,F23,L02776,0.02,445
F22975,F23,L02776,0.02,446
F22976,F23,L02776,0.02,447
F22977,F23,L02776,0.02,448
F22978,F23,L02776,0.02,449
F22979,F23,L02776,0.02,450
F22980,F23,L02776,0.02,451
F22981,F23,L02776,0.02,452
F22982,F23,L02776,0.02,453
F22983,F23,L02776,0.02,454
F22984,F23,L02776,0.02,455
F22985,F23,L02776,0.02,456
F22986,F23,L02776,0.02,457
F22987,F23,L02776,0.02,458
F22988,F23,L02776,0.02,459
F22989,F23,L02776,0.02,460
F22990,F23,L02776,0.02,461
F22991,F23,L02776,0.02,462
F22992,F23,L02776,0.02,463
F22993,F23,L02776,0.02,464
F22994,F23,L02776,0.02,465
F22995,F23,L02776,0.02,466
F22996,F23,L02776,0.02,467
F22997,F23,L02776,0.02,468
F22998,F23,L02776,0.02,469
F22999,F23,L02776,0.02,470
F23000,F23,L02776,0.02,471
F23001,F23,L02776,0.02,472
F23002,F23,L02776,0.02,473
F23003,F23,L02776,0.02,474
F23004,F23,L02776,0.02,475
F23005,F23,L02776,0.02,476
F23006,F23,L02776,0.02,477
F23007,F23,L02776,0.02,478
F23008,F23,L02776,0.02,479
F23009,F23,L02776,0.02,480
F23010,F23,L02776,0.02,481
F23011,F23,L02776,0.02,482
F23012,F23,L02776,0.02,483
F23013,F23,L02776,0.02,484
F23014,F23,L02776,0.02,485
F23015,F23,L02776,0.02,486
F23016,F23,L02776,0.02,487
F23017,F23,L02776,0.02,488
F23018,F23,L02776,0.02,489
F23019,F23,L02776,0.02,490
F23020,F23,L02776,0.02,491
F23021,F23,L02776,0.02,492
F23022,F23,L02776,0.02,493
F23023,F23,L02776,0.02,494
F23024,F23,L02776,0.02,495
F23025,F23,L02776,0.02,496
F23026,F23,L02776,0.02,497
F23027,F23,L02776,0.02,498
F23028,F23,L02776,0.02,499
F23029,F23,L02776,0.02,500
F23030,F23,L02776,0.02,501
F23031,F23,L02776,0.02,502
F23032,F23,L02776,0.02,503
F23033,F23,L02776,0.02,504
F23034,F23,L02776,0.02,505
F23035,F23,L02776,0.02,506
F23036,F23,L02776,0.02,507
F23037,F23,L02776,0.02,508
F23038,F23,L02776,0.02,509
F23039,F23,L02776,0.02,510
F23040,F23,L02776,0.02,511
F23041,F23,L02776,0.02,512
F23042,F23,L02776,0.02,513
F23043,F23,L02776,0.02,514
F23044,F23,L02776,0.02,515
F23045,F23,L02776,0.02,516
F23046,F23,L02776,0.02,517
F23047,F23,L02776,0.02,518
F23048,F23,L02776,0.02,519
F23049,F23,L02776,0.02,520
F23050,F23,L02776,0.02,521
F23051,F23,L02776,0.02,522
F23052,F23,L02776,0.02,523
F23053,F23,L02776,0.02,524
F23054,F23,L02776,0.02,525
F23055,F23,L02776,0.02,526
F23056,F23,L02776,0.02,527
F23057,F23,L02776,0.02,528
F23058,F23,L02776,0.02,529
F23059,F23,L02776,0.02,530
F23060,F23,L02776,0.02,531
F23061,F23,L02776,0.02,532
F23062,F23,L02776,0.02,533
F23063,F23,L02776,0.02,534
F23064,F23,L02776,0.02,535
F23065,F23,L02776,0.02,536
F23066,F23,L02776,0.02,537
F23067,F23,L02776,0.02,538
F23068,F23,L02776,0.02,539
F23069,F23,L02776,0.02,540
F23070,F23,L02776,0.02,541
F23071,F23,L02776,0.02,542
F23072,F23,L02776,0.02,543
F23073,F23,L02776,0.02,544
F23074,F23,L02776,0.02,545
F23075,F23,L02776,0.02,546
F23076,F23,L02776,0.02,547
F23077,F23,L02776,0.02,548
F23078,F23,L02776,0.02,549
F23079,F23,L02776,0.02,550
F23080,F23,L02776,0.02,551
F23081,F23,L02776,0.02,552
F23082,F23,L02776,0.02,553
F23083,F23,L02776,0.02,554
F23084,F23,L02776,0.02,555
F23085,F23,L02776,0.02,556
F23086,F23,L02776,0.02,557
F23087,F23,L02776,0.02,558
F23088,F23,L02776,0.02,559
F23089,F23,L02776,0.02,560
F23090,F23,L02776,0.02,561
F23091,F23,L02776,0.02,562
F23092,F23,L02776,0.02,563
F23093,F23,L02776,0.02,564
F23094,F23,L02776,0.02,565
F23095,F23,L02776,0.02,566
F23096,F23,L02776,0.02,567
F23097,F23,L02776,0.02,568
F23098,F23,L02776,0.02,569
F23099,F23,L02776,0.02,570
F23100,F23,L02776,0.02,571
F23101,F23,L02776,0.02,572
F23102,F23,L02776,0.02,573
F23103,F23,L02776,0.02,574
F23104,F23,L02776,0.02,575
F23105,F23,L02776,0.02,576
F23106,F23,L02776,0.02,577
F23107,F23,L02776,0.02,578
F23108,F23,L02776,0.02,579
F23109,F23,L02776,0.02,580
F23110,F23,L02776,0.02,581
F23111,F23,L02776,0.02,582
F23112,F23,L02776,0.02,583
F23113,F23,L02776,0.02,584
F23114,F23,L02776,0.02,585
F23115,F23,L02776,0.02,586
F23116,F23,L02776,0.02,587
F23117,F23,L02776,0.02,588
F23118,F23,L02776,0.02,589
F23119,F23,L02776,0.02,590
F23120,F23,L02776,0.02,591
F23121,F23,L02776,0.02,592
F23122,F23,L02776,0.02,593
F23123,F23,L02776,0.02,594
F23124,F23,L02776,0.02,595
F23125,F23,L02776,0.02,596
F23126,F23,L02776,0.02,597
F23127,F23,L02776,0.02,598
F23128,F23,L02776,0.02,599
F23129,F23,L02776,0.02,600
F23130,F23,L02776,0.02,601
F23131,F23,L02776,0.02,602
F23132,F23,L02776,0.02,603
F23133,F23,L02776,0.02,604
F23134,F23,L02776,0.02,605
F23135,F23,L02776,0.02,606
F23136,F23,L02776,0.02,607
F23137,F23,L02776,0.02,608
F23138,F23,L02776,0.02,609
F23139,F23,L02776,0.02,610
F23140,F23,L02776,0.02,611
F23141,F23,L02776,0.02,612
F23142,F23,L02776,0.02,613
F23143,F23,L02776,0.02,614
F23144,F23,L02776,0.02,615
F23145,F23,L02776,0.02,616
F23146,F23,L02776,0.02,617
F23147,F23,L02776,0.02,618
F23148,F23,L02776,0.02,619
F23149,F23,L02776,0.02,620
F23150,F23,L02776,0.02,621
F23151,F23,L02776,0.02,622
F23152,F23,L02776,0.02,623
F23153,F23,L02776,0.02,624
F23154,F23,L02776,0.02,625
F23155,F23,L02776,0.02,626
F23156,F23,L02776,0.02,627
F23157,F23,L02776,0.02,628
F23158,F23,L02776,0.02,629
F23159,F23,L02776,0.02,630
F23160,F23,L02776,0.02,631
F23161,F23,L02776,0.02,632
F23162,F23,L02776,0.02,633
F23163,F23,L02776,0.02,634
F23164,F23,L02776,0.02,635
F23165,F23,L02776,0.02,636
F23166,F23,L02776,0.02,637
F23167,F23,L02776,0.02,638
F23168,F23,L02776,0.02,639
F23169,F23,L02776,0.02,640
F23170,F23,L02776,0.02,641
F23171,F23,L02776,0.02,642
F23172,F23,L02776,0.02,643
F23173,F23,L02776,0.02,644
F23174,F23,L02776,0.02,645
F23175,F23,L02776,0.02,646
F23176,F23,L02776,0.02,647
F23177,F23,L02776,0.02,648
F23178,F23,L02776,0.02,649
F23179,F23,L02776,0.02,650
F23180,F23,L02776,0.02,651
F23181,F23,L02776,0.02,652
F23182,F23,L02776,0.02,653
F23183,F23,L02776,0.02,654
F23184,F23,L02776,0.02,655
F23185,F23,L02776,0.02,656
F23186,F23,L02776,0.02,657
F23187,F23,L02776,0.02,658
F23188,F23,L02776,0.02,659
F23189,F23,L02776,0.02,660
F23190,F23,L02776,0.02,661
F23191,F23,L02776,0.02,662
F23192,F23,L02776,0.02,663
F23193,F23,L02776,0.02,664
F23194,F23,L02776,0.02,665
F23195,F23,L02776,0.02,666
F23196,F23,L02776,0.02,667
F23197,F23,L02776,0.02,668
F23198,F23,L02776,0.02,669
F23199,F23,L02776,0.02,670
F23200,F23,L02776,0.02,671
F23201,F23,L02776,0.02,672
F23202,F23,L02776,0.02,673
F23203,F23,L02776,0.02,674
F23204,F23,L02776,0.02,675
F23205,F23,L02776,0.02,676
F23206,F23,L02776,0.02,677
F23207,F23,L02776,0.02,678
F23208,F23,L02776,0.02,679
F23209,F23,L02776,0.02,680
F23210,F23,L02776,0.02,681
F23211,F23,L02776,0.02,682
F23212,F23,L02776,0.02,683
F23213,F23,L02776,0.02,684
F23214,F23,L02776,0.02,685
F23215,F23,L02776,0.02,686
F23216,F23,L02776,0.02,687
F23217,F23,L02776,0.02,688
F23218,F23,L02776,0.02,689
F23219,F23,L02776,0.02,690
F23220,F23,L02776,0.02,691
F23221,F23,L02776,0.02,692
F23222,F23,L02776,0.02,693
F23223,F23,L02776,0.02,694
F23224,F23,L02776,0.02,695
F23225,F23,L02776,0.02,696
F23226,F23,L02776,0.02,697
F23227,F23,L02776,0.02,698
F23228,F23,L02776,0.02,699
F23229,F23,L02776,0.02,700
F23230,F23,L02776,0.02,701
F23231,F23,L02776,0.02,702
F23232,F23,L02776,0.02,703
F23233,F23,L02776,0.02,704
F23234,F23,L02776,0.02,705
F23235,F23,L02776,0.02,706
F23236,F23,L02776,0.02,707
F23237,F23,L02776,0.02,708
F23238,F23,L02776,0.02,709
F23239,F23,L02776,0.02,710
F23240,F23,L02776,0.02,711
F23241,F23,L02776,0.02,712
F23242,F23,L02776,0.02,713
F23243,F23,L02776,0.02,714
F23244,F23,L02776,0.02,715
F23245,F23,L02776,0.02,716
F23246,F23,L02776,0.02,717
F23247,F23,L02776,0.02,718
F23248,F23,L02776,0.02,719
F23249,F23,L02776,0.02,720
F23250,F23,L02776,0.02,721
F23251,F23,L02776,0.02,722
F23252,F23,L02776,0.02,723
F23253,F23,L02776,0.02,724
F23254,F23,L02776,0.02,725
F23255,F23,L02776,0.02,726
F23256,F23,L02776,0.02,727
F23257,F23,L02776,0.02,728
F23258,F23,L02776,0.02,729
F23259,F23,L02776,0.02,730
F23260,F23,L02776,0.02,731
F23261,F23,L02776,0.02,732
F23262,F23,L02776,0.02,733
F23263,F23,L02776,0.02,734
F23264,F23,L02776,0.02,735
F23265,F23,L02776,0.02,736
F23266,F23,L02776,0.02,737
F23267,F23,L02776,0.02,738
F23268,F23,L02776,0.02,739
F23269,F23,L02776,0.02,740
F23270,F23,L02776,0.02,741
F23271,F23,L02776,0.02,742
F23272,F23,L02776,0.02,743
F23273,F23,L02776,0.02,744
F23274,F23,L02776,0.02,745
F23275,F23,L02776,0.02,746
F23276,F23,L02776,0.02,747
F23277,F23,L02776,0.02,748
F23278,F23,L02776,0.02,749
F23279,F23,L02776,0.02,750
F23280,F23,L02776,0.02,751
F23281,F23,L02776,0.02,752
F23282,F23,L02776,0.02,753
F23283,F23,L02776,0.02,754
F23284,F23,L02776,0.02,755
F23285,F23,L02776,0.02,756
F23286,F23,L02776,0.02,757
F23287,F23,L02776,0.02,758
F23288,F23,L02776,0.02,759
F23289,F23,L02776,0.02,760
F23290,F23,L02776,0.02,761
F23291,F23,L02776,0.02,762
F23292,F23,L02776,0.02,763
F23293,F23,L02776,0.02,764
F23294,F23,L02776,0.02,765
F23295,F23,L02776,0.02,766
F23296,F23,L02776,0.02,767
F23297,F23,L02776,0.02,768
F23298,F23,L02776,0.02,769
F23299,F23,L02776,0.02,770
F23300,F23,L02776,0.02,771
F23301,F23,L02776,0.02,772
F23302,F23,L02776,0.02,773
F23303,F23,L02776,0.02,774
F23304,F23,L02776,0.02,775
F23305,F23,L02776,0.02,776
F23306,F23,L02776,0.02,777
F23307,F23,L02776,0.02,778
F23308,F23,L02776,0.02,779
F23309,F23,L02776,0.02,780
F23310,F23,L02776,0.02,781
F23311,F23,L02776,0.02,782
F23312,F23,L02776,0.02,783
F23313,F23,L02776,0.02,784
F23314,F23,L02776,0.02,785
F23315,F23,L02776,0.02,786
F23316,F23,L02776,0.02,787
F23317,F23,L02776,0.02,788
F23318,F23,L02776,0.02,789
F23319,F23,L02776,0.02,790
F23320,F23,L02776,0.02,791
F23321,F23,L02776,0.02,792
F23322,F23,L02776,0.02,793
F23323,F23,L02776,0.02,794
F23324,F23,L02776,0.02,795
F23325,F23,L02776,0.02,796
F23326,F23,L02776,0.02,797
F23327,F23,L02776,0.02,798
F23328,F23,L02776,0.02,799
F23329,F23,L02776,0.02,800
F23330,F23,L02776,0.02,801
F23331,F23,L02776,0.02,802
F23332,F23,L02776,0.02,803
F23333,F23,L02776,0.02,804
F23334,F23,L02776,0.02,805
F23335,F23,L02776,0.02,806
F23336,F23,L02776,0.02,807
F23337,F23,L02776,0.02,808
F23338,F23,L02776,0.02,809
F23339,F23,L02776,0.02,810
F23340,F23,L02776,0.02,811
F23341,F23,L02776,0.02,812
F23342,F23,L02776,0.02,813
F23343,F23,L02776,0.02,814
F23344,F23,L02776,0.02,815
F23345,F23,L02776,0.02,816
F23346,F23,L02776,0.02,817
F23347,F23,L02776,0.02,818
F23348,F23,L02776,0.02,819
F23349,F23,L02776,0.02,820
F23350,F23,L02776,0.02,821
F23351,F23,L02776,0.02,822
F23352,F23,L02776,0.02,823
F23353,F23,L02776,0.02,824
F23354,F23,L02776,0.02,825
F23355,F23,L02776,0.02,826
F23356,F23,L02776,0.02,827
F23357,F23,L02776,0.02,828
F23358,F23,L02776,0.02,829
F23359,F23,L02776,0.02,830
F23360,F23,L02776,0.02,831
F23361,F23,L02776,0.02,832
F23362,F23,L02776,0.02,833
F23363,F23,L02776,0.02,834
F23364,F23,L02776,0.02,835
F23365,F23,L02776,0.02,836
F23366,F23,L02776,0.02,837
F23367,F23,L02776,0.02,838
F23368,F23,L02776,0.02,839
F23369,F23,L02776,0.02,840
F23370,F23,L02776,0.02,841
F23371,F23,L02776,0.02,842
F23372,F23,L02776,0.02,843
F23373,F23,L02776,0.02,844
F23374,F23,L02776,0.02,845
F23375,F23,L02776,0.02,846
F23376,F23,L02776,0.02,847
F23377,F23,L02776,0.02,848
F23378,F23,L02776,0.02,849
F23379,F23,L02776,0.02,850
F23380,F23,L02776,0.02,851
F23381,F23,L02776,0.02,852
F23382,F23,L02776,0.02,853
F23383,F23,L02776,0.02,854
F23384,F23,L02776,0.02,855
F23385,F23,L02776,0.02,856
F23386,F23,L02776,0.02,857
F23387,F23,L02776,0.02,858
F23388,F23,L02776,0.02,859
F23389,F23,L02776,0.02,860
F23390,F23,L02776,0.02,861
F23391,F23,L02776,0.02,862
F23392,F23,L02776,0.02,863
F23393,F23,L02776,0.02,864
F23394,F23,L02776,0.02,865
F23395,F23,L02776,0.02,866
F23396,F23,L02776,0.02,867
F23397,F23,L02776,0.02,868
F23398,F23,L02776,0.02,869
F23399,F23,L02776,0.02,870
F23400,F23,L02776,0.02,871
F23401,F23,L02776,0.02,872
F23402,F23,L02776,0.02,873
F23403,F23,L02776,0.02,874
F23404,F23,L02776,0.02,875
F23405,F23,L02776,0.02,876
F23406,F23,L02776,0.02,877
F23407,F23,L02776,0.02,878
F23408,F23,L02776,0.02,879
F23409,F23,L02776,0.02,880
F23410,F23,L02776,0.02,881
F23411,F23,L02776,0.02,882
F23412,F23,L02776,0.02,883
F23413,F23,L02776,0.02,884
F23414,F23,L02776,0.02,885
F23415,F23,L02776,0.02,886
F23416,F23,L02776,0.02,887
F23417,F23,L02776,0.02,888
F23418,F23,L02776,0.02,889
F23419,F23,L02776,0.02,890
F23420,F23,L02776,0.02,891
F23421,F23,L02776,0.02,892
F23422,F23,L02776,0.02,893
F23423,F23,L02776,0.02,894
F23424,F23,L02776,0.02,895
F23425,F23,L02776,0.02,896
F23426,F23,L02776,0.02,897
F23427,F23,L02776,0.02,898
F23428,F23,L02776,0.02,899
F23429,F23,L02776,0.02,900
F23430,F23,L02776,0.02,901
F23431,F23,L02776,0.02,902
F23432,F23,L02776,0.02,903
F23433,F23,L02776,0.02,904
F23434,F23,L02776,0.02,905
F23435,F23,L02776,0.02,906
F23436,F23,L02776,0.02,907
F23437,F23,L02776,0.02,908
F23438,F23,L02776,0.02,909
F23439,F23,L02776,0.02,910
F23440,F23,L02776,0.02,911
F23441,F23,L02776,0.02,912
F23442,F23,L02776,0.02,913
F23443,F23,L02776,0.02,914
F23444,F23,L02776,0.02,915
F23445,F23,L02776,0.02,916
F23446,F23,L02776,0.02,917
F23447,F23,L02776,0.02,918
F23448,F23,L02776,0.02,919
F23449,F23,L02776,0.02,920
F23450,F23,L02776,0.02,921
F23451,F23,L02776,0.02,922
F23452,F23,L02776,0.02,923
F23453,F23,L02776,0.02,924
F23454,F23,L02776,0.02,925
F23455,F23,L02776,0.02,926
F23456,F23,L02776,0.02,927
F23457,F23,L02776,0.02,928
F23458,F23,L02776,0.02,929
F23459,F23,L02776,0.02,930
F23460,F23,L02776,0.02,931
F23461,F23,L02776,0.02,932
F23462,F23,L02776,0.02,933
F23463,F23,L02776,0.02,934
F23464,F23,L02776,0.02,935
F23465,F23,L02776,0.02,936
F23466,F23,L02776,0.02,937
F23467,F23,L02776,0.02,938
F23468,F23,L02776,0.02,939
F23469,F23,L02776,0.02,940
F23470,F23,L02776,0.02,941
F23471,F23,L02776,0.02,942
F23472,F23,L02776,0.02,943
F23473,F23,L02776,0.02,944
F23474,F23,L02776,0.02,945
F23475,F23,L02776,0.02,946
F23476,F23,L02776,0.02,947
F23477,F23,L02776,0.02,948
F23478,F23,L02776,0.02,949
F23479,F23,L02776,0.02,950
F23480,F23,L02776,0.02,951
F23481,F23,L02776,0.02,952
F23482,F23,L02776,0.02,953
F23483,F23,L02776,0.02,954
F23484,F23,L02776,0.02,955
F23485,F23,L02776,0.02,956
F23486,F23,L02776,0.02,957
F23487,F23,L02776,0.02,958
F23488,F23,L02776,0.02,959
F23489,F23,L02776,0.02,960
F23490,F23,L02776,0.02,961
F23491,F23,L02776,0.02,962
F23492,F23,L02776,0.02,963
F23493,F23,L02776,0.02,964
F23494,F23,L02776,0.02,965
F23495,F23,L02776,0.02,966
F23496,F23,L02776,0.02,967
F23497,F23,L02776,0.02,968
F23498,F23,L02776,0.02,969
F23499,F23,L02776,0.02,970
F23500,F23,L02776,0.02,971
F23501,F23,L02776,0.02,972
F23502,F23,L02776,0.02,973
F23503,F23,L02776,0.02,974
F23504,F23,L02776,0.02,975
F23505,F23,L02776,0.02,976
F23506,F23,L02776,0.02,977
F23507,F23,L02776,0.02,978
F23508,F23,L02776,0.02,979
F23509,F23,L02776,0.02,980
F23510,F23,L02776,0.02,981
F23511,F23,L02776,0.02,982
F23512,F23,L02776,0.02,983
F23513,F23,L02776,0.02,984
F23514,F23,L02776,0.02,985
F23515,F23,L02776,0.02,986
F23516,F23,L02776,0.02,987
F23517,F23,L02776,0.02,988
F23518,F23,L02776,0.02,989
F23519,F23,L02776,0.02,990
F23520,F23,L02776,0.02,991
F23521,F23,L02776,0.02,992
F23522,F23,L02776,0.02,993
F23523,F23,L02776,0.02,994
F23524,F23,L02776,0.02,995
F23525,F23,L02776,0.02,996
F23526,F23,L02776,0.02,997
F23527,F23,L02776,0.02,998
F23528,F23,L02776,0.02,999
F23529,F23,L02776,0.02,1000
F23530,F23,L02776,0.02,1001
F23531,F23,L02776,0.02,1002
F23532,F23,L02776,0.02,1003
F23533,F23,L02776,0.02,1004
F23534,F23,L02776,0.02,1005
F23535,F23,L02776,0.02,1006
F23536,F23,L02776,0.02,1007
F23537,F23,L02776,0.02,1008
F23538,F23,L02776,0.02,1009
F23539,F23,L02776,0.02,1010
F23540,F23,L02776,0.02,1011
F23541,F23,L02776,0.02,1012
F23542,F23,L02776,0.02,1013
F23543,F23,L02776,0.02,1014
F23544,F23,L02776,0.02,1015
F23545,F23,L02776,0.02,1016
F23546,F23,L02776,0.02,1017
F23547,F23,L02776,0.02,1018
F23548,F23,L02776,0.02,1019
F23549,F23,L02776,0.02,1020
F23550,F23,L02776,0.02,1021
F23551,F23,L02776,0.02,1022
F23552,F23,L02776,0.02,1023
F23553,F24,L02776,0.04,0
F23554,F24,L02776,0.04,1
F23555,F24,L02776,0.04,2
F23556,F24,L02776,0.04,3
F23557,F24,L02776,0.04,4
F23558,F24,L02776,0.04,5
F23559,F24,L02776,0.04,6
F23560,F24,L02776,0.04,7
F23561,F24,L02776,0.04,8
F23562,F24,L02776,0.04,9
F23563,F24,L02776,0.04,10
F23564,F24,L02776,0.04,11
F23565,F24,L02776,0.04,12
F23566,F24,L02776,0.04,13
F23567,F24,L02776,0.04,14
F23568,F24,L02776,0.04,15
F23569,F24,L02776,0.04,16
F23570,F24,L02776,0.04,17
F23571,F24,L02776,0.04,18
F23572,F24,L02776,0.04,19
F23573,F24,L02776,0.04,20
F23574,F24,L02776,0.04,21
F23575,F24,L02776,0.04,22
F23576,F24,L02776,0.04,23
F23577,F24,L02776,0.04,24
F23578,F24,L02776,0.04,25
F23579,F24,L02776,0.04,26
F23580,F24,L02776,0.04,27
F23581,F24,L02776,0.04,28
F23582,F24,L02776,0.04,29
F23583,F24,L02776,0.04,30
F23584,F24,L02776,0.04,31
F23585,F24,L02776,0.04,32
F23586,F24,L02776,0.04,33
F23587,F24,L02776,0.04,34
F23588,F24,L02776,0.04,35
F23589,F24,L02776,0.04,36
F23590,F24,L02776,0.04,37
F23591,F24,L02776,0.04,38
F23592,F24,L02776,0.04,39
F23593,F24,L02776,0.04,40
F23594,F24,L02776,0.04,41
F23595,F24,L02776,0.04,42
F23596,F24,L02776,0.04,43
F23597,F24,L02776,0.04,44
F23598,F24,L02776,0.04,45
F23599,F24,L02776,0.04,46
F23600,F24,L02776,0.04,47
F23601,F24,L02776,0.04,48
F23602,F24,L02776,0.04,49
F23603,F24,L02776,0.04,50
F23604,F24,L02776,0.04,51
F23605,F24,L02776,0.04,52
F23606,F24,L02776,0.04,53
F23607,F24,L02776,0.04,54
F23608,F24,L02776,0.04,55
F23609,F24,L02776,0.04,56
F23610,F24,L02776,0.04,57
F23611,F24,L02776,0.04,58
F23612,F24,L02776,0.04,59
F23613,F24,L02776,0.04,60
F23614,F24,L02776,0.04,61
F23615,F24,L02776,0.04,62
F23616,F24,L02776,0.04,63
F23617,F24,L02776,0.04,64
F23618,F24,L02776,0.04,65
F23619,F24,L02776,0.04,66
F23620,F24,L02776,0.04,67
F23621,F24,L02776,0.04,68
F23622,F24,L02776,0.04,69
F23623,F24,L02776,0.04,70
F23624,F24,L02776,0.04,71
F23625,F24,L02776,0.04,72
F23626,F24,L02776,0.04,73
F23627,F24,L02776,0.04,74
F23628,F24,L02776,0.04,75
F23629,F24,L02776,0.04,76
F23630,F24,L02776,0.04,77
F23631,F24,L02776,0.04,78
F23632,F24,L02776,0.04,79
F23633,F24,L02776,0.04,80
F23634,F24,L02776,0.04,81
F23635,F24,L02776,0.04,82
F23636,F24,L02776,0.04,83
F23637,F24,L02776,0.04,84
F23638,F24,L02776,0.04,85
F23639,F24,L02776,0.04,86
F23640,F24,L02776,0.04,87
F23641,F24,L02776,0.04,88
F23642,F24,L02776,0.04,89
F23643,F24,L02776,0.04,90
F23644,F24,L02776,0.04,91
F23645,F24,L02776,0.04,92
F23646,F24,L02776,0.04,93
F23647,F24,L02776,0.04,94
F23648,F24,L02776,0.04,95
F23649,F24,L02776,0.04,96
F23650,F24,L02776,0.04,97
F23651,F24,L02776,0.04,98
F23652,F24,L02776,0.04,99
F23653,F24,L02776,0.04,100
F23654,F24,L02776,0.04,101
F23655,F24,L02776,0.04,102
F23656,F24,L02776,0.04,103
F23657,F24,L02776,0.04,104
F23658,F24,L02776,0.04,105
F23659,F24,L02776,0.04,106
F23660,F24,L02776,0.04,107
F23661,F24,L02776,0.04,108
F23662,F24,L02776,0.04,109
F23663,F24,L02776,0.04,110
F23664,F24,L02776,0.04,111
F23665,F24,L02776,0.04,112
F23666,F24,L02776,0.04,113
F23667,F24,L02776,0.04,114
F23668,F24,L02776,0.04,115
F23669,F24,L02776,0.04,116
F23670,F24,L02776,0.04,117
F23671,F24,L02776,0.04,118
F23672,F24,L02776,0.04,119
F23673,F24,L02776,0.04,120
F23674,F24,L02776,0.04,121
F23675,F24,L02776,0.04,122
F23676,F24,L02776,0.04,123
F23677,F24,L02776,0.04,124
F23678,F24,L02776,0.04,125
F23679,F24,L02776,0.04,126
F23680,F24,L02776,0.04,127
F23681,F24,L02776,0.04,128
F23682,F24,L02776,0.04,129
F23683,F24,L02776,0.04,130
F23684,F24,L02776,0.04,131
F23685,F24,L02776,0.04,132
F23686,F24,L02776,0.04,133
F23687,F24,L02776,0.04,134
F23688,F24,L02776,0.04,135
F23689,F24,L02776,0.04,136
F23690,F24,L02776,0.04,137
F23691,F24,L02776,0.04,138
F23692,F24,L02776,0.04,139
F23693,F24,L02776,0.04,140
F23694,F24,L02776,0.04,141
F23695,F24,L02776,0.04,142
F23696,F24,L02776,0.04,143
F23697,F24,L02776,0.04,144
F23698,F24,L02776,0.04,145
F23699,F24,L02776,0.04,146
F23700,F24,L02776,0.04,147
F23701,F24,L02776,0.04,148
F23702,F24,L02776,0.04,149
F23703,F24,L02776,0.04,150
F23704,F24,L02776,0.04,151
F23705,F24,L02776,0.04,152
F23706,F24,L02776,0.04,153
F23707,F24,L02776,0.04,154
F23708,F24,L02776,0.04,155
F23709,F24,L02776,0.04,156
F23710,F24,L02776,0.04,157
F23711,F24,L02776,0.04,158
F23712,F24,L02776,0.04,159
F23713,F24,L02776,0.04,160
F23714,F24,L02776,0.04,161
F23715,F24,L02776,0.04,162
F23716,F24,L02776,0.04,163
F23717,F24,L02776,0.04,164
F23718,F24,L02776,0.04,165
F23719,F24,L02776,0.04,166
F23720,F24,L02776,0.04,167
F23721,F24,L02776,0.04,168
F23722,F24,L02776,0.04,169
F23723,F24,L02776,0.04,170
F23724,F24,L02776,0.04,171
F23725,F24,L02776,0.04,172
F23726,F24,L02776,0.04,173
F23727,F24,L02776,0.04,174
F23728,F24,L02776,0.04,175
F23729,F24,L02776,0.04,176
F23730,F24,L02776,0.04,177
F23731,F24,L02776,0.04,178
F23732,F24,L02776,0.04,179
F23733,F24,L02776,0.04,180
F23734,F24,L02776,0.04,181
F23735,F24,L02776,0.04,182
F23736,F24,L02776,0.04,183
F23737,F24,L02776,0.04,184
F23738,F24,L02776,0.04,185
F23739,F24,L02776,0.04,186
F23740,F24,L02776,0.04,187
F23741,F24,L02776,0.04,188
F23742,F24,L02776,0.04,189
F23743,F24,L02776,0.04,190
F23744,F24,L02776,0.04,191
F23745,F24,L02776,0.04,192
F23746,F24,L02776,0.04,193
F23747,F24,L02776,0.04,194
F23748,F24,L02776,0.04,195
F23749,F24,L02776,0.04,196
F23750,F24,L02776,0.04,197
F23751,F24,L02776,0.04,198
F23752,F24,L02776,0.04,199
F23753,F24,L02776,0.04,200
F23754,F24,L02776,0.04,201
F23755,F24,L02776,0.04,202
F23756,F24,L02776,0.04,203
F23757,F24,L02776,0.04,204
F23758,F24,L02776,0.04,205
F23759,F24,L02776,0.04,206
F23760,F24,L02776,0.04,207
F23761,F24,L02776,0.04,208
F23762,F24,L02776,0.04,209
F23763,F24,L02776,0.04,210
F23764,F24,L02776,0.04,211
F23765,F24,L02776,0.04,212
F23766,F24,L02776,0.04,213
F23767,F24,L02776,0.04,214
F23768,F24,L02776,0.04,215
F23769,F24,L02776,0.04,216
F23770,F24,L02776,0.04,217
F23771,F24,L02776,0.04,218
F23772,F24,L02776,0.04,219
F23773,F24,L02776,0.04,220
F23774,F24,L02776,0.04,221
F23775,F24,L02776,0.04,222
F23776,F24,L02776,0.04,223
F23777,F24,L02776,0.04,224
F23778,F24,L02776,0.04,225
F23779,F24,L02776,0.04,226
F23780,F24,L02776,0.04,227
F23781,F24,L02776,0.04,228
F23782,F24,L02776,0.04,229
F23783,F24,L02776,0.04,230
F23784,F24,L02776,0.04,231
F23785,F24,L02776,0.04,232
F23786,F24,L02776,0.04,233
F23787,F24,L02776,0.04,234
F23788,F24,L02776,0.04,235
F23789,F24,L02776,0.04,236
F23790,F24,L02776,0.04,237
F23791,F24,L02776,0.04,238
F23792,F24,L02776,0.04,239
F23793,F24,L02776,0.04,240
F23794,F24,L02776,0.04,241
F23795,F24,L02776,0.04,242
F23796,F24,L02776,0.04,243
F23797,F24,L02776,0.04,244
F23798,F24,L02776,0.04,245
F23799,F24,L02776,0.04,246
F23800,F24,L02776,0.04,247
F23801,F24,L02776,0.04,248
F23802,F24,L02776,0.04,249
F23803,F24,L02776,0.04,250
F23804,F24,L02776,0.04,251
F23805,F24,L02776,0.04,252
F23806,F24,L02776,0.04,253
F23807,F24,L02776,0.04,254
F23808,F24,L02776,0.04,255
F23809,F24,L02776,0.04,256
F23810,F24,L02776,0.04,257
F23811,F24,L02776,0.04,258
F23812,F24,L02776,0.04,259
F23813,F24,L02776,0.04,260
F23814,F24,L02776,0.04,261
F23815,F24,L02776,0.04,262
F23816,F24,L02776,0.04,263
F23817,F24,L02776,0.04,264
F23818,F24,L02776,0.04,265
F23819,F24,L02776,0.04,266
F23820,F24,L02776,0.04,267
F23821,F24,L02776,0.04,268
F23822,F24,L02776,0.04,269
F23823,F24,L02776,0.04,270
F23824,F24,L02776,0.04,271
F23825,F24,L02776,0.04,272
F23826,F24,L02776,0.04,273
F23827,F24,L02776,0.04,274
F23828,F24,L02776,0.04,275
F23829,F24,L02776,0.04,276
F23830,F24,L02776,0.04,277
F23831,F24,L02776,0.04,278
F23832,F24,L02776,0.04,279
F23833,F24,L02776,0.04,280
F23834,F24,L02776,0.04,281
F23835,F24,L02776,0.04,282
F23836,F24,L02776,0.04,283
F23837,F24,L02776,0.04,284
F23838,F24,L02776,0.04,285
F23839,F24,L02776,0.04,286
F23840,F24,L02776,0.04,287
F23841,F24,L02776,0.04,288
F23842,F24,L02776,0.04,289
F23843,F24,L02776,0.04,290
F23844,F24,L02776,0.04,291
F23845,F24,L02776,0.04,292
F23846,F24,L02776,0.04,293
F23847,F24,L02776,0.04,294
F23848,F24,L02776,0.04,295
F23849,F24,L02776,0.04,296
F23850,F24,L02776,0.04,297
F23851,F24,L02776,0.04,298
F23852,F24,L02776,0.04,299
F23853,F24,L02776,0.04,300
F23854,F24,L02776,0.04,301
F23855,F24,L02776,0.04,302
F23856,F24,L02776,0.04,303
F23857,F24,L02776,0.04,304
F23858,F24,L02776,0.04,305
F23859,F24,L02776,0.04,306
F23860,F24,L02776,0.04,307
F23861,F24,L02776,0.04,308
F23862,F24,L02776,0.04,309
F23863,F24,L02776,0.04,310
F23864,F24,L02776,0.04,311
F23865,F24,L02776,0.04,312
F23866,F24,L02776,0.04,313
F23867,F24,L02776,0.04,314
F23868,F24,L02776,0.04,315
F23869,F24,L02776,0.04,316
F23870,F24,L02776,0.04,317
F23871,F24,L02776,0.04,318
F23872,F24,L02776,0.04,319
F23873,F24,L02776,0.04,320
F23874,F24,L02776,0.04,321
F23875,F24,L02776,0.04,322
F23876,F24,L02776,0.04,323
F23877,F24,L02776,0.04,324
F23878,F24,L02776,0.04,325
F23879,F24,L02776,0.04,326
F23880,F24,L02776,0.04,327
F23881,F24,L02776,0.04,328
F23882,F24,L02776,0.04,329
F23883,F24,L02776,0.04,330
F23884,F24,L02776,0.04,331
F23885,F24,L02776,0.04,332
F23886,F24,L02776,0.04,333
F23887,F24,L02776,0.04,334
F23888,F24,L02776,0.04,335
F23889,F24,L02776,0.04,336
F23890,F24,L02776,0.04,337
F23891,F24,L02776,0.04,338
F23892,F24,L02776,0.04,339
F23893,F24,L02776,0.04,340
F23894,F24,L02776,0.04,341
F23895,F24,L02776,0.04,342
F23896,F24,L02776,0.04,343
F23897,F24,L02776,0.04,344
F23898,F24,L02776,0.04,345
F23899,F24,L02776,0.04,346
F23900,F24,L02776,0.04,347
F23901,F24,L02776,0.04,348
F23902,F24,L02776,0.04,349
F23903,F24,L02776,0.04,350
F23904,F24,L02776,0.04,351
F23905,F24,L02776,0.04,352
F23906,F24,L02776,0.04,353
F23907,F24,L02776,0.04,354
F23908,F24,L02776,0.04,355
F23909,F24,L02776,0.04,356
F23910,F24,L02776,0.04,357
F23911,F24,L02776,0.04,358
F23912,F24,L02776,0.04,359
F23913,F24,L02776,0.04,360
F23914,F24,L02776,0.04,361
F23915,F24,L02776,0.04,362
F23916,F24,L02776,0.04,363
F23917,F24,L02776,0.04,364
F23918,F24,L02776,0.04,365
F23919,F24,L02776,0.04,366
F23920,F24,L02776,0.04,367
F23921,F24,L02776,0.04,368
F23922,F24,L02776,0.04,369
F23923,F24,L02776,0.04,370
F23924,F24,L02776,0.04,371
F23925,F24,L02776,0.04,372
F23926,F24,L02776,0.04,373
F23927,F24,L02776,0.04,374
F23928,F24,L02776,0.04,375
F23929,F24,L02776,0.04,376
F23930,F24,L02776,0.04,377
F23931,F24,L02776,0.04,378
F23932,F24,L02776,0.04,379
F23933,F24,L02776,0.04,380
F23934,F24,L02776,0.04,381
F23935,F24,L02776,0.04,382
F23936,F24,L02776,0.04,383
F23937,F24,L02776,0.04,384
F23938,F24,L02776,0.04,385
F23939,F24,L02776,0.04,386
F23940,F24,L02776,0.04,387
F23941,F24,L02776,0.04,388
F23942,F24,L02776,0.04,389
F23943,F24,L02776,0.04,390
F23944,F24,L02776,0.04,391
F23945,F24,L02776,0.04,392
F23946,F24,L02776,0.04,393
F23947,F24,L02776,0.04,394
F23948,F24,L02776,0.04,395
F23949,F24,L02776,0.04,396
F23950,F24,L02776,0.04,397
F23951,F24,L02776,0.04,398
F23952,F24,L02776,0.04,399
F23953,F24,L02776,0.04,400
F23954,F24,L02776,0.04,401
F23955,F24,L02776,0.04,402
F23956,F24,L02776,0.04,403
F23957,F24,L02776,0.04,404
F23958,F24,L02776,0.04,405
F23959,F24,L02776,0.04,406
F23960,F24,L02776,0.04,407
F23961,F24,L02776,0.04,408
F23962,F24,L02776,0.04,409
F23963,F24,L02776,0.04,410
F23964,F24,L02776,0.04,411
F23965,F24,L02776,0.04,412
F23966,F24,L02776,0.04,413
F23967,F24,L02776,0.04,414
F23968,F24,L02776,0.04,415
F23969,F24,L02776,0.04,416
F23970,F24,L02776,0.04,417
F23971,F24,L02776,0.04,418
F23972,F24,L02776,0.04,419
F23973,F24,L02776,0.04,420
F23974,F24,L02776,0.04,421
F23975,F24,L02776,0.04,422
F23976,F24,L02776,0.04,423
F23977,F24,L02776,0.04,424
F23978,F24,L02776,0.04,425
F23979,F24,L02776,0.04,426
F23980,F24,L02776,0.04,427
F23981,F24,L02776,0.04,428
F23982,F24,L02776,0.04,429
F23983,F24,L02776,0.04,430
F23984,F24,L02776,0.04,431
F23985,F24,L02776,0.04,432
F23986,F24,L02776,0.04,433
F23987,F24,L02776,0.04,434
F23988,F24,L02776,0.04,435
F23989,F24,L02776,0.04,436
F23990,F24,L02776,0.04,437
F23991,F24,L02776,0.04,438
F23992,F24,L02776,0.04,439
F23993,F24,L02776,0.04,440
F23994,F24,L02776,0.04,441
F23995,F24,L02776,0.04,442
F23996,F24,L02776,0.04,443
F23997,F24,L02776,0.04,444
F23998,F24,L02776,0.04,445
F23999,F24,L02776,0.04,446
F24000,F24,L02776,0.04,447
F24001,F24,L02776,0.04,448
F24002,F24,L02776,0.04,449
F24003,F24,L02776,0.04,450
F24004,F24,L02776,0.04,451
F24005,F24,L02776,0.04,452
F24006,F24,L02776,0.04,453
F24007,F24,L02776,0.04,454
F24008,F24,L02776,0.04,455
F24009,F24,L02776,0.04,456
F24010,F24,L02776,0.04,457
F24011,F24,L02776,0.04,458
F24012,F24,L02776,0.04,459
F24013,F24,L02776,0.04,460
F24014,F24,L02776,0.04,461
F24015,F24,L02776,0.04,462
F24016,F24,L02776,0.04,463
F24017,F24,L02776,0.04,464
F24018,F24,L02776,0.04,465
F24019,F24,L02776,0.04,466
F24020,F24,L02776,0.04,467
F24021,F24,L02776,0.04,468
F24022,F24,L02776,0.04,469
F24023,F24,L02776,0.04,470
F24024,F24,L02776,0.04,471
F24025,F24,L02776,0.04,472
F24026,F24,L02776,0.04,473
F24027,F24,L02776,0.04,474
F24028,F24,L02776,0.04,475
F24029,F24,L02776,0.04,476
F24030,F24,L02776,0.04,477
F24031,F24,L02776,0.04,478
F24032,F24,L02776,0.04,479
F24033,F24,L02776,0.04,480
F24034,F24,L02776,0.04,481
F24035,F24,L02776,0.04,482
F24036,F24,L02776,0.04,483
F24037,F24,L02776,0.04,484
F24038,F24,L02776,0.04,485
F24039,F24,L02776,0.04,486
F24040,F24,L02776,0.04,487
F24041,F24,L02776,0.04,488
F24042,F24,L02776,0.04,489
F24043,F24,L02776,0.04,490
F24044,F24,L02776,0.04,491
F24045,F24,L02776,0.04,492
F24046,F24,L02776,0.04,493
F24047,F24,L02776,0.04,494
F24048,F24,L02776,0.04,495
F24049,F24,L02776,0.04,496
F24050,F24,L02776,0.04,497
F24051,F24,L02776,0.04,498
F24052,F24,L02776,0.04,499
F24053,F24,L02776,0.04,500
F24054,F24,L02776,0.04,501
F24055,F24,L02776,0.04,502
F24056,F24,L02776,0.04,503
F24057,F24,L02776,0.04,504
F24058,F24,L02776,0.04,505
F24059,F24,L02776,0.04,506
F24060,F24,L02776,0.04,507
F24061,F24,L02776,0.04,508
F24062,F24,L02776,0.04,509
F24063,F24,L02776,0.04,510
F24064,F24,L02776,0.04,511
F24065,F24,L02776,0.04,512
F24066,F24,L02776,0.04,513
F24067,F24,L02776,0.04,514
F24068,F24,L02776,0.04,515
F24069,F24,L02776,0.04,516
F24070,F24,L02776,0.04,517
F24071,F24,L02776,0.04,518
F24072,F24,L02776,0.04,519
F24073,F24,L02776,0.04,520
F24074,F24,L02776,0.04,521
F24075,F24,L02776,0.04,522
F24076,F24,L02776,0.04,523
F24077,F24,L02776,0.04,524
F24078,F24,L02776,0.04,525
F24079,F24,L02776,0.04,526
F24080,F24,L02776,0.04,527
F24081,F24,L02776,0.04,528
F24082,F24,L02776,0.04,529
F24083,F24,L02776,0.04,530
F24084,F24,L02776,0.04,531
F24085,F24,L02776,0.04,532
F24086,F24,L02776,0.04,533
F24087,F24,L02776,0.04,534
F24088,F24,L02776,0.04,535
F24089,F24,L02776,0.04,536
F24090,F24,L02776,0.04,537
F24091,F24,L02776,0.04,538
F24092,F24,L02776,0.04,539
F24093,F24,L02776,0.04,540
F24094,F24,L02776,0.04,541
F24095,F24,L02776,0.04,542
F24096,F24,L02776,0.04,543
F24097,F24,L02776,0.04,544
F24098,F24,L02776,0.04,545
F24099,F24,L02776,0.04,546
F24100,F24,L02776,0.04,547
F24101,F24,L02776,0.04,548
F24102,F24,L02776,0.04,549
F24103,F24,L02776,0.04,550
F24104,F24,L02776,0.04,551
F24105,F24,L02776,0.04,552
F24106,F24,L02776,0.04,553
F24107,F24,L02776,0.04,554
F24108,F24,L02776,0.04,555
F24109,F24,L02776,0.04,556
F24110,F24,L02776,0.04,557
F24111,F24,L02776,0.04,558
F24112,F24,L02776,0.04,559
F24113,F24,L02776,0.04,560
F24114,F24,L02776,0.04,561
F24115,F24,L02776,0.04,562
F24116,F24,L02776,0.04,563
F24117,F24,L02776,0.04,564
F24118,F24,L02776,0.04,565
F24119,F24,L02776,0.04,566
F24120,F24,L02776,0.04,567
F24121,F24,L02776,0.04,568
F24122,F24,L02776,0.04,569
F24123,F24,L02776,0.04,570
F24124,F24,L02776,0.04,571
F24125,F24,L02776,0.04,572
F24126,F24,L02776,0.04,573
F24127,F24,L02776,0.04,574
F24128,F24,L02776,0.04,575
F24129,F24,L02776,0.04,576
F24130,F24,L02776,0.04,577
F24131,F24,L02776,0.04,578
F24132,F24,L02776,0.04,579
F24133,F24,L02776,0.04,580
F24134,F24,L02776,0.04,581
F24135,F24,L02776,0.04,582
F24136,F24,L02776,0.04,583
F24137,F24,L02776,0.04,584
F24138,F24,L02776,0.04,585
F24139,F24,L02776,0.04,586
F24140,F24,L02776,0.04,587
F24141,F24,L02776,0.04,588
F24142,F24,L02776,0.04,589
F24143,F24,L02776,0.04,590
F24144,F24,L02776,0.04,591
F24145,F24,L02776,0.04,592
F24146,F24,L02776,0.04,593
F24147,F24,L02776,0.04,594
F24148,F24,L02776,0.04,595
F24149,F24,L02776,0.04,596
F24150,F24,L02776,0.04,597
F24151,F24,L02776,0.04,598
F24152,F24,L02776,0.04,599
F24153,F24,L02776,0.04,600
F24154,F24,L02776,0.04,601
F24155,F24,L02776,0.04,602
F24156,F24,L02776,0.04,603
F24157,F24,L02776,0.04,604
F24158,F24,L02776,0.04,605
F24159,F24,L02776,0.04,606
F24160,F24,L02776,0.04,607
F24161,F24,L02776,0.04,608
F24162,F24,L02776,0.04,609
F24163,F24,L02776,0.04,610
F24164,F24,L02776,0.04,611
F24165,F24,L02776,0.04,612
F24166,F24,L02776,0.04,613
F24167,F24,L02776,0.04,614
F24168,F24,L02776,0.04,615
F24169,F24,L02776,0.04,616
F24170,F24,L02776,0.04,617
F24171,F24,L02776,0.04,618
F24172,F24,L02776,0.04,619
F24173,F24,L02776,0.04,620
F24174,F24,L02776,0.04,621
F24175,F24,L02776,0.04,622
F24176,F24,L02776,0.04,623
F24177,F24,L02776,0.04,624
F24178,F24,L02776,0.04,625
F24179,F24,L02776,0.04,626
F24180,F24,L02776,0.04,627
F24181,F24,L02776,0.04,628
F24182,F24,L02776,0.04,629
F24183,F24,L02776,0.04,630
F24184,F24,L02776,0.04,631
F24185,F24,L02776,0.04,632
F24186,F24,L02776,0.04,633
F24187,F24,L02776,0.04,634
F24188,F24,L02776,0.04,635
F24189,F24,L02776,0.04,636
F24190,F24,L02776,0.04,637
F24191,F24,L02776,0.04,638
F24192,F24,L02776,0.04,639
F24193,F24,L02776,0.04,640
F24194,F24,L02776,0.04,641
F24195,F24,L02776,0.04,642
F24196,F24,L02776,0.04,643
F24197,F24,L02776,0.04,644
F24198,F24,L02776,0.04,645
F24199,F24,L02776,0.04,646
F24200,F24,L02776,0.04,647
F24201,F24,L02776,0.04,648
F24202,F24,L02776,0.04,649
F24203,F24,L02776,0.04,650
F24204,F24,L02776,0.04,651
F24205,F24,L02776,0.04,652
F24206,F24,L02776,0.04,653
F24207,F24,L02776,0.04,654
F24208,F24,L02776,0.04,655
F24209,F24,L02776,0.04,656
F24210,F24,L02776,0.04,657
F24211,F24,L02776,0.04,658
F24212,F24,L02776,0.04,659
F24213,F24,L02776,0.04,660
F24214,F24,L02776,0.04,661
F24215,F24,L02776,0.04,662
F24216,F24,L02776,0.04,663
F24217,F24,L02776,0.04,664
F24218,F24,L02776,0.04,665
F24219,F24,L02776,0.04,666
F24220,F24,L02776,0.04,667
F24221,F24,L02776,0.04,668
F24222,F24,L02776,0.04,669
F24223,F24,L02776,0.04,670
F24224,F24,L02776,0.04,671
F24225,F24,L02776,0.04,672
F24226,F24,L02776,0.04,673
F24227,F24,L02776,0.04,674
F24228,F24,L02776,0.04,675
F24229,F24,L02776,0.04,676
F24230,F24,L02776,0.04,677
F24231,F24,L02776,0.04,678
F24232,F24,L02776,0.04,679
F24233,F24,L02776,0.04,680
F24234,F24,L02776,0.04,681
F24235,F24,L02776,0.04,682
F24236,F24,L02776,0.04,683
F24237,F24,L02776,0.04,684
F24238,F24,L02776,0.04,685
F24239,F24,L02776,0.04,686
F24240,F24,L02776,0.04,687
F24241,F24,L02776,0.04,688
F24242,F24,L02776,0.04,689
F24243,F24,L02776,0.04,690
F24244,F24,L02776,0.04,691
F24245,F24,L02776,0.04,692
F24246,F24,L02776,0.04,693
F24247,F24,L02776,0.04,694
F24248,F24,L02776,0.04,695
F24249,F24,L02776,0.04,696
F24250,F24,L02776,0.04,697
F24251,F24,L02776,0.04,698
F24252,F24,L02776,0.04,699
F24253,F24,L02776,0.04,700
F24254,F24,L02776,0.04,701
F24255,F24,L02776,0.04,702
F24256,F24,L02776,0.04,703
F24257,F24,L02776,0.04,704
F24258,F24,L02776,0.04,705
F24259,F24,L02776,0.04,706
F24260,F24,L02776,0.04,707
F24261,F24,L02776,0.04,708
F24262,F24,L02776,0.04,709
F24263,F24,L02776,0.04,710
F24264,F24,L02776,0.04,711
F24265,F24,L02776,0.04,712
F24266,F24,L02776,0.04,713
F24267,F24,L02776,0.04,714
F24268,F24,L02776,0.04,715
F24269,F24,L02776,0.04,716
F24270,F24,L02776,0.04,717
F24271,F24,L02776,0.04,718
F24272,F24,L02776,0.04,719
F24273,F24,L02776,0.04,720
F24274,F24,L02776,0.04,721
F24275,F24,L02776,0.04,722
F24276,F24,L02776,0.04,723
F24277,F24,L02776,0.04,724
F24278,F24,L02776,0.04,725
F24279,F24,L02776,0.04,726
F24280,F24,L02776,0.04,727
F24281,F24,L02776,0.04,728
F24282,F24,L02776,0.04,729
F24283,F24,L02776,0.04,730
F24284,F24,L02776,0.04,731
F24285,F24,L02776,0.04,732
F24286,F24,L02776,0.04,733
F24287,F24,L02776,0.04,734
F24288,F24,L02776,0.04,735
F24289,F24,L02776,0.04,736
F24290,F24,L02776,0.04,737
F24291,F24,L02776,0.04,738
F24292,F24,L02776,0.04,739
F24293,F24,L02776,0.04,740
F24294,F24,L02776,0.04,741
F24295,F24,L02776,0.04,742
F24296,F24,L02776,0.04,743
F24297,F24,L02776,0.04,744
F24298,F24,L02776,0.04,745
F24299,F24,L02776,0.04,746
F24300,F24,L02776,0.04,747
F24301,F24,L02776,0.04,748
F24302,F24,L02776,0.04,749
F24303,F24,L02776,0.04,750
F24304,F24,L02776,0.04,751
F24305,F24,L02776,0.04,752
F24306,F24,L02776,0.04,753
F24307,F24,L02776,0.04,754
F24308,F24,L02776,0.04,755
F24309,F24,L02776,0.04,756
F24310,F24,L02776,0.04,757
F24311,F24,L02776,0.04,758
F24312,F24,L02776,0.04,759
F24313,F24,L02776,0.04,760
F24314,F24,L02776,0.04,761
F24315,F24,L02776,0.04,762
F24316,F24,L02776,0.04,763
F24317,F24,L02776,0.04,764
F24318,F24,L02776,0.04,765
F24319,F24,L02776,0.04,766
F24320,F24,L02776,0.04,767
F24321,F24,L02776,0.04,768
F24322,F24,L02776,0.04,769
F24323,F24,L02776,0.04,770
F24324,F24,L02776,0.04,771
F24325,F24,L02776,0.04,772
F24326,F24,L02776,0.04,773
F24327,F24,L02776,0.04,774
F24328,F24,L02776,0.04,775
F24329,F24,L02776,0.04,776
F24330,F24,L02776,0.04,777
F24331,F24,L02776,0.04,778
F24332,F24,L02776,0.04,779
F24333,F24,L02776,0.04,780
F24334,F24,L02776,0.04,781
F24335,F24,L02776,0.04,782
F24336,F24,L02776,0.04,783
F24337,F24,L02776,0.04,784
F24338,F24,L02776,0.04,785
F24339,F24,L02776,0.04,786
F24340,F24,L02776,0.04,787
F24341,F24,L02776,0.04,788
F24342,F24,L02776,0.04,789
F24343,F24,L02776,0.04,790
F24344,F24,L02776,0.04,791
F24345,F24,L02776,0.04,792
F24346,F24,L02776,0.04,793
F24347,F24,L02776,0.04,794
F24348,F24,L02776,0.04,795
F24349,F24,L02776,0.04,796
F24350,F24,L02776,0.04,797
F24351,F24,L02776,0.04,798
F24352,F24,L02776,0.04,799
F24353,F24,L02776,0.04,800
F24354,F24,L02776,0.04,801
F24355,F24,L02776,0.04,802
F24356,F24,L02776,0.04,803
F24357,F24,L02776,0.04,804
F24358,F24,L02776,0.04,805
F24359,F24,L02776,0.04,806
F24360,F24,L02776,0.04,807
F24361,F24,L02776,0.04,808
F24362,F24,L02776,0.04,809
F24363,F24,L02776,0.04,810
F24364,F24,L02776,0.04,811
F24365,F24,L02776,0.04,812
F24366,F24,L02776,0.04,813
F24367,F24,L02776,0.04,814
F24368,F24,L02776,0.04,815
F24369,F24,L02776,0.04,816
F24370,F24,L02776,0.04,817
F24371,F24,L02776,0.04,818
F24372,F24,L02776,0.04,819
F24373,F24,L02776,0.04,820
F24374,F24,L02776,0.04,821
F24375,F24,L02776,0.04,822
F24376,F24,L02776,0.04,823
F24377,F24,L02776,0.04,824
F24378,F24,L02776,0.04,825
F24379,F24,L02776,0.04,826
F24380,F24,L02776,0.04,827
F24381,F24,L02776,0.04,828
F24382,F24,L02776,0.04,829
F24383,F24,L02776,0.04,830
F24384,F24,L02776,0.04,831
F24385,F24,L02776,0.04,832
F24386,F24,L02776,0.04,833
F24387,F24,L02776,0.04,834
F24388,F24,L02776,0.04,835
F24389,F24,L02776,0.04,836
F24390,F24,L02776,0.04,837
F24391,F24,L02776,0.04,838
F24392,F24,L02776,0.04,839
F24393,F24,L02776,0.04,840
F24394,F24,L02776,0.04,841
F24395,F24,L02776,0.04,842
F24396,F24,L02776,0.04,843
F24397,F24,L02776,0.04,844
F24398,F24,L02776,0.04,845
F24399,F24,L02776,0.04,846
F24400,F24,L02776,0.04,847
F24401,F24,L02776,0.04,848
F24402,F24,L02776,0.04,849
F24403,F24,L02776,0.04,850
F24404,F24,L02776,0.04,851
F24405,F24,L02776,0.04,852
F24406,F24,L02776,0.04,853
F24407,F24,L02776,0.04,854
F24408,F24,L02776,0.04,855
F24409,F24,L02776,0.04,856
F24410,F24,L02776,0.04,857
F24411,F24,L02776,0.04,858
F24412,F24,L02776,0.04,859
F24413,F24,L02776,0.04,860
F24414,F24,L02776,0.04,861
F24415,F24,L02776,0.04,862
F24416,F24,L02776,0.04,863
F24417,F24,L02776,0.04,864
F24418,F24,L02776,0.04,865
F24419,F24,L02776,0.04,866
F24420,F24,L02776,0.04,867
F24421,F24,L02776,0.04,868
F24422,F24,L02776,0.04,869
F24423,F24,L02776,0.04,870
F24424,F24,L02776,0.04,871
F24425,F24,L02776,0.04,872
F24426,F24,L02776,0.04,873
F24427,F24,L02776,0.04,874
F24428,F24,L02776,0.04,875
F24429,F24,L02776,0.04,876
F24430,F24,L02776,0.04,877
F24431,F24,L02776,0.04,878
F24432,F24,L02776,0.04,879
F24433,F24,L02776,0.04,880
F24434,F24,L02776,0.04,881
F24435,F24,L02776,0.04,882
F24436,F24,L02776,0.04,883
F24437,F24,L02776,0.04,884
F24438,F24,L02776,0.04,885
F24439,F24,L02776,0.04,886
F24440,F24,L02776,0.04,887
F24441,F24,L02776,0.04,888
F24442,F24,L02776,0.04,889
F24443,F24,L02776,0.04,890
F24444,F24,L02776,0.04,891
F24445,F24,L02776,0.04,892
F24446,F24,L02776,0.04,893
F24447,F24,L02776,0.04,894
F24448,F24,L02776,0.04,895
F24449,F24,L02776,0.04,896
F24450,F24,L02776,0.04,897
F24451,F24,L02776,0.04,898
F24452,F24,L02776,0.04,899
F24453,F24,L02776,0.04,900
F24454,F24,L02776,0.04,901
F24455,F24,L02776,0.04,902
F24456,F24,L02776,0.04,903
F24457,F24,L02776,0.04,904
F24458,F24,L02776,0.04,905
F24459,F24,L02776,0.04,906
F24460,F24,L02776,0.04,907
F24461,F24,L02776,0.04,908
F24462,F24,L02776,0.04,909
F24463,F24,L02776,0.04,910
F24464,F24,L02776,0.04,911
F24465,F24,L02776,0.04,912
F24466,F24,L02776,0.04,913
F24467,F24,L02776,0.04,914
F24468,F24,L02776,0.04,915
F24469,F24,L02776,0.04,916
F24470,F24,L02776,0.04,917
F24471,F24,L02776,0.04,918
F24472,F24,L02776,0.04,919
F24473,F24,L02776,0.04,920
F24474,F24,L02776,0.04,921
F24475,F24,L02776,0.04,922
F24476,F24,L02776,0.04,923
F24477,F24,L02776,0.04,924
F24478,F24,L02776,0.04,925
F24479,F24,L02776,0.04,926
F24480,F24,L02776,0.04,927
F24481,F24,L02776,0.04,928
F24482,F24,L02776,0.04,929
F24483,F24,L02776,0.04,930
F24484,F24,L02776,0.04,931
F24485,F24,L02776,0.04,932
F24486,F24,L02776,0.04,933
F24487,F24,L02776,0.04,934
F24488,F24,L02776,0.04,935
F24489,F24,L02776,0.04,936
F24490,F24,L02776,0.04,937
F24491,F24,L02776,0.04,938
F24492,F24,L02776,0.04,939
F24493,F24,L02776,0.04,940
F24494,F24,L02776,0.04,941
F24495,F24,L02776,0.04,942
F24496,F24,L02776,0.04,943
F24497,F24,L02776,0.04,944
F24498,F24,L02776,0.04,945
F24499,F24,L02776,0.04,946
F24500,F24,L02776,0.04,947
F24501,F24,L02776,0.04,948
F24502,F24,L02776,0.04,949
F24503,F24,L02776,0.04,950
F24504,F24,L02776,0.04,951
F24505,F24,L02776,0.04,952
F24506,F24,L02776,0.04,953
F24507,F24,L02776,0.04,954
F24508,F24,L02776,0.04,955
F24509,F24,L02776,0.04,956
F24510,F24,L02776,0.04,957
F24511,F24,L02776,0.04,958
F24512,F24,L02776,0.04,959
F24513,F24,L02776,0.04,960
F24514,F24,L02776,0.04,961
F24515,F24,L02776,0.04,962
F24516,F24,L02776,0.04,963
F24517,F24,L02776,0.04,964
F24518,F24,L02776,0.04,965
F24519,F24,L02776,0.04,966
F24520,F24,L02776,0.04,967
F24521,F24,L02776,0.04,968
F24522,F24,L02776,0.04,969
F24523,F24,L02776,0.04,970
F24524,F24,L02776,0.04,971
F24525,F24,L02776,0.04,972
F24526,F24,L02776,0.04,973
F24527,F24,L02776,0.04,974
F24528,F24,L02776,0.04,975
F24529,F24,L02776,0.04,976
F24530,F24,L02776,0.04,977
F24531,F24,L02776,0.04,978
F24532,F24,L02776,0.04,979
F24533,F24,L02776,0.04,980
F24534,F24,L02776,0.04,981
F24535,F24,L02776,0.04,982
F24536,F24,L02776,0.04,983
F24537,F24,L02776,0.04,984
F24538,F24,L02776,0.04,985
F24539,F24,L02776,0.04,986
F24540,F24,L02776,0.04,987
F24541,F24,L02776,0.04,988
F24542,F24,L02776,0.04,989
F24543,F24,L02776,0.04,990
F24544,F24,L02776,0.04,991
F24545,F24,L02776,0.04,992
F24546,F24,L02776,0.04,993
F24547,F24,L02776,0.04,994
F24548,F24,L02776,0.04,995
F24549,F24,L02776,0.04,996
F24550,F24,L02776,0.04,997
F24551,F24,L02776,0.04,998
F24552,F24,L02776,0.04,999
F24553,F24,L02776,0.04,1000
F24554,F24,L02776,0.04,1001
F24555,F24,L02776,0.04,1002
F24556,F24,L02776,0.04,1003
F24557,F24,L02776,0.04,1004
F24558,F24,L02776,0.04,1005
F24559,F24,L02776,0.04,1006
F24560,F24,L02776,0.04,1007
F24561,F24,L02776,0.04,1008
F24562,F24,L02776,0.04,1009
F24563,F24,L02776,0.04,1010
F24564,F24,L02776,0.04,1011
F24565,F24,L02776,0.04,1012
F24566,F24,L02776,0.04,1013
F24567,F24,L02776,0.04,1014
F24568,F24,L02776,0.04,1015
F24569,F24,L02776,0.04,1016
F24570,F24,L02776,0.04,1017
F24571,F24,L02776,0.04,1018
F24572,F24,L02776,0.04,1019
F24573,F24,L02776,0.04,1020
F24574,F24,L02776,0.04,1021
F24575,F24,L02776,0.04,1022
F24576,F24,L02776,0.04,1023
