CASE_ID,GROUP_ID,P00,REPLICATES,SEED_BLOCK,X001,X002,X003,X004,X005,X006,X007,X008,X009,X010
F00317,F01,P01,24,2200317,0.6374721662759781,0.7334741634763777,0.30346723705530165,0.9543276267014443,31.833055724501616,0.03897380469366902,0.8655729625672102,1.5,0.9377217106167227,0.5506873549986631
F00629,F01,P01,24,2200629,0.6430803694009781,0.7285522884763777,0.3053812995553017,0.9604909079514443,31.736727599501616,0.03381755469366902,0.8455026500672101,1.5,0.9340275699917227,0.5479920424986631
F00644,F01,P01,24,2200644,0.6439153791666031,0.7262964291013777,0.2985502448678017,0.9549449118576944,31.891327208876618,0.036454273443669014,0.8523454235047102,1.49764892578125,0.9373365055385977,0.5573816909361631
F00069,F01,P01,24,2200069,0.6347733381509781,0.7287710384763777,0.3137406745553017,0.9552080954514444,31.845008849501617,0.03538005469366902,0.8607057750672102,1.5,0.9378939762417227,0.552445167498663
F00112,F01,P01,24,2200112,0.6423936994791032,0.7363042416013776,0.3034916511178017,0.9582562399826944,31.760194396376615,0.03293864844366902,0.8653883922547102,1.5,0.9316995914760977,0.5473621596861631
F00120,F01,P01,24,2200120,0.6415323713541031,0.7351011166013777,0.3025150886178017,0.9579117087326944,31.794647521376618,0.03434489844366902,0.8727712047547102,1.49791259765625,0.9373843571010977,0.5453699721861631
F00282,F01,P01,24,2200282,0.6387904768228532,0.7247378353513777,0.31273969799280166,0.9607349509201943,31.952323302626617,0.04282146094366902,0.8682731578797102,1.49622802734375,0.9398008610073477,0.553778175311163
F00686,F01,P01,24,2200686,0.6344934065103531,0.7339800228513776,0.3034232917428017,0.9531361227951943,31.892206115126616,0.033837085943669014,0.8491051891297102,1.5,0.9328815250698477,0.5506727065611631
F00716,F01,P01,24,2200716,0.6361634260416031,0.7294683041013776,0.3097611823678017,0.9616441306076944,31.841405333876615,0.03911052344366902,0.8627907360047102,1.5,0.9394993961635977,0.5544520034361631
F00749,F01,P01,24,2200749,0.6399604475259781,0.7385054134763777,0.31073286205530165,0.9553229392014443,31.893524474501618,0.034911304693669015,0.8722448375672102,1.496279296875,0.9310990543667227,0.5481092299986631
F00782,F01,P01,24,2200782,0.6437574690103531,0.7335425228513777,0.31170454174280166,0.9588017477951943,31.945643615126617,0.04071208594366902,0.8536989391297102,1.5,0.9324987125698477,0.5567664565611631
F00869,F01,P01,24,2200869,0.6368405256509782,0.7344585384763777,0.31608442455530167,0.9599549704514443,31.690321349501616,0.03600505469366902,0.8709870250672102,1.5,0.9379705387417226,0.5482264174986631
F00907,F01,P01,24,2200907,0.6376492170572281,0.7287436947263777,0.30144575268030166,0.9583184470139443,31.673973693251614,0.042684742193669016,0.8640553844422102,1.5,0.9306731754604727,0.5500135268736631
F00119,F01,P01,24,2200119,0.6440900373697281,0.7352515072263777,0.2976371589303017,0.9530547751389443,31.880340880751618,0.03416911719366902,0.8648483531922102,1.5,0.9391237613979727,0.5587439956236631
F00357,F01,P01,24,2200357,0.6429655256509782,0.7274585384763776,0.29858442455530165,0.9624049704514444,31.645321349501618,0.03600505469366902,0.8464870250672102,1.497392578125,0.9367455387417227,0.555726417498663
F00412,F01,P01,24,2200412,0.6394938947916031,0.7331870541013777,0.30687055736780167,0.9551363181076943,31.972186583876617,0.035673023443669016,0.8622438610047102,1.49524658203125,0.9390783024135977,0.5551551284361631
F01497,F02,P01,24,2201497,0.6414127424478532,0.7447534603513777,0.3029350104928017,0.9572513571701944,31.774432677626617,0.03516521094366902,0.8807965953797102,1.49757568359375,0.9271489078823477,0.5468641128111631
F01512,F02,P01,24,2201512,0.6430827619791032,0.7402417416013777,0.2892729011178017,0.9657593649826943,32.083631896376616,0.04043864844366902,0.8384821422547102,1.5,0.9337667789760977,0.5656434096861631
F01076,F02,P01,24,2201076,0.6389675276041031,0.7313823666013777,0.31571821361780167,0.9641132712326943,31.928241271376617,0.04715739844366902,0.8737555797547102,1.49170166015625,0.9413273258510977,0.557791847186163
F01193,F02,P01,24,2201193,0.6480736799478531,0.7241909603513776,0.2971537604928017,0.9638357321701944,32.03599517762662,0.028290210943669014,0.8797028453797102,1.5,0.9263067203823476,0.548270362811163
F01207,F02,P01,24,2201207,0.6352590315103531,0.7199800228513777,0.3137357917428017,0.9626298727951943,31.796581115126617,0.03321208594366902,0.8775426891297102,1.5,0.9364034000698477,0.563797706561163
F01296,F02,P01,24,2201296,0.6307944807291032,0.7212104916013777,0.3020072761178017,0.9647640524826944,31.663163146376615,0.044501148443669016,0.8318102672547102,1.5,0.9403894352260976,0.5532215346861631
F01440,F02,P01,24,2201440,0.6389866682291031,0.7338979916013777,0.3068510261178017,0.9523609274826943,31.463475646376615,0.035126148443669014,0.8735915172547102,1.49820556640625,0.9294409977260977,0.5415027846861631
F01448,F02,P01,24,2201448,0.6372640119791031,0.7314917416013776,0.3048979011178017,0.9516718649826943,31.532381896376616,0.03793864844366902,0.8323571422547102,1.5,0.9408105289760977,0.537518409686163
F01658,F02,P01,24,2201658,0.6410442854166032,0.7243276791013777,0.3136283698678017,0.9531839743576943,31.541170958876616,0.031766773443669016,0.8559547985047102,1.5,0.9354607242885977,0.5604285659361631
F01773,F02,P01,24,2201773,0.6407811018228532,0.7177378353513777,0.31555219799280165,0.9530787009201943,31.991698302626617,0.032196460943669014,0.8862106578797102,1.49294677734375,0.9273977360073477,0.5444031753111631
F01783,F02,P01,24,2201783,0.6484277815103532,0.7427300228513777,0.2931107917428017,0.9522173727951944,31.717831115126618,0.035712085943669016,0.8766676891297102,1.5,0.9318096500698477,0.546922706561163
F01796,F02,P01,24,2201796,0.6407284651041032,0.7388198666013777,0.2999369636178017,0.9608976462326944,31.649803771376614,0.040282398443669015,0.8586618297547102,1.49006103515625,0.9257851383510977,0.5591980971861631
F01886,F02,P01,24,2201886,0.6311485822916032,0.7397495541013777,0.29796430736780166,0.9531456931076944,32.064999083876614,0.03192302344366901,0.8847751110047102,1.5,0.9262923649135977,0.5518738784361631
F01899,F02,P01,24,2201899,0.6430492658853532,0.7358393978513776,0.30479047924280167,0.9618259665451944,31.996971740126614,0.03649333594366902,0.8667692516297102,1.5,0.9398678531948477,0.564149269061163
F02026,F02,P01,24,2202026,0.6402020979166031,0.7256401791013777,0.3037846198678017,0.9606870993576944,31.830858458876616,0.04114177344366902,0.8631735485047102,1.49120361328125,0.9292591617885977,0.5571473159361631
F02046,F02,P01,24,2202046,0.6358954572916031,0.7196245541013777,0.2989018073678017,0.9589644431076944,32.003124083876614,0.028173023443669017,0.8440876110047102,1.49782470703125,0.9380829899135977,0.562186378436163
F02097,F03,P01,24,2202097,0.6305408674478531,0.7336587337888777,0.26750532299280166,0.9518297751389443,31.658768615126615,0.054838062506169016,0.9068825328797102,1.5,0.9297807438198477,0.5446448745299131
F02116,F03,P01,24,2202116,0.6321582502603531,0.7222290462888777,0.31822797924280166,0.9681567282639443,32.346073302626614,0.028197437506169015,0.8370192516297101,1.4827734375,0.9543860172573477,0.548219093279913
F02186,F03,P01,24,2202186,0.6216117658853532,0.7361196712888777,0.3240482917428017,0.9560981345139443,31.391932677626617,0.03741618750616902,0.8154176891297102,1.49912109375,0.9377528141323477,0.5234925307799131
F02252,F03,P01,24,2202252,0.6519879377603531,0.7524165462888777,0.3318217292428017,0.9447286032639444,31.808885802626616,0.043822437506169015,0.8910505016297102,1.5,0.9489500797573477,0.5327503432799131
F02551,F03,P01,24,2202551,0.6506193830728532,0.7405493587888777,0.3258256354928017,0.9520211813889443,31.559627990126618,0.05405681250616902,0.8467809703797102,1.485791015625,0.9462225406948477,0.5574183120299131
F02694,F03,P01,24,2202694,0.6380344221353531,0.7105259212888777,0.3160014167428017,0.9469871970139443,31.503026427626615,0.03460368750616902,0.8986520641297102,1.49947265625,0.9312832828823476,0.527476905779913
F02773,F03,P01,24,2202773,0.6530119611978531,0.7190024837888777,0.3374271979928017,0.9529782126389443,31.783924865126615,0.05015056250616902,0.8262731578797102,1.5,0.9304315250698477,0.561285499529913
F03049,F03,P01,24,2203049,0.6517486799478531,0.7209712337888777,0.2826615729928017,0.9446329001389443,32.218456115126614,0.04421306250616902,0.8371012828797102,1.5,0.9309291813198477,0.5563636245299131
F02060,F03,P01,24,2202060,0.6562754377603531,0.7559165462888777,0.34557172924280166,0.9386036032639443,31.381385802626617,0.028822437506169016,0.8543005016297102,1.5,0.9520125797573477,0.5440003432799131
F02101,F03,P01,24,2202101,0.6288182111978532,0.7312524837888776,0.3455521979928017,0.9511407126389443,31.727674865126616,0.05765056250616902,0.8096481578797102,1.5,0.9411502750698477,0.570660499529913
F02142,F03,P01,24,2202142,0.6405609846353532,0.7065884212888777,0.3455326667428017,0.9636778220139444,32.073963927626615,0.046478687506169014,0.8769958141297102,1.5,0.9302879703823477,0.5373206557799131
F02194,F03,P01,24,2202194,0.6573664533853532,0.7313071712888777,0.3201420417428017,0.9547200095139443,31.529745177626616,0.04304118750616902,0.8449489391297101,1.5,0.9212918766323477,0.5755237807799131
F02311,F03,P01,24,2202311,0.6363787580728532,0.7169243587888777,0.28301313549280166,0.9541649313889443,31.745252990126616,0.04530681250616902,0.8568434703797102,1.5,0.9304506656948477,0.5564808120299131
F02324,F03,P01,24,2202324,0.6209801252603532,0.7091040462888777,0.2966654792428017,0.9715254782639443,31.609198302626616,0.05444743750616902,0.8208317516297102,1.5,0.9184016422573477,0.581031593279913
F02370,F03,P01,24,2202370,0.6207695783853532,0.7374321712888777,0.31420454174280166,0.9636012595139444,31.681620177626616,0.04679118750616902,0.8226364391297102,1.5,0.9511512516323477,0.580211280779913
F02585,F03,P01,24,2202585,0.6555768049478532,0.7200962337888777,0.26922407299280166,0.9461641501389443,31.425331115126617,0.037963062506169015,0.8042887828797102,1.490302734375,0.9448635563198476,0.538551124529913
F03213,F04,P01,24,2203213,0.6218605940103531,0.7384438900388777,0.3008061042428017,0.99,31.839823302626616,0.04220134375616902,0.9648786266297102,1.461767578125,0.8997203922573477,0.5353577651549131
F03610,F04,P01,24,2203610,0.6523133283853532,0.7088032650388777,0.2731107917428017,0.9743774313889443,30.397713927626615,0.040482593756169014,0.8158551891297102,1.5,0.9417723453823477,0.5394593276549131
F03204,F04,P01,24,2203204,0.6492125471353531,0.7492720150388776,0.2695951667428017,0.9574571188889444,32.249745177626615,0.029545093756169018,0.8424333141297102,1.455849609375,0.9465575016323476,0.5382874526549131
F03380,F04,P01,24,2203380,0.6544187971353531,0.7615220150388777,0.2577201667428017,0.9752196188889444,32.553495177626615,0.03704509375616902,0.7978083141297102,1.5,0.9278762516323477,0.5476624526549131
F03388,F04,P01,24,2203388,0.6475281721353532,0.7518970150388777,0.24990766674280168,0.9724633688889444,32.82912017762661,0.048295093756169014,0.8568708141297102,1.483505859375,0.9733543766323477,0.531724952654913
F03482,F04,P01,24,2203482,0.6057633283853532,0.7508032650388777,0.23811079174280167,0.9400774313889443,31.747713927626616,0.020482593756169017,0.7668551891297102,1.451982421875,0.9197223453823477,0.554459327654913
F03483,F04,P01,24,2203483,0.6637020002603532,0.7496001400388776,0.2771342292428017,0.9789329001389443,31.062167052626616,0.021888843756169018,0.8302380016297102,1.5,0.9058071110073477,0.5674671401549131
F03825,F04,P01,24,2203825,0.6435277815103532,0.7861313900388777,0.3431498542428017,0.9395032126389443,32.76513580262662,0.022826343756169015,0.7791598766297102,1.5,0.9291969547573476,0.5761390151549131
F03826,F04,P01,24,2203826,0.6230664533853532,0.7849282650388777,0.3821732917428017,0.9783586813889443,32.07958892762662,0.024232593756169016,0.8425426891297102,1.451513671875,0.9152817203823477,0.5891468276549131
F03104,F04,P01,24,2203104,0.6569453596353532,0.7575845150388777,0.3672514167428017,0.99,31.684432677626617,0.048920093756169014,0.7761520641297102,1.443427734375,0.9268809391323477,0.557506202654913
F03105,F04,P01,24,2203105,0.6364840315103532,0.7563813900388777,0.24627485424280168,0.9523657126389443,30.998885802626617,0.05032634375616902,0.8395348766297102,1.5,0.9129657047573477,0.5705140151549131
F03119,F04,P01,24,2203119,0.6636254377603531,0.7395376400388777,0.31260297924280167,0.9475422751389443,32.92122955262661,0.07001384375616901,0.8308942516297102,1.493291015625,0.9533524235073477,0.5126233901549131
F03166,F04,P01,24,2203166,0.6427430158853531,0.6829907650388777,0.2267045417428017,0.9705493063889443,32.38052642762661,0.056107593756169014,0.8978864391297102,1.5,0.9265364078823477,0.5239905776549131
F03217,F04,P01,24,2203217,0.6184152815103532,0.7336313900388777,0.2968998542428017,0.99,31.977635802626615,0.04782634375616902,0.7704098766297102,1.491064453125,0.9224594547573477,0.587389015154913
F03882,F04,P01,24,2203882,0.6532320783853531,0.7175532650388777,0.3274857917428017,0.9590649313889443,31.128963927626618,0.02298259375616902,0.8079801891297101,1.5,0.9200285953823477,0.5975843276549131
F04006,F04,P01,24,2204006,0.6248273908853531,0.6803657650388777,0.36639204174280166,0.99,32.52115142762661,0.03735759375616902,0.8274489391297102,1.449873046875,0.9193395328823477,0.5305530776549131
F04374,F05,P01,24,2204374,0.7175895289979874,0.4041508018374443,1.9701679557561873,0.919264742527902,33.05628927469254,0.12363396488130086,0.30189538434147833,0.9556962636485697,0.9050687025874854,0.27650271261110904
F04491,F05,P01,24,2204491,0.7221426051698625,0.4145550987124443,1.9608857291936874,0.919125972996652,32.75016622781754,0.11420037113130087,0.3048690171539783,0.9653129628673197,0.9073583998531104,0.286741970423609
F04514,F05,P01,24,2204514,0.7221162868104875,0.4110961143374443,1.9530781120061873,0.913235445652902,32.93921896219254,0.11824333988130087,0.29109460309147833,0.9638700917735697,0.9065521010249854,0.279139431361109
F04828,F05,P01,24,2204828,0.7128091579042375,0.4058734580874443,1.9647480338811874,0.919312594090402,33.03150411844254,0.12343865238130086,0.2868699937164783,0.9663456777110697,0.8993791518062354,0.279696071986109
F05030,F05,P01,24,2205030,0.7155606227479875,0.4034945518374443,1.9700898307561874,0.9204131800279021,33.001445524692535,0.11894646488130087,0.2912860093414783,0.9562822011485698,0.9008194838374853,0.278143337611109
F04515,F05,P01,24,2204515,0.7195586207948624,0.4109457237124443,1.9579560416936874,0.918092379246652,32.85352560281754,0.11841912113130086,0.29901745465397833,0.9572856191173197,0.9048126967281104,0.280765407923609
F04220,F05,P01,24,2204220,0.7194700954042375,0.4133109580874443,1.9589667838811873,0.9160969690904021,32.93306661844254,0.11656365238130087,0.2857762437164783,0.9647050527110698,0.8985369643062354,0.281102321986109
F04283,F05,P01,24,2204283,0.7151371364198624,0.4038363487124443,1.9662763541936874,0.918283785496652,32.93438497781754,0.11763787113130086,0.3089158921539783,0.9698832753673197,0.9065544936031104,0.278538845423609
F04315,F05,P01,24,2204315,0.7214918239198624,0.4130238487124443,1.9623701041936874,0.916905660496652,33.07219747781754,0.12326287113130087,0.2824471421539783,0.9691801503673197,0.8998935561031104,0.285570095423609
F04325,F05,P01,24,2204325,0.7155151637636125,0.4115199424624443,1.9711494010686874,0.9164749964341521,32.93526388406754,0.11502068363130086,0.3056756577789783,0.9633354238048197,0.9020995131343603,0.286829861048609
F04354,F05,P01,24,2204354,0.7197428493104875,0.4071586143374443,1.9726093620061873,0.9201260706529021,32.970156462192534,0.12011833988130087,0.2834383530914783,0.9673857167735698,0.9006567885249853,0.273983181361109
F04372,F05,P01,24,2204372,0.7129048610292374,0.4044515830874443,1.9604120963811873,0.919350875340402,32.86767599344254,0.12328240238130087,0.28604968121647834,0.9688652089610698,0.8987475111812354,0.288250759486109
F04539,F05,P01,24,2204539,0.7169746364198625,0.4073363487124443,1.9550263541936874,0.917058785496652,32.95688497781754,0.12263787113130087,0.2931658921539783,0.9642582753673197,0.9022669936031104,0.274788845423609
F04545,F05,P01,24,2204545,0.7212286403261124,0.4064340049624443,1.9642939323186874,0.916800387059152,32.80272482156754,0.12369255863130087,0.2847030015289783,0.9697514394298197,0.9016305678218604,0.284544704798609
F04611,F05,P01,24,2204611,0.7190226832948625,0.4105082237124443,1.9662372916936874,0.9139580042466521,32.906963102817535,0.11529412113130086,0.30361120465397834,0.9701762441173197,0.9044298842281103,0.286859157923609
F04639,F05,P01,24,2204639,0.7160080348573624,0.4062972862124443,1.9628193229436874,0.912752144871652,33.02754904031754,0.12021599613130086,0.3014510484039783,0.9658110097423197,0.9047265639156103,0.287386501673609
F05122,F06,P01,24,2205122,0.7185345973573625,0.3975643760561943,1.9653388541936874,0.9074095179185271,32.98729513406754,0.11133171878755087,0.30344714215397833,0.9536344960704447,0.9072100600093603,0.274777859095484
F05678,F06,P01,24,2205678,0.7164099879823624,0.3983300010561943,1.9495966666936875,0.918319674168527,32.736279509067536,0.12680046878755086,0.3216580796539783,0.9517009023204447,0.8937924818843603,0.282863796595484
F05802,F06,P01,24,2205802,0.7093088161073625,0.4170331260561943,1.9593232291936873,0.907639205418527,33.08432638406754,0.11039421878755086,0.27052526715397834,0.9687516835704447,0.8936202162593604,0.266105984095484
F05825,F06,P01,24,2205825,0.7092561793886125,0.4101151573061943,1.9437079948186873,0.915458150731027,32.74243185281754,0.11848015628755086,0.2989764390289783,0.9658659413829447,0.9116076186031103,0.280900905970484
F05871,F06,P01,24,2205871,0.7091509059511125,0.3962792198061943,1.9524775260686873,0.911496041356027,32.77864279031754,0.11465203128755086,0.29987878277897834,0.9600944570079447,0.9083824232906104,0.280490749720484
F05914,F06,P01,24,2205914,0.7243916286073625,0.4113456260561943,1.9719794791936873,0.9175923304185271,32.60901388406754,0.10976921878755086,0.3092440171539783,0.9638298085704448,0.8959936537593604,0.270324734095484
F05599,F06,P01,24,2205599,0.7089212184511124,0.4220917198061943,1.9788837760686873,0.9153241663560271,32.59583029031754,0.11902703128755086,0.3018475327789783,0.9720475820079447,0.8942183607906103,0.295959499720484
F05146,F06,P01,24,2205146,0.7133666286073624,0.4183456260561943,1.9594794791936874,0.924942330418527,33.19401388406754,0.11976921878755087,0.2917440171539783,0.9675798085704447,0.9021186537593604,0.292824734095484
F05213,F06,P01,24,2205213,0.7234393825136125,0.3981932823061943,1.9731220573186874,0.909371431981027,33.23110372781754,0.12332390628755087,0.2894061265289783,0.9552604726329447,0.9042384779781104,0.270705593470484
F05219,F06,P01,24,2205219,0.7123473903261125,0.3963885948061943,1.9516572135686874,0.908854635106027,32.92278341531754,0.12543328128755085,0.2724803452789783,0.9662468007579447,0.9029656264156104,0.290217312220484
F05323,F06,P01,24,2205323,0.7095528590761124,0.4211073448061943,1.9662665885686874,0.919496822606027,33.09856466531754,0.12199578128755087,0.2964334702789783,0.9766764882579447,0.8939695326656104,0.26842043722048403
F05402,F06,P01,24,2205402,0.7170416286073624,0.3973456260561943,1.9769794791936874,0.9224923304185271,33.23901388406754,0.10976921878755086,0.3162440171539783,0.9563298085704447,0.8935436537593604,0.28532473409548403
F05419,F06,P01,24,2205419,0.7084809840761125,0.4202323448061943,1.9828290885686874,0.911228072606027,33.205439665317535,0.11574578128755086,0.30562097027897833,0.9724577382579447,0.8932039076656104,0.280607937220484
F05509,F06,P01,24,2205509,0.7185011012636124,0.4211620323061943,1.9808564323186875,0.9230761194810271,32.90063497781754,0.12738640628755085,0.2757342515289783,0.9572526601329447,0.8937111342281103,0.273283718470484
F05598,F06,P01,24,2205598,0.7140365504823625,0.4223925010561943,1.9691279166936875,0.925210299168527,32.76721700906754,0.11867546878755086,0.2860018296539783,0.9552165273204447,0.8976971693843604,0.29270754659548404
F05635,F06,P01,24,2205635,0.7207692653261125,0.4112635948061943,1.9700947135686873,0.9122233851060271,32.90590841531754,0.11168328128755087,0.3122928452789783,0.9479655507579448,0.9061812514156103,0.293029812220484
F06364,F07,P01,24,2206364,0.7241619411073624,0.4225975791811943,1.9823701041936874,0.9010261194810271,33.23127950906754,0.13729851566255086,0.2774158921539783,0.9636100820079447,0.8848346693843604,0.30710696065798404
F06469,F07,P01,24,2206469,0.7083422145448625,0.4154335166811943,1.9511005729436874,0.9025382288560271,33.24006857156754,0.13112664066255086,0.24501354840397832,0.9581315663829447,0.8990848646968603,0.270017116907984
F06885,F07,P01,24,2206885,0.7251859645448625,0.3891835166811943,1.9879755729436874,0.909275728856027,33.206318571567536,0.10362664066255087,0.3246385484039783,0.9815690663829447,0.9055161146968603,0.275642116907984
F07020,F07,P01,24,2207020,0.7160463161073625,0.4199725791811943,1.9820576041936873,0.905619869481027,33.011904509067534,0.11854851566255087,0.3469783921539783,0.9659538320079447,0.9070377943843604,0.253669460657984
F06448,F07,P01,24,2206448,0.7271861598573625,0.4280663291811943,1.9413544791936874,0.925755806981027,33.23831075906754,0.11636101566255086,0.25149401715397834,0.9712272695079447,0.8883948256343603,0.253435085657984
F06172,F07,P01,24,2206172,0.7284494411073624,0.4260975791811943,1.9961201041936874,0.934101119481027,32.80377950906754,0.12229851566255086,0.24066589215397832,0.9804850820079447,0.8878971693843604,0.258356960657984
F06247,F07,P01,24,2206247,0.7059496364198625,0.4369803916811943,1.9394990104436873,0.9015811976060271,33.01577169656754,0.13503289066255086,0.2655213609039783,0.9851432851329447,0.9148758803218604,0.266149929407984
F06285,F07,P01,24,2206285,0.7091844020448624,0.4141210166811943,1.9609443229436874,0.934235103856027,32.950381071567534,0.12175164066255087,0.3497947984039783,0.9443034413829448,0.8856864271968604,0.27329836690798404
F06308,F07,P01,24,2206308,0.7090791286073624,0.4002850791811943,1.9297138541936874,0.910672994481027,32.26659200906754,0.13792351566255087,0.2946971421539783,0.9385319570079447,0.9216612318843603,0.302888210657984
F06342,F07,P01,24,2206342,0.7140365504823625,0.4358319541811943,1.9531122916936874,0.9048159632310271,33.57229513406754,0.12182976566255087,0.2522049546539783,0.9430436757579447,0.9203022475093604,0.284021023157984
F06356,F07,P01,24,2206356,0.7276072536073624,0.4274100791811943,1.9862763541936874,0.9024042444810271,33.09346700906754,0.13167351566255087,0.24788464215397832,0.9343132070079447,0.9012956068843604,0.255075710657984
F06461,F07,P01,24,2206461,0.7117875270448625,0.4202460166811943,1.9550068229436874,0.9039163538560271,33.10225607156754,0.12550164066255087,0.3274822984039783,0.9888346913829447,0.9155458021968603,0.277985866907984
F06501,F07,P01,24,2206501,0.7337609645448625,0.3961835166811943,1.9354755729436874,0.897025728856027,32.35131857156754,0.11362664066255086,0.2511385484039783,0.9553190663829447,0.9116411146968604,0.29814211690798403
F06635,F07,P01,24,2206635,0.7348519801698625,0.4275741416811943,1.9900458854436873,0.913142135106027,32.49967794656754,0.12784539066255085,0.24178698590397832,0.9660417226329447,0.9201204115718604,0.269665554407984
F06740,F07,P01,24,2206740,0.7190322536073624,0.4204100791811943,1.9587763541936873,0.9146542444810271,32.50846700906754,0.12167351566255086,0.32138464215397833,0.9605632070079447,0.8951706068843603,0.292575710657984
F06783,F07,P01,24,2206783,0.7103136989198625,0.3945428916811943,1.9977802604436874,0.926846822606027,33.60920919656754,0.11190789066255086,0.34011511090397833,0.9680339101329447,0.9095930678218603,0.272243679407984
F07261,F08,P01,24,2207261,0.7431972926698625,0.3653260948061943,2.0,0.891675924168527,34.246943571567535,0.13787468753755086,0.2764588609039783,0.9358219960704447,0.9101864271968604,0.242697780970484
F07293,F08,P01,24,2207293,0.7156347926698625,0.4388260948061943,1.9766865104436873,0.8806509241685271,32.46944357156754,0.10287468753755086,0.2887088609039783,0.9301969960704447,0.9352989271968604,0.298947780970484
F07627,F08,P01,24,2207627,0.7023511989198624,0.3729823448061943,1.8905146354436875,0.922377486668527,33.89678732156754,0.09256218753755086,0.40256823590397833,0.9764860585704447,0.9132106459468604,0.323557155970484
F07670,F08,P01,24,2207670,0.6849140895448624,0.4332479698061943,1.9685224479436874,0.9467626429185271,33.21827169656754,0.15303093753755087,0.21602917340397831,0.9914274648204447,0.9420555678218604,0.282893093470484
F07953,F08,P01,24,2207953,0.6959582301698625,0.4287635948061943,1.9721552604436874,0.8884602991685271,32.168506071567535,0.15099968753755086,0.23336511090397832,0.9641813710704448,0.9240442396968603,0.244104030970484
F08179,F08,P01,24,2208179,0.6972980739198624,0.3808573448061943,1.9914521354436874,0.888996236668527,32.75491232156754,0.14881218753755088,0.22188073590397833,0.9394548085704447,0.9152012709468603,0.303869655970484
F07182,F08,P01,24,2207182,0.7132422145448625,0.4603729698061943,1.9650849479436874,0.8796938929185271,33.685146696567536,0.10678093753755086,0.2,1.0172087148204447,0.9118899428218604,0.295080593470484
F07225,F08,P01,24,2207225,0.6958051051698625,0.4086385948061943,1.8830927604436873,0.904079049168527,33.00663107156754,0.08724968753755086,0.23467761090397832,0.9121501210704447,0.9407348646968604,0.254416530970484
F07316,F08,P01,24,2207316,0.7154242457948625,0.4111542198061943,1.9142255729436874,0.911926705418527,33.98186544656754,0.13521843753755086,0.4025135484039783,0.9186540273204448,0.9288485365718604,0.238127468470484
F07399,F08,P01,24,2207399,0.7419340114198625,0.4232948448061943,1.9531708854436873,0.922530611668527,31.80147482156754,0.09193718753755087,0.28728698590397833,0.9865641835704447,0.8714840834468603,0.237775905970484
F07414,F08,P01,24,2207414,0.7486140895448625,0.4052479698061943,1.8985224479436873,0.8781626429185271,33.038271696567534,0.11303093753755086,0.3420291734039783,0.9164274648204447,0.8979555678218604,0.312893093470484
F07420,F08,P01,24,2207420,0.7042461207948625,0.3980292198061943,1.9726630729436874,0.954495455418527,31.804990446567537,0.12146843753755086,0.27432604840397834,0.9603727773204447,0.8928641615718603,0.270939968470484
F07526,F08,P01,24,2207526,0.7305453395448624,0.3824979698061943,1.9491474479436874,0.917975142918527,34.01702169656754,0.11053093753755086,0.2729041734039783,1.0167399648204447,0.9074493178218603,0.329768093470484
F07680,F08,P01,24,2207680,0.7155008082948625,0.4212167198061943,2.0,0.9433173304185271,32.12280294656754,0.08709343753755086,0.4018572984039783,0.9446696523204448,0.8813032240718603,0.292971218470484
F07733,F08,P01,24,2207733,0.7286504176698625,0.3574510948061943,2.0,0.885857174168527,33.22881857156754,0.08162468753755087,0.4011463609039783,0.9128532460704447,0.9277958021968604,0.262385280970484
F07753,F08,P01,24,2207753,0.7114238551698625,0.4453885948061943,2.0,0.878966549168527,33.917881071567535,0.10974968753755086,0.32480261090397833,0.9393376210704447,0.8846911146968603,0.282541530970484
F08478,F09,P01,24,2208478,0.6640750596895815,0.6345150332599878,0.3259468200802803,0.9103832466475665,31.28685640186072,0.03615167658776039,0.8338847686946391,1.4625654210336507,0.9043350908055902,0.5149987942166626
F08322,F09,P01,24,2208322,0.6612709581270814,0.6439759707599878,0.3249897888302803,0.9073016060225665,31.33502046436072,0.03872980158776038,0.8579199249446392,1.4547431554086507,0.9012821611180901,0.5163464504666626
F08329,F09,P01,24,2208329,0.6629672960177064,0.6429232363849878,0.3191352966427803,0.9119001411788166,31.45516694873572,0.03996027033776039,0.8573798858821392,1.4686518468149008,0.9087063310399651,0.5277282864041626
F08337,F09,P01,24,2208337,0.6621059678927064,0.6417201113849879,0.3181587341427803,0.9115556099288166,31.489620073735722,0.041366520337760386,0.8367626983821391,1.4609760655649007,0.9045910966649652,0.5257360989041626
F08461,F09,P01,24,2208461,0.6683553819552064,0.6370716738849879,0.3230220153927803,0.9062153755538165,31.30364351123572,0.04316339533776039,0.8391962921321392,1.4545014561899008,0.9045049638524651,0.5173571926541626
F08531,F09,P01,24,2208531,0.6657187608614564,0.6405443301349878,0.3244770935177803,0.9032007271163165,31.42510835498572,0.03546808283776039,0.8337959015071391,1.4585883702524007,0.9101466630712152,0.5261755520291627
F08547,F09,P01,24,2208547,0.6639961046114564,0.6381380801349879,0.3225239685177803,0.9025116646163165,31.494014604985722,0.03828058283776039,0.8485615265071391,1.4582368077524006,0.9019161943212152,0.5221911770291626
F08689,F09,P01,24,2208689,0.6634075303927064,0.6447826113849878,0.3151899841427803,0.9061962349288165,31.56555757373572,0.04324152033776039,0.8536064483821392,1.4682416905649007,0.9097207841649652,0.5280798489041626
F08779,F09,P01,24,2208779,0.6684175889864564,0.6452474551349878,0.3142036560177803,0.9023202583663166,31.413155229985723,0.03906183283776039,0.8386630890071392,1.4606391515024006,0.9099743974462151,0.5244177395291626
F08921,F09,P01,24,2208921,0.6678290147677064,0.6378919863849878,0.3268696716427803,0.9060048286788165,31.48469819873572,0.044022770337760385,0.8437080108821392,1.4556440343149006,0.9079789872899652,0.5153064114041627
F09034,F09,P01,24,2209034,0.6630127550020815,0.6348978457599879,0.3180757263302803,0.9060383247725665,31.52134858936072,0.043886051587760384,0.8429902374446392,1.4615986241586507,0.9074263017430901,0.5190417629666626
F09050,F09,P01,24,2209050,0.6612900987520814,0.6464915957599878,0.3161226013302803,0.9053492622725665,31.59025483936072,0.036698551587760385,0.8577558624446392,1.4612470616586508,0.9089958329930902,0.5150573879666627
F09081,F09,P01,24,2209081,0.6604024522677064,0.6418294863849878,0.3273384216427803,0.9089142036788165,31.45376069873572,0.04214777033776039,0.8513642608821391,1.4671284093149006,0.9040742997899651,0.5204626614041626
F09086,F09,P01,24,2209086,0.6672141221895814,0.6410775332599878,0.3117280700802803,0.9037988716475666,31.38529390186072,0.04302667658776039,0.8349785186946391,1.4642060460336508,0.9051772783055901,0.5285925442166626
F09196,F09,P01,24,2209196,0.6602708604708314,0.6385345645099878,0.3283003357052803,0.9088615669600665,31.31902437061072,0.04236261408776039,0.8384921905696392,1.4599140538461508,0.9098428056493402,0.5274499660916626
F09201,F09,P01,24,2209201,0.6670825303927064,0.6377826113849878,0.3126899841427803,0.9037462349288166,31.610557573735722,0.04324152033776039,0.8501064483821391,1.4569916905649007,0.9109457841649652,0.5205798489041626
F09431,F10,P01,24,2209431,0.6741478135958314,0.6493968691974878,0.3205659607052803,0.9101583443038165,31.766563433110722,0.047562809400260385,0.8718515655696392,1.4685493077524008,0.9146375322118402,0.5182873684354127
F09989,F10,P01,24,2209989,0.6617925401583314,0.6495609316974879,0.3243354919552803,0.9012962349288165,31.17277437061072,0.04373468440026039,0.8657539093196391,1.4702778233774008,0.9138623368993402,0.5328772121854126
F10085,F10,P01,24,2210085,0.6607206651583314,0.6486859316974878,0.30089799195528033,0.9126274849288165,31.27964937061072,0.037484684400260385,0.8749414093196392,1.4660590733774008,0.9130967118993402,0.5150647121854126
F09721,F10,P01,24,2209721,0.6607015245333314,0.6461703066974878,0.3097651794552803,0.9047798286788166,31.74441499561072,0.049515934400260385,0.8751054718196392,1.4595551671274007,0.9053830400243401,0.5313537746854127
F09336,F10,P01,24,2209336,0.6701043565645814,0.6499710879474878,0.3137593200802803,0.9085409614913165,31.48830171436072,0.034164371900260386,0.8225097686946391,1.4595991124399008,0.9119243486180901,0.5093518215604126
F10015,F10,P01,24,2210015,0.6659939073458314,0.6417406191974878,0.3379878357052803,0.8990567818038165,31.75671968311072,0.032875309400260386,0.8297421905696392,1.4578852452524007,0.9018133134618401,0.5274279934354126
F10222,F10,P01,24,2210222,0.6655201768770814,0.6354789004474878,0.3174507263302803,0.9106272896163166,31.55966890186072,0.045648746900260384,0.8618027374446392,1.4619135655649007,0.9068999345555901,0.5105822903104126
F09254,F10,P01,24,2209254,0.6583615831270814,0.6466351504474878,0.31377885133028033,0.9156038521163166,31.14201265186072,0.045336246900260384,0.8671621124446391,1.4594526280649007,0.9031866533055901,0.5126916653104127
F09367,F10,P01,24,2209367,0.6683290635958314,0.6406468691974878,0.3361909607052803,0.9156708443038165,31.215313433110722,0.04506280940026039,0.8657265655696391,1.4713618077524007,0.9020812822118401,0.5201623684354126
F09456,F10,P01,24,2209456,0.6638645128145814,0.6418773379474878,0.3244624450802803,0.8982050239913165,31.801895464360722,0.03635187190026039,0.8199941436946392,1.4693256749399006,0.9060673173680902,0.5095861965604126
F09604,F10,P01,24,2209604,0.6711953721895814,0.6533617129474878,0.3283296325802803,0.9050573677413165,31.63666108936072,0.04838312190026039,0.8691582061946391,1.4703217686899006,0.9008036454930901,0.5108752590604126
F09662,F10,P01,24,2209662,0.6685061143770814,0.6359164004474878,0.3341694763302803,0.9000616646163165,31.77623140186072,0.04877374690026039,0.8362089874446391,1.4565229405649007,0.9146327470555902,0.5194885403104126
F09695,F10,P01,24,2209695,0.6565001573458314,0.6539906191974878,0.3361128357052803,0.9070192818038165,31.160469683110723,0.040375309400260385,0.8551171905696392,1.4719477452524008,0.8978320634618402,0.5068029934354126
F09720,F10,P01,24,2209720,0.6658168565645814,0.6464710879474879,0.3000093200802803,0.9146659614913165,31.19580171436072,0.049164371900260385,0.8592597686946392,1.4727241124399006,0.9088618486180902,0.5281018215604126
F09864,F10,P01,24,2209864,0.6740090440645814,0.6311585879474878,0.3048530700802803,0.9022628364913166,31.716114214360722,0.039789371900260384,0.8450410186946391,1.4663959874399006,0.8979134111180902,0.5163830715604126
F09888,F10,P01,24,2209888,0.6688410753145814,0.6519398379474878,0.3389936950802803,0.9001956489913165,31.20283296436072,0.048226871900260385,0.8333378936946392,1.4503412999399008,0.9124220048680901,0.5344299465604126
F11134,F11,P01,24,2211134,0.6759374620333314,0.6417064395099878,0.2914448669552803,0.8946783638350665,31.18367280811072,0.05302667658776039,0.8000195343196391,1.4724824132211507,0.9034785478368401,0.4922937160916626
F10645,F11,P01,24,2210645,0.6611321885958314,0.6558705020099879,0.35021439820528033,0.9201162544600665,31.759883745610722,0.029198551587760385,0.8709218780696392,1.4517109288461507,0.8953533525243401,0.49188355984166265
F10484,F11,P01,24,2210484,0.6618691026583314,0.6407220645099878,0.3288276794552803,0.8890510200850665,30.78640718311072,0.035995426587760386,0.8086054718196392,1.4321113194711508,0.9179297197118401,0.5247546535916626
F10253,F11,P01,24,2210253,0.6731525010958315,0.6676830020099879,0.3016206482052803,0.9092443794600665,30.767071245610722,0.03357355158776039,0.8798906280696391,1.4561640538461507,0.9179392900243402,0.5223523098416626
F10331,F11,P01,24,2210331,0.6591607042208314,0.6207611270099879,0.3035347107052803,0.8958076607100666,31.390743120610722,0.048417301587760385,0.8878203155696391,1.4418085850961506,0.9240451493993401,0.5496569973416626
F10339,F11,P01,24,2210339,0.6557153917208314,0.6159486270099879,0.2996284607052803,0.8944295357100666,31.52855562061072,0.05404230158776038,0.8053515655696392,1.4711054600961506,0.9075842118993401,0.5416882473416627
F10403,F11,P01,24,2210403,0.6673528917208315,0.6334486270099878,0.3483784607052803,0.9226045357100665,31.191055620610722,0.05904230158776039,0.8176015655696391,1.4654804600961506,0.8934967118993402,0.5379382473416626
F10512,F11,P01,24,2210512,0.6498105089083314,0.6238783145099878,0.3151558044552803,0.9234275825850665,31.26875093311072,0.05568292658776039,0.7999648468196392,1.4746503819711507,0.9191164384618402,0.5268640285916626
F10548,F11,P01,24,2210548,0.6735066026583314,0.6582220645099878,0.2975776794552803,0.9172260200850665,31.88890718311072,0.040995426587760384,0.8208554718196391,1.4864863194711506,0.9038422197118402,0.5210046535916626
F10585,F11,P01,24,2210585,0.6477720323458314,0.6359642520099879,0.2995112732052803,0.8912521919600666,32.16628999561072,0.027011051587760387,0.8734375030696392,1.4719843663461507,0.9208103837743402,0.5216491848416627
F10644,F11,P01,24,2210644,0.6713628526583314,0.6564720645099879,0.3307026794552803,0.9006885200850665,32.10265718311072,0.028495426587760386,0.8392304718196392,1.4780488194711507,0.9023109697118401,0.5453796535916626
F10674,F11,P01,24,2210674,0.6780429307833314,0.6384251895099878,0.3560542419552803,0.8955205513350665,31.89945405811072,0.04958917658776039,0.8939726593196391,1.4679121007211506,0.8895824540868401,0.5004968410916626
F10716,F11,P01,24,2210716,0.6795550401583315,0.6691595645099878,0.2955464294552803,0.8882853950850665,31.902969683110722,0.03912042658776039,0.8810117218196392,1.4417206944711507,0.9109625322118402,0.5336609035916626
F10730,F11,P01,24,2210730,0.6539257432833314,0.6607376895099878,0.3287104919552803,0.9250736763350665,31.424141558110723,0.04896417658776039,0.8766914093196392,1.4329902257211506,0.8919558915868402,0.5047155910916626
F10734,F11,P01,24,2210734,0.6522030870333314,0.6583314395099878,0.3267573669552803,0.9243846138350665,31.49304780811072,0.05177667658776039,0.8914570343196392,1.4476386632211506,0.9033254228368401,0.5307312160916626
F10736,F11,P01,24,2210736,0.6709417589083314,0.6571283145099878,0.2857808044552803,0.9240400825850665,30.80750093311072,0.05318292658776039,0.8428398468196392,1.4549628819711506,0.8894101884618402,0.5437390285916627
F11469,F12,P01,24,2211469,0.6740999620333314,0.6884642520099878,0.2586323669552803,0.9245760200850666,30.96148530811072,0.058143864087760386,0.7645820343196391,1.4181660069711508,0.9246863603368402,0.5025476223416626
F11968,F12,P01,24,2211968,0.6558972276583315,0.6481048770099879,0.3713276794552803,0.8702549263350665,31.59359468311072,0.03986261408776039,0.8086054718196392,1.4129511632211507,0.8801844072118401,0.5134460598416626
F12097,F12,P01,24,2212097,0.6819858995333314,0.6049017520099879,0.2853511169552803,0.9434103950850665,32.438047808110724,0.06126886408776039,0.9209882843196392,1.4577753819711508,0.8883191728368401,0.5114538723416626
F11694,F12,P01,24,2211694,0.6959011339083314,0.6417611270099878,0.3989058044552803,0.8862564888350665,32.23343843311072,0.054550114087760386,0.9137148468196391,1.4461152257211507,0.9297586259618401,0.5493054348416626
F11795,F12,P01,24,2211795,0.6677069932833314,0.6322455020099879,0.3402729919552803,0.8906588325850665,32.11320405811072,0.03658136408776039,0.8193789093196392,1.4058613194711507,0.9355199540868402,0.5430944973416626
F11796,F12,P01,24,2211796,0.6472456651583314,0.6310423770099878,0.3792964294552803,0.9295143013350665,31.42765718311072,0.037987614087760385,0.8827617218196392,1.4731855382211507,0.9216047197118401,0.5561023098416626
F11809,F12,P01,24,2211809,0.6948483995333314,0.6154017520099878,0.2466011169552803,0.8858353950850665,31.15554780811072,0.056268864087760384,0.8107382843196391,1.5,0.8975066728368402,0.4852038723416626
F12101,F12,P01,24,2212101,0.6785405870333314,0.6000892520099879,0.2814448669552803,0.9420322700850665,32.57586030811072,0.06689386408776038,0.9505195343196391,1.4870722569711508,0.9110582353368402,0.5634851223416626
F12246,F12,P01,24,2212246,0.6908480089083314,0.6496361270099879,0.3398433044552803,0.9312752388350665,31.09156343311072,0.030800114087760386,0.9570273468196392,1.4090839757211506,0.9317492509618401,0.5296179348416626
F12252,F12,P01,24,2212252,0.6464800401583314,0.6424173770099878,0.2539839294552803,0.9292080513350666,32.73828218311072,0.039237614087760386,0.8893242218196391,1.4530292882211506,0.9266578447118402,0.4876648098416626
F12254,F12,P01,24,2212254,0.6839573839083314,0.6400111270099879,0.3320308044552803,0.9285189888350666,31.36718843311072,0.04205011408776039,0.7920898468196391,1.4676777257211506,0.8988273759618401,0.5136804348416626
F12277,F12,P01,24,2212277,0.6837468370333314,0.6123392520099878,0.2695698669552803,0.8813947700850665,32.87961030811072,0.07439386408776039,0.9058945343196392,1.4561347569711507,0.8923769853368402,0.5728601223416626
F11923,F12,P01,24,2211923,0.6358569932833315,0.5902455020099878,0.3752729919552803,0.9249588325850665,30.76320405811072,0.05658136408776039,0.8683789093196391,1.5,0.8791699540868402,0.5280944973416626
F12201,F12,P01,24,2212201,0.6708077745333314,0.5917767520099878,0.3437886169552803,0.9075791450850665,30.26117280811072,0.04751886408776039,0.7928007843196392,1.4994941319711508,0.9307347978368402,0.5442663723416626
F11899,F12,P01,24,2211899,0.6565288682833315,0.6191205020099878,0.3987104919552803,0.9332275825850666,32.81632905811072,0.022831364087760386,0.9151914093196392,1.4475800694711507,0.8995355790868401,0.5759069973416626
F11278,F12,P01,24,2211278,0.6622136339083314,0.6942611270099878,0.3251558044552803,0.8727814888350666,32.30093843311072,0.029550114087760385,0.7544648468196391,1.5,0.9168961259618401,0.5380554348416626
F12418,F13,P01,24,2212418,0.6483688880041241,0.5517836651206017,2.0,0.8075915937170386,29.386793610602616,0.07399832535535092,0.2109853515625,0.8129628349095583,0.8329193447373807,0.16188222303986546
F12460,F13,P01,24,2212460,0.6487469153478741,0.5454672588706017,1.9911572265625,0.8057828046545386,29.387672516852618,0.07138113785535091,0.20774511718750002,0.8214149833470583,0.8382643642686307,0.17017323866486547
F12489,F13,P01,24,2212489,0.6529746008947491,0.5551059307456017,1.9926171875,0.8094338788732885,29.422565094977617,0.07647879410535091,0.2135078125,0.8254652763158083,0.8368216396592557,0.17232655897736548
F12497,F13,P01,24,2212497,0.6521132727697491,0.5539028057456017,1.991640625,0.8090893476232885,29.457018219977616,0.07788504410535091,0.2,0.8177894950658083,0.8327064052842558,0.17033437147736546
F12676,F13,P01,24,2212676,0.6548910559728741,0.5549828838706017,2.0,0.8062804609045386,29.597906891852617,0.07934988785535091,0.21108105468750002,0.8241688895970584,0.8349530361436307,0.16138417616486547
F12679,F13,P01,24,2212679,0.6472180579259991,0.5545317119956017,1.999423828125,0.8110512616857886,29.340826813727617,0.07987723160535092,0.20684960937500002,0.8194154716283083,0.8395348232530058,0.16626210585236548
F12701,F13,P01,24,2212701,0.6497494055822491,0.5512231182456017,2.0,0.8101038007482886,29.615572907477617,0.07374441910535091,0.21315234375,0.8245570731908083,0.8404679287217557,0.17203359022736547
F12705,F13,P01,24,2212705,0.6493187415197491,0.5506215557456017,2.0,0.8099315351232886,29.632799469977616,0.07444754410535091,0.2,0.8132191825658084,0.8335103115342557,0.16353749647736548
F12842,F13,P01,24,2212842,0.6517184973791241,0.5440180401206017,1.9945263671875,0.8089314374670385,29.412809235602616,0.07852957535535092,0.21027441406250003,0.8261464286595583,0.8402119228623808,0.16129628553986547
F13023,F13,P01,24,2213023,0.649380948550999,0.5447973369956017,1.997431640625,0.8060364179357886,29.382311188727616,0.07034598160535091,0.2,0.8193568778783084,0.8389797451280058,0.17059804335236547
F13119,F13,P01,24,2213119,0.6488450110509991,0.5443598369956018,2.0,0.8117020429357886,29.435748688727617,0.07722098160535092,0.2,0.8172475028783084,0.8385969326280057,0.16169179335236547
F13140,F13,P01,24,2213140,0.6539340247228741,0.5552016338706017,2.0,0.8058976484045386,29.436188141852618,0.07091238785535092,0.2,0.8139735770970583,0.8412694423936308,0.16583730116486547
F13004,F13,P01,24,2213004,0.6489766028478741,0.5476547588706017,2.0,0.8117546796545386,29.57048501685262,0.07700613785535092,0.2057763671875,0.8244618583470583,0.8328284267686308,0.16970448866486548
F12335,F13,P01,24,2212335,0.6548551673009991,0.5502660869956016,2.0,0.8062661054357886,29.659342438727617,0.07940848160535091,0.2,0.8194740653783084,0.8400899013780058,0.16192616835236548
F12339,F13,P01,24,2212339,0.6544245032384991,0.5496645244956017,2.0,0.8060938398107886,29.676569001227616,0.07011160660535092,0.201080078125,0.8231361747533084,0.8331322841905058,0.16843007460236548
F12369,F13,P01,24,2212369,0.6560945227697491,0.5451528057456017,2.0,0.8048018476232885,29.625768219977616,0.07538504410535092,0.2,0.8206019950658083,0.8397501552842557,0.17220937147736548
F13375,F14,P01,24,2213375,0.6550082923009991,0.5472548565268517,1.999443359375,0.8041725995764136,29.237643219977617,0.06963064957410092,0.225033203125,0.8188038993626834,0.8460857021592557,0.17988149061799047
F13462,F14,P01,24,2213462,0.6607744055822491,0.5490868877768517,2.0,0.8064790448889136,29.446998688727618,0.08021658707410091,0.203609375,0.8131056571751833,0.8374293545030057,0.16280141249299046
F13475,F14,P01,24,2213475,0.6530750891759991,0.5451767315268516,2.0,0.8151593183264136,29.378971344977618,0.08478689957410092,0.2,0.8219093681126833,0.8314048427842557,0.17507680311799048
F13539,F14,P01,24,2213539,0.6588938391759991,0.5539267315268517,1.999404296875,0.8096468183264136,29.21022134497762,0.06728689957410092,0.2,0.8190968681126833,0.8439610927842557,0.17320180311799047
F13622,F14,P01,24,2213622,0.6459212805822491,0.5569618877768517,2.0,0.8122977948889136,29.385123688727617,0.07646658707410092,0.21892187500000002,0.8060744071751833,0.8296199795030057,0.17311391249299046
F13661,F14,P01,24,2213661,0.642423331363499,0.5452314190268517,1.989619140625,0.7991386152014136,29.181041657477618,0.07017752457410091,0.22090429687500002,0.8324855399876834,0.8311464443467558,0.17994008436799047
F13808,F14,P01,24,2213808,0.6548695227697491,0.5570165752768517,1.98373046875,0.8158770917639135,29.187194001227617,0.08185721207410092,0.2,0.8166505790501833,0.8293615810655057,0.17797719374299048
F13832,F14,P01,24,2213832,0.649701554019749,0.5497978252768517,2.0,0.8138099042639136,29.393912751227617,0.07029471207410092,0.2,0.8305958915501833,0.8438701748155057,0.16602406874299047
F13947,F14,P01,24,2213947,0.6494383704259991,0.5432079815268517,2.0,0.8137046308264136,29.844440094977617,0.07072439957410091,0.216775390625,0.8161671806126833,0.8358071865342557,0.17999867811799047
F13952,F14,P01,24,2213952,0.6434617102697491,0.5417040752768517,1.98857421875,0.8034739667639136,29.707506501227616,0.07248221207410091,0.2,0.8103224540501833,0.8380131435655057,0.16625844374299048
F14160,F14,P01,24,2214160,0.6574726477697491,0.5351415752768517,2.0,0.8051583417639135,29.339069001227617,0.06560721207410092,0.2,0.8311818290501833,0.8396209560655057,0.15266469374299046
F14223,F14,P01,24,2214223,0.6488067298009991,0.5441923565268517,1.992412109375,0.8095319745764136,29.341705719977618,0.06775564957410092,0.22218945312500002,0.8115382743626833,0.8360560146592557,0.17753774061799046
F13524,F14,P01,24,2213524,0.6572238196447491,0.5584384502768517,2.0,0.8011388105139136,29.62102212622762,0.08201346207410092,0.2,0.8066310478001834,0.8373432216905057,0.15442250624299048
F13709,F14,P01,24,2213709,0.651687393863499,0.5587939190268517,2.0,0.8146042402014136,29.59447915747762,0.06705252457410091,0.2,0.8303761649876833,0.8405636318467558,0.15603383436799048
F13949,F14,P01,24,2213949,0.6588077063634991,0.5426064190268517,1.999306640625,0.8135323652014136,29.501666657477617,0.07142752457410091,0.2,0.8198292899876833,0.8288495693467557,0.15650258436799047
F14179,F14,P01,24,2214179,0.6582813391759991,0.5574267315268517,2.0,0.8133218183264136,29.68272134497762,0.07228689957410092,0.2,0.8209718681126833,0.8323235927842557,0.15445180311799048
F14356,F15,P01,24,2214356,0.6677320227697491,0.5722743877768517,1.96091796875,0.7894247480139136,29.325006501227616,0.07447439957410092,0.23278515625,0.8110841728001833,0.8407693935655057,0.15448109999299048
F14373,F15,P01,24,2214373,0.6506107337072491,0.5620478252768517,1.9726171875,0.8060962323889136,29.257858063727618,0.08642752457410091,0.2115390625,0.8433400321751834,0.8400899013780058,0.14504750624299048
F14726,F15,P01,24,2214726,0.6455863196447491,0.5736962627768517,1.98025390625,0.8040864667639136,29.21883462622762,0.09463064957410092,0.2,0.8460646415501833,0.8536510341905057,0.16092641249299047
F14728,F15,P01,24,2214728,0.6643249915197491,0.5724931377768517,2.0,0.8037419355139136,29.973287751227616,0.056036899574100914,0.2,0.7933888603001833,0.8397357998155057,0.17393422499299047
F14883,F15,P01,24,2214883,0.6465720618322491,0.5352509502768517,2.0,0.7966407636389136,30.123404938727617,0.08502127457410091,0.24615625000000002,0.7910158134251833,0.8197051357530057,0.16203969374299046
F14915,F15,P01,24,2214915,0.6327908118322491,0.5720009502768517,1.98796875,0.7911282636389136,29.234654938727616,0.06752127457410091,0.25228125,0.8482033134251833,0.8322613857530057,0.19016469374299047
F14919,F15,P01,24,2214919,0.6702681555822491,0.5695947002768517,1.986015625,0.7904392011389136,29.303561188727617,0.07033377457410092,0.2,0.8028517509251833,0.8436309170030057,0.15618031874299046
F15125,F15,P01,24,2215125,0.6403513587072491,0.5576728252768517,2.0,0.7941524823889136,29.252233063727616,0.05517752457410091,0.2,0.8372462821751834,0.8215617763780058,0.17598500624299046
F15154,F15,P01,24,2215154,0.6572621008947491,0.5402275127768517,2.0,0.8087567792639136,29.391803376227617,0.07556814957410092,0.21052734375,0.7934474540501834,0.8549908779405058,0.18459828749299048
F15245,F15,P01,24,2215245,0.6670716712072491,0.5414853252768517,2.0,0.8126806073889136,29.879420563727617,0.059552524574100915,0.2,0.7966994071751834,0.8490477138780057,0.17645375624299048
F15281,F15,P01,24,2215281,0.6515677649572491,0.5758290752768517,2.0,0.8064790448889136,29.059576813727617,0.08486502457410092,0.2033359375,0.8085353446751833,0.8337734951280057,0.17059438124299048
F14492,F15,P01,24,2214492,0.6483617102697491,0.5464618877768517,1.97451171875,0.8051966230139136,30.227819001227616,0.09009939957410092,0.2,0.8291310478001833,0.8353334560655057,0.13901234999299047
F14559,F15,P01,24,2214559,0.6685072180822491,0.5621572002768517,2.0,0.8132548261389136,28.861998688727617,0.05720877457410092,0.2,0.8044923759251833,0.8395731045030057,0.15477406874299046
F14733,F15,P01,24,2214733,0.652371671207249,0.5694853252768517,2.0,0.8224806073889136,29.699420563727617,0.059552524574100915,0.2,0.8416994071751833,0.8441477138780057,0.14645375624299048
F15166,F15,P01,24,2215166,0.6520941321447491,0.5330087627768517,2.0,0.8066895917639136,29.598522126227618,0.08400564957410092,0.25482421875,0.8373927665501834,0.8498994716905057,0.14264516249299047
F14400,F15,P01,24,2214400,0.6487828040197491,0.5458056377768516,2.0,0.8210450605139136,30.082975251227616,0.06541189957410092,0.2,0.7922169853001834,0.8482342373155057,0.14065297499299048
F15366,F16,P01,24,2215366,0.657826749332249,0.5020146221518517,2.0,0.7774522870764136,30.136764313727618,0.055226352699100915,0.277109375,0.8213527274876833,0.8046797451280058,0.2020152796804905
F15512,F16,P01,24,2215512,0.649672843082249,0.5503583721518517,1.955,0.8055507245764136,30.84692056372762,0.10053885269910091,0.2,0.8106886649876833,0.8114555263780058,0.18115590468049048
F15528,F16,P01,24,2215528,0.6358915930822491,0.5311083721518517,1.939375,0.8000382245764136,28.51817056372762,0.04303885269910092,0.241125,0.8078761649876833,0.8240117763780057,0.14928090468049046
F15810,F16,P01,24,2215810,0.6673970618322491,0.5278271221518517,2.0,0.7812804120764136,28.153951813727616,0.039601352699100915,0.2,0.8333058524876833,0.8199156826280057,0.21748402968049046
F15970,F16,P01,24,2215970,0.686384561832249,0.5593271221518517,2.0,0.8045554120764136,30.786451813727616,0.10460135269910092,0.256328125,0.8051808524876833,0.8670781826280057,0.13873402968049048
F16103,F16,P01,24,2216103,0.6306279212072491,0.5113114971518518,1.9778515625,0.7979327558264135,28.888717438727618,0.051632602699100916,0.2,0.8793019462376833,0.8195520107530058,0.1887730921804905
F16119,F16,P01,24,2216119,0.6168466712072491,0.6040614971518516,1.9622265625,0.7924202558264136,29.439967438727617,0.07413260269910092,0.2923671875,0.8764894462376833,0.8321082607530057,0.15689809218049047
F16121,F16,P01,24,2216121,0.6543240149572491,0.6016552471518517,2.0,0.7917311933264136,28.068873688727617,0.07694510269910092,0.2,0.7711378837376833,0.8042777920030058,0.18291371718049046
F16178,F16,P01,24,2216178,0.6640283118322491,0.5330771221518517,2.0,0.8112929120764136,29.312701813727617,0.07710135269910091,0.223953125,0.7686183524876833,0.8735094326280057,0.20435902968049047
F16324,F16,P01,24,2216324,0.6558744055822491,0.5814208721518517,1.96203125,0.8393913495764136,30.022858063727618,0.04241385269910092,0.29384375,0.8779542899876833,0.8018852138780057,0.18349965468049048
F16363,F16,P01,24,2216363,0.6418826087072491,0.5344989971518517,2.0,0.7867546308264136,29.206529938727616,0.09725760269910091,0.3017734375,0.8635988212376834,0.8079910732530057,0.2108043421804905
F15536,F16,P01,24,2215536,0.629000968082249,0.5214833721518517,1.9315625,0.7972819745764136,28.793795563727617,0.054288852699100915,0.3001875,0.8664699149876833,0.8694899013780057,0.13334340468049047
F15598,F16,P01,24,2215598,0.6147986243322491,0.5588896221518517,1.951015625,0.7759210370764136,29.489889313727616,0.061476352699100914,0.2,0.8405714774876833,0.8691453701280057,0.21982777968049047
F15721,F16,P01,24,2215721,0.6852552649572491,0.5229052471518517,1.9508984375,0.7727436933264136,28.687623688727616,0.07444510269910092,0.2,0.8414503837376833,0.8039715420030057,0.13978871718049046
F15820,F16,P01,24,2215820,0.619583780582249,0.5157958721518517,1.97421875,0.7778350995764136,29.938483063727617,0.053663852699100914,0.2,0.7865480399876833,0.8375633388780057,0.10756215468049046
F16226,F16,P01,24,2216226,0.6226845618322491,0.5873271221518517,1.977734375,0.7947554120764136,28.086451813727617,0.06460135269910092,0.2,0.7601808524876833,0.8327781826280057,0.10873402968049048
F16828,F17,P01,24,2216828,0.6631790249072015,0.6887166112363339,0.31680304631590844,0.9175463444799183,30.80747223079205,0.05778188563883298,0.9169223541021346,1.4837393325939776,0.8927932348974049,0.5114713210612536
F16704,F17,P01,24,2216704,0.6667296108447015,0.6933650487363339,0.3119397650659085,0.9228865788549184,30.993448793292053,0.05598501063883298,0.9144887603521347,1.4902139419689775,0.8928793677099048,0.5198502273112536
F16867,F17,P01,24,2216867,0.6614300502978265,0.6968513768613339,0.32704230412840846,0.9207667546361684,30.705431215167053,0.05463735438883298,0.9179135650396346,1.4819448990002275,0.8935564673192798,0.5148844069987536
F16398,F17,P01,24,2216398,0.6653754116259515,0.6973845799863339,0.31929328069090845,0.9164648991674184,30.935616762042052,0.05219594813883298,0.8980961822271346,1.4950625747814776,0.8959370825536549,0.5173013991862536
F16570,F17,P01,24,2216570,0.6664568569384515,0.6855173924863339,0.31829718694090847,0.9188574772924184,30.956358949542054,0.05243032313883298,0.9168266509771347,1.4875332779064776,0.8907595434911548,0.5119693679362536
F16580,F17,P01,24,2216580,0.6702801967822015,0.6840134862363338,0.3270764838159085,0.9184268132299184,30.819425355792053,0.05418813563883298,0.9120551666021347,1.4816885513439775,0.8929655005224049,0.5132291335612535
F16596,F17,P01,24,2216596,0.6685575405322015,0.6956072362363339,0.3251233588159085,0.9177377507299184,30.888331605792054,0.05700063563883298,0.8988207916021347,1.4813369888439776,0.8945350317724049,0.5092447585612536
F16618,F17,P01,24,2216618,0.6612888881884516,0.6922986424863339,0.31243781194090847,0.9167902897924184,30.80307769954205,0.05086782313883298,0.9051235259771346,1.4864785904064775,0.8954681372411548,0.5150162429362536
F16695,F17,P01,24,2216695,0.6701486049853265,0.6947185643613338,0.32803839787840844,0.9183741765111684,30.68468902766705,0.054402979388832984,0.8991830962896347,1.4894741958752276,0.8987340063817799,0.5202164382487536
F16739,F17,P01,24,2216739,0.6654113002978265,0.6881013768613339,0.32266730412840844,0.9164792546361684,30.874181215167052,0.052137354388832984,0.9117885650396347,1.4847573990002276,0.8908002173192798,0.5167594069987536
F16785,F17,P01,24,2216785,0.6653586635790765,0.6951834081113338,0.32705206975340845,0.9242981999486684,30.892286683917053,0.05022329188883298,0.9122397369146347,1.4818716568127275,0.8989876196630299,0.5165543288737536
F16802,F17,P01,24,2216802,0.6610783413134516,0.6926267674863339,0.30997687444090843,0.9186660710424184,30.87549957454205,0.05321157313883298,0.9069282134771347,1.4899356216564776,0.8988177466161549,0.5141959304362536
F16845,F17,P01,24,2216845,0.6686987026415765,0.6861599706113338,0.31972785100340845,0.9217142155736684,30.790685121417052,0.050770166888832985,0.9116108306646347,1.4918032974377275,0.8926233618505298,0.5091129226237536
F16935,F17,P01,24,2216935,0.6639087612353265,0.6866248143613338,0.31874152287840846,0.9178382390111683,30.998282777667054,0.05659047938883298,0.8966674712896346,1.4842007583752275,0.8928769751317799,0.5204508132487536
F17060,F17,P01,24,2217060,0.6676005092822015,0.6958259862363338,0.30848273381590846,0.9173549382299184,30.72661285579205,0.04856313563883298,0.9070239166021347,1.4861416763439776,0.8910514380224048,0.5136978835612536
F17135,F17,P01,24,2217135,0.6619755581103265,0.6845466893613339,0.3143274603784085,0.9190249577611684,30.779610902667052,0.05174672938883298,0.9132377837896346,1.4873062271252275,0.8977961157567799,0.5156461257487536
F18002,F18,P01,24,2218002,0.6581163295947016,0.6980271581113339,0.2991272650659085,0.9213457585424184,31.008214418292052,0.055135401263832984,0.8939262603521346,1.4847500747814775,0.8987172583349049,0.5160562819987536
F17877,F18,P01,24,2217877,0.6703328335009515,0.6796248143613338,0.31964484319090847,0.9223123601049183,30.83155426204205,0.05119008876383298,0.9292133697271346,1.4808682388439776,0.9023683325536549,0.5295621413737536
F18041,F18,P01,24,2218041,0.6742183803759515,0.6862966893613339,0.31960578069090845,0.9277865788549184,30.804132387042053,0.04884633876383298,0.8959086822271346,1.4811612075939775,0.9002437231786549,0.5228824538737536
F18114,F18,P01,24,2218114,0.6731991420947016,0.6923396581113339,0.31178351506590846,0.9116988835424183,30.53290191829205,0.05451040126383298,0.9326450103521347,1.4798281997814775,0.9010906958349049,0.5202750319987536
F18400,F18,P01,24,2218400,0.6606141811572015,0.6903162206113339,0.30195929631590845,0.9262648991674184,30.476300355792052,0.05505727626383298,0.9285161041021347,1.4935098404064775,0.8861514380224049,0.5203336257487536
F17752,F18,P01,24,2217752,0.6629493374072015,0.6892224706113339,0.3001624213159085,0.9232789616674184,30.654894105792053,0.04724477626383298,0.9085004791021346,1.4769864029064776,0.8864194067724048,0.5130680007487536
F18211,F18,P01,24,2218211,0.6670119350634515,0.6911638768613338,0.33810187444090845,0.9131440007299184,30.468390199542053,0.048611963763832984,0.9016782134771346,1.4924405044689775,0.8968462622411548,0.5057144851237536
F17409,F18,P01,24,2217409,0.6655955288134515,0.6906511815488339,0.31837531194090846,0.9206806218236684,30.828038637042052,0.05342153407633298,0.9094985259771347,1.4877749771252275,0.8945015356786549,0.5150675124675036
F17494,F18,P01,24,2217494,0.6695050014697015,0.6828240331113339,0.3031507025659085,0.9259012272924184,30.95266754329205,0.05654165126383298,0.9083090728521347,1.4845742935314776,0.9019520239599048,0.5140640944987536
F17563,F18,P01,24,2217563,0.6693470913134515,0.6900701268613338,0.33630499944090847,0.9297580632299184,30.64698394954205,0.06079946376383298,0.8816625884771346,1.4759170669689776,0.8971142309911548,0.5284488601237536
F17574,F18,P01,24,2217574,0.6718784389697016,0.6867615331113339,0.32361945256590846,0.9190106022924184,30.92173004329205,0.044666651263832985,0.8879653228521347,1.4810586685314775,0.8980473364599049,0.5042203444987536
F17641,F18,P01,24,2217641,0.6623511928759516,0.6946091893613339,0.33726203069090843,0.9230397038549184,30.95881988704205,0.04822133876383298,0.8856274322271347,1.4987393325939775,0.9001671606786549,0.5121012038737536
F17767,F18,P01,24,2217767,0.6646193569384515,0.6847107518613339,0.32650031194090845,0.9121869694799184,30.964093324542052,0.052518213763832984,0.9221860259771346,1.4894522232189775,0.8930372778661548,0.5018472976237536
F17834,F18,P01,24,2217834,0.6746921108447015,0.6925584081113338,0.30014289006590844,0.9162160710424184,31.00118316829205,0.05607290126383298,0.9198481353521346,1.4771328872814775,0.8951571020849048,0.5097281569987536
F17975,F18,P01,24,2217975,0.6590302944384515,0.6781482518613339,0.31571906194090843,0.9138713444799184,30.595655824542053,0.045643213763832985,0.9140922759771346,1.4803115982189776,0.8946450903661549,0.5182535476237536
F18080,F18,P01,24,2218080,0.6707204311572015,0.7025662206113339,0.30008429631590844,0.9146273991674184,30.600050355792053,0.06255727626383298,0.8978911041021347,1.4775723404064776,0.9017701880224048,0.5297086257487535
F18508,F19,P01,24,2218508,0.6586283413134515,0.6817371190488338,0.33384406194090843,0.9333517155736684,30.20366363704205,0.05314809657633298,0.9276547759771346,1.5,0.9010859106786548,0.5087979812175036
F19162,F19,P01,24,2219162,0.6709740444384515,0.6803152440488339,0.29450812444090846,0.9382899968236684,30.669835512042052,0.07299184657633298,0.9338344634771346,1.5,0.8980042700536549,0.5023526687175036
F18722,F19,P01,24,2218722,0.6644662319384516,0.6650027440488339,0.3493518744409085,0.9356868718236684,30.290148012042053,0.04361684657633298,0.8776157134771346,1.5,0.9017558325536549,0.5206339187175036
F19126,F19,P01,24,2219126,0.6472779506884515,0.7019714940488339,0.31208624944090846,0.9052915593236683,31.489679262042053,0.04767934657633298,0.9129438384771347,1.4887124771252276,0.9132784888036549,0.5082120437175036
F18466,F19,P01,24,2218466,0.6571162319384515,0.7070027440488339,0.31435187444090845,0.9013868718236684,30.200148012042053,0.06361684657633299,0.9406157134771347,1.4717202896252275,0.8797058325536549,0.5356339187175037
F18538,F19,P01,24,2218538,0.6653084194384515,0.6636902440488339,0.27919562444090845,0.9281837468236684,31.44046051204205,0.03424184657633298,0.8703969634771347,1.4953921646252275,0.8883573950536549,0.5239151687175035
F18628,F19,P01,24,2218628,0.6461486538134515,0.6655496190488339,0.35525031194090845,0.9126798405736684,30.830851137042053,0.057523096576332984,0.9226235259771347,1.4649820083752276,0.8893718481786549,0.5092667312175035
F18702,F19,P01,24,2218702,0.6730795131884515,0.6770339940488339,0.27911749944090847,0.9391321843236684,31.38561676204205,0.06955434657633298,0.9157875884771347,1.4959781021252276,0.8841081763036549,0.5105557937175036
F18733,F19,P01,24,2218733,0.6695289272509515,0.7143855565488338,0.32398078069090847,0.9141919499486684,30.839640199542053,0.051351221576332984,0.8902211822271346,1.4595034927502275,0.9036220434911548,0.5321768874675036
F18753,F19,P01,24,2218753,0.6609156460009515,0.7023543065488339,0.31421515569090847,0.9107466374486684,31.184171449542053,0.06541372157633299,0.9640493072271347,1.4727456802502275,0.8820696997411549,0.5422550124675036
F18824,F19,P01,24,2218824,0.6793384975634515,0.7156433690488339,0.33954718694090846,0.9181157780736684,31.327257387042053,0.03533559657633298,0.8621391509771347,1.4627554458752274,0.8976788794286549,0.5240323562175035
F18876,F19,P01,24,2218876,0.6569439663134515,0.6843621190488338,0.31415656194090846,0.9091579655736683,30.78303863704205,0.07189809657633298,0.9420922759771346,1.4731851333752275,0.8886827856786549,0.5022354812175036
F18886,F19,P01,24,2218886,0.6722373256884515,0.6783464940488338,0.34927374944090844,0.9074353093236683,30.235304262042053,0.038929346576332985,0.9230063384771346,1.5,0.8975066138036548,0.5072745437175036
F18921,F19,P01,24,2218921,0.6669640835009515,0.7132918065488338,0.3121839056909085,0.9210060124486684,31.198233949542054,0.06353872157633297,0.9122055572271347,1.4879800552502276,0.8891900122411549,0.4949112624675036
F19033,F19,P01,24,2219033,0.6579297085009516,0.7019168065488338,0.33749640569090844,0.9017122624486684,30.24760894954205,0.06228872157633298,0.8776430572271346,1.4781363052502277,0.8939368872411548,0.5033487624675036
F19077,F19,P01,24,2219077,0.6781804897509516,0.6754480565488339,0.31601203069090844,0.9333325749486684,31.00557769954205,0.05322622157633298,0.9280649322271346,1.4592691177502275,0.9014017309911548,0.48952063746750357
F19741,F20,P01,24,2219741,0.6882580288134516,0.6468191502988339,0.3472815619409085,0.9142302311986684,30.33725738704205,0.027816065326332982,0.9797172759771346,1.4355972427502275,0.9012007544286549,0.4627139968425036
F19577,F20,P01,24,2219577,0.6727158413134515,0.7321316502988339,0.34743781194090845,0.8923333561986684,30.44694488704205,0.037191065326332984,0.8889360259771346,1.4344253677502274,0.9096991919286549,0.4894327468425036
F19588,F20,P01,24,2219588,0.6828412319384515,0.7188972752988338,0.29669562444090847,0.9277435124486684,31.54592926204205,0.05265981532633298,0.9141469634771346,1.4549917740002276,0.9134316138036549,0.5125186843425036
F19796,F20,P01,24,2219796,0.6604849819384515,0.6926472752988339,0.25357062444090844,0.9344810124486684,30.072179262042052,0.02515981532633298,0.8817719634771346,1.5,0.9198628638036549,0.4581436843425036
F19798,F20,P01,24,2219798,0.6979623256884515,0.6902410252988339,0.33161749944090846,0.9337919499486684,31.58108551204205,0.02797231532633298,1.0085375884771346,1.4330777115002276,0.8920323950536548,0.4841593093425036
F20250,F20,P01,24,2220250,0.7006420131884515,0.7064285252988338,0.37021124944090844,0.9348638249486684,29.87389801204205,0.023597315326332982,0.9855688384771346,1.5,0.8743464575536549,0.4836905593425036
F20317,F20,P01,24,2220317,0.6625330288134516,0.7378191502988338,0.26478156194090846,0.9509802311986684,30.022257387042053,0.037816065326332984,0.9762172759771347,1.4543472427502275,0.8828257544286549,0.5152139968425036
F20324,F20,P01,24,2220324,0.6761037319384515,0.7293972752988339,0.37794562444090846,0.9093685124486683,30.98342926204205,0.04765981532633298,0.9718969634771346,1.4456167740002275,0.8638191138036548,0.4862686843425036
F19468,F20,P01,24,2219468,0.6294006069384516,0.6392722752988339,0.25388312444090844,0.8906872624486684,30.29155426204205,0.04390981532633298,0.9242094634771346,1.5,0.8584597388036549,0.5115811843425035
F19595,F20,P01,24,2219595,0.6964119350634516,0.7104754002988338,0.24985968694090846,0.8861317936986683,29.627101137042054,0.06250356532633299,0.9098266509771347,1.4462613052502276,0.8944249731786549,0.4835733718425036
F19602,F20,P01,24,2219602,0.6315826381884515,0.7020535252988339,0.3630237494409084,0.9229200749486683,30.588273012042052,0.07234731532633298,0.9055063384771347,1.4375308365002275,0.8754183325536549,0.5746280593425036
F19760,F20,P01,24,2219760,0.6914927944384516,0.7359597752988338,0.28872687444090844,0.9468841374486684,31.711866762042053,0.05453481532633298,0.8399907134771346,1.5,0.8720113013036549,0.4698624343425036
F19776,F20,P01,24,2219776,0.6777115444384515,0.7167097752988338,0.27310187444090844,0.9413716374486684,32.26311676204205,0.07703481532633298,0.9581157134771346,1.5,0.8845675513036548,0.5579874343425036
F19824,F20,P01,24,2219824,0.6363677944384515,0.6589597752988339,0.3862268744409085,0.9248341374486684,31.036866762042052,0.06453481532633298,0.8644907134771347,1.5,0.9222363013036549,0.46236243434250357
F19925,F20,P01,24,2219925,0.6865736538134515,0.6494441502988338,0.32759406194090845,0.9292364811986684,30.916632387042053,0.04656606532633298,0.9941547759771346,1.4632534927502276,0.9279976294286548,0.4561514968425036
F20045,F20,P01,24,2220045,0.6616142788134515,0.7290691502988339,0.3704065619409085,0.8878927311986684,32.17100738704205,0.05531606532633298,0.9840922759771347,1.5,0.9045695044286549,0.4570889968425036
F20575,F21,P01,24,2220575,0.7007375168710946,0.7122912067063152,0.20771025169640778,0.9255676507689058,30.800500273704536,0.0242350317910313,0.7804848954826593,1.499300537109375,0.949947215276584,0.5129358709976077
F21132,F21,P01,24,2221132,0.7069175461679696,0.7125236285813152,0.20471708763390778,0.9260796624876557,30.949299101829535,0.0221451880410313,0.7975132157951592,1.5,0.951299021917209,0.5186048163101077
F20667,F21,P01,24,2220667,0.7006322434335946,0.7124552692063152,0.2164797829464078,0.9314055413939057,30.836711211204538,0.0204069067910313,0.7813872392326593,1.493529052734375,0.956522019964084,0.5125257147476078
F20736,F21,P01,24,2220736,0.7005532883554697,0.7160783160813152,0.2130569313839078,0.9235339593626558,30.683869414329536,0.022535813041031298,0.7960639970451593,1.5,0.954103123479709,0.5197180975601078
F20972,F21,P01,24,2220972,0.7045441086679697,0.7225861285813152,0.2042483376339078,0.9329702874876558,30.620236601829536,0.0240201880410313,0.7898569657951593,1.495264892578125,0.955203709417209,0.5134485663101077
F21131,F21,P01,24,2221131,0.6996752121835946,0.7126740192063152,0.2198391579464078,0.9310227288939058,30.674992461204535,0.0219694067910313,0.7895903642326593,1.498333740234375,0.9530384262140841,0.5169788397476077
F21359,F21,P01,24,2221359,0.7045273606210947,0.7203849567063152,0.21200712669640778,0.9310035882689057,30.936906523704536,0.022047531791031298,0.8040005204826592,1.497073974609375,0.948454246526584,0.5127014959976077
F21405,F21,P01,24,2221405,0.7044747239023447,0.7134669879563152,0.2163918923214078,0.9290225335814057,30.955011992454537,0.0201334692910313,0.8044516923576592,1.494188232421875,0.9566416488703341,0.5124964178726077
F21428,F21,P01,24,2221428,0.7044484055429697,0.7240080035813152,0.2085842751339078,0.9329320062376557,30.784064726829538,0.024176438041031298,0.7906772782951592,1.492745361328125,0.955835350042209,0.5198938788101077
F21472,F21,P01,24,2221472,0.6997111008554697,0.7173908160813152,0.2032131813839078,0.9310370843626558,30.613556914329536,0.0219108130410313,0.8032827470451592,1.5,0.947901560979709,0.5164368475601078
F20860,F21,P01,24,2220860,0.7068027024179697,0.7114298785813152,0.2179202126339078,0.9279937249876558,30.857892851829536,0.0243326880410313,0.7984975907951593,1.497725830078125,0.954016990667209,0.5113391913101077
F20955,F21,P01,24,2220955,0.6990244309335947,0.7111427692063153,0.20132353294640778,0.9288024163939057,30.637023711204538,0.0210319067910313,0.7951684892326593,1.5,0.955373582464084,0.5158069647476077
F20496,F21,P01,24,2220496,0.7067931321054697,0.7241720660813152,0.2023538063839078,0.9240698968626557,30.730275664329536,0.0203483130410313,0.7985796220451593,1.494473876953125,0.950160154729709,0.5194837225601078
F20499,F21,P01,24,2220499,0.6991201340585946,0.7237208942063152,0.21698759544640778,0.9288406976439058,30.833195586204535,0.0208756567910313,0.7943481767326592,1.5,0.954741941839084,0.5093616522476078
F20509,F21,P01,24,2220509,0.7029434739023447,0.7222169879563152,0.2057668923214078,0.9284100335814057,30.696261992454538,0.0226334692910313,0.7895766923576593,1.498875732421875,0.947147898870334,0.5106214178726077
F20514,F21,P01,24,2220514,0.6999551438242196,0.7214650348313152,0.2101565407589078,0.9232947015501558,30.627795195579537,0.023512375541031298,0.8011909501701593,1.495953369140625,0.948250877385959,0.5187513006851078
F21639,F22,P01,24,2221639,0.7106188645273447,0.7235055621750652,0.1949661110714078,0.9198039300657808,30.449289336204536,0.0218058325722813,0.7860493486076593,1.5,0.946224363714084,0.5226953924819827
F22518,F22,P01,24,2222518,0.7026420090585946,0.7111188434250652,0.21036650169640778,0.9322931878782807,31.000363554954536,0.030829270072281298,0.7704223954826592,1.486728515625,0.945951609807834,0.5011621893569828
F21524,F22,P01,24,2221524,0.7108820481210947,0.7300954059250652,0.1930422829464078,0.9199092035032808,30.718761992454535,0.021376145072281298,0.8117934892326593,1.49666015625,0.954287351995334,0.5087207831069828
F21645,F22,P01,24,2221645,0.6995268723398447,0.7217008746750652,0.21350126732140778,0.9192871331907807,30.860969023704538,0.0239152075722813,0.7691235673576593,1.4932177734375,0.944951512151584,0.5122071112319827
F21651,F22,P01,24,2221651,0.7080348801523447,0.7198961871750652,0.1920364235714078,0.9187703363157808,30.552648711204537,0.0260245825722813,0.8081977861076592,1.5,0.943678660589084,0.5017188299819827
F21699,F22,P01,24,2221699,0.6976989426523447,0.7054586871750652,0.2203176735714078,0.9342359613157808,30.966086211204537,0.0228995825722813,0.7847915361076593,1.5,0.9530958480890841,0.5078125799819827
F21809,F22,P01,24,2221809,0.7034124192148447,0.7283727496750652,0.2134622048214078,0.9247613519407808,30.833547148704536,0.0215714575722813,0.7918188798576593,1.4935107421875,0.9428269027765841,0.5055274237319828
F21822,F22,P01,24,2221822,0.6957131028085947,0.7244625934250652,0.2202883766964078,0.9334416253782808,30.765519804954536,0.0261417700722813,0.7738130204826593,1.5,0.9564023910578341,0.5178028143569827
F21823,F22,P01,24,2221823,0.7101977707773447,0.7241618121750653,0.23004423607140778,0.9235554925657807,30.594133086204536,0.0264933325722813,0.7896587236076593,1.4891455078125,0.952923582464084,0.5210547674819828
F22086,F22,P01,24,2222086,0.6976654465585946,0.7290563434250652,0.19583525169640778,0.9303025628782807,30.879426054954536,0.0189542700722813,0.8130786454826593,1.5,0.959196922307834,0.5063184393569827
F22216,F22,P01,24,2222216,0.6990722824960947,0.7179547809250652,0.22409697044640778,0.9191052972532807,30.919152617454536,0.0246573950722813,0.8010200517326592,1.5,0.9577518051203341,0.5090723456069828
F21929,F22,P01,24,2221929,0.6971725754648447,0.7202789996750653,0.2241653298214078,0.9340254144407808,30.427140898704536,0.0237589575722813,0.7893032548576593,1.5,0.956569871526584,0.5057617987319827
F21520,F22,P01,24,2221520,0.7117433762460947,0.7312985309250652,0.1940188454464078,0.9202537347532808,30.684308867454536,0.0199698950722813,0.8044106767326593,1.4893359375,0.948602586370334,0.5257129706069827
F21529,F22,P01,24,2221529,0.7049053879648447,0.7285914996750652,0.2018215798214078,0.9292785394407808,30.581828398704538,0.0231339575722813,0.7790220048576593,1.4908154296875,0.956493309026584,0.5249805487319827
F21536,F22,P01,24,2221536,0.7082980637460947,0.7264860309250653,0.23011259544640777,0.9188756097532808,30.822121367454535,0.0255948950722813,0.7779419267326593,1.4886328125,0.9517416488703341,0.5177442206069828
F21711,F22,P01,24,2221711,0.6951149582773447,0.7298493121750652,0.2173879860714078,0.9332023675657808,31.069445586204537,0.0271183325722813,0.8069399736076592,1.4940673828125,0.9505501449640841,0.5168360174819827
F22562,F23,P01,24,2222562,0.6945455246835947,0.7350856403000652,0.20907743919640778,0.9097742425657808,30.191769804954536,0.032128098197281296,0.8272427079826593,1.4853662109375,0.938103953557834,0.5356299627944827
F23086,F23,P01,24,2223086,0.7040775559335947,0.6998668903000652,0.1932180641964078,0.9371070550657807,30.578488554954536,0.0405655981972813,0.7455395829826592,1.4843115234375,0.937912547307834,0.5236768377944827
F22671,F23,P01,24,2222671,0.7162031418710947,0.7255153278000652,0.17585478294640777,0.9105972894407808,30.269465117454537,0.0287687231972813,0.8096059892326593,1.4945361328125,0.963723680120334,0.5245557440444827
F22688,F23,P01,24,2222688,0.6990818528085947,0.7152887653000652,0.1875540016964078,0.9272687738157808,30.202316679954535,0.0407218481972813,0.7883598954826593,1.5,0.9630441879328341,0.5151221502944827
F22781,F23,P01,24,2222781,0.6884300949960946,0.7153434528000652,0.2421438454464078,0.9308480706907808,31.444386992454536,0.0261124731972813,0.8236606767326593,1.4773681640625,0.943185789495334,0.5199854315444827
F22850,F23,P01,24,2222850,0.6881142746835947,0.7298356403000652,0.22845243919640779,0.9385617425657807,30.833019804954535,0.0346280981972813,0.7703677079826593,1.5,0.9335102035578341,0.4887549627944827
F23460,F23,P01,24,2223460,0.7194091965585947,0.6988825153000652,0.21060087669640778,0.9118797113157807,30.541222929954536,0.0235343481972813,0.8381255204826593,1.4739404296875,0.962163719182834,0.4961377752944827
F23070,F23,P01,24,2223070,0.7109681809335947,0.7094918903000652,0.2010305641964078,0.9398633050657808,30.302863554954538,0.0293155981972813,0.7984770829826593,1.4857177734375,0.970834422307834,0.5396143377944828
F23361,F23,P01,24,2223361,0.7130449387460946,0.7024372028000652,0.1989407204464078,0.9093340081907808,31.355793242454535,0.0339249731972813,0.8366763017326593,1.5,0.945367820745334,0.5122510565444828
F23440,F23,P01,24,2223440,0.6888224778085947,0.7109137653000652,0.22036650169640778,0.9153250238157807,30.196691679954537,0.009471848197281299,0.7642973954826593,1.5,0.9445160629328341,0.4860596502944827
F22658,F23,P01,24,2222658,0.6924017746835947,0.7333356403000652,0.2422024391964078,0.9324367425657808,30.405519804954537,0.0196280981972813,0.8456177079826592,1.4769287109375,0.9365727035578341,0.5000049627944827
F22663,F23,P01,24,2222663,0.7196484543710947,0.7303278278000652,0.17976103294640777,0.9119754144407808,30.131652617454538,0.0231437231972813,0.7800747392326592,1.5,0.940984617620334,0.5325244940444828
F22719,F23,P01,24,2222719,0.6955312668710947,0.6966403278000652,0.2324172829464078,0.9415285394407807,31.096340117454538,0.0225187231972813,0.7627934892326592,1.4903173828125,0.943358055120334,0.5367432440444827
F22737,F23,P01,24,2222737,0.7073793137460946,0.7418122028000652,0.18362822044640778,0.9384277581907807,30.686418242454536,0.0351749731972813,0.7732388017326592,1.4962353515625,0.935720945745334,0.5338135565444827
F22775,F23,P01,24,2222775,0.7106140793710947,0.7189528278000652,0.2050735329464078,0.9318816644407808,30.621027617454537,0.0218937231972813,0.7455122392326593,1.5,0.9457314926203341,0.5409619940444828
F22792,F23,P01,24,2222792,0.6934927903085947,0.7087262653000652,0.21677275169640778,0.9093531488157808,30.553879179954535,0.0338468481972813,0.8362661454826593,1.4876513671875,0.945052000432834,0.5315284002944828
F23921,F24,P01,24,2223921,0.7326640793710947,0.6871657184250652,0.16187040794640778,0.8946052972532808,30.377043242454537,0.0353995825722813,0.8171528642326593,1.4658984375,0.9676475082453341,0.4767871893569827
F24142,F24,P01,24,2224142,0.6795105637460946,0.7572750934250652,0.1460500954464078,0.9360638910032808,31.511183867454537,0.0261808325722813,0.7127544267326593,1.46455078125,0.949980711370334,0.47151375185698274
F24546,F24,P01,24,2224546,0.7235340012460947,0.7192125934250652,0.2315188454464078,0.9536732660032807,31.030246367454538,0.0343058325722813,0.7834106767326593,1.5,0.973026023870334,0.5666700018569827
F24425,F24,P01,24,2224425,0.6905547043710947,0.7527907184250652,0.1496829079464078,0.9561615472532807,30.46141824245454,0.0241495825722813,0.7300903642326593,1.5,0.9319693832453341,0.5527246893569827
F23683,F24,P01,24,2223683,0.6632601731210946,0.7495094684250652,0.1542922829464078,0.8982037347532807,29.377199492454537,0.0207120825722813,0.7400434892326593,1.5,0.9866732894953341,0.5009278143569827
F24199,F24,P01,24,2224199,0.6892148606210947,0.6886969684250652,0.2903860329464078,0.9556256097532807,29.875011992454535,0.0263370825722813,0.7415747392326593,1.46203125,0.9408123519953341,0.4929590643569827
F24263,F24,P01,24,2224263,0.7124898606210947,0.7236969684250653,0.2278860329464078,0.9335756097532808,32.08001199245454,0.0363370825722813,0.7660747392326592,1.45078125,0.99,0.4854590643569827
F24487,F24,P01,24,2224487,0.6763523606210947,0.6781969684250652,0.16913603294640778,0.9348006097532807,31.157511992454538,0.0313370825722813,0.8518247392326592,1.5,0.9316248519953341,0.5192090643569828
F24488,F24,P01,24,2224488,0.7342910324960947,0.6769938434250652,0.20815947044640778,0.8952560785032807,30.471965117454538,0.0327433325722813,0.6912075517326592,1.47873046875,0.9177096176203341,0.5322168768569827
F23682,F24,P01,24,2223682,0.6837215012460947,0.7507125934250652,0.2752688454464078,0.9377482660032808,30.062746367454537,0.0193058325722813,0.9006606767326593,1.45541015625,0.922188523870334,0.48792000185698275
F24030,F24,P01,24,2224030,0.6975793137460947,0.6680250934250652,0.2554250954464078,0.8962513910032808,30.532433867454536,0.0286808325722813,0.7818794267326593,1.48423828125,0.940486961370334,0.4546387518569827
F23695,F24,P01,24,2223695,0.7313242356210947,0.7350719684250652,0.1425735329464078,0.8940693597532807,29.790636992454537,0.0375870825722813,0.8286372392326593,1.490625,0.9764904769953341,0.5370215643569828
F23759,F24,P01,24,2223759,0.6761992356210946,0.7700719684250652,0.2400735329464078,0.9504193597532807,31.995636992454536,0.0475870825722813,0.8531372392326593,1.479375,0.948315476995334,0.5295215643569827
F23797,F24,P01,24,2223797,0.6826687668710947,0.7243532184250652,0.2829641579464078,0.9373271722532808,31.864855742454537,0.0210245825722813,0.7976841142326593,1.5,0.9683365707453341,0.5438184393569827
F23865,F24,P01,24,2223865,0.7024984543710947,0.7545407184250652,0.21655790794640778,0.9138990472532807,31.327668242454536,0.0366495825722813,0.8517153642326593,1.5,0.962900633245334,0.46834968935698273
F24042,F24,P01,24,2224042,0.6872433762460947,0.7655875934250652,0.2437063454464078,0.8921170160032807,30.945871367454536,0.045555832572281296,0.8704731767326592,1.45212890625,0.9303041488703341,0.49073250185698275
F00443,F01,P01,24,2200443,0.6386062483072281,0.7285249447263777,0.29808637768030166,0.9587012595139444,31.835692443251617,0.041122242193669015,0.8558522594422102,1.5,0.9341567692104726,0.5455604018736631
F00551,F01,P01,24,2200551,0.6367783186197281,0.7262827572263777,0.3049027839303017,0.9540500876389443,31.940809630751616,0.040106617193669016,0.8715202281922102,1.4950048828125,0.9325011051479727,0.5561658706236631
F00609,F01,P01,24,2200609,0.6354336897134781,0.7315601009763777,0.3078227058053017,0.9613522360764444,31.650594787001616,0.04030192969366902,0.8550456188172102,1.5,0.9394156559292227,0.545472511248663
F00661,F01,P01,24,2200661,0.6396350569009781,0.7377397884763777,0.3014750495553017,0.9591127829514443,31.874540099501615,0.039442554693669016,0.8470339000672102,1.5,0.9371666324917227,0.5550232924986631
F00699,F01,P01,24,2200699,0.6404437483072282,0.7320249447263777,0.3068363776803017,0.9574762595139443,31.858192443251617,0.03612224219366902,0.8681022594422102,1.4955029296875,0.9396692692104727,0.556810401873663
F00987,F01,P01,24,2200987,0.6388359358072282,0.7307124447263776,0.3116801276803017,0.9548731345139443,31.658504943251618,0.03674724219366902,0.8538835094422101,1.5,0.9385208317104727,0.545091651873663
F01086,F02,P01,24,2201086,0.6466142072916031,0.7283745541013776,0.29327680736780165,0.9632519431076944,31.654374083876615,0.03067302344366902,0.8642126110047101,1.5,0.9261392399135977,0.5603113784361631
F01140,F02,P01,24,2201140,0.6447862776041031,0.7401323666013777,0.30009321361780167,0.9586007712326944,31.759491271376618,0.029657398443669016,0.8798805797547102,1.48888916015625,0.9342835758510977,0.5559168471861631
F01187,F02,P01,24,2201187,0.6395656721353531,0.7259956478513777,0.3186186042428017,0.9643525290451943,31.624315490126616,0.04618083594366902,0.8406286266297102,1.49994873046875,0.9275795719448476,0.558758644061163
F01279,F02,P01,24,2201279,0.6393551252603531,0.7263237728513777,0.2961576667428017,0.9564283102951944,31.696737365126616,0.03852458594366902,0.8424333141297102,1.48840576171875,0.9407291813198477,0.557938331561163
F01415,F02,P01,24,2201415,0.6296699690103531,0.7414175228513777,0.3029545417428017,0.9643142477951944,32.148143615126614,0.04633708594366902,0.8694489391297102,1.49742919921875,0.9380112125698477,0.550203956561163
F01431,F02,P01,24,2201431,0.6458246565103531,0.7366050228513777,0.2990482917428017,0.9629361227951944,31.565956115126617,0.03196208594366902,0.8429801891297102,1.49672607421875,0.9411502750698477,0.5422352065611631
F01528,F02,P01,24,2201528,0.6396374494791032,0.7354292416013777,0.32536665111780166,0.9643812399826943,31.501444396376616,0.04606364844366902,0.8680133922547102,1.5,0.9369058414760977,0.557674659686163
F01555,F02,P01,24,2201555,0.6387234846353531,0.7273081478513777,0.30877485424280166,0.9522556540451943,31.914002990126615,0.03555583594366902,0.8478473766297102,1.5,0.9409780094448477,0.555477394061163
F01732,F02,P01,24,2201732,0.6349097151041031,0.7300698666013777,0.3155619636178017,0.9664101462326943,31.818553771376617,0.03778239844366902,0.8525368297547102,1.49287353515625,0.9328288883510977,0.561073097186163
F01800,F02,P01,24,2201800,0.6398671369791031,0.7376167416013777,0.2989604011178017,0.9605531149826944,31.684256896376617,0.04168864844366902,0.8660446422547102,1.49738525390625,0.9314699039760976,0.5422059096861631
F01925,F02,P01,24,2201925,0.6472506330728531,0.7280190853513777,0.3184428229928017,0.9595865134201943,31.860917052626615,0.04563396094366902,0.8867575328797102,1.5,0.9278188297573476,0.5587000503111631
F01936,F02,P01,24,2201936,0.6301819807291031,0.7247104916013777,0.3057572761178017,0.9488390524826943,32.135663146376615,0.029501148443669016,0.8370602672547102,1.5,0.9287519352260977,0.5644715346861631
F02007,F02,P01,24,2202007,0.6393934065103531,0.7313550228513777,0.3184232917428017,0.9525236227951943,31.487206115126614,0.034462085943669014,0.8421051891297102,1.5,0.9365565250698477,0.555360206561163
F02860,F03,P01,24,2202860,0.6253441877603532,0.7226665462888777,0.27494672924280167,0.9575911032639444,32.20263580262662,0.03132243750616902,0.8954255016297102,1.5,0.9523188297573477,0.5271253432799131
F02892,F03,P01,24,2202892,0.6507629377603531,0.7594165462888777,0.3393217292428017,0.9520786032639443,31.313885802626615,0.05382243750616902,0.9015505016297102,1.5,0.9256750797573476,0.5552503432799131
F02993,F03,P01,24,2202993,0.6366658674478531,0.7546587337888777,0.3100053229928017,0.9542797751389444,31.253768615126617,0.044838062506169014,0.8543825328797102,1.484443359375,0.9285557438198477,0.5521448745299131
F03045,F03,P01,24,2203045,0.6534713361978531,0.7233774837888777,0.2846146979928017,0.9453219626389443,32.149549865126616,0.04140056250616902,0.8223356578797102,1.494873046875,0.9195596500698476,0.5303479995299131
F09906,F10,P01,24,2209906,0.6551650987520814,0.6465257754474878,0.3145991638302803,0.8986452583663165,31.71787202686072,0.034554996900260385,0.8385605499446391,1.4533002843149008,0.9086034501805902,0.5329651028104126
F09930,F10,P01,24,2209930,0.6695971300020814,0.6393070254474879,0.3087397888302803,0.9161780708663165,31.20459077686072,0.042992496900260385,0.8268574249446392,1.4672455968149007,0.9035120439305901,0.5210119778104126
F09940,F10,P01,24,2209940,0.6576438096895815,0.6362992129474878,0.3262983825802803,0.9153167427413165,31.65072358936072,0.04650812190026039,0.8733144561946391,1.4555561436899007,0.9079239579930901,0.5235315090604127
F09956,F10,P01,24,2209956,0.6737984971895814,0.6314867129474878,0.3223921325802803,0.9139386177413166,31.788536089360722,0.03213312190026039,0.8468457061946392,1.4548530186899007,0.9110630204930902,0.5155627590604126
F09965,F10,P01,24,2209965,0.6669605089083314,0.6287796816974878,0.3301948669552803,0.9033634224288165,31.68605562061072,0.03529718440026039,0.8214570343196391,1.4563325108774008,0.8993537431493401,0.5148303371854126
F09978,F10,P01,24,2209978,0.6592611925020814,0.6528695254474878,0.3370210388302803,0.9120436958663165,31.61802827686072,0.03986749690026039,0.8594511749446392,1.4651362218149007,0.9129292314305901,0.5271057278104126
F10021,F10,P01,24,2210021,0.6549019151583314,0.6399359316974879,0.3165229919552803,0.8985399849288165,31.448399370610723,0.03498468440026039,0.8688164093196391,1.4688715733774007,0.9005404618993401,0.5169397121854127
F10103,F10,P01,24,2210103,0.6666446885958314,0.6432718691974878,0.3165034607052803,0.9110770943038166,31.79468843311072,0.04381280940026039,0.8241640655696392,1.4690180577524008,0.9092781572118401,0.5135998684354126
F10147,F10,P01,24,2210147,0.6571700792208314,0.6300374941974878,0.3057612732052803,0.9072872505538165,31.45367280811072,0.03928155940026039,0.8493750030696392,1.4595844640024007,0.9130105790868401,0.5066858059354127
F10153,F10,P01,24,2210153,0.6656780870333314,0.6282328066974878,0.3242964294552803,0.9067704536788165,31.14535249561072,0.041390934400260385,0.8324492218196392,1.4705707921274007,0.9117377275243401,0.5261975246854126
F10220,F10,P01,24,2210220,0.6561508409395814,0.6360804629474878,0.3379390075802803,0.9107995552413165,31.182442339360723,0.044945621900260385,0.8301113311946392,1.4582514561899007,0.9138575517430901,0.5340783840604126
F10793,F11,P01,24,2210793,0.6757939073458314,0.6228392520099878,0.3579487732052803,0.8946209419600665,31.42941499561072,0.053261051587760386,0.8572500030696392,1.4537031163461507,0.9240260087743402,0.49446168484166264
F10874,F11,P01,24,2210874,0.6703101182833314,0.6301126895099878,0.3383979919552803,0.9002674263350665,31.02476655811072,0.030214176587760384,0.8482539093196392,1.4803339757211507,0.9092590165868402,0.5412780910916626
F10899,F11,P01,24,2210899,0.6497435167208314,0.6150736270099878,0.3461909607052803,0.9155607857100665,31.09543062061072,0.047792301587760384,0.8565390655696391,1.4818867100961508,0.8921185868993402,0.5238757473416626
F10904,F11,P01,24,2210904,0.6769901964083315,0.6680658145099878,0.2837495544552803,0.8950994575850665,30.82156343311072,0.051307926587760386,0.9029960968196391,1.4701972569711508,0.8965305009618402,0.4963952785916626
F10905,F11,P01,24,2210905,0.6667595323458314,0.6674642520099878,0.3032612732052803,0.9145271919600665,31.91878999561072,0.052011051587760385,0.8226875030696391,1.4438593663461508,0.8895728837743402,0.5028991848416626
F10911,F11,P01,24,2210911,0.6837755479708314,0.6638548770099878,0.3403315857052803,0.9134935982100665,31.30214937061072,0.05622980158776039,0.9008359405696391,1.4658320225961508,0.8870271806493402,0.5419226223416627
F10926,F11,P01,24,2210926,0.6479155870333314,0.6548314395099878,0.3130073669552803,0.8913096138350666,31.920547808110722,0.026776676587760388,0.8162070343196391,1.4907636632211507,0.9002629228368402,0.5194812160916626
F11042,F11,P01,24,2211042,0.6763585557833314,0.6410501895099878,0.3363667419552803,0.9105268013350665,31.03882905811072,0.028339176587760386,0.7964101593196391,1.4355683507211507,0.9163793290868402,0.4939343410916626
F11044,F11,P01,24,2211044,0.6558972276583315,0.6398470645099879,0.2953901794552803,0.9101822700850665,31.793282183110723,0.029745426587760387,0.8597929718196391,1.4428925694711507,0.9024640947118402,0.5069421535916626
F11050,F11,P01,24,2211050,0.6729132432833315,0.6362376895099878,0.3324604919552803,0.9091486763350666,31.17664155811072,0.03396417658776039,0.8259414093196391,1.4648652257211507,0.8999183915868402,0.5459655910916626
F11086,F11,P01,24,2211086,0.6574093370333314,0.6145814395099878,0.3148823669552803,0.9029471138350665,31.79679780811072,0.05927667658776038,0.8468320343196392,1.4767011632211506,0.9238441728368402,0.5401062160916626
F11105,F11,P01,24,2211105,0.6590267198458314,0.6591517520099878,0.2856050232052803,0.9192740669600665,31.044102495610723,0.03263605158776039,0.8889687530696392,1.4562812413461508,0.9092494462743401,0.5436804348416626
F11117,F11,P01,24,2211117,0.6538587510958315,0.6519330020099878,0.2797456482052803,0.9172068794600665,31.25082124561072,0.04107355158776039,0.8212656280696391,1.4402265538461507,0.9041580400243402,0.5017273098416626
F11195,F11,P01,24,2211195,0.6790669542208314,0.6610111270099878,0.2816597107052803,0.9037701607100666,31.874493120610722,0.055917301587760385,0.8291953155696391,1.4858710850961507,0.9102638993993402,0.5290319973416626
F14197,F14,P01,24,2214197,0.6446053626134991,0.5520126690268516,2.0,0.8117714277014136,29.477760407477618,0.07861502457410091,0.202201171875,0.8239308524876834,0.8285050380967557,0.15298695936799048
F16254,F16,P01,24,2216254,0.6769673743322491,0.5536396221518517,1.950390625,0.7851085370764136,29.051139313727617,0.10397635269910091,0.2,0.8452589774876833,0.8351516201280057,0.11295277968049047
F16339,F16,P01,24,2216339,0.6625544837072491,0.5633739971518517,2.0,0.7950233808264136,28.37965493872762,0.06350760269910091,0.2,0.8078175712376834,0.8283566982530057,0.13861684218049047
F17155,F17,P01,24,2217155,0.6696222377978265,0.6955388768613339,0.3118860541284085,0.9181636296361684,30.865743715167053,0.05526235438883298,0.9036948150396347,1.4906167740002276,0.8924080298192799,0.5181656569987536
F17177,F17,P01,24,2217177,0.6623535854540765,0.6922302831113338,0.3192005072534085,0.9172161686986684,30.780489808917054,0.04912954188883298,0.9099975494146346,1.4807583755627276,0.8933411352880298,0.5089371413737536
F17186,F17,P01,24,2217186,0.6687345913134515,0.6908767674863339,0.32310187444090843,0.9217285710424183,30.729249574542052,0.05071157313883298,0.8973032134771346,1.4814981216564775,0.8972864966161549,0.5085709304362536
F17196,F17,P01,24,2217196,0.6627579311572015,0.6893728612363339,0.3118811713159085,0.9212979069799184,30.95231598079205,0.05246938563883298,0.9205317291021347,1.4906533950939775,0.8896924536474049,0.5098306960612536
F17228,F17,P01,24,2217228,0.6691126186572015,0.6845603612363339,0.32797492131590844,0.9199197819799184,30.730128480792054,0.058094385638832985,0.9220629791021346,1.4899502700939775,0.8928315161474049,0.5168619460612536
F17313,F17,P01,24,2217313,0.6673110073290766,0.6857771581113339,0.32259894475340845,0.9211591374486684,31.006192933917053,0.05303579188883298,0.8955053619146347,1.4852700943127275,0.8919821509130299,0.5200699538737535
F17379,F17,P01,24,2217379,0.6651050502978265,0.6898513768613339,0.32454230412840845,0.9183167546361684,30.75043121516705,0.05463735438883298,0.9144135650396347,1.4856948990002274,0.8947814673192799,0.5223844069987535
F18127,F18,P01,24,2218127,0.6654998256884516,0.6884295018613339,0.31860968694090847,0.9203791569799183,31.184874574542054,0.05908071376383298,0.9146391509771347,1.4886319107189776,0.8950661841161549,0.5025504226237536
F18148,F18,P01,24,2218148,0.6560778530322016,0.6821130956113338,0.3234827338159085,0.9283703679174183,31.18575348079205,0.04646352626383298,0.9113989166021347,1.4820840591564775,0.9004112036474049,0.5108414382487536
F18151,F18,P01,24,2218151,0.6603318569384515,0.6812107518613338,0.31275031194090847,0.9183119694799183,30.67159332454205,0.04751821376383298,0.9029360259771346,1.5,0.8899747778661549,0.5205972976237536
F18167,F18,P01,24,2218167,0.6568865444384515,0.7043982518613339,0.30884406194090847,0.9169338444799184,30.80940582454205,0.053143213763832985,0.9324672759771346,1.5,0.8931138403661548,0.5126285476237536
F18181,F18,P01,24,2218181,0.6636718960009516,0.7001873143613339,0.3254260931909085,0.9157279851049184,30.56999176204205,0.058065088763832984,0.9303071197271346,1.4975088638439775,0.9032105200536549,0.5281558913737536
F18344,F18,P01,24,2218344,0.6726727749072016,0.6791599706113338,0.31563117131590845,0.9114883366674184,30.713956605792053,0.05536977626383298,0.9371567291021347,1.4809707779064776,0.8849647192724048,0.5182242507487536
F18375,F18,P01,24,2218375,0.6708974819384516,0.6978357518613338,0.3380628119409085,0.9186182194799184,31.16096832454205,0.04626821376383298,0.9243735259771346,1.4927334732189776,0.8947216528661549,0.5290347976237536
F18414,F18,P01,24,2218414,0.6673995327197015,0.6861052831113339,0.31854132756590847,0.9250590397924184,30.95688629329205,0.05997915126383298,0.9263559478521346,1.4891446060314775,0.8962481177099049,0.5058609694987536
F19087,F19,P01,24,2219087,0.6542738491259515,0.6694324315488339,0.3511292181909085,0.9316099186986684,30.45784332454205,0.06025747157633298,0.9089789947271346,1.4958902115002275,0.9102255591161549,0.4945596999675036
F19095,F19,P01,24,2219095,0.6508285366259515,0.6646199315488339,0.3472229681909085,0.9302317936986684,30.595655824542053,0.06588247157633298,0.9385102447271346,1.4651870865002274,0.8937646216161549,0.48659094996750357
F19123,F19,P01,24,2219123,0.6779699428759515,0.7037761815488339,0.3335510931909085,0.9254083561986683,31.07799957454205,0.04556997157633298,0.9298696197271347,1.5,0.8949513403661549,0.4887003249675036
F19140,F19,P01,24,2219140,0.6608486538134515,0.6935496190488338,0.34525031194090844,0.9028798405736684,31.010851137042053,0.057523096576332984,0.9086235259771347,1.4799820083752275,0.8942718481786549,0.5392667312175036
F19171,F19,P01,24,2219171,0.6572980678759516,0.6749011815488338,0.3101135931909085,0.9171396061986684,30.46487457454205,0.039319971576332984,0.8830571197271346,1.5,0.9137857153661548,0.5008878249675036
F19196,F19,P01,24,2219196,0.6759314663134515,0.7158621190488339,0.31790656194090844,0.9324329655736684,30.535538637042052,0.056898096576332984,0.8913422759771347,1.5,0.8966452856786549,0.5434854812175036
F19248,F19,P01,24,2219248,0.6535369350634516,0.6845808690488339,0.29251593694090844,0.9234751530736683,31.43131988704205,0.05346059657633298,0.8592954009771346,1.5,0.8876491919286549,0.5216886062175036
F19279,F19,P01,24,2219279,0.6499863491259515,0.6659324315488339,0.33737921819090844,0.9377349186986684,30.885343324542053,0.03525747157633298,0.9457289947271347,1.4790152115002275,0.9071630591161549,0.5433096999675036
F19281,F19,P01,24,2219281,0.6687250210009515,0.6647293065488339,0.29640265569090846,0.9373903874486684,30.199796449542053,0.03666372157633298,0.8971118072271347,1.4863394302502275,0.8932478247411548,0.4963175124675036
F19362,F19,P01,24,2219362,0.6632412319384515,0.6720027440488339,0.35685187444090843,0.9038368718236683,31.235148012042053,0.053616846576332984,0.8881157134771347,1.5,0.8784808325536548,0.5431339187175036
F19401,F19,P01,24,2219401,0.6562453335009515,0.7045418065488339,0.31780890569090847,0.9167185124486684,30.82698394954205,0.04103872157633298,0.8920805572271346,1.5,0.8815337622411549,0.49678626246750357
F20058,F20,P01,24,2220058,0.6308170131884515,0.7134285252988338,0.39771124944090847,0.9226138249486684,31.898898012042054,0.07359731532633298,0.9120688384771346,1.5,0.8804714575536549,0.5061905593425036
F20383,F20,P01,24,2220383,0.6448853725634516,0.6584129002988339,0.2803284369409085,0.9282411686986684,30.85616363704205,0.05062856532633298,0.9034829009771347,1.4577456802502275,0.9052202856786549,0.5337296218425036
F08449,F09,P01,24,2208449,0.6598473741427064,0.6388763613849878,0.3244868591427803,0.9067321724288165,31.61196382373572,0.041054020337760386,0.8561220733821392,1.4585151280649007,0.9057778154149652,0.5278454739041626
F09596,F10,P01,24,2209596,0.6729180284395814,0.6277679629474878,0.3302827575802803,0.9057464302413165,31.56775483936072,0.045570621900260386,0.8543925811946391,1.4556733311899006,0.9090341142430901,0.5148596340604126
F16613,F17,P01,24,2216613,0.6642772182665765,0.6930505956113339,0.32804816350340843,0.9219056218236684,30.87154449641705,0.04998891688883298,0.9215092681646346,1.4894009536877275,0.8943651587255299,0.5218863601237536
F17364,F17,P01,24,2217364,0.6642700405322015,0.6921072362363339,0.31137335881590844,0.9238627507299184,30.955831605792053,0.05200063563883298,0.9075707916021346,1.4944619888439776,0.8914725317724048,0.5129947585612536
F19521,F20,P01,24,2219521,0.6425502163134515,0.6875066502988338,0.24212531194090847,0.9116271061986684,31.397569887042053,0.038441065326332985,0.9234985259771347,1.5,0.9049523169286549,0.4809952468425036
F20124,F20,P01,24,2220124,0.6915693569384516,0.7460222752988339,0.25325812444090845,0.8998747624486684,29.852804262042053,0.08640981532633299,0.8393344634771347,1.5,0.9028659888036549,0.5247061843425036
F02673,F03,P01,24,2202673,0.6568783674478531,0.7231587337888777,0.30625532299280167,0.9702047751389443,31.501268615126616,0.019838062506169016,0.9051325328797102,1.5,0.9205932438198476,0.570894874529913
F03480,F04,P01,24,2203480,0.6466859846353531,0.7532095150388777,0.32006391674280166,0.9407664938889443,33.11880767762661,0.017670093756169018,0.8640895641297102,1.5,0.9475528141323477,0.528443702654913
F03359,F04,P01,24,2203359,0.6137066877603532,0.7867876400388777,0.23822797924280167,0.9432547751389443,32.54997955262662,0.0075138437561690155,0.8107692516297103,1.451103515625,0.9064961735073477,0.514498390154913
F00057,F01,P01,24,2200057,0.6360653303384781,0.7305757259763777,0.3152055183053017,0.9557248923264443,31.793329162001616,0.033270679693669016,0.8496315563172102,1.492734375,0.9391668278042227,0.5479334487486631
F00148,F01,P01,24,2200148,0.6385177229166031,0.7308901791013777,0.2990971198678017,0.9567058493576943,31.915233458876617,0.039266773443669016,0.8706110485047102,1.49354736328125,0.9376810367885977,0.5458973159361631
F00152,F01,P01,24,2200152,0.6380870588541031,0.7302886166013777,0.2986088386178017,0.9565335837326944,31.932460021376617,0.039969898443669015,0.8463024547547102,1.49720947265625,0.9307234196010977,0.552401222186163
F00223,F01,P01,24,2200223,0.6426927717447282,0.7336108822263777,0.3049418464303017,0.9583758688889443,31.968231505751618,0.042450367193669014,0.8488249156922102,1.4947119140625,0.9346257145229727,0.5478455581236631
F00295,F01,P01,24,2200295,0.6349408186197282,0.7367827572263776,0.31615278393030166,0.9552750876389443,31.918309630751615,0.03510661719366902,0.8592702281922102,1.5,0.9367886051479727,0.5449158706236631
F00380,F01,P01,24,2200380,0.6429392072916031,0.7379995541013777,0.31077680736780167,0.9565144431076943,31.834374083876614,0.04004802344366902,0.8607126110047102,1.49594970703125,0.9359392399135977,0.5481238784361631
F00386,F01,P01,24,2200386,0.6373932111978532,0.7370972103513777,0.30004438549280166,0.9562560446701943,31.680213927626617,0.04110271094366902,0.8522497203797101,1.5,0.9353028141323477,0.5578797378111631
F00427,F01,P01,24,2200427,0.6403289045572281,0.7309311947263777,0.30003950268030166,0.9593903220139444,31.766786193251615,0.03830974219366902,0.8690866344422102,1.5,0.9325872379604727,0.5495447768736631
F00596,F01,P01,24,2200596,0.6392833479166031,0.7335151791013776,0.3044096198678017,0.9570120993576944,31.684608458876617,0.038016773443669015,0.8640485485047102,1.49870361328125,0.9326279117885977,0.5543348159361631
F00781,F01,P01,24,2200781,0.6365151350259781,0.7336929134763777,0.30682661205530165,0.9539448142014443,31.671336974501617,0.04053630469366902,0.8457760875672102,1.495576171875,0.9342381168667226,0.5551404799986631
F00801,F01,P01,24,2200801,0.6441618147134781,0.7306851009763777,0.30438520580530165,0.9530834860764443,31.757469787001614,0.03405192969366902,0.8642331188172102,1.49888671875,0.9386500309292227,0.557660011248663
F00918,F01,P01,24,2200918,0.6389148908853531,0.7270893978513777,0.3151029792428017,0.9529447165451943,31.811346740126616,0.03461833594366902,0.8672067516297102,1.49350341796875,0.9311397281948477,0.552899269061163
F00926,F01,P01,24,2200926,0.6380535627603532,0.7258862728513777,0.3141264167428017,0.9624001852951943,31.845799865126615,0.036024585943669016,0.8465895641297102,1.5,0.9368244938198477,0.5509070815611631
F00928,F01,P01,24,2200928,0.6427382307291032,0.7255854916013776,0.30388227611780166,0.9623140524826943,31.674413146376615,0.036376148443669015,0.8624352672547102,1.5,0.9333456852260977,0.5541590346861631
F00937,F01,P01,24,2200937,0.6393192365884781,0.7382319759763777,0.30778364330530167,0.9570264548264443,31.983172912001617,0.03795817969366902,0.8497409313172102,1.5,0.9372910465542227,0.5537928237486631
F00961,F01,P01,24,2200961,0.6367352522134782,0.7346226009763777,0.30485395580530167,0.9559928610764443,31.726532287001618,0.04217692969366902,0.8718893688172102,1.49537109375,0.9347453434292227,0.5478162612486631
F00985,F01,P01,24,2200985,0.6439512678384781,0.7310132259763777,0.30192426830530167,0.9549592673264443,31.829891662001618,0.03639567969366902,0.8660378063172102,1.5,0.9321996403042226,0.556839698748663
F01006,F01,P01,24,2201006,0.6392402815103532,0.7278550228513777,0.3043607917428017,0.9589548727951943,31.830331115126615,0.04008708594366902,0.8644176891297102,1.49906982421875,0.9348721500698477,0.5459852065611631
F01007,F01,P01,24,2201007,0.6366826154947282,0.7277046322263777,0.3092387214303017,0.9540118063889443,31.744637755751615,0.04026286719366902,0.8723405406922102,1.5,0.9331327457729727,0.5476111831236631
F01054,F02,P01,24,2201054,0.6339048322916031,0.7379995541013777,0.30108930736780165,0.9660081931076944,32.09874908387662,0.03942302344366902,0.8611501110047102,1.5,0.9394611149135976,0.5462488784361631
F01103,F02,P01,24,2201103,0.6380535627603532,0.7232612728513776,0.29912641674280166,0.9519876852951943,31.620799865126617,0.036649585943669016,0.8535895641297102,1.49614013671875,0.9257994938198477,0.555594581561163
F01157,F02,P01,24,2201157,0.6362256330728532,0.7350190853513777,0.3059428229928017,0.9669365134201944,31.725917052626617,0.03563396094366902,0.8692575328797102,1.5,0.9339438297573477,0.551200050311163
F01181,F02,P01,24,2201181,0.6310576643228532,0.7278003353513777,0.3000834479928017,0.9648693259201944,31.932635802626617,0.04407146094366902,0.8575544078797102,1.48896240234375,0.9288524235073476,0.539246925311163
F01225,F02,P01,24,2201225,0.6411830549478531,0.7425659603513777,0.2893412604928017,0.9610794821701943,31.591620177626616,0.03954021094366902,0.8827653453797102,1.5,0.9325848453823476,0.562332862811163
F01315,F02,P01,24,2201315,0.6316031721353531,0.7434956478513777,0.2873686042428017,0.9533275290451944,32.00681549012661,0.031180835943669015,0.8528786266297101,1.49432373046875,0.9330920719448477,0.555008644061163
F01338,F02,P01,24,2201338,0.6315505354166031,0.7365776791013777,0.31175336986780167,0.9611464743576943,31.664920958876618,0.039266773443669016,0.8813297985047102,1.49143798828125,0.9314794742885977,0.5398035659361631
F01380,F02,P01,24,2201380,0.6323065901041032,0.7239448666013777,0.3214994636178017,0.9575288962326943,31.666678771376617,0.03403239844366902,0.8748493297547102,1.5,0.9421695133510977,0.5563855971861631
F01394,F02,P01,24,2201394,0.6390919416666031,0.7197339291013777,0.29808149486780167,0.9563230368576944,32.14726470887662,0.038954273443669016,0.8726891735047102,1.5,0.9326661930385977,0.541912940936163
F01404,F02,P01,24,2201404,0.6467386213541031,0.7447261166013777,0.3156400886178017,0.9554617087326943,31.873397521376617,0.04246989844366902,0.8631462047547102,1.49228759765625,0.9370781071010977,0.5444324721861631
F01478,F02,P01,24,2201478,0.6406040510416031,0.7224683041013777,0.3175736823678017,0.9490878806076943,32.15078033387662,0.028485523443669017,0.8597282360047102,1.5,0.9344462711635977,0.545077003436163
F01486,F02,P01,24,2201486,0.6388813947916031,0.7200620541013777,0.3156205573678017,0.9483988181076943,31.499686583876617,0.03129802344366902,0.8744938610047102,1.49243408203125,0.9262158024135977,0.541092628436163
F01492,F02,P01,24,2201492,0.6473894026041032,0.7182573666013777,0.2941557136178017,0.9674820212326943,31.911366271376615,0.033407398443669016,0.8575680797547102,1.5,0.9445429508510976,0.560604347186163
F01508,F02,P01,24,2201508,0.6439440901041031,0.7414448666013777,0.2902494636178017,0.9661038962326943,32.04917877137662,0.039032398443669014,0.8310993297547102,1.5,0.9280820133510976,0.5526355971861631
F01514,F02,P01,24,2201514,0.6328520979166031,0.7396401791013777,0.3087846198678017,0.9655870993576944,31.740858458876616,0.04114177344366902,0.8701735485047102,1.5,0.9268091617885977,0.542147315936163
F01543,F02,P01,24,2201543,0.6413074690103532,0.7309175228513777,0.31170454174280166,0.9532892477951943,31.810643615126615,0.03133708594366902,0.8816989391297102,1.49180419921875,0.9435237125698477,0.546453956561163
F01546,F02,P01,24,2201546,0.6455614729166032,0.7300151791013777,0.3009721198678017,0.9628308493576944,32.016483458876614,0.03239177344366902,0.8732360485047101,1.5,0.9330872867885976,0.556209815936163
F01562,F02,P01,24,2201562,0.6421161604166031,0.7252026791013777,0.2970658698678017,0.9614527243576944,32.15429595887662,0.038016773443669015,0.8467672985047102,1.5,0.9362263492885977,0.5482410659361631
F01582,F02,P01,24,2201582,0.6378095197916032,0.7191870541013777,0.2921830573678017,0.9597300681076943,31.606561583876616,0.04504802344366902,0.8836813610047102,1.48821533203125,0.9254501774135977,0.553280128436163
F01587,F02,P01,24,2201587,0.6318328596353532,0.7176831478513777,0.30096235424280166,0.9494994040451943,31.469627990126614,0.046805835943669015,0.8509098766297102,1.5,0.9276561344448477,0.5395398940611631
F01604,F02,P01,24,2201604,0.6428722151041032,0.7405698666013777,0.30681196361780166,0.9578351462326943,32.15605377137662,0.032782398443669016,0.8402868297547101,1.49849853515625,0.9273163883510976,0.5648230971861631
F01690,F02,P01,24,2201690,0.6341536604166031,0.7427026791013777,0.3058158698678017,0.9504277243576943,31.816795958876614,0.04301677344366902,0.8590172985047102,1.5,0.9417388492885976,0.544491065936163
F01697,F02,P01,24,2201697,0.6375463361978532,0.7405972103513777,0.2941068854928017,0.9596247946701943,32.057088927626616,0.045477710943669016,0.8579372203797102,1.5,0.9369871891323477,0.5372547378111631
F01716,F02,P01,24,2201716,0.6383550276041031,0.7348823666013777,0.3194682136178017,0.9481882712326943,31.680741271376615,0.032157398443669015,0.8790055797547102,1.49357666015625,0.9296898258510977,0.5390418471861631
F01753,F02,P01,24,2201753,0.6450877424478532,0.7237534603513777,0.32043501049280165,0.9548013571701943,31.819432677626615,0.045165210943669015,0.8492965953797101,1.48632568359375,0.9381739078823477,0.539364112811163
F01758,F02,P01,24,2201758,0.6391110822916032,0.7222495541013777,0.2892143073678017,0.9641706931076943,31.682499083876618,0.04692302344366902,0.8725251110047102,1.5,0.9403798649135977,0.5556238784361631
F01820,F02,P01,24,2201820,0.6355604963541032,0.7316011166013777,0.2940775886178017,0.9588304587326943,31.856522521376615,0.02871989844366902,0.8469587047547102,1.5,0.9402937321010977,0.5472449721861631
F01846,F02,P01,24,2201846,0.6397618635416031,0.7237808041013777,0.30772993236780166,0.9565910056076943,31.720467833876615,0.03786052344366902,0.8669469860047102,1.49161376953125,0.9282447086635977,0.541795753436163
F01894,F02,P01,24,2201894,0.6490259260416031,0.7373433041013777,0.29601118236780166,0.9524566306076944,32.13390533387662,0.034735523443669016,0.8435407360047102,1.48950439453125,0.9376618961635976,0.547889503436163
F01909,F02,P01,24,2201909,0.6310959455728532,0.7328315853513777,0.3223490729928017,0.9609646384201943,31.723104552626616,0.040008960943669014,0.8572262828797101,1.5,0.9442797672573476,0.5666688003111631
F01916,F02,P01,24,2201916,0.6344886213541031,0.7307261166013777,0.3106400886178017,0.9505617087326943,31.963397521376617,0.04246989844366902,0.8561462047547101,1.49978759765625,0.9395281071010977,0.5594324721861631
F01939,F02,P01,24,2201939,0.6344359846353531,0.7238081478513777,0.29502485424280167,0.9583806540451943,31.621502990126615,0.030555835943669018,0.8845973766297102,1.49690185546875,0.9379155094448477,0.544227394061163
F01960,F02,P01,24,2201960,0.6446140119791032,0.7454917416013777,0.2998979011178017,0.9663718649826943,31.622381896376616,0.03793864844366902,0.8813571422547102,1.49035400390625,0.9432605289760977,0.5525184096861631
F01961,F02,P01,24,2201961,0.6394986799478531,0.7451909603513777,0.3096537604928017,0.9564857321701943,31.450995177626616,0.038290210943669016,0.8412028453797102,1.5,0.9397817203823476,0.5557703628111631
F02125,F03,P01,24,2202125,0.6576822736978531,0.7168149837888776,0.3338334479928017,0.9470063376389444,32.14111236512662,0.03452556250616902,0.8982419078797101,1.485732421875,0.9309674625698476,0.546754249529913
F02151,F03,P01,24,2202151,0.6268850080728532,0.7571743587888777,0.2811381354928017,0.9425274313889443,31.869002990126617,0.05280681250616902,0.8262184703797102,1.5,0.9460694156948477,0.5358558120299131
F02200,F03,P01,24,2202200,0.6351824690103531,0.7276977962888777,0.27721235424280166,0.9536864157639443,32.35310455262662,0.04725993750616902,0.8110973766297102,1.490390625,0.9187461735073477,0.554547218279913
F02287,F03,P01,24,2202287,0.6467146955728531,0.7313618587888777,0.29473188549280166,0.9582993063889443,31.331815490126615,0.028431812506169017,0.8802497203797102,1.478994140625,0.9406334781948477,0.5803870620299131
F02289,F03,P01,24,2202289,0.6262533674478531,0.7301587337888777,0.3337553229928017,0.9579547751389443,32.08626861512661,0.029838062506169015,0.8316325328797102,1.486318359375,0.9267182438198477,0.5333948745299131
F02328,F03,P01,24,2202328,0.6584574690103532,0.7066977962888776,0.2947123542428017,0.9708364157639443,31.678104552626618,0.05725993750616902,0.8355973766297102,1.479140625,0.9297711735073477,0.5470472182799131
F02339,F03,P01,24,2202339,0.6243201643228532,0.7560806087888777,0.26934126049280166,0.9493414938889443,32.227596740126614,0.024994312506169014,0.8482028453797102,1.489423828125,0.9316373844448477,0.558590187029913
F02352,F03,P01,24,2202352,0.6481215315103531,0.7482602962888777,0.2829936042428017,0.9667020407639443,32.091542052626615,0.034134937506169014,0.8121911266297102,1.5,0.9195883610073476,0.5231409682799131
F02397,F03,P01,24,2202397,0.6581416486978532,0.7211899837888777,0.2810209479928017,0.9393500876389443,32.50673736512662,0.02577556250616902,0.8943044078797102,1.5,0.9200955875698477,0.575816749529913
F02421,F03,P01,24,2202421,0.6478057111978531,0.7067524837888777,0.2693021979928017,0.9744157126389443,31.480174865126617,0.04265056250616902,0.8708981578797101,1.489716796875,0.9491127750698477,0.5519104995299131
F02531,F03,P01,24,2202531,0.6200326643228532,0.7525806087888777,0.3355912604928017,0.9554664938889443,31.215096740126615,0.039994312506169014,0.8849528453797102,1.472548828125,0.9285748844448477,0.547340187029913
F02536,F03,P01,24,2202536,0.6472793440103531,0.7495727962888777,0.2731498542428017,0.9742051657639443,32.381229552626614,0.043509937506169015,0.8194098766297102,1.5,0.9329867985073477,0.5798597182799131
F02573,F03,P01,24,2202573,0.6215447736978531,0.7273149837888777,0.27508344799280166,0.9482313376389443,31.218612365126617,0.029525562506169015,0.8719919078797101,1.5,0.9499549625698477,0.5805042495299131
F02636,F03,P01,24,2202636,0.6434129377603531,0.7454165462888777,0.30432172924280165,0.9569786032639443,31.223885802626615,0.03382243750616902,0.8525505016297102,1.5,0.9428250797573476,0.5702503432799131
F02652,F03,P01,24,2202652,0.6365223127603531,0.7357915462888777,0.29650922924280165,0.9542223532639443,31.499510802626617,0.045072437506169016,0.9116130016297102,1.5,0.9491032047573477,0.554312843279913
F02739,F03,P01,24,2202739,0.6480545393228532,0.7394556087888777,0.31402876049280165,0.9588352438889444,31.918221740126615,0.026244312506169015,0.8687653453797102,1.5,0.9317905094448476,0.5801526870299131
F02811,F03,P01,24,2202811,0.6562467268228531,0.7521431087888777,0.2788725104928017,0.9464321188889443,31.718534240126615,0.03686931250616902,0.9105465953797102,1.477939453125,0.9404420719448476,0.5684339370299131
F02828,F03,P01,24,2202828,0.6391254377603531,0.7419165462888777,0.29057172924280167,0.9631036032639443,31.651385802626617,0.04882243750616902,0.8893005016297102,1.5,0.9397625797573477,0.5590003432799131
F02837,F03,P01,24,2202837,0.6254494611978532,0.7365024837888777,0.3061771979928017,0.9419532126389444,31.446424865126616,0.05515056250616902,0.8385231578797102,1.5,0.9163440250698477,0.5575354995299131
F02847,F03,P01,24,2202847,0.6407428205728531,0.7304868587888776,0.34129438549280167,0.9402305563889444,32.338690490126616,0.022181812506169015,0.8194372203797102,1.489775390625,0.9251678531948477,0.5625745620299131
F03018,F03,P01,24,2203018,0.6552992658853531,0.7396196712888777,0.31779829174280166,0.9695731345139443,31.324432677626618,0.022416187506169017,0.8626676891297101,1.48599609375,0.9506153141323477,0.5347425307799131
F03083,F04,P01,24,2203083,0.6162332502603531,0.7828501400388777,0.34775922924280167,0.9599454001389444,31.680917052626615,0.019388843756169016,0.7891130016297102,1.469619140625,0.9055008610073477,0.5243421401549131
F03107,F04,P01,24,2203107,0.6739613752603532,0.7539751400388777,0.32432172924280167,0.9516766501389443,32.50779205262661,0.05313884375616902,0.9663005016297102,1.5,0.9635352360073477,0.596529640154913
F03108,F04,P01,24,2203108,0.6535000471353531,0.7527720150388777,0.3633451667428017,0.99,31.822245177626616,0.05454509375616902,0.8056833141297102,1.472724609375,0.9496200016323477,0.6095374526549131
F03179,F04,P01,24,2203179,0.6119457502603531,0.7793501400388777,0.25400922924280167,0.9268704001389443,32.10841705262661,0.07438884375616903,0.8258630016297102,1.452744140625,0.9024383610073476,0.573092140154913
F03210,F04,P01,24,2203210,0.6048445783853531,0.7420532650388777,0.34373579174280167,0.9553899313889443,31.016463927626617,0.03798259375616902,0.7747301891297103,1.499794921875,0.9414660953823477,0.4963343276549131
F03313,F04,P01,24,2203313,0.6141277815103532,0.7301313900388777,0.36314985424280166,0.9591032126389444,32.40513580262662,0.022826343756169015,0.8071598766297102,1.474189453125,0.9193969547573477,0.5161390151549131
F03453,F04,P01,24,2203453,0.6503418440103531,0.7856938900388777,0.22643110424280166,0.9892688376389444,31.468573302626616,0.05970134375616902,0.9447536266297102,1.5,0.9312641422573477,0.537232765154913
F03555,F04,P01,24,2203555,0.6016863752603532,0.7749751400388777,0.36682172924280165,0.9541266501389444,30.662792052626617,0.04313884375616902,0.9138005016297102,1.446650390625,0.9231102360073477,0.5440296401549131
F03601,F04,P01,24,2203601,0.6012652815103532,0.7196313900388777,0.2418998542428017,0.9382782126389443,30.807635802626617,0.027826343756169016,0.9174098766297102,1.5,0.9102094547573477,0.5423890151549131
F03769,F04,P01,24,2203769,0.6133621565103532,0.7415063900388776,0.23783735424280167,0.9587969626389443,30.835760802626616,0.024076343756169016,0.8137223766297101,1.454033203125,0.9244500797573477,0.5677015151549131
F03773,F04,P01,24,2203773,0.6099168440103532,0.7366938900388776,0.23393110424280167,0.9574188376389443,30.973573302626615,0.029701343756169014,0.8432536266297102,1.483330078125,0.9471891422573476,0.49973276515491305
F03794,F04,P01,24,2203794,0.6506289533853531,0.7114282650388777,0.25342329174280165,0.9893836813889443,30.977088927626617,0.059232593756169016,0.8302926891297102,1.457138671875,0.9685692203823477,0.5328968276549131
F03839,F04,P01,24,2203839,0.6706691877603531,0.7692876400388777,0.24947797924280168,0.9346797751389443,31.807479552626617,0.04251384375616902,0.7705192516297102,1.486728515625,0.9695836735073476,0.5182483901549131
F03841,F04,P01,24,2203841,0.6297465315103532,0.7668813900388777,0.3275248542428017,0.9339907126389443,30.436385802626617,0.045326343756169014,0.8972848766297102,1.5,0.9417532047573477,0.5442640151549131
F03844,F04,P01,24,2203844,0.6467625471353532,0.7632720150388776,0.28459516674280166,0.9721571188889443,31.259745177626616,0.049545093756169015,0.8634333141297101,1.463349609375,0.9000075016323477,0.5832874526549131
F03937,F04,P01,24,2203937,0.6254590315103531,0.7633813900388777,0.23377485424280167,0.9793157126389443,30.863885802626616,0.020326343756169016,0.9340348766297102,1.484501953125,0.9386907047573477,0.593014015154913
F03942,F04,P01,24,2203942,0.6015523908853532,0.7573657650388776,0.2688920417428017,0.9383930563889443,33.19615142762662,0.027357593756169016,0.8029489391297102,1.461123046875,0.9475145328823477,0.5380530776549131
F03944,F04,P01,24,2203944,0.6390297346353532,0.7549595150388777,0.3469389167428017,0.9377039938889443,31.825057677626617,0.03017009375616902,0.9297145641297102,1.475771484375,0.9196840641323477,0.564068702654913
F04070,F04,P01,24,2204070,0.6481023908853532,0.7153657650388777,0.30389204174280166,0.9726930563889443,31.846151427626616,0.04735759375616902,0.8519489391297101,1.5,0.9695645328823477,0.523053077654913
F08233,F09,P01,24,2208233,0.6635032335177065,0.6433607363849878,0.3108540466427803,0.9062345161788166,31.401729448735722,0.043085270337760384,0.8527861358821391,1.4557612218149008,0.9090891435399652,0.5216345364041626
F08281,F09,P01,24,2208281,0.6681352647677065,0.6361419863849879,0.3249946716427803,0.9041673286788166,31.608448198735722,0.04152277033776039,0.8410830108821391,1.4547065343149008,0.9039977372899651,0.5246814114041626
F08418,F09,P01,24,2208418,0.6607350206270814,0.6435384707599878,0.3132710388302803,0.9031672310225666,31.38845796436072,0.03560480158776039,0.8345136749446391,1.4676337804086508,0.9106993486180902,0.5224402004666626
F08856,F09,P01,24,2208856,0.6674773057833314,0.6476673770099878,0.3098042419552803,0.9039041450850666,31.29476655811072,0.042596989087760384,0.8607226593196392,1.4636347569711508,0.9034402665868402,0.5146179348416626
F08916,F09,P01,24,2208916,0.6610173448458314,0.6386439395099878,0.3224800232052803,0.9111201607100665,31.55316499561072,0.043143864087760386,0.8600937530696392,1.4585663975961507,0.9068760087743402,0.5221765285916626
F09085,F09,P01,24,2209085,0.6599717882052064,0.6412279238849878,0.3268501403927803,0.9087419380538165,31.47098726123572,0.04285089533776039,0.8550556671321391,1.4557905186899007,0.9069166826024652,0.5269665676541626
F09505,F10,P01,24,2209505,0.6680132432833314,0.6551390566974878,0.3224995544552803,0.9037845161788165,31.32394624561072,0.033578434400260385,0.8684335968196392,1.4540473546274006,0.9120056962743401,0.5189318996854126
F09631,F10,P01,24,2209631,0.6702814073458314,0.6452406191974878,0.3117378357052803,0.9125317818038166,31.329219683110722,0.03787530940026039,0.8489921905696391,1.4747602452524007,0.9048758134618402,0.5086779934354126
F09785,F10,P01,24,2209785,0.6665202745333314,0.6549203066974878,0.3341401794552803,0.8992673286788165,31.575664995610722,0.03201593440026039,0.8252304718196392,1.4567426671274006,0.8983392900243402,0.5294787746854126
F09840,F10,P01,24,2209840,0.6595770128145814,0.6383773379474879,0.3107124450802803,0.9043300239913166,31.509395464360722,0.031351871900260384,0.8567441436946391,1.4524506749399007,0.9030048173680901,0.5283361965604126
F10127,F10,P01,24,2210127,0.6614767198458315,0.6360531191974879,0.3106440857052803,0.9090099068038165,31.281407183110723,0.032250309400260385,0.8684609405696392,1.4529633702524007,0.9041867509618402,0.5316467434354126
F10471,F11,P01,24,2210471,0.6772677354708314,0.6485423770099878,0.3151753357052803,0.9108904732100666,30.92246187061072,0.026854801587760387,0.8446171905696391,1.4745038975961506,0.8907787431493401,0.5002038723416626
F10543,F11,P01,24,2210543,0.6462599229708315,0.6612298770099878,0.2800190857052803,0.8984873482100665,32.16277437061072,0.03747980158776039,0.8863984405696391,1.4381757725961508,0.8994303056493401,0.5484851223416626
F10988,F11,P01,24,2210988,0.6800144151583314,0.6175345645099878,0.3227339294552803,0.9198291450850665,30.828594683110722,0.030370426587760388,0.8770742218196391,1.4778144444711507,0.9000906572118401,0.5027234035916627
F11040,F11,P01,24,2211040,0.6576198839083314,0.6422533145099878,0.2973433044552803,0.9108713325850665,31.72437593311072,0.026932926587760385,0.8450273468196392,1.4882441319711508,0.8910945634618401,0.5409265285916627
F11052,F11,P01,24,2211052,0.6524519151583315,0.6350345645099879,0.2914839294552803,0.9088041450850666,31.93109468311072,0.035370426587760385,0.8893242218196391,1.4721894444711507,0.9252031572118402,0.49897340359166265
F11566,F12,P01,24,2211566,0.6493511339083314,0.6837611270099878,0.3639058044552803,0.9303564888350665,30.703438433110723,0.03455011408776039,0.8647148468196392,1.4686152257211507,0.9077086259618402,0.5643054348416626
F12393,F13,P01,24,2212393,0.653510538394749,0.5555434307456018,2.0,0.8037682538732885,29.369127594977616,0.07960379410535091,0.2089140625,0.8125746513158083,0.8372044521592558,0.16623280897736548
F12425,F13,P01,24,2212425,0.6500652258947491,0.5507309307456016,2.0,0.8023901288732886,29.50694009497762,0.07522879410535091,0.2104453125,0.8268715263158083,0.8403435146592557,0.17326405897736546
F12431,F13,P01,24,2212431,0.6543192298009991,0.5498285869956017,2.0,0.8119317304357886,29.35277993872762,0.07628348160535092,0.201982421875,0.8173646903783084,0.8397070888780057,0.16801991835236546
F12434,F13,P01,24,2212434,0.6466462317541241,0.5493774151206017,2.0,0.8069025312170386,29.455699860602618,0.07681082535535091,0.2,0.8126112724095583,0.8344888759873808,0.17289784803986546
F12436,F13,P01,24,2212436,0.6513308997228741,0.5490766338706017,1.9940869140625,0.8068163984045386,29.644313141852617,0.07716238785535091,0.2135966796875,0.8144423270970583,0.8408100673936307,0.16114980116486546
F12445,F13,P01,24,2212445,0.6479119055822491,0.5477231182456017,1.99798828125,0.8113288007482886,29.593072907477616,0.07874441910535092,0.20090234375000002,0.8151820731908084,0.8349554287217558,0.16078359022736546
F12457,F13,P01,24,2212457,0.6466199133947491,0.5459184307456016,1.9965234375,0.8108120038732886,29.644752594977618,0.07085379410535092,0.21197656250000002,0.8261684013158084,0.8336825771592558,0.16529530897736547
F12466,F13,P01,24,2212466,0.6530009192541241,0.5445649151206017,2.0,0.8055244062170386,29.593512360602617,0.07243582535535091,0.2,0.8269081474095583,0.8376279384873807,0.16492909803986547
F12480,F13,P01,24,2212480,0.6563935950353741,0.5424594463706017,2.0,0.8049214765295386,29.47380532935262,0.07489676285535092,0.2,0.8247255302220583,0.8328762783311308,0.17269276991486548
F12517,F13,P01,24,2212517,0.6499599524572491,0.5508949932456016,2.0,0.8082280194982886,29.543151032477617,0.07140066910535092,0.21134765625000002,0.8211000419408083,0.8371183193467557,0.17285390272736548
F12523,F13,P01,24,2212523,0.6542139563634991,0.5499926494956017,1.998466796875,0.8079696210607886,29.388990876227616,0.07245535660535092,0.20288476562500002,0.8265932060033083,0.8364818935655057,0.16760976210236547
F12534,F13,P01,24,2212534,0.6554796301916241,0.5483383526206017,1.9921240234375,0.8025958905920386,29.52636392310262,0.07438895035535091,0.20603613281250002,0.8141640067845584,0.8369484462998807,0.17049550428986548
F12536,F13,P01,24,2212536,0.6503642981603741,0.5480375713706017,2.0,0.8025097577795386,29.35497720435262,0.07474051285535091,0.2,0.8159950614720584,0.8334696377061307,0.17374745741486547
F12565,F13,P01,24,2212565,0.6545919837072491,0.5436762432456017,2.0,0.8061608319982886,29.389869782477618,0.07983816910535091,0.2,0.8200453544408084,0.8418269130967557,0.16090077772736547
F12660,F13,P01,24,2212660,0.6468137122228741,0.5433891338706017,2.0,0.8069695234045386,29.52900064185262,0.07653738785535091,0.2,0.8245204520970584,0.8333835048936308,0.16536855116486548
F12684,F13,P01,24,2212684,0.654029727847874,0.5537797588706017,2.0,0.8059359296545386,29.632360016852616,0.07075613785535091,0.2,0.8164931083470583,0.8406378017686307,0.15939198866486548
F12749,F13,P01,24,2212749,0.6543814368322491,0.5440043682456017,2.0,0.8080366132482886,29.462291657477618,0.07218191910535092,0.20144921875000002,0.8235023856908084,0.8353765224717558,0.16008046522736546
F12761,F13,P01,24,2212761,0.653089444644749,0.5421996807456017,1.9994140625,0.8075198163732886,29.513971344977616,0.07429129410535092,0.21252343750000002,0.8194887138158083,0.8341036709092557,0.16459218397736547
F12762,F13,P01,24,2212762,0.650531778629124,0.5420492901206017,2.0,0.8025767499670386,29.428277985602616,0.07446707535535091,0.2,0.8129042411595584,0.8421642666123808,0.16621816053986546
F12765,F13,P01,24,2212765,0.6526587805822491,0.5555981182456017,1.99892578125,0.8073475507482886,29.53119790747762,0.07499441910535092,0.2,0.8231508231908083,0.8369460537217557,0.17109609022736547
F12774,F13,P01,24,2212774,0.6492397864416241,0.5542446026206017,2.0,0.8118599530920386,29.479957673102618,0.07657645035535092,0.2035205078125,0.8238905692845584,0.8408914150498807,0.17072987928986547
F12777,F13,P01,24,2212777,0.651366788394749,0.5537934307456017,1.9974609375,0.8068307538732886,29.582877594977617,0.07710379410535091,0.2,0.8191371513158083,0.8356732021592558,0.16060780897736548
F12799,F13,P01,24,2212799,0.6538981360509991,0.5504848369956017,2.0,0.8058832929357886,29.497623688727618,0.07097098160535091,0.205591796875,0.8242787528783083,0.8366063076280057,0.16637929335236548
F12812,F13,P01,24,2212812,0.6500484778478741,0.5485297588706017,2.0,0.8102234296545386,29.463610016852616,0.07325613785535091,0.2,0.8136806083470584,0.8335940517686308,0.17251698866486548
F12858,F13,P01,24,2212858,0.6499958411291241,0.5556117901206017,1.9925732421875,0.8082423749670385,29.481715485602617,0.07134207535535092,0.2,0.8257948661595583,0.8417814541123807,0.17231191053986547
F12862,F13,P01,24,2212862,0.6495651770666241,0.5550102276206017,1.9920849609375,0.8080701093420386,29.498942048102617,0.07204520035535092,0.2007314453125,0.8144569755345583,0.8348238369248807,0.16381581678986548
F12878,F13,P01,24,2212878,0.6478425208166241,0.5526039776206016,1.9901318359375,0.8073810468420386,29.567848298102618,0.07485770035535091,0.2,0.8141054130345583,0.8363933681748807,0.15983144178986547
F12895,F13,P01,24,2212895,0.6533621985509991,0.5500473369956017,1.993056640625,0.8115489179357886,29.551061188727616,0.07784598160535092,0.21018554687500002,0.8221693778783083,0.8362234951280058,0.17247304335236546
F12906,F13,P01,24,2212906,0.6546278723791241,0.5483930401206017,2.0,0.8061751874670386,29.328434235602618,0.07977957535535092,0.21333691406250002,0.8247401786595583,0.8366900478623808,0.16035878553986546
F12914,F13,P01,24,2212914,0.6537665442541241,0.5471899151206017,2.0,0.8058306562170386,29.362887360602617,0.07118582535535091,0.2,0.8170643974095584,0.8423748134873807,0.17336659803986548
F12922,F13,P01,24,2212922,0.6529052161291241,0.5459867901206017,2.0,0.8054861249670386,29.397340485602616,0.07259207535535092,0.2001025390625,0.8243886161595584,0.8382595791123807,0.17137441053986546
F12935,F13,P01,24,2212935,0.6490555579259991,0.5440317119956017,2.0,0.8098262616857886,29.363326813727618,0.07487723160535091,0.2,0.8137904716283083,0.8352473232530058,0.16251210585236547
F12946,F13,P01,24,2212946,0.650321231754124,0.5423774151206017,2.0,0.8044525312170386,29.500699860602616,0.07681082535535091,0.2,0.8163612724095584,0.8357138759873807,0.16539784803986546
F12960,F13,P01,24,2212960,0.6537139075353741,0.5542719463706017,1.9901220703125,0.8038496015295385,29.380992829352618,0.07927176285535091,0.2,0.8141786552220583,0.8407622158311308,0.17316151991486547
F12970,F13,P01,24,2212970,0.6477372473791241,0.5527680401206017,1.9989013671875,0.8034189374670386,29.604059235602616,0.07102957535535091,0.2,0.8233339286595583,0.8331681728623808,0.15942128553986548
F12974,F13,P01,24,2212974,0.647306583316624,0.5521664776206017,1.9984130859375,0.8032466718420386,29.62128579810262,0.07173270035535091,0.2,0.8269960380345583,0.8360105556748807,0.16592519178986548
F12999,F13,P01,24,2212999,0.6519649329259991,0.5484067119956016,2.0,0.8070700116857886,29.638951813727616,0.07612723160535091,0.2,0.8123842216283084,0.8415254482530057,0.16157460585236547
F13012,F13,P01,24,2213012,0.6481152747228741,0.5464516338706017,2.0,0.8114101484045386,29.604938141852617,0.07841238785535092,0.2131591796875,0.8167860770970583,0.8385131923936308,0.16771230116486546
F13033,F13,P01,24,2213033,0.6532042883947491,0.5432934307456017,2.0,0.8056057538732886,29.605377594977618,0.07210379410535092,0.2115390625,0.8135121513158083,0.8411857021592557,0.17185780897736547
F13077,F13,P01,24,2213077,0.6484669837072491,0.5506762432456017,2.0,0.8037108319982886,29.434869782477616,0.07983816910535091,0.2,0.8237953544408083,0.8332519130967557,0.16840077772736547
F13122,F13,P01,24,2213122,0.6509720130041241,0.5439086651206017,2.0,0.8066728437170386,29.538668610602617,0.07774832535535092,0.2,0.8124940849095583,0.8333787197373808,0.16656972303986547
F13139,F13,P01,24,2213139,0.6466916907384991,0.5553520244956017,2.0,0.8108407148107886,29.521881501227618,0.07073660660535092,0.21136132812500003,0.8205580497533084,0.8332088466905058,0.16421132460236548
F13172,F13,P01,24,2213172,0.6504887122228741,0.5503891338706017,2.0,0.8045195234045386,29.574000641852617,0.07653738785535091,0.2,0.8132704520970584,0.8346085048936307,0.17286855116486546
F13179,F13,P01,24,2213179,0.6521850501134991,0.5493363994956016,1.998388671875,0.8091180585607886,29.334147126227617,0.07776785660535092,0.2,0.8271791435033083,0.8420326748155057,0.16925038710236548
F13193,F13,P01,24,2213193,0.655577725894749,0.5472309307456017,2.0,0.8085151288732886,29.574440094977618,0.07022879410535092,0.2,0.8249965263158083,0.8372810146592558,0.16201405897736548
F13199,F13,P01,24,2213199,0.6500317298009991,0.5463285869956017,1.995947265625,0.8082567304357886,29.420279938727617,0.07128348160535092,0.21073242187500002,0.8154896903783083,0.8366445888780057,0.17176991835236546
F13239,F13,P01,24,2213239,0.655525089175999,0.5543129619956016,1.991064453125,0.8065340741857886,29.59254556372762,0.07831473160535092,0.2,0.8221107841283083,0.8356684170030058,0.16180898085236547
F13247,F13,P01,24,2213247,0.6546637610509991,0.5531098369956017,1.990087890625,0.8061895429357886,29.626998688727618,0.07972098160535092,0.2,0.8144350028783084,0.8413531826280057,0.15981679335236548
F13325,F14,P01,24,2213325,0.655974893863499,0.5622939190268517,1.991650390625,0.8084792402014136,29.166979157477616,0.07205252457410091,0.21674804687500002,0.8172511649876834,0.8436261318467557,0.16728383436799046
F13352,F14,P01,24,2213352,0.6550609290197491,0.5541728252768517,2.0,0.8159536542639136,29.57953775122762,0.08154471207410091,0.2,0.8216896415501833,0.8280982998155058,0.16508656874299046
F13406,F14,P01,24,2213406,0.6532329993322491,0.5379306377768517,1.981875,0.8113024823889136,29.68465493872762,0.08052908707410092,0.21225000000000002,0.8305665946751833,0.8362426357530057,0.16069203749299046
F13417,F14,P01,24,2213417,0.6557643469884991,0.5626220440268517,2.0,0.8005550214514136,29.239401032477616,0.08439627457410091,0.218552734375,0.8057081962376833,0.8371757412217558,0.16646352186799046
F13430,F14,P01,24,2213430,0.6480650305822491,0.5587118877768517,2.0,0.8092352948889135,29.171373688727616,0.06896658707410092,0.200546875,0.8145119071751833,0.8311512295030057,0.17873891249299048
F13485,F14,P01,24,2213485,0.6607217688634991,0.5421689190268517,1.992587890625,0.8142979902014136,29.825104157477618,0.06830252457410091,0.2,0.8102199149876833,0.8358167568467557,0.17759633436799047
F13503,F14,P01,24,2213503,0.6470457923009991,0.5367548565268517,2.0,0.8127475995764136,29.620143219977617,0.07463064957410091,0.2,0.8131788993626834,0.8319982021592557,0.17613149061799047
F13546,F14,P01,24,2213546,0.642686514957249,0.5518212627768517,1.9876953125,0.7992438886389136,29.450514313727616,0.06974783707410091,0.2,0.8169142509251833,0.8392094326280057,0.16596547499299047
F13588,F14,P01,24,2213588,0.6434425696447491,0.5391884502768517,1.99744140625,0.8152263105139136,29.452272126227616,0.08451346207410092,0.2,0.8338185478001834,0.8302994716905058,0.15254750624299046
F13629,F14,P01,24,2213629,0.6493139563634991,0.5548564190268517,1.997431640625,0.8018948652014136,29.62541665747762,0.07892752457410092,0.21784179687500002,0.8338917899876833,0.8444683193467557,0.16587758436799047
F13650,F14,P01,24,2213650,0.659491983707249,0.5485400127768517,2.0,0.8098860761389136,29.626295563727616,0.06631033707410092,0.2146015625,0.8273439384251834,0.8302133388780057,0.17416859999299047
F13677,F14,P01,24,2213677,0.6585780188634991,0.5404189190268517,1.985712890625,0.7977604902014136,29.318854157477617,0.07580252457410092,0.2,0.8317824149876833,0.8342855068467557,0.17197133436799047
F13686,F14,P01,24,2213686,0.651740030582249,0.5377118877768517,1.993515625,0.8067852948889136,29.216373688727618,0.07896658707410091,0.225046875,0.8332619071751833,0.8421762295030057,0.17123891249299047
F13714,F14,P01,24,2213714,0.6457107337072491,0.5572900127768518,1.9866796875,0.8043735761389136,29.457545563727617,0.06881033707410092,0.2207265625,0.8245314384251834,0.8427695888780057,0.17229359999299046
F13731,F14,P01,24,2213731,0.6567500891759991,0.5521767315268516,1.992529296875,0.8127093183264136,29.423971344977616,0.07478689957410091,0.21010351562500001,0.8106593681126834,0.8424298427842557,0.16757680311799047
F13732,F14,P01,24,2213732,0.651634757144749,0.5518759502768517,2.0,0.8028231855139136,29.252584626227616,0.07513846207410091,0.22594921875,0.8274904228001834,0.8389510341905058,0.17082875624299046
F13735,F14,P01,24,2213735,0.6558887610509991,0.5509736065268517,1.991552734375,0.8123647870764136,29.45842446997762,0.07619314957410092,0.21748632812500002,0.8179835868626834,0.8285146084092557,0.18058461561799047
F13744,F14,P01,24,2213744,0.6490507727697491,0.5482665752768517,1.99935546875,0.8017895917639136,29.355944001227616,0.07935721207410092,0.2,0.8194630790501833,0.8364053310655057,0.17985219374299047
F13753,F14,P01,24,2213753,0.6422127844884991,0.5455595440268517,2.0,0.8108143964514136,29.253463532477618,0.08252127457410091,0.222708984375,0.8209425712376833,0.8442960537217558,0.17911977186799047
F13763,F14,P01,24,2213763,0.649859464175999,0.5425517315268517,1.984716796875,0.8099530683264136,29.699596344977618,0.06603689957410092,0.213166015625,0.8092531181126833,0.8291079677842558,0.15163930311799048
F13769,F14,P01,24,2213769,0.6583674719884991,0.5407470440268517,2.0,0.8094362714514136,29.391276032477617,0.06814627457410091,0.2,0.8202394462376833,0.8278351162217558,0.17115102186799047
F13843,F14,P01,24,2213843,0.6522329016759991,0.5464892315268517,2.0,0.8030624433264136,29.668658844977617,0.07416189957410091,0.2,0.8057374931126834,0.8448032802842558,0.17179555311799047
F13845,F14,P01,24,2213845,0.6420022376134991,0.5458876690268517,1.984697265625,0.8028901777014136,29.325885407477617,0.07486502457410092,0.22451367187500001,0.8093996024876834,0.8378456630967557,0.17829945936799046
F13939,F14,P01,24,2213939,0.6511610266759991,0.5456142315268517,1.981748046875,0.8143936933264136,29.775533844977616,0.06791189957410092,0.202009765625,0.8315187431126834,0.8440376552842557,0.15398305311799046
F14000,F14,P01,24,2214000,0.6527257727697491,0.5552665752768517,2.0,0.7993395917639136,29.400944001227618,0.06935721207410092,0.21659765625000002,0.8082130790501834,0.8278303310655057,0.17235219374299046
F14027,F14,P01,24,2214027,0.6518118079259991,0.5471454815268517,2.0,0.8068140058264136,29.813502594977617,0.07884939957410092,0.2,0.8126515556126833,0.8319024990342557,0.17015492811799046
F14052,F14,P01,24,2214052,0.6611285071447491,0.5396259502768517,2.0,0.8144606855139136,29.848834626227617,0.06763846207410092,0.20057421875,0.8134279228001834,0.8429322841905057,0.16145375624299046
F14058,F14,P01,24,2214058,0.6500365149572491,0.5378212627768517,1.9826953125,0.8139438886389136,29.540514313727616,0.06974783707410091,0.2,0.8244142509251834,0.8416594326280057,0.18096547499299048
F14062,F14,P01,24,2214062,0.6491751868322491,0.5366181377768517,1.98171875,0.8135993573889136,29.57496743872762,0.07115408707410091,0.2,0.8317384696751834,0.8277441982530057,0.16397328749299048
F14084,F14,P01,24,2214084,0.6542378821447491,0.5580009502768517,1.99634765625,0.8117044355139136,29.404459626227617,0.07888846207410091,0.20363671875,0.8120216728001833,0.8296104091905058,0.17551625624299047
F14109,F14,P01,24,2214109,0.643954581363499,0.5504814190268517,2.0,0.7997511152014136,29.439791657477617,0.06767752457410092,0.20777929687500002,0.8127980399876833,0.8406401943467557,0.16681508436799047
F14187,F14,P01,24,2214187,0.6565586829259991,0.5550204815268517,2.0,0.8126327558264136,29.751627594977617,0.07509939957410092,0.21174414062500002,0.8056203056126834,0.8436931240342558,0.18046742811799046
F14236,F14,P01,24,2214236,0.660707413394749,0.5402822002768517,1.99923828125,0.7986122480139136,29.27367837622762,0.07232596207410091,0.20418359375,0.8203419853001833,0.8300315029405058,0.15981313124299046
F14275,F14,P01,24,2214275,0.6572094641759991,0.5565517315268517,2.0,0.8050530683264135,29.789596344977618,0.06603689957410092,0.206166015625,0.8167531181126834,0.8315579677842557,0.16663930311799047
F14285,F14,P01,24,2214285,0.645256143863499,0.5535439190268517,1.997275390625,0.8041917402014136,29.51572915747762,0.06955252457410091,0.2,0.8050636649876833,0.8359698818467557,0.16915883436799048
F14306,F14,P01,24,2214306,0.6554341712072491,0.5472275127768517,2.0,0.8121829511389136,29.516608063727617,0.07693533707410091,0.2,0.8285158134251833,0.8413149013780057,0.17744984999299046
F14403,F15,P01,24,2214403,0.6572908118322491,0.5440009502768517,1.99796875,0.8009282636389136,29.054654938727616,0.06752127457410091,0.2,0.8332033134251834,0.8273613857530058,0.16016469374299047
F14410,F15,P01,24,2214410,0.6640761633947491,0.5397900127768517,1.97455078125,0.8193224042639136,29.53524087622762,0.07244314957410092,0.2,0.8288380790501834,0.8570580654405058,0.14569203749299048
F14436,F15,P01,24,2214436,0.6332788977697491,0.5241493877768517,2.0,0.8148434980139136,29.26313150122762,0.09072439957410092,0.2,0.8040529228001834,0.8329600185655057,0.19479359999299048
F14450,F15,P01,24,2214450,0.6468496008947491,0.5717275127768517,2.0,0.8124317792639136,30.224303376227617,0.060568149574100914,0.2,0.7953224540501833,0.8531533779405057,0.16584828749299046
F14465,F15,P01,24,2214465,0.6501896399572491,0.5627040752768517,2.0,0.7902477948889136,29.402701813727617,0.07111502457410092,0.2151484375,0.8202540946751833,0.8271891201280057,0.14340688124299047
F14486,F15,P01,24,2214486,0.6705456946447491,0.5500712627768517,2.0,0.8062302167639136,29.404459626227617,0.08588064957410091,0.20866796875000002,0.8071583915501833,0.8378791591905057,0.15998891249299046
F14540,F15,P01,24,2214540,0.6668898352697491,0.5735868877768517,2.0,0.7969278730139135,29.61469400122762,0.08384939957410091,0.24000390625,0.8249122978001834,0.8541678310655058,0.15119984999299046
F14567,F15,P01,24,2214567,0.6650619055822491,0.5573447002768517,1.997890625,0.8118767011389136,28.999811188727616,0.06283377457410091,0.2,0.8337892509251833,0.8231121670030057,0.14680531874299046
F14610,F15,P01,24,2214610,0.656343350894749,0.5314775127768517,2.0,0.8240692792639136,30.100553376227616,0.09306814957410092,0.21840234375,0.8412599540501834,0.8375346279405057,0.18647328749299047
F14644,F15,P01,24,2214644,0.6613007727697491,0.5670243877768517,1.98029296875,0.8182122480139136,29.96625650122762,0.07697439957410092,0.2,0.8457716728001834,0.8361756435655058,0.16760609999299048
F14673,F15,P01,24,2214673,0.6390115149572491,0.5495790752768517,1.9861328125,0.7936165448889136,30.105826813727617,0.05736502457410092,0.2,0.8019728446751834,0.8304047451280058,0.17621938124299047
F14703,F15,P01,24,2214703,0.6456915930822491,0.5315322002768517,2.0,0.7884485761389136,29.902623688727616,0.07845877457410091,0.25370312500000003,0.7918361259251834,0.8568762295030057,0.1913365687429905
F14721,F15,P01,24,2214721,0.6575396399572491,0.5767040752768517,1.9626953125,0.8245477948889136,29.492701813727617,0.09111502457410092,0.2,0.7977540946751833,0.8492391201280057,0.1884068812429905
F14735,F15,P01,24,2214735,0.6319103430822491,0.5682822002768517,1.995859375,0.8221360761389136,29.013873688727617,0.06095877457410091,0.2,0.8490236259251833,0.8302324795030057,0.15946156874299047
F14758,F15,P01,24,2214758,0.671005069644749,0.5544462627768517,1.96462890625,0.7985739667639136,29.770084626227618,0.07713064957410092,0.20473046875,0.8432521415501834,0.8270072841905057,0.18905141249299048
F14765,F15,P01,24,2214765,0.6385904212072491,0.5502353252768517,2.0,0.8169681073889136,28.810670563727616,0.08205252457410092,0.20257031250000002,0.8388869071751833,0.8567039638780057,0.17457875624299046
F14840,F15,P01,24,2214840,0.6552906165197491,0.5611181377768517,1.96458984375,0.8236481855139136,29.022662751227617,0.09478689957410091,0.22742578125000001,0.8435451103001833,0.8444826748155058,0.18237172499299048
F14845,F15,P01,24,2214845,0.6433372962072491,0.5581103252768517,1.9821484375,0.8031868573889136,30.188795563727616,0.058302524574100914,0.2,0.8318556571751834,0.8488945888780057,0.15489125624299047
F14866,F15,P01,24,2214866,0.6636933508947491,0.5454775127768517,1.99189453125,0.8191692792639136,30.190553376227616,0.07306814957410092,0.2,0.8187599540501833,0.8203846279405057,0.17147328749299048
F14948,F15,P01,24,2214948,0.647978897769749,0.5521493877768517,1.99185546875,0.8050434980139136,29.44313150122762,0.09072439957410092,0.2,0.8190529228001834,0.8378600185655057,0.16479359999299048
F15021,F15,P01,24,2215021,0.645940421207249,0.5642353252768517,1.9762109375,0.8120681073889136,28.900670563727616,0.06205252457410092,0.2515703125,0.8163869071751834,0.8395539638780057,0.15957875624299048
F15136,F15,P01,24,2215136,0.645414054019749,0.5510556377768517,1.98005859375,0.8118575605139136,29.801725251227616,0.06291189957410091,0.20008203125000001,0.8475294853001833,0.8234279873155057,0.18752797499299048
F15190,F15,P01,24,2215190,0.641758194644749,0.5745712627768517,1.99369140625,0.8025552167639136,30.01195962622762,0.060880649574100915,0.23141796875,0.8052833915501834,0.8397166591905058,0.17873891249299048
F15194,F15,P01,24,2215194,0.6400355383947491,0.5721650127768517,1.99173828125,0.8018661542639136,30.080865876227616,0.06369314957410091,0.24618359375,0.8199318290501834,0.8510861904405057,0.14475453749299047
F15225,F15,P01,24,2215225,0.6364849524572491,0.5535165752768517,2.0,0.8161259198889136,29.534889313727618,0.08549002457410092,0.2206171875,0.8434572196751834,0.8314000576280057,0.16637563124299048
F15244,F15,P01,24,2215244,0.6381023352697491,0.5420868877768517,2.0,0.7932528730139136,30.222194001227617,0.058849399574100916,0.2,0.8230372978001833,0.8560053310655057,0.16994984999299048
F15316,F15,P01,24,2215316,0.6462945227697491,0.5547743877768517,1.97216796875,0.8200497480139136,30.022506501227618,0.06947439957410091,0.2,0.8467091728001833,0.8254568935655058,0.15823109999299048
F15324,F15,P01,24,2215324,0.6428492102697491,0.5499618877768517,1.96826171875,0.8186716230139136,30.160319001227617,0.07509939957410092,0.22206640625000001,0.8160060478001834,0.8481959560655057,0.15026234999299048
F15326,F15,P01,24,2215326,0.6615878821447491,0.5487587627768516,2.0,0.8183270917639136,29.474772126227617,0.07650564957410091,0.2,0.8233302665501834,0.8342807216905057,0.16327016249299048
F15367,F16,P01,24,2215367,0.637365421207249,0.5008114971518517,2.0,0.8163077558264136,29.451217438727618,0.05663260269910092,0.2,0.7686769462376833,0.8691645107530057,0.21502309218049048
F15375,F16,P01,24,2215375,0.6304747962072491,0.6031864971518517,2.0,0.8135515058264136,29.726842438727616,0.06788260269910092,0.2,0.8272706962376833,0.8362426357530057,0.1990855921804905
F15391,F16,P01,24,2215391,0.6166935462072491,0.5839364971518517,2.0,0.8080390058264136,30.27809243872762,0.09038260269910092,0.2936796875,0.8244581962376833,0.8487988857530058,0.16721059218049047
F15407,F16,P01,24,2215407,0.6813122962072491,0.5646864971518517,2.0,0.8025265058264136,30.82934243872762,0.11288260269910091,0.2,0.8216456962376834,0.8613551357530057,0.13533559218049046
F15430,F16,P01,24,2215430,0.6811017493322491,0.5370146221518517,1.955078125,0.8338022870764136,29.461764313727617,0.06522635269910092,0.301609375,0.8101027274876833,0.8549047451280057,0.19451527968049048
F15560,F16,P01,24,2215560,0.686729093082249,0.6046083721518517,2.0,0.7890132245764137,29.620670563727618,0.08803885269910092,0.253375,0.8022511649876833,0.8491242763780057,0.20553090468049046
F15594,F16,P01,24,2215594,0.6182439368322491,0.5637021221518517,1.954921875,0.7772991620764136,29.352076813727617,0.055851352699100916,0.2,0.8112746024876833,0.8464063076280057,0.16779652968049047
F15623,F16,P01,24,2215623,0.6520654212072491,0.5288114971518517,1.9666015625,0.8065077558264135,29.631217438727617,0.09663260269910091,0.21449218750000001,0.8436769462376833,0.8348645107530057,0.18502309218049048
F15651,F16,P01,24,2215651,0.6279482337072491,0.4951239971518517,1.9392578125,0.7968608808264136,30.595904938727617,0.05600760269910092,0.2,0.8087550712376833,0.8372379482530057,0.18924184218049048
F15686,F16,P01,24,2215686,0.6174017493322491,0.5650146221518517,2.0,0.8240022870764135,29.641764313727617,0.10522635269910091,0.2,0.7651027274876834,0.8206047451280057,0.16451527968049048
F15754,F16,P01,24,2215754,0.6372314368322491,0.5952021221518518,1.958671875,0.8005741620764136,29.10457681372762,0.04085135269910092,0.22964062500000001,0.7831496024876834,0.8151688076280057,0.20904652968049048
F15831,F16,P01,24,2215831,0.6297091712072491,0.5025614971518517,1.9234765625,0.8132452558264136,28.15746743872762,0.06913260269910092,0.2,0.8071144462376834,0.8412957607530057,0.13064809218049048
F15853,F16,P01,24,2215853,0.6499599524572491,0.5880927471518517,1.9819921875,0.8056655683264136,30.355436188727616,0.10007010269910091,0.2325390625,0.8482472587376834,0.8487606045030057,0.17681996718049048
F15854,F16,P01,24,2215854,0.6294986243322491,0.5868896221518517,2.0,0.8445210370764136,29.669889313727616,0.10147635269910091,0.295921875,0.7955714774876833,0.8348453701280057,0.18982777968049047
F15890,F16,P01,24,2215890,0.6768908118322491,0.5435771221518517,1.985859375,0.8321179120764136,30.910201813727618,0.07210135269910091,0.2,0.8192433524876833,0.8042969326280057,0.17810902968049047
F15916,F16,P01,24,2215916,0.6152962805822491,0.5122958721518517,2.0,0.8231600995764136,30.36598306372762,0.10866385269910092,0.2,0.7696730399876833,0.8345008388780057,0.15631215468049048
F15992,F16,P01,24,2215992,0.628235343082249,0.5328583721518517,1.96625,0.7969757245764136,30.10442056372762,0.055538852699100916,0.30675,0.8463136649876833,0.8745430263780057,0.18490590468049048
F16102,F16,P01,24,2216102,0.6510892493322491,0.5125146221518517,1.938828125,0.8374772870764136,29.574264313727618,0.05022635269910092,0.2,0.8119777274876834,0.8334672451280057,0.17576527968049047
F16207,F16,P01,24,2216207,0.619449796207249,0.4981864971518517,2.0,0.8405015058264136,29.591842438727618,0.03788260269910092,0.2700546875,0.8010206962376833,0.8619676357530057,0.22158559218049045
F16216,F16,P01,24,2216216,0.6704978430822491,0.5993583721518517,2.0,0.7982007245764136,29.181920563727616,0.05053885269910091,0.2,0.8069386649876833,0.8151305263780058,0.21865590468049045
F16261,F16,P01,24,2216261,0.690538077457249,0.5452177471518517,2.0,0.8218968183264136,30.01231118872762,0.11382010269910092,0.2,0.8365285087376834,0.8161449795030057,0.20400746718049045
F16312,F16,P01,24,2216312,0.6662103430822491,0.5958583721518517,1.97375,0.8435257245764136,29.609420563727618,0.10553885269910092,0.20525000000000002,0.7900636649876833,0.8120680263780057,0.14740590468049047
F16635,F17,P01,24,2216635,0.6668085659228266,0.6897420018613338,0.3153626166284085,0.9209581608861684,30.786290590167052,0.05385610438883298,0.8998120025396347,1.4945425552502276,0.8952982641942798,0.5126578444987536
F16972,F17,P01,24,2216972,0.6672751186572016,0.6950603612363339,0.31922492131590846,0.9211447819799183,30.707628480792053,0.05309438563883298,0.9098129791021347,1.4805752700939776,0.8971190161474049,0.5206119460612536
F17426,F18,P01,24,2217426,0.6645475795947016,0.7032771581113338,0.3197522650659085,0.9121582585424184,31.08696441829205,0.05263540126383298,0.8948012603521347,1.4800625747814775,0.9033110083349049,0.5029312819987536
F18145,F18,P01,24,2218145,0.6714238491259515,0.6830154393613339,0.3342151556909084,0.9188287663549184,30.979913637042053,0.04540883876383298,0.9198618072271346,1.4915908950939776,0.8912476294286549,0.5010855788737536
F18232,F18,P01,24,2218232,0.6575899624072015,0.6848474706113339,0.3029749213159085,0.9211352116674184,30.46926910579205,0.05599477626383298,0.8984379791021346,1.4858926529064775,0.9021912817724048,0.5140055007487536
F18308,F18,P01,24,2218308,0.6608247280322015,0.6899880956113339,0.32442023381590845,0.9145891179174184,31.12387848079205,0.06271352626383297,0.9267114166021346,1.4750528091564776,0.8926018286474049,0.5211539382487536
F18384,F18,P01,24,2218384,0.6640594936572015,0.6951287206113339,0.30586554631590845,0.9276430241674184,31.058487855792052,0.04943227626383298,0.8989848541021347,1.4942129654064775,0.9026123755224049,0.5283023757487536
F18549,F19,P01,24,2218549,0.6703711147509516,0.7130730565488339,0.33382453069090845,0.9066888249486684,30.549952699542054,0.04197622157633298,0.8830024322271347,1.5,0.8902236059911549,0.5354581374675036
F18655,F19,P01,24,2218655,0.6835207241259516,0.7053074315488339,0.32206671819090843,0.9276286686986683,30.215968324542054,0.03650747157633298,0.8822914947271346,1.4738589615002275,0.8975161841161549,0.5048721999675035
F18786,F19,P01,24,2218786,0.6761037319384515,0.6825027440488338,0.3181018744409085,0.9246618718236684,31.392648012042052,0.04861684657633298,0.8898657134771346,1.5,0.8876683325536548,0.5168839187175036
F18857,F19,P01,24,2218857,0.6553265835009515,0.6957918065488339,0.3434339056909085,0.9320310124486684,31.535733949542053,0.05853872157633298,0.8999555572271346,1.4936050552502276,0.9032775122411548,0.4986612624675036
F19121,F19,P01,24,2219121,0.6592312710009515,0.7049793065488339,0.29452765569090844,0.9257528874486683,30.323546449542054,0.044163721576332984,0.8664868072271347,1.5,0.9088665747411548,0.5356925124675036
F19195,F19,P01,24,2219195,0.6469621303759515,0.7164636815488339,0.2983948431909085,0.9130052311986684,30.878312074542052,0.05619497157633298,0.8596508697271347,1.4713980240002276,0.9036029028661549,0.5369815749675036
F19268,F19,P01,24,2219268,0.6841236538134515,0.6725496190488339,0.28275031194090844,0.9200298405736684,30.335851137042052,0.06752309657633299,0.9331235259771347,1.4687320083752275,0.9052968481786549,0.5317667312175036
F19282,F19,P01,24,2219282,0.6584943569384515,0.6641277440488339,0.3159143744409085,0.9176181218236684,31.297023012042054,0.03736684657633298,0.9288032134771347,1.4600015396252275,0.8862902075536548,0.5028214187175036
F19379,F19,P01,24,2219379,0.6461199428759515,0.7177761815488338,0.28855109319090844,0.9205083561986684,31.16799957454205,0.06556997157633299,0.8668696197271346,1.4852261490002276,0.8778013403661549,0.5337003249675036
F19572,F20,P01,24,2219572,0.6966224819384516,0.7381472752988338,0.31232062444090847,0.9332560124486684,30.99467926204205,0.03015981532633298,1.0200219634771346,1.4578042740002275,0.9008753638036548,0.5443936843425036
F19679,F20,P01,24,2219679,0.7024603725634515,0.7214129002988339,0.32782843694090846,0.9355911686986684,29.64116363704205,0.020628565326332983,0.8579829009771347,1.4614956802502275,0.9015452856786549,0.4962296218425036
F19794,F20,P01,24,2219794,0.7014076381884515,0.6950535252988339,0.33552374944090846,0.9351700749486684,31.443273012042052,0.02234731532633298,0.9790063384771347,1.5,0.8692933325536548,0.5521280593425036
F19804,F20,P01,24,2219804,0.6535943569384515,0.6830222752988339,0.24575812444090844,0.9317247624486684,30.347804262042054,0.03640981532633298,0.9408344634771346,1.4770230240002276,0.8869409888036549,0.5622061843425036
F19850,F20,P01,24,2219850,0.6531732631884515,0.7396785252988338,0.28083624944090846,0.9158763249486684,30.492648012042054,0.02109731532633298,0.9444438384771346,1.4539370865002275,0.8740402075536549,0.5605655593425036
F19971,F20,P01,24,2219971,0.6861525600634515,0.7061004002988339,0.36267218694090847,0.9133880436986684,31.061476137042053,0.031253565326332985,0.9977641509771347,1.4401675552502275,0.9150968481786549,0.5745108718425036
F20258,F20,P01,24,2220258,0.6937513881884515,0.6968035252988338,0.36239874944090844,0.9321075749486684,30.149523012042053,0.03484731532633298,0.8206313384771347,1.4422183365002275,0.9198245825536548,0.4677530593425036
F20374,F20,P01,24,2220374,0.6722373256884515,0.6692410252988339,0.24911749944090844,0.8921419499486684,31.266085512042054,0.03797231532633298,1.0050375884771348,1.4518277115002276,0.8736573950536549,0.5366593093425036
F20564,F21,P01,24,2220564,0.6994718430429697,0.7139455035813153,0.21405302513390778,0.9309413812376558,30.663127226829538,0.0223014380410313,0.8053335282951593,1.496729736328125,0.9494806625422091,0.5100501288101077
F20584,F21,P01,24,2220584,0.6973185227304697,0.7109376910813152,0.21161161888390778,0.9300800531126557,30.74926003932954,0.025817063041031298,0.7957905595451593,1.5,0.953892576604709,0.5125696600601077
F20633,F21,P01,24,2220633,0.6993928879648447,0.7175685504563152,0.21063017357140779,0.9328697992064058,30.870285429954535,0.0244303442910313,0.7920102861076592,1.5,0.956861766057834,0.5172425116226077
F20634,F21,P01,24,2220634,0.7066352219492197,0.7174181598313152,0.2155081032589078,0.9279267328001558,30.784592070579535,0.0246061255410313,0.7999331376701593,1.5,0.955122361760959,0.5188684881851078
F20676,F21,P01,24,2220676,0.6972132492929697,0.7111017535813152,0.2203811501339078,0.9261179437376558,30.785470976829536,0.0219889380410313,0.7966929032951593,1.494268798828125,0.9506673812922091,0.5121595038101078
F20678,F21,P01,24,2220678,0.7018979172617197,0.7108009723313152,0.2101370095089078,0.9260318109251557,30.614084258079536,0.0223405005410313,0.7845386064201593,1.496099853515625,0.947188572698459,0.5154114569351077
F20698,F21,P01,24,2220698,0.6997445969492196,0.7217931598313152,0.2076956032589078,0.9251704828001558,30.700217070579537,0.0258561255410313,0.8029956376701592,1.499410400390625,0.9516004867609591,0.5179309881851077
F20735,F21,P01,24,2220735,0.7031109543710947,0.7162287067063152,0.2081790016964078,0.9284770257689058,30.769562773704536,0.0223600317910313,0.7881411454826592,1.495784912109375,0.9558425277765841,0.5180921209976077
F20782,F21,P01,24,2220782,0.7005006516367197,0.7231603473313152,0.21744169700890778,0.9313529046751557,30.701974883079536,0.0206217505410313,0.7965151689201593,1.5,0.952490525823459,0.5195130194351077
F20789,F21,P01,24,2220789,0.7021969895273447,0.7221076129563152,0.21158720482140778,0.9261514398314058,30.822121367454535,0.0218522192910313,0.7959751298576593,1.5,0.950114695745334,0.5158948553726077
F20839,F21,P01,24,2220839,0.7017136887460946,0.7145880817063152,0.21548368919640778,0.9239981195189058,30.857453398704536,0.0206412817910313,0.8001177079826592,1.5,0.9513444809015841,0.5071936834976077
F20851,F21,P01,24,2220851,0.7004216965585947,0.7127833942063152,0.21401884544640778,0.9234813226439058,30.909133086204537,0.0227506567910313,0.7831919267326592,1.496986083984375,0.9500716293390841,0.5117054022476077
F21024,F21,P01,24,2221024,0.6989454758554697,0.7147658160813152,0.21790068138390778,0.9307308343626558,30.844181914329535,0.0231608130410313,0.7818452470451592,1.497872314453125,0.952954685979709,0.5079993475601078
F21026,F21,P01,24,2221026,0.7036301438242197,0.7144650348313152,0.2076565407589078,0.9306447015501558,30.672795195579535,0.023512375541031298,0.7976909501701592,1.499703369140625,0.9494758773859591,0.5112513006851077
F21200,F21,P01,24,2221200,0.6995962571054697,0.7162970660813152,0.2164163063839078,0.9329511468626558,30.882150664329536,0.0240983130410313,0.8042671220451593,1.494005126953125,0.9506195297297091,0.5091712225601077
F21235,F21,P01,24,2221235,0.6982779465585947,0.7110333942063152,0.2071438454464078,0.9265438226439058,30.762883086204535,0.0202506567910313,0.8015669267326593,1.5,0.9485403793390841,0.5210804022476078
F21236,F21,P01,24,2221236,0.7055202805429697,0.7108830035813152,0.2120217751339078,0.9314007562376557,30.677189726829535,0.020426438041031298,0.7814897782951593,1.496964111328125,0.9566009750422091,0.5077063788101077
F21240,F21,P01,24,2221240,0.7050896164804696,0.7242814410813152,0.2115334938839078,0.9312284906126558,30.694416289329535,0.0211295630410313,0.7851811845451593,1.5,0.949643357854709,0.5142102850601077
F21310,F21,P01,24,2221310,0.7024529953867197,0.7137540973313152,0.21298857200890778,0.9282138421751558,30.815881133079536,0.0234342505410313,0.7797807939201593,1.5,0.955285057073459,0.5080286444351078
F21346,F21,P01,24,2221346,0.6985770188242196,0.7223400348313151,0.20859404075890778,0.9266634515501557,30.610920195579535,0.0197623755410313,0.7850034501701593,1.492672119140625,0.9514665023859591,0.5065638006851078
F21365,F21,P01,24,2221365,0.6989813645273447,0.7194826129563152,0.2012747048214078,0.9307451898314058,30.782746367454536,0.0231022192910313,0.7955376298576593,1.5,0.947817820745334,0.5074573553726077
F21410,F21,P01,24,2221410,0.7014863938242197,0.7127150348313152,0.2207815407589078,0.9239072015501557,30.886545195579536,0.0210123755410313,0.7880659501701592,1.5,0.9479446273859591,0.5206263006851077
F21411,F21,P01,24,2221411,0.6989287278085947,0.7125646442063152,0.20565947044640778,0.9287641351439058,30.800851836204536,0.0211881567910313,0.7959888017326593,1.499681396484375,0.9560052230890841,0.5072522772476077
F21750,F22,P01,24,2221750,0.7112170090585946,0.7181188434250652,0.1978665016964078,0.9200431878782808,30.865363554954538,0.0208292700722813,0.8089223954826593,1.490478515625,0.952076609807834,0.5236621893569827
F21758,F22,P01,24,2221758,0.7094943528085946,0.7157125934250652,0.1959133766964078,0.9193541253782808,30.934269804954535,0.0236417700722813,0.7676880204826593,1.5,0.943846141057834,0.5196778143569827
F21816,F22,P01,24,2221816,0.7068050949960947,0.7262672809250652,0.20175322044640778,0.9339584222532807,31.073840117454537,0.0240323950722813,0.7907388017326593,1.491328125,0.957675242620334,0.5282910956069827
F21821,F22,P01,24,2221821,0.7008284348398447,0.7247633746750652,0.2105325173214078,0.9237277581907808,30.936906523704536,0.0257902075722813,0.8139673173576593,1.4854833984375,0.959881199651584,0.5145508612319827
