CASE_ID,GROUP_ID,P00,FINITE_STATE,CAL_PASS,DEV_PASS,SEP_PASS
F01497,F02,P01,true,4,40,4
F11134,F11,P01,true,4,40,4
F13375,F14,P01,true,4,40,4
F15366,F16,P01,true,4,40,4
F18002,F18,P01,true,4,40,4
F20575,F21,P01,true,4,40,4
F21132,F21,P01,true,4,40,4
F21639,F22,P01,true,4,40,4
F22562,F23,P01,true,4,40,4
F23086,F23,P01,true,4,40,4
F23921,F24,P01,true,4,40,4
F24142,F24,P01,true,4,40,4
F24546,F24,P01,true,4,40,4
F00317,F01,P01,true,3,40,4
F00629,F01,P01,true,3,40,4
F00644,F01,P01,true,3,40,4
F01512,F02,P01,true,3,40,4
F03213,F04,P01,true,3,40,4
F03610,F04,P01,true,3,40,4
F05122,F06,P01,true,3,40,4
F09431,F10,P01,true,3,40,4
F09989,F10,P01,true,3,40,4
F10085,F10,P01,true,3,40,4
F10645,F11,P01,true,3,40,4
F11469,F12,P01,true,3,40,4
F11968,F12,P01,true,3,40,4
F12097,F12,P01,true,3,40,4
F16828,F17,P01,true,3,40,4
F17877,F18,P01,true,3,40,4
F18041,F18,P01,true,3,40,4
F18114,F18,P01,true,3,40,4
F18400,F18,P01,true,3,40,4
F18508,F19,P01,true,3,40,4
F19162,F19,P01,true,3,40,4
F19741,F20,P01,true,3,40,4
F22518,F22,P01,true,3,40,4
F24425,F24,P01,true,3,40,4
F09721,F10,P01,true,2,40,4
F00069,F01,P01,true,4,39,4
F00112,F01,P01,true,4,39,4
F00120,F01,P01,true,4,39,4
F00282,F01,P01,true,4,39,4
F00686,F01,P01,true,4,39,4
F00716,F01,P01,true,4,39,4
F00749,F01,P01,true,4,39,4
F00782,F01,P01,true,4,39,4
F00869,F01,P01,true,4,39,4
F00907,F01,P01,true,4,39,4
F01076,F02,P01,true,4,39,4
F01193,F02,P01,true,4,39,4
F01207,F02,P01,true,4,39,4
F01296,F02,P01,true,4,39,4
F01440,F02,P01,true,4,39,4
F01448,F02,P01,true,4,39,4
F01658,F02,P01,true,4,39,4
F01773,F02,P01,true,4,39,4
F01783,F02,P01,true,4,39,4
F01796,F02,P01,true,4,39,4
F01886,F02,P01,true,4,39,4
F01899,F02,P01,true,4,39,4
F02026,F02,P01,true,4,39,4
F02046,F02,P01,true,4,39,4
F02097,F03,P01,true,4,39,4
F02116,F03,P01,true,4,39,4
F02186,F03,P01,true,4,39,4
F02252,F03,P01,true,4,39,4
F02551,F03,P01,true,4,39,4
F02694,F03,P01,true,4,39,4
F02773,F03,P01,true,4,39,4
F03049,F03,P01,true,4,39,4
F03204,F04,P01,true,4,39,4
F03380,F04,P01,true,4,39,4
F03388,F04,P01,true,4,39,4
F03482,F04,P01,true,4,39,4
F03483,F04,P01,true,4,39,4
F03825,F04,P01,true,4,39,4
F03826,F04,P01,true,4,39,4
F08478,F09,P01,true,4,39,4
F09336,F10,P01,true,4,39,4
F10015,F10,P01,true,4,39,4
F10222,F10,P01,true,4,39,4
F10484,F11,P01,true,4,39,4
F12418,F13,P01,true,4,39,4
F12460,F13,P01,true,4,39,4
F12489,F13,P01,true,4,39,4
F12497,F13,P01,true,4,39,4
F12676,F13,P01,true,4,39,4
F12679,F13,P01,true,4,39,4
F12701,F13,P01,true,4,39,4
F12705,F13,P01,true,4,39,4
F12842,F13,P01,true,4,39,4
F13023,F13,P01,true,4,39,4
F13119,F13,P01,true,4,39,4
F13140,F13,P01,true,4,39,4
F13462,F14,P01,true,4,39,4
F13475,F14,P01,true,4,39,4
F13539,F14,P01,true,4,39,4
F13622,F14,P01,true,4,39,4
F13661,F14,P01,true,4,39,4
F13808,F14,P01,true,4,39,4
F13832,F14,P01,true,4,39,4
F13947,F14,P01,true,4,39,4
F13952,F14,P01,true,4,39,4
F14160,F14,P01,true,4,39,4
F14223,F14,P01,true,4,39,4
F14356,F15,P01,true,4,39,4
F14373,F15,P01,true,4,39,4
F14726,F15,P01,true,4,39,4
F14728,F15,P01,true,4,39,4
F14883,F15,P01,true,4,39,4
F14915,F15,P01,true,4,39,4
F14919,F15,P01,true,4,39,4
F15125,F15,P01,true,4,39,4
F15154,F15,P01,true,4,39,4
F15245,F15,P01,true,4,39,4
F15281,F15,P01,true,4,39,4
F15512,F16,P01,true,4,39,4
F15528,F16,P01,true,4,39,4
F15810,F16,P01,true,4,39,4
F15970,F16,P01,true,4,39,4
F16103,F16,P01,true,4,39,4
F16119,F16,P01,true,4,39,4
F16121,F16,P01,true,4,39,4
F16178,F16,P01,true,4,39,4
F16324,F16,P01,true,4,39,4
F16363,F16,P01,true,4,39,4
F16704,F17,P01,true,4,39,4
F16867,F17,P01,true,4,39,4
F17752,F18,P01,true,4,39,4
F18211,F18,P01,true,4,39,4
F18722,F19,P01,true,4,39,4
F19126,F19,P01,true,4,39,4
F19577,F20,P01,true,4,39,4
F19588,F20,P01,true,4,39,4
F19796,F20,P01,true,4,39,4
F19798,F20,P01,true,4,39,4
F20250,F20,P01,true,4,39,4
F20317,F20,P01,true,4,39,4
F20324,F20,P01,true,4,39,4
F20667,F21,P01,true,4,39,4
F20736,F21,P01,true,4,39,4
F20972,F21,P01,true,4,39,4
F21131,F21,P01,true,4,39,4
F21359,F21,P01,true,4,39,4
F21405,F21,P01,true,4,39,4
F21428,F21,P01,true,4,39,4
F21472,F21,P01,true,4,39,4
F21524,F22,P01,true,4,39,4
F21645,F22,P01,true,4,39,4
F21651,F22,P01,true,4,39,4
F21699,F22,P01,true,4,39,4
F21809,F22,P01,true,4,39,4
F21822,F22,P01,true,4,39,4
F21823,F22,P01,true,4,39,4
F22086,F22,P01,true,4,39,4
F22216,F22,P01,true,4,39,4
F22671,F23,P01,true,4,39,4
F22688,F23,P01,true,4,39,4
F22781,F23,P01,true,4,39,4
F22850,F23,P01,true,4,39,4
F23460,F23,P01,true,4,39,4
F23683,F24,P01,true,4,39,4
F24199,F24,P01,true,4,39,4
F24263,F24,P01,true,4,39,4
F24487,F24,P01,true,4,39,4
F24488,F24,P01,true,4,39,4
F00119,F01,P01,true,3,39,4
F00357,F01,P01,true,3,39,4
F00412,F01,P01,true,3,39,4
F00443,F01,P01,true,3,39,4
F00551,F01,P01,true,3,39,4
F00609,F01,P01,true,3,39,4
F00661,F01,P01,true,3,39,4
F00699,F01,P01,true,3,39,4
F00987,F01,P01,true,3,39,4
F01086,F02,P01,true,3,39,4
F01140,F02,P01,true,3,39,4
F01187,F02,P01,true,3,39,4
F01279,F02,P01,true,3,39,4
F01415,F02,P01,true,3,39,4
F01431,F02,P01,true,3,39,4
F01528,F02,P01,true,3,39,4
F01555,F02,P01,true,3,39,4
F01732,F02,P01,true,3,39,4
F01800,F02,P01,true,3,39,4
F01925,F02,P01,true,3,39,4
F01936,F02,P01,true,3,39,4
F02007,F02,P01,true,3,39,4
F02060,F03,P01,true,3,39,4
F02101,F03,P01,true,3,39,4
F02142,F03,P01,true,3,39,4
F02194,F03,P01,true,3,39,4
F02311,F03,P01,true,3,39,4
F02324,F03,P01,true,3,39,4
F02370,F03,P01,true,3,39,4
F02585,F03,P01,true,3,39,4
F02860,F03,P01,true,3,39,4
F02892,F03,P01,true,3,39,4
F02993,F03,P01,true,3,39,4
F03045,F03,P01,true,3,39,4
F03104,F04,P01,true,3,39,4
F03105,F04,P01,true,3,39,4
F03119,F04,P01,true,3,39,4
F03166,F04,P01,true,3,39,4
F03217,F04,P01,true,3,39,4
F03882,F04,P01,true,3,39,4
F04006,F04,P01,true,3,39,4
F04374,F05,P01,true,3,39,4
F04491,F05,P01,true,3,39,4
F04514,F05,P01,true,3,39,4
F04828,F05,P01,true,3,39,4
F05030,F05,P01,true,3,39,4
F05678,F06,P01,true,3,39,4
F05802,F06,P01,true,3,39,4
F05825,F06,P01,true,3,39,4
F05871,F06,P01,true,3,39,4
F05914,F06,P01,true,3,39,4
F06364,F07,P01,true,3,39,4
F06469,F07,P01,true,3,39,4
F06885,F07,P01,true,3,39,4
F07020,F07,P01,true,3,39,4
F07261,F08,P01,true,3,39,4
F07293,F08,P01,true,3,39,4
F07627,F08,P01,true,3,39,4
F07670,F08,P01,true,3,39,4
F07953,F08,P01,true,3,39,4
F08179,F08,P01,true,3,39,4
F08322,F09,P01,true,3,39,4
F08329,F09,P01,true,3,39,4
F08337,F09,P01,true,3,39,4
F08461,F09,P01,true,3,39,4
F08531,F09,P01,true,3,39,4
F08547,F09,P01,true,3,39,4
F08689,F09,P01,true,3,39,4
F08779,F09,P01,true,3,39,4
F08921,F09,P01,true,3,39,4
F09034,F09,P01,true,3,39,4
F09050,F09,P01,true,3,39,4
F09081,F09,P01,true,3,39,4
F09086,F09,P01,true,3,39,4
F09196,F09,P01,true,3,39,4
F09201,F09,P01,true,3,39,4
F09254,F10,P01,true,3,39,4
F09367,F10,P01,true,3,39,4
F09456,F10,P01,true,3,39,4
F09604,F10,P01,true,3,39,4
F09662,F10,P01,true,3,39,4
F09695,F10,P01,true,3,39,4
F09720,F10,P01,true,3,39,4
F09864,F10,P01,true,3,39,4
F09888,F10,P01,true,3,39,4
F09906,F10,P01,true,3,39,4
F09930,F10,P01,true,3,39,4
F09940,F10,P01,true,3,39,4
F09956,F10,P01,true,3,39,4
F09965,F10,P01,true,3,39,4
F09978,F10,P01,true,3,39,4
F10021,F10,P01,true,3,39,4
F10103,F10,P01,true,3,39,4
F10147,F10,P01,true,3,39,4
F10153,F10,P01,true,3,39,4
F10220,F10,P01,true,3,39,4
F10253,F11,P01,true,3,39,4
F10331,F11,P01,true,3,39,4
F10339,F11,P01,true,3,39,4
F10403,F11,P01,true,3,39,4
F10512,F11,P01,true,3,39,4
F10548,F11,P01,true,3,39,4
F10585,F11,P01,true,3,39,4
F10644,F11,P01,true,3,39,4
F10674,F11,P01,true,3,39,4
F10716,F11,P01,true,3,39,4
F10730,F11,P01,true,3,39,4
F10734,F11,P01,true,3,39,4
F10736,F11,P01,true,3,39,4
F10793,F11,P01,true,3,39,4
F10874,F11,P01,true,3,39,4
F10899,F11,P01,true,3,39,4
F10904,F11,P01,true,3,39,4
F10905,F11,P01,true,3,39,4
F10911,F11,P01,true,3,39,4
F10926,F11,P01,true,3,39,4
F11042,F11,P01,true,3,39,4
F11044,F11,P01,true,3,39,4
F11050,F11,P01,true,3,39,4
F11086,F11,P01,true,3,39,4
F11105,F11,P01,true,3,39,4
F11117,F11,P01,true,3,39,4
F11195,F11,P01,true,3,39,4
F11694,F12,P01,true,3,39,4
F11795,F12,P01,true,3,39,4
F11796,F12,P01,true,3,39,4
F11809,F12,P01,true,3,39,4
F12101,F12,P01,true,3,39,4
F12246,F12,P01,true,3,39,4
F12252,F12,P01,true,3,39,4
F12254,F12,P01,true,3,39,4
F12277,F12,P01,true,3,39,4
F13004,F13,P01,true,3,39,4
F13524,F14,P01,true,3,39,4
F13709,F14,P01,true,3,39,4
F13949,F14,P01,true,3,39,4
F14179,F14,P01,true,3,39,4
F14197,F14,P01,true,3,39,4
F14492,F15,P01,true,3,39,4
F14559,F15,P01,true,3,39,4
F14733,F15,P01,true,3,39,4
F15536,F16,P01,true,3,39,4
F15598,F16,P01,true,3,39,4
F15721,F16,P01,true,3,39,4
F15820,F16,P01,true,3,39,4
F16226,F16,P01,true,3,39,4
F16254,F16,P01,true,3,39,4
F16339,F16,P01,true,3,39,4
F16398,F17,P01,true,3,39,4
F16570,F17,P01,true,3,39,4
F16580,F17,P01,true,3,39,4
F16596,F17,P01,true,3,39,4
F16618,F17,P01,true,3,39,4
F16695,F17,P01,true,3,39,4
F16739,F17,P01,true,3,39,4
F16785,F17,P01,true,3,39,4
F16802,F17,P01,true,3,39,4
F16845,F17,P01,true,3,39,4
F16935,F17,P01,true,3,39,4
F17060,F17,P01,true,3,39,4
F17135,F17,P01,true,3,39,4
F17155,F17,P01,true,3,39,4
F17177,F17,P01,true,3,39,4
F17186,F17,P01,true,3,39,4
F17196,F17,P01,true,3,39,4
F17228,F17,P01,true,3,39,4
F17313,F17,P01,true,3,39,4
F17379,F17,P01,true,3,39,4
F17409,F18,P01,true,3,39,4
F17494,F18,P01,true,3,39,4
F17563,F18,P01,true,3,39,4
F17574,F18,P01,true,3,39,4
F17641,F18,P01,true,3,39,4
F17767,F18,P01,true,3,39,4
F17834,F18,P01,true,3,39,4
F17975,F18,P01,true,3,39,4
F18080,F18,P01,true,3,39,4
F18127,F18,P01,true,3,39,4
F18148,F18,P01,true,3,39,4
F18151,F18,P01,true,3,39,4
F18167,F18,P01,true,3,39,4
F18181,F18,P01,true,3,39,4
F18344,F18,P01,true,3,39,4
F18375,F18,P01,true,3,39,4
F18414,F18,P01,true,3,39,4
F18466,F19,P01,true,3,39,4
F18538,F19,P01,true,3,39,4
F18628,F19,P01,true,3,39,4
F18702,F19,P01,true,3,39,4
F18733,F19,P01,true,3,39,4
F18753,F19,P01,true,3,39,4
F18824,F19,P01,true,3,39,4
F18876,F19,P01,true,3,39,4
F18886,F19,P01,true,3,39,4
F18921,F19,P01,true,3,39,4
F19033,F19,P01,true,3,39,4
F19077,F19,P01,true,3,39,4
F19087,F19,P01,true,3,39,4
F19095,F19,P01,true,3,39,4
F19123,F19,P01,true,3,39,4
F19140,F19,P01,true,3,39,4
F19171,F19,P01,true,3,39,4
F19196,F19,P01,true,3,39,4
F19248,F19,P01,true,3,39,4
F19279,F19,P01,true,3,39,4
F19281,F19,P01,true,3,39,4
F19362,F19,P01,true,3,39,4
F19401,F19,P01,true,3,39,4
F19468,F20,P01,true,3,39,4
F19595,F20,P01,true,3,39,4
F19602,F20,P01,true,3,39,4
F19760,F20,P01,true,3,39,4
F19776,F20,P01,true,3,39,4
F19824,F20,P01,true,3,39,4
F19925,F20,P01,true,3,39,4
F20045,F20,P01,true,3,39,4
F20058,F20,P01,true,3,39,4
F20383,F20,P01,true,3,39,4
F20860,F21,P01,true,3,39,4
F20955,F21,P01,true,3,39,4
F21929,F22,P01,true,3,39,4
F23070,F23,P01,true,3,39,4
F23361,F23,P01,true,3,39,4
F23682,F24,P01,true,3,39,4
F24030,F24,P01,true,3,39,4
F08449,F09,P01,true,2,39,4
F09596,F10,P01,true,2,39,4
F11923,F12,P01,true,2,39,4
F12201,F12,P01,true,2,39,4
F15166,F15,P01,true,2,39,4
F16613,F17,P01,true,2,39,4
F17364,F17,P01,true,2,39,4
F19521,F20,P01,true,2,39,4
F20124,F20,P01,true,2,39,4
F02673,F03,P01,true,4,39,3
F03480,F04,P01,true,4,39,3
F23440,F23,P01,true,4,39,3
F03359,F04,P01,true,3,39,3
F11899,F12,P01,true,3,39,3
F00057,F01,P01,true,4,38,4
F00148,F01,P01,true,4,38,4
F00152,F01,P01,true,4,38,4
F00223,F01,P01,true,4,38,4
F00295,F01,P01,true,4,38,4
F00380,F01,P01,true,4,38,4
F00386,F01,P01,true,4,38,4
F00427,F01,P01,true,4,38,4
F00596,F01,P01,true,4,38,4
F00781,F01,P01,true,4,38,4
F00801,F01,P01,true,4,38,4
F00918,F01,P01,true,4,38,4
F00926,F01,P01,true,4,38,4
F00928,F01,P01,true,4,38,4
F00937,F01,P01,true,4,38,4
F00961,F01,P01,true,4,38,4
F00985,F01,P01,true,4,38,4
F01006,F01,P01,true,4,38,4
F01007,F01,P01,true,4,38,4
F01054,F02,P01,true,4,38,4
F01103,F02,P01,true,4,38,4
F01157,F02,P01,true,4,38,4
F01181,F02,P01,true,4,38,4
F01225,F02,P01,true,4,38,4
F01315,F02,P01,true,4,38,4
F01338,F02,P01,true,4,38,4
F01380,F02,P01,true,4,38,4
F01394,F02,P01,true,4,38,4
F01404,F02,P01,true,4,38,4
F01478,F02,P01,true,4,38,4
F01486,F02,P01,true,4,38,4
F01492,F02,P01,true,4,38,4
F01508,F02,P01,true,4,38,4
F01514,F02,P01,true,4,38,4
F01543,F02,P01,true,4,38,4
F01546,F02,P01,true,4,38,4
F01562,F02,P01,true,4,38,4
F01582,F02,P01,true,4,38,4
F01587,F02,P01,true,4,38,4
F01604,F02,P01,true,4,38,4
F01690,F02,P01,true,4,38,4
F01697,F02,P01,true,4,38,4
F01716,F02,P01,true,4,38,4
F01753,F02,P01,true,4,38,4
F01758,F02,P01,true,4,38,4
F01820,F02,P01,true,4,38,4
F01846,F02,P01,true,4,38,4
F01894,F02,P01,true,4,38,4
F01909,F02,P01,true,4,38,4
F01916,F02,P01,true,4,38,4
F01939,F02,P01,true,4,38,4
F01960,F02,P01,true,4,38,4
F01961,F02,P01,true,4,38,4
F02125,F03,P01,true,4,38,4
F02151,F03,P01,true,4,38,4
F02200,F03,P01,true,4,38,4
F02287,F03,P01,true,4,38,4
F02289,F03,P01,true,4,38,4
F02328,F03,P01,true,4,38,4
F02339,F03,P01,true,4,38,4
F02352,F03,P01,true,4,38,4
F02397,F03,P01,true,4,38,4
F02421,F03,P01,true,4,38,4
F02531,F03,P01,true,4,38,4
F02536,F03,P01,true,4,38,4
F02573,F03,P01,true,4,38,4
F02636,F03,P01,true,4,38,4
F02652,F03,P01,true,4,38,4
F02739,F03,P01,true,4,38,4
F02811,F03,P01,true,4,38,4
F02828,F03,P01,true,4,38,4
F02837,F03,P01,true,4,38,4
F02847,F03,P01,true,4,38,4
F03018,F03,P01,true,4,38,4
F03083,F04,P01,true,4,38,4
F03107,F04,P01,true,4,38,4
F03108,F04,P01,true,4,38,4
F03179,F04,P01,true,4,38,4
F03210,F04,P01,true,4,38,4
F03313,F04,P01,true,4,38,4
F03453,F04,P01,true,4,38,4
F03555,F04,P01,true,4,38,4
F03601,F04,P01,true,4,38,4
F03769,F04,P01,true,4,38,4
F03773,F04,P01,true,4,38,4
F03794,F04,P01,true,4,38,4
F03839,F04,P01,true,4,38,4
F03841,F04,P01,true,4,38,4
F03844,F04,P01,true,4,38,4
F03937,F04,P01,true,4,38,4
F03942,F04,P01,true,4,38,4
F03944,F04,P01,true,4,38,4
F04070,F04,P01,true,4,38,4
F04515,F05,P01,true,4,38,4
F05599,F06,P01,true,4,38,4
F06448,F07,P01,true,4,38,4
F08233,F09,P01,true,4,38,4
F08281,F09,P01,true,4,38,4
F08418,F09,P01,true,4,38,4
F08856,F09,P01,true,4,38,4
F08916,F09,P01,true,4,38,4
F09085,F09,P01,true,4,38,4
F09505,F10,P01,true,4,38,4
F09631,F10,P01,true,4,38,4
F09785,F10,P01,true,4,38,4
F09840,F10,P01,true,4,38,4
F10127,F10,P01,true,4,38,4
F10471,F11,P01,true,4,38,4
F10543,F11,P01,true,4,38,4
F10988,F11,P01,true,4,38,4
F11040,F11,P01,true,4,38,4
F11052,F11,P01,true,4,38,4
F11278,F12,P01,true,4,38,4
F11566,F12,P01,true,4,38,4
F12335,F13,P01,true,4,38,4
F12339,F13,P01,true,4,38,4
F12369,F13,P01,true,4,38,4
F12393,F13,P01,true,4,38,4
F12425,F13,P01,true,4,38,4
F12431,F13,P01,true,4,38,4
F12434,F13,P01,true,4,38,4
F12436,F13,P01,true,4,38,4
F12445,F13,P01,true,4,38,4
F12457,F13,P01,true,4,38,4
F12466,F13,P01,true,4,38,4
F12480,F13,P01,true,4,38,4
F12517,F13,P01,true,4,38,4
F12523,F13,P01,true,4,38,4
F12534,F13,P01,true,4,38,4
F12536,F13,P01,true,4,38,4
F12565,F13,P01,true,4,38,4
F12660,F13,P01,true,4,38,4
F12684,F13,P01,true,4,38,4
F12749,F13,P01,true,4,38,4
F12761,F13,P01,true,4,38,4
F12762,F13,P01,true,4,38,4
F12765,F13,P01,true,4,38,4
F12774,F13,P01,true,4,38,4
F12777,F13,P01,true,4,38,4
F12799,F13,P01,true,4,38,4
F12812,F13,P01,true,4,38,4
F12858,F13,P01,true,4,38,4
F12862,F13,P01,true,4,38,4
F12878,F13,P01,true,4,38,4
F12895,F13,P01,true,4,38,4
F12906,F13,P01,true,4,38,4
F12914,F13,P01,true,4,38,4
F12922,F13,P01,true,4,38,4
F12935,F13,P01,true,4,38,4
F12946,F13,P01,true,4,38,4
F12960,F13,P01,true,4,38,4
F12970,F13,P01,true,4,38,4
F12974,F13,P01,true,4,38,4
F12999,F13,P01,true,4,38,4
F13012,F13,P01,true,4,38,4
F13033,F13,P01,true,4,38,4
F13077,F13,P01,true,4,38,4
F13122,F13,P01,true,4,38,4
F13139,F13,P01,true,4,38,4
F13172,F13,P01,true,4,38,4
F13179,F13,P01,true,4,38,4
F13193,F13,P01,true,4,38,4
F13199,F13,P01,true,4,38,4
F13239,F13,P01,true,4,38,4
F13247,F13,P01,true,4,38,4
F13325,F14,P01,true,4,38,4
F13352,F14,P01,true,4,38,4
F13406,F14,P01,true,4,38,4
F13417,F14,P01,true,4,38,4
F13430,F14,P01,true,4,38,4
F13485,F14,P01,true,4,38,4
F13503,F14,P01,true,4,38,4
F13546,F14,P01,true,4,38,4
F13588,F14,P01,true,4,38,4
F13629,F14,P01,true,4,38,4
F13650,F14,P01,true,4,38,4
F13677,F14,P01,true,4,38,4
F13686,F14,P01,true,4,38,4
F13714,F14,P01,true,4,38,4
F13731,F14,P01,true,4,38,4
F13732,F14,P01,true,4,38,4
F13735,F14,P01,true,4,38,4
F13744,F14,P01,true,4,38,4
F13753,F14,P01,true,4,38,4
F13763,F14,P01,true,4,38,4
F13769,F14,P01,true,4,38,4
F13843,F14,P01,true,4,38,4
F13845,F14,P01,true,4,38,4
F13939,F14,P01,true,4,38,4
F14000,F14,P01,true,4,38,4
F14027,F14,P01,true,4,38,4
F14052,F14,P01,true,4,38,4
F14058,F14,P01,true,4,38,4
F14062,F14,P01,true,4,38,4
F14084,F14,P01,true,4,38,4
F14109,F14,P01,true,4,38,4
F14187,F14,P01,true,4,38,4
F14236,F14,P01,true,4,38,4
F14275,F14,P01,true,4,38,4
F14285,F14,P01,true,4,38,4
F14306,F14,P01,true,4,38,4
F14400,F15,P01,true,4,38,4
F14403,F15,P01,true,4,38,4
F14410,F15,P01,true,4,38,4
F14436,F15,P01,true,4,38,4
F14450,F15,P01,true,4,38,4
F14465,F15,P01,true,4,38,4
F14486,F15,P01,true,4,38,4
F14540,F15,P01,true,4,38,4
F14567,F15,P01,true,4,38,4
F14610,F15,P01,true,4,38,4
F14644,F15,P01,true,4,38,4
F14673,F15,P01,true,4,38,4
F14703,F15,P01,true,4,38,4
F14721,F15,P01,true,4,38,4
F14735,F15,P01,true,4,38,4
F14758,F15,P01,true,4,38,4
F14765,F15,P01,true,4,38,4
F14840,F15,P01,true,4,38,4
F14845,F15,P01,true,4,38,4
F14866,F15,P01,true,4,38,4
F14948,F15,P01,true,4,38,4
F15021,F15,P01,true,4,38,4
F15136,F15,P01,true,4,38,4
F15190,F15,P01,true,4,38,4
F15194,F15,P01,true,4,38,4
F15225,F15,P01,true,4,38,4
F15244,F15,P01,true,4,38,4
F15316,F15,P01,true,4,38,4
F15324,F15,P01,true,4,38,4
F15326,F15,P01,true,4,38,4
F15367,F16,P01,true,4,38,4
F15375,F16,P01,true,4,38,4
F15391,F16,P01,true,4,38,4
F15407,F16,P01,true,4,38,4
F15430,F16,P01,true,4,38,4
F15560,F16,P01,true,4,38,4
F15594,F16,P01,true,4,38,4
F15623,F16,P01,true,4,38,4
F15651,F16,P01,true,4,38,4
F15686,F16,P01,true,4,38,4
F15754,F16,P01,true,4,38,4
F15831,F16,P01,true,4,38,4
F15853,F16,P01,true,4,38,4
F15854,F16,P01,true,4,38,4
F15890,F16,P01,true,4,38,4
F15916,F16,P01,true,4,38,4
F15992,F16,P01,true,4,38,4
F16102,F16,P01,true,4,38,4
F16207,F16,P01,true,4,38,4
F16216,F16,P01,true,4,38,4
F16261,F16,P01,true,4,38,4
F16312,F16,P01,true,4,38,4
F16635,F17,P01,true,4,38,4
F16972,F17,P01,true,4,38,4
F17426,F18,P01,true,4,38,4
F18145,F18,P01,true,4,38,4
F18232,F18,P01,true,4,38,4
F18308,F18,P01,true,4,38,4
F18384,F18,P01,true,4,38,4
F18549,F19,P01,true,4,38,4
F18655,F19,P01,true,4,38,4
F18786,F19,P01,true,4,38,4
F18857,F19,P01,true,4,38,4
F19121,F19,P01,true,4,38,4
F19195,F19,P01,true,4,38,4
F19268,F19,P01,true,4,38,4
F19282,F19,P01,true,4,38,4
F19379,F19,P01,true,4,38,4
F19572,F20,P01,true,4,38,4
F19679,F20,P01,true,4,38,4
F19794,F20,P01,true,4,38,4
F19804,F20,P01,true,4,38,4
F19850,F20,P01,true,4,38,4
F19971,F20,P01,true,4,38,4
F20258,F20,P01,true,4,38,4
F20374,F20,P01,true,4,38,4
F20496,F21,P01,true,4,38,4
F20499,F21,P01,true,4,38,4
F20509,F21,P01,true,4,38,4
F20514,F21,P01,true,4,38,4
F20564,F21,P01,true,4,38,4
F20584,F21,P01,true,4,38,4
F20633,F21,P01,true,4,38,4
F20634,F21,P01,true,4,38,4
F20676,F21,P01,true,4,38,4
F20678,F21,P01,true,4,38,4
F20698,F21,P01,true,4,38,4
F20735,F21,P01,true,4,38,4
F20782,F21,P01,true,4,38,4
F20789,F21,P01,true,4,38,4
F20839,F21,P01,true,4,38,4
F20851,F21,P01,true,4,38,4
F21024,F21,P01,true,4,38,4
F21026,F21,P01,true,4,38,4
F21200,F21,P01,true,4,38,4
F21235,F21,P01,true,4,38,4
F21236,F21,P01,true,4,38,4
F21240,F21,P01,true,4,38,4
F21310,F21,P01,true,4,38,4
F21346,F21,P01,true,4,38,4
F21365,F21,P01,true,4,38,4
F21410,F21,P01,true,4,38,4
F21411,F21,P01,true,4,38,4
F21520,F22,P01,true,4,38,4
F21529,F22,P01,true,4,38,4
F21536,F22,P01,true,4,38,4
F21711,F22,P01,true,4,38,4
F21750,F22,P01,true,4,38,4
F21758,F22,P01,true,4,38,4
F21816,F22,P01,true,4,38,4
F21821,F22,P01,true,4,38,4
F21826,F22,P01,true,4,38,4
F21887,F22,P01,true,4,38,4
F21937,F22,P01,true,4,38,4
F22044,F22,P01,true,4,38,4
F22057,F22,P01,true,4,38,4
F22171,F22,P01,true,4,38,4
F22174,F22,P01,true,4,38,4
F22275,F22,P01,true,4,38,4
F22276,F22,P01,true,4,38,4
F22278,F22,P01,true,4,38,4
F22281,F22,P01,true,4,38,4
F22346,F22,P01,true,4,38,4
F22384,F22,P01,true,4,38,4
F22432,F22,P01,true,4,38,4
F22459,F22,P01,true,4,38,4
F22502,F22,P01,true,4,38,4
F22511,F22,P01,true,4,38,4
F22517,F22,P01,true,4,38,4
F22658,F23,P01,true,4,38,4
F22663,F23,P01,true,4,38,4
F22719,F23,P01,true,4,38,4
F22737,F23,P01,true,4,38,4
F22775,F23,P01,true,4,38,4
F22792,F23,P01,true,4,38,4
F22953,F23,P01,true,4,38,4
F23006,F23,P01,true,4,38,4
F23077,F23,P01,true,4,38,4
F23117,F23,P01,true,4,38,4
F23197,F23,P01,true,4,38,4
F23198,F23,P01,true,4,38,4
F23312,F23,P01,true,4,38,4
F23355,F23,P01,true,4,38,4
F23362,F23,P01,true,4,38,4
F23517,F23,P01,true,4,38,4
F23695,F24,P01,true,4,38,4
F23759,F24,P01,true,4,38,4
F23797,F24,P01,true,4,38,4
F23865,F24,P01,true,4,38,4
F24042,F24,P01,true,4,38,4
F24048,F24,P01,true,4,38,4
F24085,F24,P01,true,4,38,4
F24154,F24,P01,true,4,38,4
F24212,F24,P01,true,4,38,4
F24215,F24,P01,true,4,38,4
F24221,F24,P01,true,4,38,4
F24266,F24,P01,true,4,38,4
F24313,F24,P01,true,4,38,4
F24367,F24,P01,true,4,38,4
F24388,F24,P01,true,4,38,4
F24496,F24,P01,true,4,38,4
F00014,F01,P01,true,3,38,4
F00030,F01,P01,true,3,38,4
F00068,F01,P01,true,3,38,4
F00100,F01,P01,true,3,38,4
F00101,F01,P01,true,3,38,4
F00125,F01,P01,true,3,38,4
F00159,F01,P01,true,3,38,4
F00228,F01,P01,true,3,38,4
F00247,F01,P01,true,3,38,4
F00249,F01,P01,true,3,38,4
F00270,F01,P01,true,3,38,4
F00325,F01,P01,true,3,38,4
F00367,F01,P01,true,3,38,4
F00385,F01,P01,true,3,38,4
F00421,F01,P01,true,3,38,4
F00474,F01,P01,true,3,38,4
F00539,F01,P01,true,3,38,4
F00690,F01,P01,true,3,38,4
F00780,F01,P01,true,3,38,4
F00799,F01,P01,true,3,38,4
F00861,F01,P01,true,3,38,4
F00919,F01,P01,true,3,38,4
F00989,F01,P01,true,3,38,4
F01013,F01,P01,true,3,38,4
F01019,F01,P01,true,3,38,4
F01138,F02,P01,true,3,38,4
F01177,F02,P01,true,3,38,4
F01294,F02,P01,true,3,38,4
F01318,F02,P01,true,3,38,4
F01323,F02,P01,true,3,38,4
F01325,F02,P01,true,3,38,4
F01342,F02,P01,true,3,38,4
F01399,F02,P01,true,3,38,4
F01409,F02,P01,true,3,38,4
F01460,F02,P01,true,3,38,4
F01473,F02,P01,true,3,38,4
F01491,F02,P01,true,3,38,4
F01585,F02,P01,true,3,38,4
F01623,F02,P01,true,3,38,4
F01635,F02,P01,true,3,38,4
F01662,F02,P01,true,3,38,4
F01675,F02,P01,true,3,38,4
F01733,F02,P01,true,3,38,4
F01736,F02,P01,true,3,38,4
F01764,F02,P01,true,3,38,4
F01767,F02,P01,true,3,38,4
F01772,F02,P01,true,3,38,4
F01839,F02,P01,true,3,38,4
F01871,F02,P01,true,3,38,4
F01906,F02,P01,true,3,38,4
F01948,F02,P01,true,3,38,4
F01970,F02,P01,true,3,38,4
F01983,F02,P01,true,3,38,4
F02029,F02,P01,true,3,38,4
F02059,F03,P01,true,3,38,4
F02081,F03,P01,true,3,38,4
F02084,F03,P01,true,3,38,4
F02107,F03,P01,true,3,38,4
F02118,F03,P01,true,3,38,4
F02130,F03,P01,true,3,38,4
F02148,F03,P01,true,3,38,4
F02150,F03,P01,true,3,38,4
F02196,F03,P01,true,3,38,4
F02232,F03,P01,true,3,38,4
F02238,F03,P01,true,3,38,4
F02310,F03,P01,true,3,38,4
F02315,F03,P01,true,3,38,4
F02317,F03,P01,true,3,38,4
F02399,F03,P01,true,3,38,4
F02420,F03,P01,true,3,38,4
F02449,F03,P01,true,3,38,4
F02479,F03,P01,true,3,38,4
F02490,F03,P01,true,3,38,4
F02529,F03,P01,true,3,38,4
F02533,F03,P01,true,3,38,4
F02571,F03,P01,true,3,38,4
F02642,F03,P01,true,3,38,4
F02682,F03,P01,true,3,38,4
F02689,F03,P01,true,3,38,4
F02713,F03,P01,true,3,38,4
F02825,F03,P01,true,3,38,4
F02881,F03,P01,true,3,38,4
F02889,F03,P01,true,3,38,4
F02929,F03,P01,true,3,38,4
F02981,F03,P01,true,3,38,4
F02994,F03,P01,true,3,38,4
F03002,F03,P01,true,3,38,4
F03272,F04,P01,true,3,38,4
F03327,F04,P01,true,3,38,4
F03330,F04,P01,true,3,38,4
F03374,F04,P01,true,3,38,4
F03389,F04,P01,true,3,38,4
F03433,F04,P01,true,3,38,4
F03439,F04,P01,true,3,38,4
F03566,F04,P01,true,3,38,4
F03656,F04,P01,true,3,38,4
F03672,F04,P01,true,3,38,4
F03711,F04,P01,true,3,38,4
F03770,F04,P01,true,3,38,4
F03771,F04,P01,true,3,38,4
F03886,F04,P01,true,3,38,4
F03915,F04,P01,true,3,38,4
F03939,F04,P01,true,3,38,4
F03956,F04,P01,true,3,38,4
F04071,F04,P01,true,3,38,4
F04220,F05,P01,true,3,38,4
F04283,F05,P01,true,3,38,4
F04315,F05,P01,true,3,38,4
F04325,F05,P01,true,3,38,4
F04354,F05,P01,true,3,38,4
F04372,F05,P01,true,3,38,4
F04539,F05,P01,true,3,38,4
F04545,F05,P01,true,3,38,4
F04611,F05,P01,true,3,38,4
F04639,F05,P01,true,3,38,4
F04672,F05,P01,true,3,38,4
F04674,F05,P01,true,3,38,4
F04696,F05,P01,true,3,38,4
F04747,F05,P01,true,3,38,4
F04759,F05,P01,true,3,38,4
F04831,F05,P01,true,3,38,4
F04927,F05,P01,true,3,38,4
F05032,F05,P01,true,3,38,4
F05076,F05,P01,true,3,38,4
F05094,F05,P01,true,3,38,4
F05101,F05,P01,true,3,38,4
F05146,F06,P01,true,3,38,4
F05213,F06,P01,true,3,38,4
F05219,F06,P01,true,3,38,4
F05323,F06,P01,true,3,38,4
F05402,F06,P01,true,3,38,4
F05419,F06,P01,true,3,38,4
F05509,F06,P01,true,3,38,4
F05598,F06,P01,true,3,38,4
F05635,F06,P01,true,3,38,4
F05680,F06,P01,true,3,38,4
F05729,F06,P01,true,3,38,4
F05808,F06,P01,true,3,38,4
F05827,F06,P01,true,3,38,4
F05859,F06,P01,true,3,38,4
F05872,F06,P01,true,3,38,4
F05969,F06,P01,true,3,38,4
F05976,F06,P01,true,3,38,4
F05980,F06,P01,true,3,38,4
F05987,F06,P01,true,3,38,4
F06051,F06,P01,true,3,38,4
F06172,F07,P01,true,3,38,4
F06247,F07,P01,true,3,38,4
F06285,F07,P01,true,3,38,4
F06308,F07,P01,true,3,38,4
F06342,F07,P01,true,3,38,4
F06356,F07,P01,true,3,38,4
F06461,F07,P01,true,3,38,4
F06501,F07,P01,true,3,38,4
F06635,F07,P01,true,3,38,4
F06740,F07,P01,true,3,38,4
F06783,F07,P01,true,3,38,4
F06875,F07,P01,true,3,38,4
F06877,F07,P01,true,3,38,4
F06892,F07,P01,true,3,38,4
F06911,F07,P01,true,3,38,4
F06930,F07,P01,true,3,38,4
F07049,F07,P01,true,3,38,4
F07057,F07,P01,true,3,38,4
F07059,F07,P01,true,3,38,4
F07092,F07,P01,true,3,38,4
F07182,F08,P01,true,3,38,4
F07225,F08,P01,true,3,38,4
F07316,F08,P01,true,3,38,4
F07399,F08,P01,true,3,38,4
F07414,F08,P01,true,3,38,4
F07420,F08,P01,true,3,38,4
F07526,F08,P01,true,3,38,4
F07680,F08,P01,true,3,38,4
F07733,F08,P01,true,3,38,4
F07753,F08,P01,true,3,38,4
F07853,F08,P01,true,3,38,4
F07873,F08,P01,true,3,38,4
F07931,F08,P01,true,3,38,4
F07948,F08,P01,true,3,38,4
F07960,F08,P01,true,3,38,4
F07980,F08,P01,true,3,38,4
F08077,F08,P01,true,3,38,4
F08143,F08,P01,true,3,38,4
F08221,F09,P01,true,3,38,4
F08283,F09,P01,true,3,38,4
F08289,F09,P01,true,3,38,4
F08295,F09,P01,true,3,38,4
F08365,F09,P01,true,3,38,4
F08373,F09,P01,true,3,38,4
F08376,F09,P01,true,3,38,4
F08378,F09,P01,true,3,38,4
F08379,F09,P01,true,3,38,4
F08420,F09,P01,true,3,38,4
F08428,F09,P01,true,3,38,4
F08430,F09,P01,true,3,38,4
F08439,F09,P01,true,3,38,4
F08475,F09,P01,true,3,38,4
F08491,F09,P01,true,3,38,4
F08492,F09,P01,true,3,38,4
F08494,F09,P01,true,3,38,4
F08513,F09,P01,true,3,38,4
F08542,F09,P01,true,3,38,4
F08558,F09,P01,true,3,38,4
F08579,F09,P01,true,3,38,4
F08582,F09,P01,true,3,38,4
F08595,F09,P01,true,3,38,4
F08618,F09,P01,true,3,38,4
F08626,F09,P01,true,3,38,4
F08628,F09,P01,true,3,38,4
F08681,F09,P01,true,3,38,4
F08683,F09,P01,true,3,38,4
F08695,F09,P01,true,3,38,4
F08725,F09,P01,true,3,38,4
F08731,F09,P01,true,3,38,4
F08736,F09,P01,true,3,38,4
F08775,F09,P01,true,3,38,4
F08800,F09,P01,true,3,38,4
F08820,F09,P01,true,3,38,4
F08854,F09,P01,true,3,38,4
F08859,F09,P01,true,3,38,4
F08891,F09,P01,true,3,38,4
F08900,F09,P01,true,3,38,4
F08915,F09,P01,true,3,38,4
F08919,F09,P01,true,3,38,4
F08930,F09,P01,true,3,38,4
F08950,F09,P01,true,3,38,4
F09018,F09,P01,true,3,38,4
F09030,F09,P01,true,3,38,4
F09038,F09,P01,true,3,38,4
F09067,F09,P01,true,3,38,4
F09169,F09,P01,true,3,38,4
F09199,F09,P01,true,3,38,4
F09262,F10,P01,true,3,38,4
F09263,F10,P01,true,3,38,4
F09266,F10,P01,true,3,38,4
F09274,F10,P01,true,3,38,4
F09275,F10,P01,true,3,38,4
F09298,F10,P01,true,3,38,4
F09331,F10,P01,true,3,38,4
F09338,F10,P01,true,3,38,4
F09407,F10,P01,true,3,38,4
F09411,F10,P01,true,3,38,4
F09439,F10,P01,true,3,38,4
F09457,F10,P01,true,3,38,4
F09465,F10,P01,true,3,38,4
F09490,F10,P01,true,3,38,4
F09522,F10,P01,true,3,38,4
F09533,F10,P01,true,3,38,4
F09537,F10,P01,true,3,38,4
F09540,F10,P01,true,3,38,4
F09542,F10,P01,true,3,38,4
F09559,F10,P01,true,3,38,4
F09569,F10,P01,true,3,38,4
F09582,F10,P01,true,3,38,4
F09586,F10,P01,true,3,38,4
F09610,F10,P01,true,3,38,4
F09620,F10,P01,true,3,38,4
F09709,F10,P01,true,3,38,4
F09710,F10,P01,true,3,38,4
F09717,F10,P01,true,3,38,4
F09739,F10,P01,true,3,38,4
F09752,F10,P01,true,3,38,4
F09805,F10,P01,true,3,38,4
F09808,F10,P01,true,3,38,4
F09904,F10,P01,true,3,38,4
F09950,F10,P01,true,3,38,4
F09985,F10,P01,true,3,38,4
F10009,F10,P01,true,3,38,4
F10010,F10,P01,true,3,38,4
F10029,F10,P01,true,3,38,4
F10066,F10,P01,true,3,38,4
F10098,F10,P01,true,3,38,4
F10157,F10,P01,true,3,38,4
F10200,F10,P01,true,3,38,4
F10216,F10,P01,true,3,38,4
F10227,F10,P01,true,3,38,4
F10232,F10,P01,true,3,38,4
F10287,F11,P01,true,3,38,4
F10313,F11,P01,true,3,38,4
F10316,F11,P01,true,3,38,4
F10342,F11,P01,true,3,38,4
F10393,F11,P01,true,3,38,4
F10445,F11,P01,true,3,38,4
F10469,F11,P01,true,3,38,4
F10489,F11,P01,true,3,38,4
F10505,F11,P01,true,3,38,4
F10568,F11,P01,true,3,38,4
F10615,F11,P01,true,3,38,4
F10617,F11,P01,true,3,38,4
F10675,F11,P01,true,3,38,4
F10740,F11,P01,true,3,38,4
F10760,F11,P01,true,3,38,4
F10785,F11,P01,true,3,38,4
F10788,F11,P01,true,3,38,4
F10837,F11,P01,true,3,38,4
F10849,F11,P01,true,3,38,4
F10872,F11,P01,true,3,38,4
F10910,F11,P01,true,3,38,4
F10935,F11,P01,true,3,38,4
F10973,F11,P01,true,3,38,4
F10985,F11,P01,true,3,38,4
F10993,F11,P01,true,3,38,4
F11023,F11,P01,true,3,38,4
F11025,F11,P01,true,3,38,4
F11065,F11,P01,true,3,38,4
F11083,F11,P01,true,3,38,4
F11092,F11,P01,true,3,38,4
F11127,F11,P01,true,3,38,4
F11157,F11,P01,true,3,38,4
F11178,F11,P01,true,3,38,4
F11224,F11,P01,true,3,38,4
F11256,F11,P01,true,3,38,4
F11313,F12,P01,true,3,38,4
F11344,F12,P01,true,3,38,4
F11362,F12,P01,true,3,38,4
F11388,F12,P01,true,3,38,4
F11522,F12,P01,true,3,38,4
F11528,F12,P01,true,3,38,4
F11584,F12,P01,true,3,38,4
F11587,F12,P01,true,3,38,4
F11624,F12,P01,true,3,38,4
F11647,F12,P01,true,3,38,4
F11757,F12,P01,true,3,38,4
F11759,F12,P01,true,3,38,4
F11866,F12,P01,true,3,38,4
F11876,F12,P01,true,3,38,4
F11878,F12,P01,true,3,38,4
F11907,F12,P01,true,3,38,4
F11964,F12,P01,true,3,38,4
F11977,F12,P01,true,3,38,4
F11988,F12,P01,true,3,38,4
F11993,F12,P01,true,3,38,4
F12078,F12,P01,true,3,38,4
F12107,F12,P01,true,3,38,4
F12141,F12,P01,true,3,38,4
F12151,F12,P01,true,3,38,4
F12194,F12,P01,true,3,38,4
F12197,F12,P01,true,3,38,4
F12251,F12,P01,true,3,38,4
F12259,F12,P01,true,3,38,4
F12267,F12,P01,true,3,38,4
F12385,F13,P01,true,3,38,4
F12465,F13,P01,true,3,38,4
F12697,F13,P01,true,3,38,4
F12732,F13,P01,true,3,38,4
F12740,F13,P01,true,3,38,4
F13426,F14,P01,true,3,38,4
F13533,F14,P01,true,3,38,4
F13564,F14,P01,true,3,38,4
F13606,F14,P01,true,3,38,4
F13750,F14,P01,true,3,38,4
F13858,F14,P01,true,3,38,4
F13980,F14,P01,true,3,38,4
F14020,F14,P01,true,3,38,4
F14031,F14,P01,true,3,38,4
F14151,F14,P01,true,3,38,4
F14217,F14,P01,true,3,38,4
F14229,F14,P01,true,3,38,4
F14391,F15,P01,true,3,38,4
F14393,F15,P01,true,3,38,4
F14576,F15,P01,true,3,38,4
F14658,F15,P01,true,3,38,4
F14732,F15,P01,true,3,38,4
F14742,F15,P01,true,3,38,4
F14817,F15,P01,true,3,38,4
F14999,F15,P01,true,3,38,4
F15103,F15,P01,true,3,38,4
F15195,F15,P01,true,3,38,4
F15243,F15,P01,true,3,38,4
F15419,F16,P01,true,3,38,4
F15442,F16,P01,true,3,38,4
F15451,F16,P01,true,3,38,4
F15462,F16,P01,true,3,38,4
F15486,F16,P01,true,3,38,4
F15498,F16,P01,true,3,38,4
F15590,F16,P01,true,3,38,4
F15610,F16,P01,true,3,38,4
F15757,F16,P01,true,3,38,4
F15878,F16,P01,true,3,38,4
F15885,F16,P01,true,3,38,4
F15928,F16,P01,true,3,38,4
F16052,F16,P01,true,3,38,4
F16109,F16,P01,true,3,38,4
F16335,F16,P01,true,3,38,4
F16415,F17,P01,true,3,38,4
F16524,F17,P01,true,3,38,4
F16528,F17,P01,true,3,38,4
F16556,F17,P01,true,3,38,4
F16595,F17,P01,true,3,38,4
F16705,F17,P01,true,3,38,4
F16752,F17,P01,true,3,38,4
F16763,F17,P01,true,3,38,4
F16784,F17,P01,true,3,38,4
F16803,F17,P01,true,3,38,4
F16818,F17,P01,true,3,38,4
F16822,F17,P01,true,3,38,4
F16823,F17,P01,true,3,38,4
F16831,F17,P01,true,3,38,4
F16832,F17,P01,true,3,38,4
F16863,F17,P01,true,3,38,4
F16866,F17,P01,true,3,38,4
F16888,F17,P01,true,3,38,4
F16929,F17,P01,true,3,38,4
F16944,F17,P01,true,3,38,4
F16950,F17,P01,true,3,38,4
F16968,F17,P01,true,3,38,4
F16976,F17,P01,true,3,38,4
F16981,F17,P01,true,3,38,4
F17005,F17,P01,true,3,38,4
F17018,F17,P01,true,3,38,4
F17029,F17,P01,true,3,38,4
F17079,F17,P01,true,3,38,4
F17081,F17,P01,true,3,38,4
F17114,F17,P01,true,3,38,4
F17246,F17,P01,true,3,38,4
F17253,F17,P01,true,3,38,4
F17302,F17,P01,true,3,38,4
F17312,F17,P01,true,3,38,4
F17351,F17,P01,true,3,38,4
F17358,F17,P01,true,3,38,4
F17369,F17,P01,true,3,38,4
F17471,F18,P01,true,3,38,4
F17506,F18,P01,true,3,38,4
F17513,F18,P01,true,3,38,4
F17525,F18,P01,true,3,38,4
F17530,F18,P01,true,3,38,4
F17535,F18,P01,true,3,38,4
F17550,F18,P01,true,3,38,4
F17580,F18,P01,true,3,38,4
F17622,F18,P01,true,3,38,4
F17658,F18,P01,true,3,38,4
F17682,F18,P01,true,3,38,4
F17697,F18,P01,true,3,38,4
F17703,F18,P01,true,3,38,4
F17743,F18,P01,true,3,38,4
F17768,F18,P01,true,3,38,4
F17775,F18,P01,true,3,38,4
F17792,F18,P01,true,3,38,4
F17806,F18,P01,true,3,38,4
F17830,F18,P01,true,3,38,4
F17849,F18,P01,true,3,38,4
F17851,F18,P01,true,3,38,4
F17883,F18,P01,true,3,38,4
F17892,F18,P01,true,3,38,4
F17925,F18,P01,true,3,38,4
F17977,F18,P01,true,3,38,4
F18015,F18,P01,true,3,38,4
F18022,F18,P01,true,3,38,4
F18047,F18,P01,true,3,38,4
F18115,F18,P01,true,3,38,4
F18156,F18,P01,true,3,38,4
F18159,F18,P01,true,3,38,4
F18164,F18,P01,true,3,38,4
F18176,F18,P01,true,3,38,4
F18197,F18,P01,true,3,38,4
F18262,F18,P01,true,3,38,4
F18321,F18,P01,true,3,38,4
F18335,F18,P01,true,3,38,4
F18378,F18,P01,true,3,38,4
F18474,F19,P01,true,3,38,4
F18487,F19,P01,true,3,38,4
F18532,F19,P01,true,3,38,4
F18533,F19,P01,true,3,38,4
F18630,F19,P01,true,3,38,4
F18631,F19,P01,true,3,38,4
F18725,F19,P01,true,3,38,4
F18736,F19,P01,true,3,38,4
F18778,F19,P01,true,3,38,4
F18798,F19,P01,true,3,38,4
F18803,F19,P01,true,3,38,4
F18818,F19,P01,true,3,38,4
F18833,F19,P01,true,3,38,4
F18914,F19,P01,true,3,38,4
F18922,F19,P01,true,3,38,4
F18925,F19,P01,true,3,38,4
F18967,F19,P01,true,3,38,4
F18982,F19,P01,true,3,38,4
F19013,F19,P01,true,3,38,4
F19041,F19,P01,true,3,38,4
F19050,F19,P01,true,3,38,4
F19058,F19,P01,true,3,38,4
F19109,F19,P01,true,3,38,4
F19135,F19,P01,true,3,38,4
F19179,F19,P01,true,3,38,4
F19190,F19,P01,true,3,38,4
F19208,F19,P01,true,3,38,4
F19219,F19,P01,true,3,38,4
F19274,F19,P01,true,3,38,4
F19287,F19,P01,true,3,38,4
F19303,F19,P01,true,3,38,4
F19353,F19,P01,true,3,38,4
F19371,F19,P01,true,3,38,4
F19420,F19,P01,true,3,38,4
F19426,F19,P01,true,3,38,4
F19428,F19,P01,true,3,38,4
F19452,F19,P01,true,3,38,4
F19458,F20,P01,true,3,38,4
F19467,F20,P01,true,3,38,4
F19533,F20,P01,true,3,38,4
F19539,F20,P01,true,3,38,4
F19541,F20,P01,true,3,38,4
F19645,F20,P01,true,3,38,4
F19649,F20,P01,true,3,38,4
F19697,F20,P01,true,3,38,4
F19723,F20,P01,true,3,38,4
F19809,F20,P01,true,3,38,4
F19873,F20,P01,true,3,38,4
F19936,F20,P01,true,3,38,4
F19973,F20,P01,true,3,38,4
F19999,F20,P01,true,3,38,4
F20144,F20,P01,true,3,38,4
F20194,F20,P01,true,3,38,4
F20234,F20,P01,true,3,38,4
F20259,F20,P01,true,3,38,4
F20267,F20,P01,true,3,38,4
F20293,F20,P01,true,3,38,4
F20331,F20,P01,true,3,38,4
F20373,F20,P01,true,3,38,4
F20375,F20,P01,true,3,38,4
F20382,F20,P01,true,3,38,4
F20385,F20,P01,true,3,38,4
F20401,F20,P01,true,3,38,4
F20442,F20,P01,true,3,38,4
F20446,F20,P01,true,3,38,4
F20451,F20,P01,true,3,38,4
F21294,F21,P01,true,3,38,4
F21360,F21,P01,true,3,38,4
F21407,F21,P01,true,3,38,4
F21465,F21,P01,true,3,38,4
F21479,F21,P01,true,3,38,4
F21709,F22,P01,true,3,38,4
F21754,F22,P01,true,3,38,4
F21979,F22,P01,true,3,38,4
F22203,F22,P01,true,3,38,4
F22288,F22,P01,true,3,38,4
F22289,F22,P01,true,3,38,4
F22733,F23,P01,true,3,38,4
F22852,F23,P01,true,3,38,4
F22858,F23,P01,true,3,38,4
F22908,F23,P01,true,3,38,4
F23132,F23,P01,true,3,38,4
F23748,F24,P01,true,3,38,4
F23752,F24,P01,true,3,38,4
F23802,F24,P01,true,3,38,4
F24157,F24,P01,true,3,38,4
F24207,F24,P01,true,3,38,4
F24381,F24,P01,true,3,38,4
F24445,F24,P01,true,3,38,4
F00632,F01,P01,true,2,38,4
F00726,F01,P01,true,2,38,4
F00842,F01,P01,true,2,38,4
F00897,F01,P01,true,2,38,4
F03117,F04,P01,true,2,38,4
F04080,F04,P01,true,2,38,4
F04616,F05,P01,true,2,38,4
F06462,F07,P01,true,2,38,4
F06497,F07,P01,true,2,38,4
F07698,F08,P01,true,2,38,4
F09126,F09,P01,true,2,38,4
F09651,F10,P01,true,2,38,4
F09789,F10,P01,true,2,38,4
F10829,F11,P01,true,2,38,4
F11064,F11,P01,true,2,38,4
F11580,F12,P01,true,2,38,4
F16703,F17,P01,true,2,38,4
F17417,F18,P01,true,2,38,4
F17632,F18,P01,true,2,38,4
F17987,F18,P01,true,2,38,4
F18689,F19,P01,true,2,38,4
F20087,F20,P01,true,2,38,4
F20286,F20,P01,true,2,38,4
F21136,F21,P01,true,2,38,4
F10406,F11,P01,true,4,38,3
F20133,F20,P01,true,4,38,3
F20541,F21,P01,true,4,38,3
F20759,F21,P01,true,4,38,3
F20762,F21,P01,true,4,38,3
F20877,F21,P01,true,4,38,3
F21105,F21,P01,true,4,38,3
F21225,F21,P01,true,4,38,3
F21284,F21,P01,true,4,38,3
F21502,F21,P01,true,4,38,3
F21611,F22,P01,true,4,38,3
F21733,F22,P01,true,4,38,3
F21736,F22,P01,true,4,38,3
F22031,F22,P01,true,4,38,3
F22183,F22,P01,true,4,38,3
F22297,F22,P01,true,4,38,3
F22408,F22,P01,true,4,38,3
F22412,F22,P01,true,4,38,3
F22527,F22,P01,true,4,38,3
F22597,F23,P01,true,4,38,3
F22656,F23,P01,true,4,38,3
F22816,F23,P01,true,4,38,3
F22822,F23,P01,true,4,38,3
F23055,F23,P01,true,4,38,3
F23156,F23,P01,true,4,38,3
F23269,F23,P01,true,4,38,3
F23318,F23,P01,true,4,38,3
F23674,F24,P01,true,4,38,3
F23675,F24,P01,true,4,38,3
F23677,F24,P01,true,4,38,3
F23723,F24,P01,true,4,38,3
F23784,F24,P01,true,4,38,3
F23904,F24,P01,true,4,38,3
F23910,F24,P01,true,4,38,3
F23956,F24,P01,true,4,38,3
F24117,F24,P01,true,4,38,3
F03695,F04,P01,true,3,38,3
F11837,F12,P01,true,3,38,3
F12014,F12,P01,true,3,38,3
F20985,F21,P01,true,3,38,3
F21212,F21,P01,true,3,38,3
F21440,F21,P01,true,3,38,3
F21798,F22,P01,true,3,38,3
F22296,F22,P01,true,3,38,3
F22756,F23,P01,true,3,38,3
F22824,F23,P01,true,3,38,3
F22885,F23,P01,true,3,38,3
F22997,F23,P01,true,3,38,3
F22999,F23,P01,true,3,38,3
F23000,F23,P01,true,3,38,3
F23101,F23,P01,true,3,38,3
F23146,F23,P01,true,3,38,3
F23283,F23,P01,true,3,38,3
F23903,F24,P01,true,3,38,3
F24110,F24,P01,true,3,38,3
F00005,F01,P01,true,4,37,4
F00045,F01,P01,true,4,37,4
F00083,F01,P01,true,4,37,4
F00115,F01,P01,true,4,37,4
F00123,F01,P01,true,4,37,4
F00217,F01,P01,true,4,37,4
F00252,F01,P01,true,4,37,4
F00377,F01,P01,true,4,37,4
F00390,F01,P01,true,4,37,4
F00434,F01,P01,true,4,37,4
F00556,F01,P01,true,4,37,4
F00678,F01,P01,true,4,37,4
F00733,F01,P01,true,4,37,4
F00741,F01,P01,true,4,37,4
F00761,F01,P01,true,4,37,4
F00849,F01,P01,true,4,37,4
F00872,F01,P01,true,4,37,4
F00892,F01,P01,true,4,37,4
F00953,F01,P01,true,4,37,4
F00971,F01,P01,true,4,37,4
F00975,F01,P01,true,4,37,4
F00976,F01,P01,true,4,37,4
F01011,F01,P01,true,4,37,4
F01075,F02,P01,true,4,37,4
F01095,F02,P01,true,4,37,4
F01129,F02,P01,true,4,37,4
F01134,F02,P01,true,4,37,4
F01156,F02,P01,true,4,37,4
F01195,F02,P01,true,4,37,4
F01202,F02,P01,true,4,37,4
F01219,F02,P01,true,4,37,4
F01231,F02,P01,true,4,37,4
F01255,F02,P01,true,4,37,4
F01319,F02,P01,true,4,37,4
F01333,F02,P01,true,4,37,4
F01416,F02,P01,true,4,37,4
F01418,F02,P01,true,4,37,4
F01434,F02,P01,true,4,37,4
F01484,F02,P01,true,4,37,4
F01495,F02,P01,true,4,37,4
F01534,F02,P01,true,4,37,4
F01579,F02,P01,true,4,37,4
F01588,F02,P01,true,4,37,4
F01596,F02,P01,true,4,37,4
F01615,F02,P01,true,4,37,4
F01660,F02,P01,true,4,37,4
F01665,F02,P01,true,4,37,4
F01688,F02,P01,true,4,37,4
F01694,F02,P01,true,4,37,4
F01695,F02,P01,true,4,37,4
F01706,F02,P01,true,4,37,4
F01779,F02,P01,true,4,37,4
F01793,F02,P01,true,4,37,4
F01808,F02,P01,true,4,37,4
F01842,F02,P01,true,4,37,4
F01898,F02,P01,true,4,37,4
F01907,F02,P01,true,4,37,4
F01978,F02,P01,true,4,37,4
F01999,F02,P01,true,4,37,4
F02055,F03,P01,true,4,37,4
F02063,F03,P01,true,4,37,4
F02117,F03,P01,true,4,37,4
F02119,F03,P01,true,4,37,4
F02165,F03,P01,true,4,37,4
F02193,F03,P01,true,4,37,4
F02230,F03,P01,true,4,37,4
F02258,F03,P01,true,4,37,4
F02267,F03,P01,true,4,37,4
F02323,F03,P01,true,4,37,4
F02343,F03,P01,true,4,37,4
F02363,F03,P01,true,4,37,4
F02514,F03,P01,true,4,37,4
F02594,F03,P01,true,4,37,4
F02621,F03,P01,true,4,37,4
F02725,F03,P01,true,4,37,4
F02729,F03,P01,true,4,37,4
F02736,F03,P01,true,4,37,4
F02774,F03,P01,true,4,37,4
F02819,F03,P01,true,4,37,4
F02872,F03,P01,true,4,37,4
F02897,F03,P01,true,4,37,4
F02969,F03,P01,true,4,37,4
F02972,F03,P01,true,4,37,4
F03020,F03,P01,true,4,37,4
F03153,F04,P01,true,4,37,4
F03273,F04,P01,true,4,37,4
F03278,F04,P01,true,4,37,4
F03281,F04,P01,true,4,37,4
F03286,F04,P01,true,4,37,4
F03316,F04,P01,true,4,37,4
F03318,F04,P01,true,4,37,4
F03369,F04,P01,true,4,37,4
F03384,F04,P01,true,4,37,4
F03458,F04,P01,true,4,37,4
F03486,F04,P01,true,4,37,4
F03564,F04,P01,true,4,37,4
F03603,F04,P01,true,4,37,4
F03655,F04,P01,true,4,37,4
F03718,F04,P01,true,4,37,4
F03767,F04,P01,true,4,37,4
F03791,F04,P01,true,4,37,4
F03827,F04,P01,true,4,37,4
F03917,F04,P01,true,4,37,4
F04017,F04,P01,true,4,37,4
F04052,F04,P01,true,4,37,4
F04074,F04,P01,true,4,37,4
F04108,F05,P01,true,4,37,4
F06347,F07,P01,true,4,37,4
F07612,F08,P01,true,4,37,4
F08380,F09,P01,true,4,37,4
F08555,F09,P01,true,4,37,4
F08662,F09,P01,true,4,37,4
F08667,F09,P01,true,4,37,4
F09052,F09,P01,true,4,37,4
F09144,F09,P01,true,4,37,4
F09250,F10,P01,true,4,37,4
F09583,F10,P01,true,4,37,4
F09674,F10,P01,true,4,37,4
F09907,F10,P01,true,4,37,4
F09988,F10,P01,true,4,37,4
F10107,F10,P01,true,4,37,4
F10187,F10,P01,true,4,37,4
F10303,F11,P01,true,4,37,4
F10412,F11,P01,true,4,37,4
F10554,F11,P01,true,4,37,4
F10703,F11,P01,true,4,37,4
F10773,F11,P01,true,4,37,4
F10809,F11,P01,true,4,37,4
F10816,F11,P01,true,4,37,4
F10884,F11,P01,true,4,37,4
F11962,F12,P01,true,4,37,4
F12215,F12,P01,true,4,37,4
F12306,F13,P01,true,4,37,4
F12326,F13,P01,true,4,37,4
F12337,F13,P01,true,4,37,4
F12338,F13,P01,true,4,37,4
F12341,F13,P01,true,4,37,4
F12363,F13,P01,true,4,37,4
F12371,F13,P01,true,4,37,4
F12382,F13,P01,true,4,37,4
F12413,F13,P01,true,4,37,4
F12426,F13,P01,true,4,37,4
F12444,F13,P01,true,4,37,4
F12447,F13,P01,true,4,37,4
F12451,F13,P01,true,4,37,4
F12471,F13,P01,true,4,37,4
F12472,F13,P01,true,4,37,4
F12488,F13,P01,true,4,37,4
F12511,F13,P01,true,4,37,4
F12514,F13,P01,true,4,37,4
F12530,F13,P01,true,4,37,4
F12537,F13,P01,true,4,37,4
F12569,F13,P01,true,4,37,4
F12587,F13,P01,true,4,37,4
F12596,F13,P01,true,4,37,4
F12602,F13,P01,true,4,37,4
F12604,F13,P01,true,4,37,4
F12636,F13,P01,true,4,37,4
F12655,F13,P01,true,4,37,4
F12657,F13,P01,true,4,37,4
F12672,F13,P01,true,4,37,4
F12702,F13,P01,true,4,37,4
F12706,F13,P01,true,4,37,4
F12727,F13,P01,true,4,37,4
F12752,F13,P01,true,4,37,4
F12753,F13,P01,true,4,37,4
F12766,F13,P01,true,4,37,4
F12784,F13,P01,true,4,37,4
F12798,F13,P01,true,4,37,4
F12800,F13,P01,true,4,37,4
F12801,F13,P01,true,4,37,4
F12803,F13,P01,true,4,37,4
F12815,F13,P01,true,4,37,4
F12828,F13,P01,true,4,37,4
F12839,F13,P01,true,4,37,4
F12853,F13,P01,true,4,37,4
F12882,F13,P01,true,4,37,4
F12887,F13,P01,true,4,37,4
F12898,F13,P01,true,4,37,4
F12926,F13,P01,true,4,37,4
F12943,F13,P01,true,4,37,4
F13039,F13,P01,true,4,37,4
F13057,F13,P01,true,4,37,4
F13058,F13,P01,true,4,37,4
F13059,F13,P01,true,4,37,4
F13065,F13,P01,true,4,37,4
F13071,F13,P01,true,4,37,4
F13081,F13,P01,true,4,37,4
F13084,F13,P01,true,4,37,4
F13086,F13,P01,true,4,37,4
F13095,F13,P01,true,4,37,4
F13100,F13,P01,true,4,37,4
F13107,F13,P01,true,4,37,4
F13125,F13,P01,true,4,37,4
F13131,F13,P01,true,4,37,4
F13160,F13,P01,true,4,37,4
F13162,F13,P01,true,4,37,4
F13196,F13,P01,true,4,37,4
F13210,F13,P01,true,4,37,4
F13241,F13,P01,true,4,37,4
F13245,F13,P01,true,4,37,4
F13246,F13,P01,true,4,37,4
F13287,F13,P01,true,4,37,4
F13328,F14,P01,true,4,37,4
F13347,F14,P01,true,4,37,4
F13358,F14,P01,true,4,37,4
F13362,F14,P01,true,4,37,4
F13365,F14,P01,true,4,37,4
F13366,F14,P01,true,4,37,4
F13369,F14,P01,true,4,37,4
F13387,F14,P01,true,4,37,4
F13389,F14,P01,true,4,37,4
F13390,F14,P01,true,4,37,4
F13404,F14,P01,true,4,37,4
F13416,F14,P01,true,4,37,4
F13455,F14,P01,true,4,37,4
F13477,F14,P01,true,4,37,4
F13491,F14,P01,true,4,37,4
F13494,F14,P01,true,4,37,4
F13505,F14,P01,true,4,37,4
F13520,F14,P01,true,4,37,4
F13544,F14,P01,true,4,37,4
F13548,F14,P01,true,4,37,4
F13555,F14,P01,true,4,37,4
F13558,F14,P01,true,4,37,4
F13562,F14,P01,true,4,37,4
F13573,F14,P01,true,4,37,4
F13589,F14,P01,true,4,37,4
F13593,F14,P01,true,4,37,4
F13612,F14,P01,true,4,37,4
F13656,F14,P01,true,4,37,4
F13671,F14,P01,true,4,37,4
F13694,F14,P01,true,4,37,4
F13698,F14,P01,true,4,37,4
F13705,F14,P01,true,4,37,4
F13718,F14,P01,true,4,37,4
F13740,F14,P01,true,4,37,4
F13762,F14,P01,true,4,37,4
F13765,F14,P01,true,4,37,4
F13770,F14,P01,true,4,37,4
F13783,F14,P01,true,4,37,4
F13784,F14,P01,true,4,37,4
F13798,F14,P01,true,4,37,4
F13810,F14,P01,true,4,37,4
F13811,F14,P01,true,4,37,4
F13819,F14,P01,true,4,37,4
F13820,F14,P01,true,4,37,4
F13866,F14,P01,true,4,37,4
F13869,F14,P01,true,4,37,4
F13874,F14,P01,true,4,37,4
F13889,F14,P01,true,4,37,4
F13895,F14,P01,true,4,37,4
F13928,F14,P01,true,4,37,4
F13948,F14,P01,true,4,37,4
F13963,F14,P01,true,4,37,4
F13979,F14,P01,true,4,37,4
F13989,F14,P01,true,4,37,4
F14003,F14,P01,true,4,37,4
F14011,F14,P01,true,4,37,4
F14032,F14,P01,true,4,37,4
F14033,F14,P01,true,4,37,4
F14063,F14,P01,true,4,37,4
F14080,F14,P01,true,4,37,4
F14091,F14,P01,true,4,37,4
F14102,F14,P01,true,4,37,4
F14108,F14,P01,true,4,37,4
F14120,F14,P01,true,4,37,4
F14133,F14,P01,true,4,37,4
F14174,F14,P01,true,4,37,4
F14178,F14,P01,true,4,37,4
F14181,F14,P01,true,4,37,4
F14192,F14,P01,true,4,37,4
F14201,F14,P01,true,4,37,4
F14208,F14,P01,true,4,37,4
F14209,F14,P01,true,4,37,4
F14211,F14,P01,true,4,37,4
F14244,F14,P01,true,4,37,4
F14262,F14,P01,true,4,37,4
F14263,F14,P01,true,4,37,4
F14265,F14,P01,true,4,37,4
F14269,F14,P01,true,4,37,4
F14280,F14,P01,true,4,37,4
F14315,F14,P01,true,4,37,4
F14337,F15,P01,true,4,37,4
F14352,F15,P01,true,4,37,4
F14386,F15,P01,true,4,37,4
F14401,F15,P01,true,4,37,4
F14405,F15,P01,true,4,37,4
F14472,F15,P01,true,4,37,4
F14485,F15,P01,true,4,37,4
F14498,F15,P01,true,4,37,4
F14512,F15,P01,true,4,37,4
F14515,F15,P01,true,4,37,4
F14517,F15,P01,true,4,37,4
F14551,F15,P01,true,4,37,4
F14564,F15,P01,true,4,37,4
F14585,F15,P01,true,4,37,4
F14586,F15,P01,true,4,37,4
F14628,F15,P01,true,4,37,4
F14638,F15,P01,true,4,37,4
F14671,F15,P01,true,4,37,4
F14674,F15,P01,true,4,37,4
F14682,F15,P01,true,4,37,4
F14692,F15,P01,true,4,37,4
F14739,F15,P01,true,4,37,4
F14759,F15,P01,true,4,37,4
F14804,F15,P01,true,4,37,4
F14806,F15,P01,true,4,37,4
F14836,F15,P01,true,4,37,4
F14847,F15,P01,true,4,37,4
F14849,F15,P01,true,4,37,4
F14871,F15,P01,true,4,37,4
F14873,F15,P01,true,4,37,4
F14887,F15,P01,true,4,37,4
F14914,F15,P01,true,4,37,4
F14958,F15,P01,true,4,37,4
F14961,F15,P01,true,4,37,4
F14988,F15,P01,true,4,37,4
F14991,F15,P01,true,4,37,4
F15007,F15,P01,true,4,37,4
F15010,F15,P01,true,4,37,4
F15025,F15,P01,true,4,37,4
F15045,F15,P01,true,4,37,4
F15051,F15,P01,true,4,37,4
F15064,F15,P01,true,4,37,4
F15116,F15,P01,true,4,37,4
F15126,F15,P01,true,4,37,4
F15186,F15,P01,true,4,37,4
F15199,F15,P01,true,4,37,4
F15200,F15,P01,true,4,37,4
F15228,F15,P01,true,4,37,4
F15235,F15,P01,true,4,37,4
F15251,F15,P01,true,4,37,4
F15259,F15,P01,true,4,37,4
F15280,F15,P01,true,4,37,4
F15298,F15,P01,true,4,37,4
F15302,F15,P01,true,4,37,4
F15314,F15,P01,true,4,37,4
F15363,F16,P01,true,4,37,4
F15376,F16,P01,true,4,37,4
F15390,F16,P01,true,4,37,4
F15411,F16,P01,true,4,37,4
F15432,F16,P01,true,4,37,4
F15441,F16,P01,true,4,37,4
F15446,F16,P01,true,4,37,4
F15460,F16,P01,true,4,37,4
F15465,F16,P01,true,4,37,4
F15466,F16,P01,true,4,37,4
F15467,F16,P01,true,4,37,4
F15476,F16,P01,true,4,37,4
F15487,F16,P01,true,4,37,4
F15532,F16,P01,true,4,37,4
F15542,F16,P01,true,4,37,4
F15551,F16,P01,true,4,37,4
F15558,F16,P01,true,4,37,4
F15585,F16,P01,true,4,37,4
F15670,F16,P01,true,4,37,4
F15751,F16,P01,true,4,37,4
F15764,F16,P01,true,4,37,4
F15778,F16,P01,true,4,37,4
F15799,F16,P01,true,4,37,4
F15808,F16,P01,true,4,37,4
F15828,F16,P01,true,4,37,4
F15836,F16,P01,true,4,37,4
F15886,F16,P01,true,4,37,4
F15902,F16,P01,true,4,37,4
F15905,F16,P01,true,4,37,4
F15991,F16,P01,true,4,37,4
F16002,F16,P01,true,4,37,4
F16007,F16,P01,true,4,37,4
F16040,F16,P01,true,4,37,4
F16059,F16,P01,true,4,37,4
F16072,F16,P01,true,4,37,4
F16105,F16,P01,true,4,37,4
F16151,F16,P01,true,4,37,4
F16173,F16,P01,true,4,37,4
F16212,F16,P01,true,4,37,4
F16235,F16,P01,true,4,37,4
F16237,F16,P01,true,4,37,4
F16265,F16,P01,true,4,37,4
F16325,F16,P01,true,4,37,4
F16333,F16,P01,true,4,37,4
F16336,F16,P01,true,4,37,4
F16345,F16,P01,true,4,37,4
F16373,F16,P01,true,4,37,4
F16405,F17,P01,true,4,37,4
F16490,F17,P01,true,4,37,4
F16772,F17,P01,true,4,37,4
F16779,F17,P01,true,4,37,4
F16799,F17,P01,true,4,37,4
F16852,F17,P01,true,4,37,4
F17412,F18,P01,true,4,37,4
F17419,F18,P01,true,4,37,4
F17605,F18,P01,true,4,37,4
F17687,F18,P01,true,4,37,4
F17734,F18,P01,true,4,37,4
F17828,F18,P01,true,4,37,4
F17946,F18,P01,true,4,37,4
F17974,F18,P01,true,4,37,4
F18024,F18,P01,true,4,37,4
F18091,F18,P01,true,4,37,4
F18131,F18,P01,true,4,37,4
F18154,F18,P01,true,4,37,4
F18311,F18,P01,true,4,37,4
F18444,F19,P01,true,4,37,4
F18495,F19,P01,true,4,37,4
F18553,F19,P01,true,4,37,4
F18563,F19,P01,true,4,37,4
F18658,F19,P01,true,4,37,4
F18670,F19,P01,true,4,37,4
F18711,F19,P01,true,4,37,4
F18726,F19,P01,true,4,37,4
F18745,F19,P01,true,4,37,4
F18780,F19,P01,true,4,37,4
F18834,F19,P01,true,4,37,4
F18951,F19,P01,true,4,37,4
F19010,F19,P01,true,4,37,4
F19057,F19,P01,true,4,37,4
F19210,F19,P01,true,4,37,4
F19363,F19,P01,true,4,37,4
F19398,F19,P01,true,4,37,4
F19567,F20,P01,true,4,37,4
F19597,F20,P01,true,4,37,4
F19608,F20,P01,true,4,37,4
F19653,F20,P01,true,4,37,4
F19682,F20,P01,true,4,37,4
F19747,F20,P01,true,4,37,4
F19754,F20,P01,true,4,37,4
F19807,F20,P01,true,4,37,4
F19833,F20,P01,true,4,37,4
F19837,F20,P01,true,4,37,4
F19848,F20,P01,true,4,37,4
F19853,F20,P01,true,4,37,4
F19866,F20,P01,true,4,37,4
F20084,F20,P01,true,4,37,4
F20128,F20,P01,true,4,37,4
F20137,F20,P01,true,4,37,4
F20172,F20,P01,true,4,37,4
F20218,F20,P01,true,4,37,4
F20311,F20,P01,true,4,37,4
F20378,F20,P01,true,4,37,4
F20407,F20,P01,true,4,37,4
F20498,F21,P01,true,4,37,4
F20570,F21,P01,true,4,37,4
F20613,F21,P01,true,4,37,4
F20617,F21,P01,true,4,37,4
F20627,F21,P01,true,4,37,4
F20638,F21,P01,true,4,37,4
F20666,F21,P01,true,4,37,4
F20669,F21,P01,true,4,37,4
F20686,F21,P01,true,4,37,4
F20695,F21,P01,true,4,37,4
F20729,F21,P01,true,4,37,4
F20738,F21,P01,true,4,37,4
F20751,F21,P01,true,4,37,4
F20777,F21,P01,true,4,37,4
F20787,F21,P01,true,4,37,4
F20793,F21,P01,true,4,37,4
F20902,F21,P01,true,4,37,4
F20905,F21,P01,true,4,37,4
F20924,F21,P01,true,4,37,4
F20948,F21,P01,true,4,37,4
F20952,F21,P01,true,4,37,4
F20969,F21,P01,true,4,37,4
F20975,F21,P01,true,4,37,4
F20979,F21,P01,true,4,37,4
F21013,F21,P01,true,4,37,4
F21020,F21,P01,true,4,37,4
F21070,F21,P01,true,4,37,4
F21074,F21,P01,true,4,37,4
F21081,F21,P01,true,4,37,4
F21095,F21,P01,true,4,37,4
F21140,F21,P01,true,4,37,4
F21150,F21,P01,true,4,37,4
F21179,F21,P01,true,4,37,4
F21188,F21,P01,true,4,37,4
F21191,F21,P01,true,4,37,4
F21206,F21,P01,true,4,37,4
F21267,F21,P01,true,4,37,4
F21358,F21,P01,true,4,37,4
F21408,F21,P01,true,4,37,4
F21412,F21,P01,true,4,37,4
F21489,F21,P01,true,4,37,4
F21537,F22,P01,true,4,37,4
F21586,F22,P01,true,4,37,4
F21589,F22,P01,true,4,37,4
F21608,F22,P01,true,4,37,4
F21642,F22,P01,true,4,37,4
F21656,F22,P01,true,4,37,4
F21660,F22,P01,true,4,37,4
F21718,F22,P01,true,4,37,4
F21752,F22,P01,true,4,37,4
F21753,F22,P01,true,4,37,4
F21767,F22,P01,true,4,37,4
F21832,F22,P01,true,4,37,4
F21865,F22,P01,true,4,37,4
F21871,F22,P01,true,4,37,4
F21873,F22,P01,true,4,37,4
F21879,F22,P01,true,4,37,4
F21883,F22,P01,true,4,37,4
F21919,F22,P01,true,4,37,4
F21923,F22,P01,true,4,37,4
F21926,F22,P01,true,4,37,4
F21927,F22,P01,true,4,37,4
F21931,F22,P01,true,4,37,4
F21938,F22,P01,true,4,37,4
F21947,F22,P01,true,4,37,4
F21948,F22,P01,true,4,37,4
F22036,F22,P01,true,4,37,4
F22039,F22,P01,true,4,37,4
F22055,F22,P01,true,4,37,4
F22061,F22,P01,true,4,37,4
F22100,F22,P01,true,4,37,4
F22109,F22,P01,true,4,37,4
F22110,F22,P01,true,4,37,4
F22162,F22,P01,true,4,37,4
F22213,F22,P01,true,4,37,4
F22226,F22,P01,true,4,37,4
F22231,F22,P01,true,4,37,4
F22264,F22,P01,true,4,37,4
F22317,F22,P01,true,4,37,4
F22321,F22,P01,true,4,37,4
F22332,F22,P01,true,4,37,4
F22336,F22,P01,true,4,37,4
F22344,F22,P01,true,4,37,4
F22347,F22,P01,true,4,37,4
F22370,F22,P01,true,4,37,4
F22380,F22,P01,true,4,37,4
F22441,F22,P01,true,4,37,4
F22490,F22,P01,true,4,37,4
F22494,F22,P01,true,4,37,4
F22557,F23,P01,true,4,37,4
F22725,F23,P01,true,4,37,4
F22732,F23,P01,true,4,37,4
F22742,F23,P01,true,4,37,4
F22802,F23,P01,true,4,37,4
F22827,F23,P01,true,4,37,4
F22832,F23,P01,true,4,37,4
F22854,F23,P01,true,4,37,4
F23004,F23,P01,true,4,37,4
F23019,F23,P01,true,4,37,4
F23057,F23,P01,true,4,37,4
F23059,F23,P01,true,4,37,4
F23072,F23,P01,true,4,37,4
F23129,F23,P01,true,4,37,4
F23179,F23,P01,true,4,37,4
F23229,F23,P01,true,4,37,4
F23236,F23,P01,true,4,37,4
F23408,F23,P01,true,4,37,4
F23413,F23,P01,true,4,37,4
F23527,F23,P01,true,4,37,4
F23530,F23,P01,true,4,37,4
F23574,F24,P01,true,4,37,4
F23627,F24,P01,true,4,37,4
F23684,F24,P01,true,4,37,4
F23692,F24,P01,true,4,37,4
F23757,F24,P01,true,4,37,4
F23761,F24,P01,true,4,37,4
F23852,F24,P01,true,4,37,4
F23858,F24,P01,true,4,37,4
F23861,F24,P01,true,4,37,4
F23866,F24,P01,true,4,37,4
F23882,F24,P01,true,4,37,4
F23971,F24,P01,true,4,37,4
F24035,F24,P01,true,4,37,4
F24052,F24,P01,true,4,37,4
F24101,F24,P01,true,4,37,4
F24252,F24,P01,true,4,37,4
F24257,F24,P01,true,4,37,4
F24270,F24,P01,true,4,37,4
F24317,F24,P01,true,4,37,4
F24318,F24,P01,true,4,37,4
F24323,F24,P01,true,4,37,4
F24324,F24,P01,true,4,37,4
F24368,F24,P01,true,4,37,4
F24502,F24,P01,true,4,37,4
F24503,F24,P01,true,4,37,4
F24556,F24,P01,true,4,37,4
F00060,F01,P01,true,3,37,4
F00132,F01,P01,true,3,37,4
F00140,F01,P01,true,3,37,4
F00146,F01,P01,true,3,37,4
F00160,F01,P01,true,3,37,4
F00201,F01,P01,true,3,37,4
F00202,F01,P01,true,3,37,4
F00291,F01,P01,true,3,37,4
F00301,F01,P01,true,3,37,4
F00322,F01,P01,true,3,37,4
F00333,F01,P01,true,3,37,4
F00346,F01,P01,true,3,37,4
F00350,F01,P01,true,3,37,4
F00369,F01,P01,true,3,37,4
F00375,F01,P01,true,3,37,4
F00429,F01,P01,true,3,37,4
F00442,F01,P01,true,3,37,4
F00449,F01,P01,true,3,37,4
F00450,F01,P01,true,3,37,4
F00480,F01,P01,true,3,37,4
F00509,F01,P01,true,3,37,4
F00535,F01,P01,true,3,37,4
F00542,F01,P01,true,3,37,4
F00553,F01,P01,true,3,37,4
F00582,F01,P01,true,3,37,4
F00591,F01,P01,true,3,37,4
F00620,F01,P01,true,3,37,4
F00628,F01,P01,true,3,37,4
F00631,F01,P01,true,3,37,4
F00653,F01,P01,true,3,37,4
F00671,F01,P01,true,3,37,4
F00688,F01,P01,true,3,37,4
F00693,F01,P01,true,3,37,4
F00707,F01,P01,true,3,37,4
F00735,F01,P01,true,3,37,4
F00738,F01,P01,true,3,37,4
F00739,F01,P01,true,3,37,4
F00750,F01,P01,true,3,37,4
F00751,F01,P01,true,3,37,4
F00784,F01,P01,true,3,37,4
F00821,F01,P01,true,3,37,4
F00826,F01,P01,true,3,37,4
F00828,F01,P01,true,3,37,4
F00878,F01,P01,true,3,37,4
F00940,F01,P01,true,3,37,4
F00951,F01,P01,true,3,37,4
F00981,F01,P01,true,3,37,4
F01038,F02,P01,true,3,37,4
F01073,F02,P01,true,3,37,4
F01078,F02,P01,true,3,37,4
F01115,F02,P01,true,3,37,4
F01131,F02,P01,true,3,37,4
F01139,F02,P01,true,3,37,4
F01158,F02,P01,true,3,37,4
F01188,F02,P01,true,3,37,4
F01192,F02,P01,true,3,37,4
F01212,F02,P01,true,3,37,4
F01217,F02,P01,true,3,37,4
F01220,F02,P01,true,3,37,4
F01238,F02,P01,true,3,37,4
F01265,F02,P01,true,3,37,4
F01266,F02,P01,true,3,37,4
F01297,F02,P01,true,3,37,4
F01321,F02,P01,true,3,37,4
F01332,F02,P01,true,3,37,4
F01340,F02,P01,true,3,37,4
F01370,F02,P01,true,3,37,4
F01374,F02,P01,true,3,37,4
F01375,F02,P01,true,3,37,4
F01384,F02,P01,true,3,37,4
F01387,F02,P01,true,3,37,4
F01405,F02,P01,true,3,37,4
F01414,F02,P01,true,3,37,4
F01424,F02,P01,true,3,37,4
F01428,F02,P01,true,3,37,4
F01442,F02,P01,true,3,37,4
F01451,F02,P01,true,3,37,4
F01480,F02,P01,true,3,37,4
F01511,F02,P01,true,3,37,4
F01515,F02,P01,true,3,37,4
F01526,F02,P01,true,3,37,4
F01531,F02,P01,true,3,37,4
F01576,F02,P01,true,3,37,4
F01605,F02,P01,true,3,37,4
F01613,F02,P01,true,3,37,4
F01622,F02,P01,true,3,37,4
F01629,F02,P01,true,3,37,4
F01637,F02,P01,true,3,37,4
F01645,F02,P01,true,3,37,4
F01657,F02,P01,true,3,37,4
F01661,F02,P01,true,3,37,4
F01714,F02,P01,true,3,37,4
F01720,F02,P01,true,3,37,4
F01757,F02,P01,true,3,37,4
F01809,F02,P01,true,3,37,4
F01814,F02,P01,true,3,37,4
F01817,F02,P01,true,3,37,4
F01834,F02,P01,true,3,37,4
F01889,F02,P01,true,3,37,4
F01902,F02,P01,true,3,37,4
F01921,F02,P01,true,3,37,4
F01922,F02,P01,true,3,37,4
F01930,F02,P01,true,3,37,4
F01946,F02,P01,true,3,37,4
F01951,F02,P01,true,3,37,4
F01952,F02,P01,true,3,37,4
F01966,F02,P01,true,3,37,4
F01987,F02,P01,true,3,37,4
F01993,F02,P01,true,3,37,4
F02005,F02,P01,true,3,37,4
F02025,F02,P01,true,3,37,4
F02062,F03,P01,true,3,37,4
F02121,F03,P01,true,3,37,4
F02133,F03,P01,true,3,37,4
F02190,F03,P01,true,3,37,4
F02195,F03,P01,true,3,37,4
F02197,F03,P01,true,3,37,4
F02203,F03,P01,true,3,37,4
F02235,F03,P01,true,3,37,4
F02248,F03,P01,true,3,37,4
F02257,F03,P01,true,3,37,4
F02284,F03,P01,true,3,37,4
F02288,F03,P01,true,3,37,4
F02301,F03,P01,true,3,37,4
F02302,F03,P01,true,3,37,4
F02347,F03,P01,true,3,37,4
F02375,F03,P01,true,3,37,4
F02439,F03,P01,true,3,37,4
F02455,F03,P01,true,3,37,4
F02475,F03,P01,true,3,37,4
F02480,F03,P01,true,3,37,4
F02496,F03,P01,true,3,37,4
F02507,F03,P01,true,3,37,4
F02511,F03,P01,true,3,37,4
F02522,F03,P01,true,3,37,4
F02674,F03,P01,true,3,37,4
F02677,F03,P01,true,3,37,4
F02684,F03,P01,true,3,37,4
F02715,F03,P01,true,3,37,4
F02727,F03,P01,true,3,37,4
F02764,F03,P01,true,3,37,4
F02775,F03,P01,true,3,37,4
F02776,F03,P01,true,3,37,4
F02798,F03,P01,true,3,37,4
F02834,F03,P01,true,3,37,4
F02843,F03,P01,true,3,37,4
F02876,F03,P01,true,3,37,4
F02878,F03,P01,true,3,37,4
F02895,F03,P01,true,3,37,4
F02910,F03,P01,true,3,37,4
F02915,F03,P01,true,3,37,4
F02973,F03,P01,true,3,37,4
F02999,F03,P01,true,3,37,4
F03011,F03,P01,true,3,37,4
F03035,F03,P01,true,3,37,4
F03047,F03,P01,true,3,37,4
F03055,F03,P01,true,3,37,4
F03112,F04,P01,true,3,37,4
F03227,F04,P01,true,3,37,4
F03258,F04,P01,true,3,37,4
F03342,F04,P01,true,3,37,4
F03345,F04,P01,true,3,37,4
F03403,F04,P01,true,3,37,4
F03428,F04,P01,true,3,37,4
F03450,F04,P01,true,3,37,4
F03608,F04,P01,true,3,37,4
F03615,F04,P01,true,3,37,4
F03622,F04,P01,true,3,37,4
F03627,F04,P01,true,3,37,4
F03629,F04,P01,true,3,37,4
F03681,F04,P01,true,3,37,4
F03683,F04,P01,true,3,37,4
F03684,F04,P01,true,3,37,4
F03685,F04,P01,true,3,37,4
F03721,F04,P01,true,3,37,4
F03723,F04,P01,true,3,37,4
F03728,F04,P01,true,3,37,4
F03768,F04,P01,true,3,37,4
F03784,F04,P01,true,3,37,4
F03789,F04,P01,true,3,37,4
F03792,F04,P01,true,3,37,4
F03795,F04,P01,true,3,37,4
F03828,F04,P01,true,3,37,4
F03853,F04,P01,true,3,37,4
F03861,F04,P01,true,3,37,4
F03903,F04,P01,true,3,37,4
F04018,F04,P01,true,3,37,4
F04084,F04,P01,true,3,37,4
F04088,F04,P01,true,3,37,4
F04090,F04,P01,true,3,37,4
F04107,F05,P01,true,3,37,4
F04124,F05,P01,true,3,37,4
F04264,F05,P01,true,3,37,4
F04294,F05,P01,true,3,37,4
F04300,F05,P01,true,3,37,4
F04302,F05,P01,true,3,37,4
F04316,F05,P01,true,3,37,4
F04350,F05,P01,true,3,37,4
F04365,F05,P01,true,3,37,4
F04440,F05,P01,true,3,37,4
F04446,F05,P01,true,3,37,4
F04450,F05,P01,true,3,37,4
F04551,F05,P01,true,3,37,4
F04562,F05,P01,true,3,37,4
F04585,F05,P01,true,3,37,4
F04640,F05,P01,true,3,37,4
F04651,F05,P01,true,3,37,4
F04703,F05,P01,true,3,37,4
F04705,F05,P01,true,3,37,4
F04716,F05,P01,true,3,37,4
F04754,F05,P01,true,3,37,4
F04766,F05,P01,true,3,37,4
F04770,F05,P01,true,3,37,4
F04782,F05,P01,true,3,37,4
F04820,F05,P01,true,3,37,4
F04883,F05,P01,true,3,37,4
F04896,F05,P01,true,3,37,4
F04903,F05,P01,true,3,37,4
F04923,F05,P01,true,3,37,4
F04940,F05,P01,true,3,37,4
F04953,F05,P01,true,3,37,4
F05035,F05,P01,true,3,37,4
F05051,F05,P01,true,3,37,4
F05054,F05,P01,true,3,37,4
F05098,F05,P01,true,3,37,4
F05136,F06,P01,true,3,37,4
F05140,F06,P01,true,3,37,4
F05194,F06,P01,true,3,37,4
F05243,F06,P01,true,3,37,4
F05266,F06,P01,true,3,37,4
F05290,F06,P01,true,3,37,4
F05291,F06,P01,true,3,37,4
F05327,F06,P01,true,3,37,4
F05354,F06,P01,true,3,37,4
F05356,F06,P01,true,3,37,4
F05368,F06,P01,true,3,37,4
F05371,F06,P01,true,3,37,4
F05382,F06,P01,true,3,37,4
F05401,F06,P01,true,3,37,4
F05485,F06,P01,true,3,37,4
F05487,F06,P01,true,3,37,4
F05512,F06,P01,true,3,37,4
F05545,F06,P01,true,3,37,4
F05661,F06,P01,true,3,37,4
F05673,F06,P01,true,3,37,4
F05706,F06,P01,true,3,37,4
F05734,F06,P01,true,3,37,4
F05742,F06,P01,true,3,37,4
F05760,F06,P01,true,3,37,4
F05793,F06,P01,true,3,37,4
F05809,F06,P01,true,3,37,4
F05811,F06,P01,true,3,37,4
F05824,F06,P01,true,3,37,4
F05829,F06,P01,true,3,37,4
F05837,F06,P01,true,3,37,4
F05857,F06,P01,true,3,37,4
F05863,F06,P01,true,3,37,4
F05870,F06,P01,true,3,37,4
F05904,F06,P01,true,3,37,4
F05909,F06,P01,true,3,37,4
F05916,F06,P01,true,3,37,4
F05941,F06,P01,true,3,37,4
F05985,F06,P01,true,3,37,4
F06023,F06,P01,true,3,37,4
F06052,F06,P01,true,3,37,4
F06111,F06,P01,true,3,37,4
F06127,F06,P01,true,3,37,4
F06137,F06,P01,true,3,37,4
F06142,F06,P01,true,3,37,4
F06154,F07,P01,true,3,37,4
F06162,F07,P01,true,3,37,4
F06179,F07,P01,true,3,37,4
F06218,F07,P01,true,3,37,4
F06238,F07,P01,true,3,37,4
F06246,F07,P01,true,3,37,4
F06376,F07,P01,true,3,37,4
F06380,F07,P01,true,3,37,4
F06381,F07,P01,true,3,37,4
F06387,F07,P01,true,3,37,4
F06388,F07,P01,true,3,37,4
F06389,F07,P01,true,3,37,4
F06393,F07,P01,true,3,37,4
F06399,F07,P01,true,3,37,4
F06476,F07,P01,true,3,37,4
F06482,F07,P01,true,3,37,4
F06500,F07,P01,true,3,37,4
F06514,F07,P01,true,3,37,4
F06538,F07,P01,true,3,37,4
F06541,F07,P01,true,3,37,4
F06549,F07,P01,true,3,37,4
F06561,F07,P01,true,3,37,4
F06569,F07,P01,true,3,37,4
F06579,F07,P01,true,3,37,4
F06616,F07,P01,true,3,37,4
F06637,F07,P01,true,3,37,4
F06639,F07,P01,true,3,37,4
F06653,F07,P01,true,3,37,4
F06669,F07,P01,true,3,37,4
F06680,F07,P01,true,3,37,4
F06701,F07,P01,true,3,37,4
F06709,F07,P01,true,3,37,4
F06760,F07,P01,true,3,37,4
F06766,F07,P01,true,3,37,4
F06784,F07,P01,true,3,37,4
F06790,F07,P01,true,3,37,4
F06795,F07,P01,true,3,37,4
F06809,F07,P01,true,3,37,4
F06822,F07,P01,true,3,37,4
F06843,F07,P01,true,3,37,4
F06857,F07,P01,true,3,37,4
F06861,F07,P01,true,3,37,4
F06906,F07,P01,true,3,37,4
F06937,F07,P01,true,3,37,4
F07018,F07,P01,true,3,37,4
F07030,F07,P01,true,3,37,4
F07053,F07,P01,true,3,37,4
F07064,F07,P01,true,3,37,4
F07066,F07,P01,true,3,37,4
F07075,F07,P01,true,3,37,4
F07089,F07,P01,true,3,37,4
F07120,F07,P01,true,3,37,4
F07126,F07,P01,true,3,37,4
F07156,F07,P01,true,3,37,4
F07199,F08,P01,true,3,37,4
F07205,F08,P01,true,3,37,4
F07249,F08,P01,true,3,37,4
F07269,F08,P01,true,3,37,4
F07276,F08,P01,true,3,37,4
F07277,F08,P01,true,3,37,4
F07313,F08,P01,true,3,37,4
F07354,F08,P01,true,3,37,4
F07386,F08,P01,true,3,37,4
F07429,F08,P01,true,3,37,4
F07435,F08,P01,true,3,37,4
F07436,F08,P01,true,3,37,4
F07442,F08,P01,true,3,37,4
F07472,F08,P01,true,3,37,4
F07486,F08,P01,true,3,37,4
F07491,F08,P01,true,3,37,4
F07507,F08,P01,true,3,37,4
F07588,F08,P01,true,3,37,4
F07604,F08,P01,true,3,37,4
F07639,F08,P01,true,3,37,4
F07648,F08,P01,true,3,37,4
F07671,F08,P01,true,3,37,4
F07691,F08,P01,true,3,37,4
F07694,F08,P01,true,3,37,4
F07744,F08,P01,true,3,37,4
F07755,F08,P01,true,3,37,4
F07762,F08,P01,true,3,37,4
F07800,F08,P01,true,3,37,4
F07838,F08,P01,true,3,37,4
F07854,F08,P01,true,3,37,4
F07860,F08,P01,true,3,37,4
F07919,F08,P01,true,3,37,4
F07968,F08,P01,true,3,37,4
F07976,F08,P01,true,3,37,4
F07988,F08,P01,true,3,37,4
F07990,F08,P01,true,3,37,4
F07999,F08,P01,true,3,37,4
F08015,F08,P01,true,3,37,4
F08016,F08,P01,true,3,37,4
F08028,F08,P01,true,3,37,4
F08110,F08,P01,true,3,37,4
F08120,F08,P01,true,3,37,4
F08125,F08,P01,true,3,37,4
F08131,F08,P01,true,3,37,4
F08151,F08,P01,true,3,37,4
F08155,F08,P01,true,3,37,4
F08167,F08,P01,true,3,37,4
F08185,F08,P01,true,3,37,4
F08209,F09,P01,true,3,37,4
F08214,F09,P01,true,3,37,4
F08218,F09,P01,true,3,37,4
F08224,F09,P01,true,3,37,4
F08256,F09,P01,true,3,37,4
F08299,F09,P01,true,3,37,4
F08314,F09,P01,true,3,37,4
F08316,F09,P01,true,3,37,4
F08319,F09,P01,true,3,37,4
F08333,F09,P01,true,3,37,4
F08387,F09,P01,true,3,37,4
F08393,F09,P01,true,3,37,4
F08425,F09,P01,true,3,37,4
F08443,F09,P01,true,3,37,4
F08451,F09,P01,true,3,37,4
F08452,F09,P01,true,3,37,4
F08490,F09,P01,true,3,37,4
F08500,F09,P01,true,3,37,4
F08504,F09,P01,true,3,37,4
F08520,F09,P01,true,3,37,4
F08539,F09,P01,true,3,37,4
F08540,F09,P01,true,3,37,4
F08544,F09,P01,true,3,37,4
F08584,F09,P01,true,3,37,4
F08599,F09,P01,true,3,37,4
F08620,F09,P01,true,3,37,4
F08621,F09,P01,true,3,37,4
F08633,F09,P01,true,3,37,4
F08641,F09,P01,true,3,37,4
F08661,F09,P01,true,3,37,4
F08663,F09,P01,true,3,37,4
F08682,F09,P01,true,3,37,4
F08685,F09,P01,true,3,37,4
F08722,F09,P01,true,3,37,4
F08727,F09,P01,true,3,37,4
F08741,F09,P01,true,3,37,4
F08747,F09,P01,true,3,37,4
F08749,F09,P01,true,3,37,4
F08751,F09,P01,true,3,37,4
F08752,F09,P01,true,3,37,4
F08761,F09,P01,true,3,37,4
F08769,F09,P01,true,3,37,4
F08784,F09,P01,true,3,37,4
F08786,F09,P01,true,3,37,4
F08793,F09,P01,true,3,37,4
F08796,F09,P01,true,3,37,4
F08803,F09,P01,true,3,37,4
F08813,F09,P01,true,3,37,4
F08824,F09,P01,true,3,37,4
F08828,F09,P01,true,3,37,4
F08831,F09,P01,true,3,37,4
F08866,F09,P01,true,3,37,4
F08878,F09,P01,true,3,37,4
F08888,F09,P01,true,3,37,4
F08890,F09,P01,true,3,37,4
F08902,F09,P01,true,3,37,4
F08924,F09,P01,true,3,37,4
F08937,F09,P01,true,3,37,4
F08951,F09,P01,true,3,37,4
F08976,F09,P01,true,3,37,4
F09011,F09,P01,true,3,37,4
F09014,F09,P01,true,3,37,4
F09016,F09,P01,true,3,37,4
F09029,F09,P01,true,3,37,4
F09033,F09,P01,true,3,37,4
F09063,F09,P01,true,3,37,4
F09064,F09,P01,true,3,37,4
F09069,F09,P01,true,3,37,4
F09087,F09,P01,true,3,37,4
F09101,F09,P01,true,3,37,4
F09119,F09,P01,true,3,37,4
F09122,F09,P01,true,3,37,4
F09135,F09,P01,true,3,37,4
F09137,F09,P01,true,3,37,4
F09142,F09,P01,true,3,37,4
F09155,F09,P01,true,3,37,4
F09192,F09,P01,true,3,37,4
F09210,F09,P01,true,3,37,4
F09218,F10,P01,true,3,37,4
F09224,F10,P01,true,3,37,4
F09243,F10,P01,true,3,37,4
F09261,F10,P01,true,3,37,4
F09271,F10,P01,true,3,37,4
F09299,F10,P01,true,3,37,4
F09312,F10,P01,true,3,37,4
F09318,F10,P01,true,3,37,4
F09321,F10,P01,true,3,37,4
F09325,F10,P01,true,3,37,4
F09341,F10,P01,true,3,37,4
F09363,F10,P01,true,3,37,4
F09373,F10,P01,true,3,37,4
F09381,F10,P01,true,3,37,4
F09384,F10,P01,true,3,37,4
F09385,F10,P01,true,3,37,4
F09395,F10,P01,true,3,37,4
F09406,F10,P01,true,3,37,4
F09423,F10,P01,true,3,37,4
F09434,F10,P01,true,3,37,4
F09461,F10,P01,true,3,37,4
F09547,F10,P01,true,3,37,4
F09597,F10,P01,true,3,37,4
F09607,F10,P01,true,3,37,4
F09626,F10,P01,true,3,37,4
F09634,F10,P01,true,3,37,4
F09636,F10,P01,true,3,37,4
F09638,F10,P01,true,3,37,4
F09655,F10,P01,true,3,37,4
F09661,F10,P01,true,3,37,4
F09680,F10,P01,true,3,37,4
F09687,F10,P01,true,3,37,4
F09716,F10,P01,true,3,37,4
F09741,F10,P01,true,3,37,4
F09751,F10,P01,true,3,37,4
F09780,F10,P01,true,3,37,4
F09801,F10,P01,true,3,37,4
F09812,F10,P01,true,3,37,4
F09838,F10,P01,true,3,37,4
F09899,F10,P01,true,3,37,4
F09917,F10,P01,true,3,37,4
F09924,F10,P01,true,3,37,4
F09927,F10,P01,true,3,37,4
F09937,F10,P01,true,3,37,4
F09942,F10,P01,true,3,37,4
F09958,F10,P01,true,3,37,4
F09963,F10,P01,true,3,37,4
F09987,F10,P01,true,3,37,4
F10025,F10,P01,true,3,37,4
F10027,F10,P01,true,3,37,4
F10048,F10,P01,true,3,37,4
F10073,F10,P01,true,3,37,4
F10118,F10,P01,true,3,37,4
F10174,F10,P01,true,3,37,4
F10180,F10,P01,true,3,37,4
F10185,F10,P01,true,3,37,4
F10219,F10,P01,true,3,37,4
F10228,F10,P01,true,3,37,4
F10235,F10,P01,true,3,37,4
F10239,F10,P01,true,3,37,4
F10247,F11,P01,true,3,37,4
F10280,F11,P01,true,3,37,4
F10304,F11,P01,true,3,37,4
F10321,F11,P01,true,3,37,4
F10332,F11,P01,true,3,37,4
F10333,F11,P01,true,3,37,4
F10353,F11,P01,true,3,37,4
F10371,F11,P01,true,3,37,4
F10401,F11,P01,true,3,37,4
F10429,F11,P01,true,3,37,4
F10436,F11,P01,true,3,37,4
F10443,F11,P01,true,3,37,4
F10476,F11,P01,true,3,37,4
F10480,F11,P01,true,3,37,4
F10482,F11,P01,true,3,37,4
F10485,F11,P01,true,3,37,4
F10495,F11,P01,true,3,37,4
F10513,F11,P01,true,3,37,4
F10567,F11,P01,true,3,37,4
F10586,F11,P01,true,3,37,4
F10589,F11,P01,true,3,37,4
F10608,F11,P01,true,3,37,4
F10614,F11,P01,true,3,37,4
F10619,F11,P01,true,3,37,4
F10630,F11,P01,true,3,37,4
F10641,F11,P01,true,3,37,4
F10663,F11,P01,true,3,37,4
F10669,F11,P01,true,3,37,4
F10681,F11,P01,true,3,37,4
F10705,F11,P01,true,3,37,4
F10706,F11,P01,true,3,37,4
F10727,F11,P01,true,3,37,4
F10761,F11,P01,true,3,37,4
F10831,F11,P01,true,3,37,4
F10850,F11,P01,true,3,37,4
F10887,F11,P01,true,3,37,4
F10913,F11,P01,true,3,37,4
F10915,F11,P01,true,3,37,4
F10916,F11,P01,true,3,37,4
F10959,F11,P01,true,3,37,4
F10962,F11,P01,true,3,37,4
F10966,F11,P01,true,3,37,4
F10992,F11,P01,true,3,37,4
F11007,F11,P01,true,3,37,4
F11020,F11,P01,true,3,37,4
F11081,F11,P01,true,3,37,4
F11085,F11,P01,true,3,37,4
F11087,F11,P01,true,3,37,4
F11111,F11,P01,true,3,37,4
F11136,F11,P01,true,3,37,4
F11141,F11,P01,true,3,37,4
F11152,F11,P01,true,3,37,4
F11154,F11,P01,true,3,37,4
F11177,F11,P01,true,3,37,4
F11191,F11,P01,true,3,37,4
F11225,F11,P01,true,3,37,4
F11241,F11,P01,true,3,37,4
F11253,F11,P01,true,3,37,4
F11286,F12,P01,true,3,37,4
F11302,F12,P01,true,3,37,4
F11312,F12,P01,true,3,37,4
F11357,F12,P01,true,3,37,4
F11361,F12,P01,true,3,37,4
F11367,F12,P01,true,3,37,4
F11397,F12,P01,true,3,37,4
F11406,F12,P01,true,3,37,4
F11416,F12,P01,true,3,37,4
F11423,F12,P01,true,3,37,4
F11450,F12,P01,true,3,37,4
F11451,F12,P01,true,3,37,4
F11460,F12,P01,true,3,37,4
F11482,F12,P01,true,3,37,4
F11506,F12,P01,true,3,37,4
F11517,F12,P01,true,3,37,4
F11520,F12,P01,true,3,37,4
F11536,F12,P01,true,3,37,4
F11561,F12,P01,true,3,37,4
F11578,F12,P01,true,3,37,4
F11598,F12,P01,true,3,37,4
F11627,F12,P01,true,3,37,4
F11635,F12,P01,true,3,37,4
F11681,F12,P01,true,3,37,4
F11684,F12,P01,true,3,37,4
F11689,F12,P01,true,3,37,4
F11698,F12,P01,true,3,37,4
F11699,F12,P01,true,3,37,4
F11701,F12,P01,true,3,37,4
F11799,F12,P01,true,3,37,4
F11811,F12,P01,true,3,37,4
F11813,F12,P01,true,3,37,4
F11814,F12,P01,true,3,37,4
F11912,F12,P01,true,3,37,4
F11925,F12,P01,true,3,37,4
F11938,F12,P01,true,3,37,4
F11958,F12,P01,true,3,37,4
F11966,F12,P01,true,3,37,4
F12018,F12,P01,true,3,37,4
F12094,F12,P01,true,3,37,4
F12131,F12,P01,true,3,37,4
F12156,F12,P01,true,3,37,4
F12164,F12,P01,true,3,37,4
F12199,F12,P01,true,3,37,4
F12219,F12,P01,true,3,37,4
F12244,F12,P01,true,3,37,4
F12357,F13,P01,true,3,37,4
F12561,F13,P01,true,3,37,4
F12581,F13,P01,true,3,37,4
F12699,F13,P01,true,3,37,4
F12760,F13,P01,true,3,37,4
F12919,F13,P01,true,3,37,4
F12934,F13,P01,true,3,37,4
F13026,F13,P01,true,3,37,4
F13050,F13,P01,true,3,37,4
F13054,F13,P01,true,3,37,4
F13230,F13,P01,true,3,37,4
F13248,F13,P01,true,3,37,4
F13268,F13,P01,true,3,37,4
F13364,F14,P01,true,3,37,4
F13447,F14,P01,true,3,37,4
F13454,F14,P01,true,3,37,4
F13497,F14,P01,true,3,37,4
F13514,F14,P01,true,3,37,4
F13736,F14,P01,true,3,37,4
F13748,F14,P01,true,3,37,4
F13859,F14,P01,true,3,37,4
F14041,F14,P01,true,3,37,4
F14309,F14,P01,true,3,37,4
F14363,F15,P01,true,3,37,4
F14444,F15,P01,true,3,37,4
F14476,F15,P01,true,3,37,4
F14516,F15,P01,true,3,37,4
F14570,F15,P01,true,3,37,4
F14597,F15,P01,true,3,37,4
F14604,F15,P01,true,3,37,4
F14714,F15,P01,true,3,37,4
F14725,F15,P01,true,3,37,4
F14807,F15,P01,true,3,37,4
F14855,F15,P01,true,3,37,4
F14899,F15,P01,true,3,37,4
F14908,F15,P01,true,3,37,4
F14945,F15,P01,true,3,37,4
F15071,F15,P01,true,3,37,4
F15122,F15,P01,true,3,37,4
F15167,F15,P01,true,3,37,4
F15175,F15,P01,true,3,37,4
F15368,F16,P01,true,3,37,4
F15369,F16,P01,true,3,37,4
F15372,F16,P01,true,3,37,4
F15388,F16,P01,true,3,37,4
F15427,F16,P01,true,3,37,4
F15435,F16,P01,true,3,37,4
F15471,F16,P01,true,3,37,4
F15479,F16,P01,true,3,37,4
F15531,F16,P01,true,3,37,4
F15554,F16,P01,true,3,37,4
F15599,F16,P01,true,3,37,4
F15602,F16,P01,true,3,37,4
F15609,F16,P01,true,3,37,4
F15618,F16,P01,true,3,37,4
F15620,F16,P01,true,3,37,4
F15711,F16,P01,true,3,37,4
F15719,F16,P01,true,3,37,4
F15858,F16,P01,true,3,37,4
F15861,F16,P01,true,3,37,4
F15879,F16,P01,true,3,37,4
F15913,F16,P01,true,3,37,4
F15922,F16,P01,true,3,37,4
F15960,F16,P01,true,3,37,4
F15969,F16,P01,true,3,37,4
F16042,F16,P01,true,3,37,4
F16043,F16,P01,true,3,37,4
F16061,F16,P01,true,3,37,4
F16080,F16,P01,true,3,37,4
F16106,F16,P01,true,3,37,4
F16108,F16,P01,true,3,37,4
F16110,F16,P01,true,3,37,4
F16117,F16,P01,true,3,37,4
F16125,F16,P01,true,3,37,4
F16183,F16,P01,true,3,37,4
F16200,F16,P01,true,3,37,4
F16223,F16,P01,true,3,37,4
F16264,F16,P01,true,3,37,4
F16273,F16,P01,true,3,37,4
F16323,F16,P01,true,3,37,4
F16346,F16,P01,true,3,37,4
F16413,F17,P01,true,3,37,4
F16416,F17,P01,true,3,37,4
F16424,F17,P01,true,3,37,4
F16426,F17,P01,true,3,37,4
F16442,F17,P01,true,3,37,4
F16443,F17,P01,true,3,37,4
F16465,F17,P01,true,3,37,4
F16475,F17,P01,true,3,37,4
F16483,F17,P01,true,3,37,4
F16517,F17,P01,true,3,37,4
F16523,F17,P01,true,3,37,4
F16526,F17,P01,true,3,37,4
F16548,F17,P01,true,3,37,4
F16584,F17,P01,true,3,37,4
F16594,F17,P01,true,3,37,4
F16597,F17,P01,true,3,37,4
F16605,F17,P01,true,3,37,4
F16611,F17,P01,true,3,37,4
F16623,F17,P01,true,3,37,4
F16636,F17,P01,true,3,37,4
F16638,F17,P01,true,3,37,4
F16645,F17,P01,true,3,37,4
F16677,F17,P01,true,3,37,4
F16693,F17,P01,true,3,37,4
F16701,F17,P01,true,3,37,4
F16711,F17,P01,true,3,37,4
F16746,F17,P01,true,3,37,4
F16757,F17,P01,true,3,37,4
F16843,F17,P01,true,3,37,4
F16847,F17,P01,true,3,37,4
F16895,F17,P01,true,3,37,4
F16900,F17,P01,true,3,37,4
F16905,F17,P01,true,3,37,4
F16918,F17,P01,true,3,37,4
F16924,F17,P01,true,3,37,4
F16926,F17,P01,true,3,37,4
F16979,F17,P01,true,3,37,4
F16991,F17,P01,true,3,37,4
F16993,F17,P01,true,3,37,4
F16995,F17,P01,true,3,37,4
F17000,F17,P01,true,3,37,4
F17001,F17,P01,true,3,37,4
F17006,F17,P01,true,3,37,4
F17008,F17,P01,true,3,37,4
F17012,F17,P01,true,3,37,4
F17016,F17,P01,true,3,37,4
F17020,F17,P01,true,3,37,4
F17026,F17,P01,true,3,37,4
F17053,F17,P01,true,3,37,4
F17059,F17,P01,true,3,37,4
F17064,F17,P01,true,3,37,4
F17111,F17,P01,true,3,37,4
F17121,F17,P01,true,3,37,4
F17129,F17,P01,true,3,37,4
F17147,F17,P01,true,3,37,4
F17148,F17,P01,true,3,37,4
F17152,F17,P01,true,3,37,4
F17154,F17,P01,true,3,37,4
F17159,F17,P01,true,3,37,4
F17165,F17,P01,true,3,37,4
F17175,F17,P01,true,3,37,4
F17185,F17,P01,true,3,37,4
F17227,F17,P01,true,3,37,4
F17233,F17,P01,true,3,37,4
F17240,F17,P01,true,3,37,4
F17259,F17,P01,true,3,37,4
F17263,F17,P01,true,3,37,4
F17267,F17,P01,true,3,37,4
F17274,F17,P01,true,3,37,4
F17289,F17,P01,true,3,37,4
F17291,F17,P01,true,3,37,4
F17301,F17,P01,true,3,37,4
F17307,F17,P01,true,3,37,4
F17319,F17,P01,true,3,37,4
F17335,F17,P01,true,3,37,4
F17371,F17,P01,true,3,37,4
F17372,F17,P01,true,3,37,4
F17458,F18,P01,true,3,37,4
F17463,F18,P01,true,3,37,4
F17464,F18,P01,true,3,37,4
F17472,F18,P01,true,3,37,4
F17477,F18,P01,true,3,37,4
F17488,F18,P01,true,3,37,4
F17496,F18,P01,true,3,37,4
F17521,F18,P01,true,3,37,4
F17534,F18,P01,true,3,37,4
F17540,F18,P01,true,3,37,4
F17579,F18,P01,true,3,37,4
F17582,F18,P01,true,3,37,4
F17589,F18,P01,true,3,37,4
F17620,F18,P01,true,3,37,4
F17650,F18,P01,true,3,37,4
F17655,F18,P01,true,3,37,4
F17661,F18,P01,true,3,37,4
F17673,F18,P01,true,3,37,4
F17691,F18,P01,true,3,37,4
F17715,F18,P01,true,3,37,4
F17726,F18,P01,true,3,37,4
F17748,F18,P01,true,3,37,4
F17749,F18,P01,true,3,37,4
F17750,F18,P01,true,3,37,4
F17757,F18,P01,true,3,37,4
F17770,F18,P01,true,3,37,4
F17774,F18,P01,true,3,37,4
F17786,F18,P01,true,3,37,4
F17802,F18,P01,true,3,37,4
F17852,F18,P01,true,3,37,4
F17861,F18,P01,true,3,37,4
F17866,F18,P01,true,3,37,4
F17868,F18,P01,true,3,37,4
F17872,F18,P01,true,3,37,4
F17902,F18,P01,true,3,37,4
F17908,F18,P01,true,3,37,4
F17911,F18,P01,true,3,37,4
F17915,F18,P01,true,3,37,4
F17949,F18,P01,true,3,37,4
F17958,F18,P01,true,3,37,4
F17960,F18,P01,true,3,37,4
F17972,F18,P01,true,3,37,4
F17982,F18,P01,true,3,37,4
F18014,F18,P01,true,3,37,4
F18032,F18,P01,true,3,37,4
F18043,F18,P01,true,3,37,4
F18109,F18,P01,true,3,37,4
F18120,F18,P01,true,3,37,4
F18139,F18,P01,true,3,37,4
F18170,F18,P01,true,3,37,4
F18179,F18,P01,true,3,37,4
F18187,F18,P01,true,3,37,4
F18204,F18,P01,true,3,37,4
F18209,F18,P01,true,3,37,4
F18234,F18,P01,true,3,37,4
F18265,F18,P01,true,3,37,4
F18281,F18,P01,true,3,37,4
F18296,F18,P01,true,3,37,4
F18329,F18,P01,true,3,37,4
F18360,F18,P01,true,3,37,4
F18395,F18,P01,true,3,37,4
F18423,F18,P01,true,3,37,4
F18436,F19,P01,true,3,37,4
F18478,F19,P01,true,3,37,4
F18488,F19,P01,true,3,37,4
F18506,F19,P01,true,3,37,4
F18507,F19,P01,true,3,37,4
F18547,F19,P01,true,3,37,4
F18548,F19,P01,true,3,37,4
F18569,F19,P01,true,3,37,4
F18591,F19,P01,true,3,37,4
F18597,F19,P01,true,3,37,4
F18605,F19,P01,true,3,37,4
F18624,F19,P01,true,3,37,4
F18661,F19,P01,true,3,37,4
F18667,F19,P01,true,3,37,4
F18674,F19,P01,true,3,37,4
F18676,F19,P01,true,3,37,4
F18682,F19,P01,true,3,37,4
F18692,F19,P01,true,3,37,4
F18706,F19,P01,true,3,37,4
F18742,F19,P01,true,3,37,4
F18779,F19,P01,true,3,37,4
F18823,F19,P01,true,3,37,4
F18852,F19,P01,true,3,37,4
F18855,F19,P01,true,3,37,4
F18889,F19,P01,true,3,37,4
F18928,F19,P01,true,3,37,4
F18961,F19,P01,true,3,37,4
F18980,F19,P01,true,3,37,4
F18984,F19,P01,true,3,37,4
F18999,F19,P01,true,3,37,4
F19007,F19,P01,true,3,37,4
F19012,F19,P01,true,3,37,4
F19019,F19,P01,true,3,37,4
F19060,F19,P01,true,3,37,4
F19063,F19,P01,true,3,37,4
F19096,F19,P01,true,3,37,4
F19117,F19,P01,true,3,37,4
F19149,F19,P01,true,3,37,4
F19155,F19,P01,true,3,37,4
F19192,F19,P01,true,3,37,4
F19204,F19,P01,true,3,37,4
F19214,F19,P01,true,3,37,4
F19259,F19,P01,true,3,37,4
F19264,F19,P01,true,3,37,4
F19272,F19,P01,true,3,37,4
F19286,F19,P01,true,3,37,4
F19309,F19,P01,true,3,37,4
F19319,F19,P01,true,3,37,4
F19322,F19,P01,true,3,37,4
F19338,F19,P01,true,3,37,4
F19349,F19,P01,true,3,37,4
F19411,F19,P01,true,3,37,4
F19417,F19,P01,true,3,37,4
F19418,F19,P01,true,3,37,4
F19433,F19,P01,true,3,37,4
F19434,F19,P01,true,3,37,4
F19437,F19,P01,true,3,37,4
F19471,F20,P01,true,3,37,4
F19484,F20,P01,true,3,37,4
F19515,F20,P01,true,3,37,4
F19516,F20,P01,true,3,37,4
F19523,F20,P01,true,3,37,4
F19571,F20,P01,true,3,37,4
F19594,F20,P01,true,3,37,4
F19614,F20,P01,true,3,37,4
F19626,F20,P01,true,3,37,4
F19627,F20,P01,true,3,37,4
F19634,F20,P01,true,3,37,4
F19651,F20,P01,true,3,37,4
F19654,F20,P01,true,3,37,4
F19692,F20,P01,true,3,37,4
F19703,F20,P01,true,3,37,4
F19711,F20,P01,true,3,37,4
F19727,F20,P01,true,3,37,4
F19749,F20,P01,true,3,37,4
F19757,F20,P01,true,3,37,4
F19758,F20,P01,true,3,37,4
F19878,F20,P01,true,3,37,4
F19883,F20,P01,true,3,37,4
F19889,F20,P01,true,3,37,4
F19896,F20,P01,true,3,37,4
F19928,F20,P01,true,3,37,4
F19930,F20,P01,true,3,37,4
F19934,F20,P01,true,3,37,4
F19969,F20,P01,true,3,37,4
F20007,F20,P01,true,3,37,4
F20024,F20,P01,true,3,37,4
F20065,F20,P01,true,3,37,4
F20111,F20,P01,true,3,37,4
F20115,F20,P01,true,3,37,4
F20116,F20,P01,true,3,37,4
F20138,F20,P01,true,3,37,4
F20164,F20,P01,true,3,37,4
F20182,F20,P01,true,3,37,4
F20212,F20,P01,true,3,37,4
F20215,F20,P01,true,3,37,4
F20221,F20,P01,true,3,37,4
F20225,F20,P01,true,3,37,4
F20270,F20,P01,true,3,37,4
F20297,F20,P01,true,3,37,4
F20332,F20,P01,true,3,37,4
F20364,F20,P01,true,3,37,4
F20394,F20,P01,true,3,37,4
F20458,F20,P01,true,3,37,4
F20526,F21,P01,true,3,37,4
F20561,F21,P01,true,3,37,4
F20562,F21,P01,true,3,37,4
F20605,F21,P01,true,3,37,4
F20636,F21,P01,true,3,37,4
F20743,F21,P01,true,3,37,4
F20755,F21,P01,true,3,37,4
F20779,F21,P01,true,3,37,4
F20809,F21,P01,true,3,37,4
F20901,F21,P01,true,3,37,4
F21078,F21,P01,true,3,37,4
F21204,F21,P01,true,3,37,4
F21369,F21,P01,true,3,37,4
F21470,F21,P01,true,3,37,4
F21534,F22,P01,true,3,37,4
F21548,F22,P01,true,3,37,4
F21549,F22,P01,true,3,37,4
F21715,F22,P01,true,3,37,4
F21756,F22,P01,true,3,37,4
F21978,F22,P01,true,3,37,4
F22038,F22,P01,true,3,37,4
F22040,F22,P01,true,3,37,4
F22207,F22,P01,true,3,37,4
F22452,F22,P01,true,3,37,4
F22740,F23,P01,true,3,37,4
F22741,F23,P01,true,3,37,4
F22890,F23,P01,true,3,37,4
F22943,F23,P01,true,3,37,4
F22961,F23,P01,true,3,37,4
F23085,F23,P01,true,3,37,4
F23113,F23,P01,true,3,37,4
F23252,F23,P01,true,3,37,4
F23396,F23,P01,true,3,37,4
F23416,F23,P01,true,3,37,4
F23421,F23,P01,true,3,37,4
F23531,F23,P01,true,3,37,4
F23539,F23,P01,true,3,37,4
F23596,F24,P01,true,3,37,4
F23747,F24,P01,true,3,37,4
F23813,F24,P01,true,3,37,4
F23915,F24,P01,true,3,37,4
F23923,F24,P01,true,3,37,4
F23994,F24,P01,true,3,37,4
F24046,F24,P01,true,3,37,4
F24084,F24,P01,true,3,37,4
F24095,F24,P01,true,3,37,4
F24103,F24,P01,true,3,37,4
F24106,F24,P01,true,3,37,4
F24198,F24,P01,true,3,37,4
F24326,F24,P01,true,3,37,4
F24440,F24,P01,true,3,37,4
F24442,F24,P01,true,3,37,4
F24448,F24,P01,true,3,37,4
F24481,F24,P01,true,3,37,4
F24485,F24,P01,true,3,37,4
F24543,F24,P01,true,3,37,4
F24559,F24,P01,true,3,37,4
F00611,F01,P01,true,2,37,4
F00705,F01,P01,true,2,37,4
F00786,F01,P01,true,2,37,4
F00884,F01,P01,true,2,37,4
F01002,F01,P01,true,2,37,4
F01190,F02,P01,true,2,37,4
F01200,F02,P01,true,2,37,4
F01218,F02,P01,true,2,37,4
F01452,F02,P01,true,2,37,4
F01734,F02,P01,true,2,37,4
F02572,F03,P01,true,2,37,4
F03460,F04,P01,true,2,37,4
F03501,F04,P01,true,2,37,4
F04384,F05,P01,true,2,37,4
F04500,F05,P01,true,2,37,4
F04663,F05,P01,true,2,37,4
F05675,F06,P01,true,2,37,4
F05758,F06,P01,true,2,37,4
F05911,F06,P01,true,2,37,4
F05912,F06,P01,true,2,37,4
F06349,F07,P01,true,2,37,4
F06754,F07,P01,true,2,37,4
F06963,F07,P01,true,2,37,4
F07322,F08,P01,true,2,37,4
F07655,F08,P01,true,2,37,4
F07903,F08,P01,true,2,37,4
F08734,F09,P01,true,2,37,4
F09098,F09,P01,true,2,37,4
F09296,F10,P01,true,2,37,4
F09555,F10,P01,true,2,37,4
F09791,F10,P01,true,2,37,4
F10628,F11,P01,true,2,37,4
F10670,F11,P01,true,2,37,4
F12258,F12,P01,true,2,37,4
F13967,F14,P01,true,2,37,4
F15535,F16,P01,true,2,37,4
F15785,F16,P01,true,2,37,4
F16663,F17,P01,true,2,37,4
F16682,F17,P01,true,2,37,4
F16787,F17,P01,true,2,37,4
F17310,F17,P01,true,2,37,4
F18068,F18,P01,true,2,37,4
F18213,F18,P01,true,2,37,4
F18328,F18,P01,true,2,37,4
F18522,F19,P01,true,2,37,4
F18596,F19,P01,true,2,37,4
F18827,F19,P01,true,2,37,4
F18868,F19,P01,true,2,37,4
F18948,F19,P01,true,2,37,4
F19023,F19,P01,true,2,37,4
F19090,F19,P01,true,2,37,4
F19145,F19,P01,true,2,37,4
F19232,F19,P01,true,2,37,4
F19288,F19,P01,true,2,37,4
F24320,F24,P01,true,2,37,4
F24334,F24,P01,true,2,37,4
F24391,F24,P01,true,2,37,4
F02272,F03,P01,true,4,37,3
F02955,F03,P01,true,4,37,3
F03190,F04,P01,true,4,37,3
F03302,F04,P01,true,4,37,3
F03415,F04,P01,true,4,37,3
F03419,F04,P01,true,4,37,3
F03475,F04,P01,true,4,37,3
F03534,F04,P01,true,4,37,3
F03638,F04,P01,true,4,37,3
F03646,F04,P01,true,4,37,3
F03757,F04,P01,true,4,37,3
F03760,F04,P01,true,4,37,3
F03816,F04,P01,true,4,37,3
F03928,F04,P01,true,4,37,3
F03979,F04,P01,true,4,37,3
F03987,F04,P01,true,4,37,3
F03988,F04,P01,true,4,37,3
F04048,F04,P01,true,4,37,3
F10917,F11,P01,true,4,37,3
F11146,F11,P01,true,4,37,3
F11724,F12,P01,true,4,37,3
F11896,F12,P01,true,4,37,3
F12117,F12,P01,true,4,37,3
F20018,F20,P01,true,4,37,3
F20023,F20,P01,true,4,37,3
F20491,F21,P01,true,4,37,3
F20530,F21,P01,true,4,37,3
F20604,F21,P01,true,4,37,3
F20699,F21,P01,true,4,37,3
F20709,F21,P01,true,4,37,3
F20711,F21,P01,true,4,37,3
F20717,F21,P01,true,4,37,3
F20825,F21,P01,true,4,37,3
F20832,F21,P01,true,4,37,3
F20888,F21,P01,true,4,37,3
F20989,F21,P01,true,4,37,3
F21099,F21,P01,true,4,37,3
F21161,F21,P01,true,4,37,3
F21164,F21,P01,true,4,37,3
F21175,F21,P01,true,4,37,3
F21274,F21,P01,true,4,37,3
F21287,F21,P01,true,4,37,3
F21333,F21,P01,true,4,37,3
F21339,F21,P01,true,4,37,3
F21400,F21,P01,true,4,37,3
F21456,F21,P01,true,4,37,3
F21615,F22,P01,true,4,37,3
F21689,F22,P01,true,4,37,3
F21744,F22,P01,true,4,37,3
F21904,F22,P01,true,4,37,3
F22015,F22,P01,true,4,37,3
F22075,F22,P01,true,4,37,3
F22234,F22,P01,true,4,37,3
F22303,F22,P01,true,4,37,3
F22360,F22,P01,true,4,37,3
F22371,F22,P01,true,4,37,3
F22523,F22,P01,true,4,37,3
F22586,F23,P01,true,4,37,3
F22602,F23,P01,true,4,37,3
F22649,F23,P01,true,4,37,3
F22653,F23,P01,true,4,37,3
F22689,F23,P01,true,4,37,3
F22691,F23,P01,true,4,37,3
F22699,F23,P01,true,4,37,3
F22702,F23,P01,true,4,37,3
F22808,F23,P01,true,4,37,3
F22867,F23,P01,true,4,37,3
F22938,F23,P01,true,4,37,3
F22984,F23,P01,true,4,37,3
F22991,F23,P01,true,4,37,3
F22998,F23,P01,true,4,37,3
F23097,F23,P01,true,4,37,3
F23151,F23,P01,true,4,37,3
F23170,F23,P01,true,4,37,3
F23220,F23,P01,true,4,37,3
F23278,F23,P01,true,4,37,3
F23325,F23,P01,true,4,37,3
F23329,F23,P01,true,4,37,3
F23374,F23,P01,true,4,37,3
F23375,F23,P01,true,4,37,3
F23394,F23,P01,true,4,37,3
F23435,F23,P01,true,4,37,3
F23620,F24,P01,true,4,37,3
F23623,F24,P01,true,4,37,3
F23951,F24,P01,true,4,37,3
F24064,F24,P01,true,4,37,3
F24079,F24,P01,true,4,37,3
F24172,F24,P01,true,4,37,3
F24175,F24,P01,true,4,37,3
F24225,F24,P01,true,4,37,3
F24294,F24,P01,true,4,37,3
F24400,F24,P01,true,4,37,3
F24420,F24,P01,true,4,37,3
F24455,F24,P01,true,4,37,3
F02330,F03,P01,true,3,37,3
F03307,F04,P01,true,3,37,3
F03585,F04,P01,true,3,37,3
F10293,F11,P01,true,3,37,3
F10407,F11,P01,true,3,37,3
F10632,F11,P01,true,3,37,3
F10694,F11,P01,true,3,37,3
F10980,F11,P01,true,3,37,3
F11149,F11,P01,true,3,37,3
F11203,F11,P01,true,3,37,3
F11436,F12,P01,true,3,37,3
F11729,F12,P01,true,3,37,3
F11775,F12,P01,true,3,37,3
F11901,F12,P01,true,3,37,3
F12070,F12,P01,true,3,37,3
F19902,F20,P01,true,3,37,3
F20021,F20,P01,true,3,37,3
F20943,F21,P01,true,3,37,3
F21390,F21,P01,true,3,37,3
F21449,F21,P01,true,3,37,3
F21899,F22,P01,true,3,37,3
F22082,F22,P01,true,3,37,3
F22147,F22,P01,true,3,37,3
F23223,F23,P01,true,3,37,3
F23551,F23,P01,true,3,37,3
F24076,F24,P01,true,3,37,3
F24405,F24,P01,true,3,37,3
F24573,F24,P01,true,3,37,3
F10410,F11,P01,true,2,37,3
F22825,F23,P01,true,2,37,3
F11512,F12,P01,true,5,36,4
F00007,F01,P01,true,4,36,4
F00008,F01,P01,true,4,36,4
F00023,F01,P01,true,4,36,4
F00042,F01,P01,true,4,36,4
F00054,F01,P01,true,4,36,4
F00110,F01,P01,true,4,36,4
F00113,F01,P01,true,4,36,4
F00135,F01,P01,true,4,36,4
F00163,F01,P01,true,4,36,4
F00189,F01,P01,true,4,36,4
F00206,F01,P01,true,4,36,4
F00232,F01,P01,true,4,36,4
F00239,F01,P01,true,4,36,4
F00255,F01,P01,true,4,36,4
F00265,F01,P01,true,4,36,4
F00290,F01,P01,true,4,36,4
F00298,F01,P01,true,4,36,4
F00316,F01,P01,true,4,36,4
F00378,F01,P01,true,4,36,4
F00415,F01,P01,true,4,36,4
F00422,F01,P01,true,4,36,4
F00436,F01,P01,true,4,36,4
F00444,F01,P01,true,4,36,4
F00451,F01,P01,true,4,36,4
F00456,F01,P01,true,4,36,4
F00462,F01,P01,true,4,36,4
F00469,F01,P01,true,4,36,4
F00471,F01,P01,true,4,36,4
F00497,F01,P01,true,4,36,4
F00514,F01,P01,true,4,36,4
F00578,F01,P01,true,4,36,4
F00597,F01,P01,true,4,36,4
F00598,F01,P01,true,4,36,4
F00647,F01,P01,true,4,36,4
F00649,F01,P01,true,4,36,4
F00658,F01,P01,true,4,36,4
F00697,F01,P01,true,4,36,4
F00700,F01,P01,true,4,36,4
F00793,F01,P01,true,4,36,4
F00808,F01,P01,true,4,36,4
F00824,F01,P01,true,4,36,4
F00857,F01,P01,true,4,36,4
F00910,F01,P01,true,4,36,4
F00936,F01,P01,true,4,36,4
F00959,F01,P01,true,4,36,4
F00977,F01,P01,true,4,36,4
F01027,F02,P01,true,4,36,4
F01049,F02,P01,true,4,36,4
F01051,F02,P01,true,4,36,4
F01062,F02,P01,true,4,36,4
F01079,F02,P01,true,4,36,4
F01092,F02,P01,true,4,36,4
F01112,F02,P01,true,4,36,4
F01136,F02,P01,true,4,36,4
F01167,F02,P01,true,4,36,4
F01184,F02,P01,true,4,36,4
F01213,F02,P01,true,4,36,4
F01221,F02,P01,true,4,36,4
F01248,F02,P01,true,4,36,4
F01250,F02,P01,true,4,36,4
F01278,F02,P01,true,4,36,4
F01324,F02,P01,true,4,36,4
F01362,F02,P01,true,4,36,4
F01403,F02,P01,true,4,36,4
F01406,F02,P01,true,4,36,4
F01425,F02,P01,true,4,36,4
F01427,F02,P01,true,4,36,4
F01432,F02,P01,true,4,36,4
F01435,F02,P01,true,4,36,4
F01445,F02,P01,true,4,36,4
F01482,F02,P01,true,4,36,4
F01498,F02,P01,true,4,36,4
F01545,F02,P01,true,4,36,4
F01572,F02,P01,true,4,36,4
F01589,F02,P01,true,4,36,4
F01591,F02,P01,true,4,36,4
F01599,F02,P01,true,4,36,4
F01608,F02,P01,true,4,36,4
F01639,F02,P01,true,4,36,4
F01652,F02,P01,true,4,36,4
F01656,F02,P01,true,4,36,4
F01663,F02,P01,true,4,36,4
F01664,F02,P01,true,4,36,4
F01674,F02,P01,true,4,36,4
F01704,F02,P01,true,4,36,4
F01712,F02,P01,true,4,36,4
F01754,F02,P01,true,4,36,4
F01775,F02,P01,true,4,36,4
F01807,F02,P01,true,4,36,4
F01852,F02,P01,true,4,36,4
F01877,F02,P01,true,4,36,4
F01896,F02,P01,true,4,36,4
F01984,F02,P01,true,4,36,4
F01988,F02,P01,true,4,36,4
F01990,F02,P01,true,4,36,4
F01996,F02,P01,true,4,36,4
F02015,F02,P01,true,4,36,4
F02021,F02,P01,true,4,36,4
F02070,F03,P01,true,4,36,4
F02093,F03,P01,true,4,36,4
F02136,F03,P01,true,4,36,4
F02161,F03,P01,true,4,36,4
F02174,F03,P01,true,4,36,4
F02184,F03,P01,true,4,36,4
F02192,F03,P01,true,4,36,4
F02204,F03,P01,true,4,36,4
F02236,F03,P01,true,4,36,4
F02336,F03,P01,true,4,36,4
F02364,F03,P01,true,4,36,4
F02368,F03,P01,true,4,36,4
F02377,F03,P01,true,4,36,4
F02411,F03,P01,true,4,36,4
F02425,F03,P01,true,4,36,4
F02437,F03,P01,true,4,36,4
F02457,F03,P01,true,4,36,4
F02472,F03,P01,true,4,36,4
F02481,F03,P01,true,4,36,4
F02492,F03,P01,true,4,36,4
F02518,F03,P01,true,4,36,4
F02539,F03,P01,true,4,36,4
F02560,F03,P01,true,4,36,4
F02602,F03,P01,true,4,36,4
F02615,F03,P01,true,4,36,4
F02628,F03,P01,true,4,36,4
F02635,F03,P01,true,4,36,4
F02655,F03,P01,true,4,36,4
F02686,F03,P01,true,4,36,4
F02703,F03,P01,true,4,36,4
F02720,F03,P01,true,4,36,4
F02728,F03,P01,true,4,36,4
F02734,F03,P01,true,4,36,4
F02735,F03,P01,true,4,36,4
F02803,F03,P01,true,4,36,4
F02813,F03,P01,true,4,36,4
F02815,F03,P01,true,4,36,4
F02829,F03,P01,true,4,36,4
F02867,F03,P01,true,4,36,4
F02923,F03,P01,true,4,36,4
F02938,F03,P01,true,4,36,4
F02954,F03,P01,true,4,36,4
F03009,F03,P01,true,4,36,4
F03019,F03,P01,true,4,36,4
F03053,F03,P01,true,4,36,4
F03056,F03,P01,true,4,36,4
F03084,F04,P01,true,4,36,4
F03086,F04,P01,true,4,36,4
F03110,F04,P01,true,4,36,4
F03150,F04,P01,true,4,36,4
F03176,F04,P01,true,4,36,4
F03261,F04,P01,true,4,36,4
F03373,F04,P01,true,4,36,4
F03400,F04,P01,true,4,36,4
F03430,F04,P01,true,4,36,4
F03443,F04,P01,true,4,36,4
F03445,F04,P01,true,4,36,4
F03495,F04,P01,true,4,36,4
F03543,F04,P01,true,4,36,4
F03552,F04,P01,true,4,36,4
F03599,F04,P01,true,4,36,4
F03660,F04,P01,true,4,36,4
F03674,F04,P01,true,4,36,4
F03720,F04,P01,true,4,36,4
F03727,F04,P01,true,4,36,4
F03737,F04,P01,true,4,36,4
F03747,F04,P01,true,4,36,4
F03766,F04,P01,true,4,36,4
F03775,F04,P01,true,4,36,4
F03781,F04,P01,true,4,36,4
F03860,F04,P01,true,4,36,4
F03975,F04,P01,true,4,36,4
F04021,F04,P01,true,4,36,4
F04055,F04,P01,true,4,36,4
F04064,F04,P01,true,4,36,4
F04173,F05,P01,true,4,36,4
F04528,F05,P01,true,4,36,4
F05412,F06,P01,true,4,36,4
F05955,F06,P01,true,4,36,4
F06217,F07,P01,true,4,36,4
F06264,F07,P01,true,4,36,4
F06619,F07,P01,true,4,36,4
F06810,F07,P01,true,4,36,4
F06949,F07,P01,true,4,36,4
F07209,F08,P01,true,4,36,4
F07715,F08,P01,true,4,36,4
F07745,F08,P01,true,4,36,4
F07992,F08,P01,true,4,36,4
F08072,F08,P01,true,4,36,4
F08390,F09,P01,true,4,36,4
F08516,F09,P01,true,4,36,4
F08523,F09,P01,true,4,36,4
F08604,F09,P01,true,4,36,4
F09241,F10,P01,true,4,36,4
F09332,F10,P01,true,4,36,4
F09472,F10,P01,true,4,36,4
F09593,F10,P01,true,4,36,4
F09745,F10,P01,true,4,36,4
F09767,F10,P01,true,4,36,4
F09909,F10,P01,true,4,36,4
F09967,F10,P01,true,4,36,4
F09970,F10,P01,true,4,36,4
F09996,F10,P01,true,4,36,4
F10265,F11,P01,true,4,36,4
F10355,F11,P01,true,4,36,4
F10365,F11,P01,true,4,36,4
F10456,F11,P01,true,4,36,4
F10457,F11,P01,true,4,36,4
F10475,F11,P01,true,4,36,4
F10868,F11,P01,true,4,36,4
F10912,F11,P01,true,4,36,4
F10930,F11,P01,true,4,36,4
F10971,F11,P01,true,4,36,4
F11024,F11,P01,true,4,36,4
F11082,F11,P01,true,4,36,4
F11097,F11,P01,true,4,36,4
F11168,F11,P01,true,4,36,4
F11502,F12,P01,true,4,36,4
F11733,F12,P01,true,4,36,4
F11848,F12,P01,true,4,36,4
F11855,F12,P01,true,4,36,4
F11875,F12,P01,true,4,36,4
F12133,F12,P01,true,4,36,4
F12312,F13,P01,true,4,36,4
F12324,F13,P01,true,4,36,4
F12327,F13,P01,true,4,36,4
F12343,F13,P01,true,4,36,4
F12375,F13,P01,true,4,36,4
F12378,F13,P01,true,4,36,4
F12402,F13,P01,true,4,36,4
F12412,F13,P01,true,4,36,4
F12424,F13,P01,true,4,36,4
F12464,F13,P01,true,4,36,4
F12470,F13,P01,true,4,36,4
F12501,F13,P01,true,4,36,4
F12502,F13,P01,true,4,36,4
F12504,F13,P01,true,4,36,4
F12507,F13,P01,true,4,36,4
F12510,F13,P01,true,4,36,4
F12526,F13,P01,true,4,36,4
F12532,F13,P01,true,4,36,4
F12547,F13,P01,true,4,36,4
F12548,F13,P01,true,4,36,4
F12564,F13,P01,true,4,36,4
F12566,F13,P01,true,4,36,4
F12570,F13,P01,true,4,36,4
F12578,F13,P01,true,4,36,4
F12585,F13,P01,true,4,36,4
F12588,F13,P01,true,4,36,4
F12615,F13,P01,true,4,36,4
F12644,F13,P01,true,4,36,4
F12651,F13,P01,true,4,36,4
F12663,F13,P01,true,4,36,4
F12673,F13,P01,true,4,36,4
F12675,F13,P01,true,4,36,4
F12683,F13,P01,true,4,36,4
F12686,F13,P01,true,4,36,4
F12692,F13,P01,true,4,36,4
F12713,F13,P01,true,4,36,4
F12717,F13,P01,true,4,36,4
F12720,F13,P01,true,4,36,4
F12735,F13,P01,true,4,36,4
F12737,F13,P01,true,4,36,4
F12743,F13,P01,true,4,36,4
F12748,F13,P01,true,4,36,4
F12770,F13,P01,true,4,36,4
F12772,F13,P01,true,4,36,4
F12782,F13,P01,true,4,36,4
F12783,F13,P01,true,4,36,4
F12794,F13,P01,true,4,36,4
F12797,F13,P01,true,4,36,4
F12834,F13,P01,true,4,36,4
F12850,F13,P01,true,4,36,4
F12860,F13,P01,true,4,36,4
F12861,F13,P01,true,4,36,4
F12876,F13,P01,true,4,36,4
F12881,F13,P01,true,4,36,4
F12907,F13,P01,true,4,36,4
F12921,F13,P01,true,4,36,4
F12930,F13,P01,true,4,36,4
F12931,F13,P01,true,4,36,4
F12944,F13,P01,true,4,36,4
F12949,F13,P01,true,4,36,4
F12956,F13,P01,true,4,36,4
F12958,F13,P01,true,4,36,4
F12965,F13,P01,true,4,36,4
F12985,F13,P01,true,4,36,4
F12986,F13,P01,true,4,36,4
F12987,F13,P01,true,4,36,4
F13000,F13,P01,true,4,36,4
F13005,F13,P01,true,4,36,4
F13017,F13,P01,true,4,36,4
F13020,F13,P01,true,4,36,4
F13025,F13,P01,true,4,36,4
F13046,F13,P01,true,4,36,4
F13047,F13,P01,true,4,36,4
F13051,F13,P01,true,4,36,4
F13068,F13,P01,true,4,36,4
F13070,F13,P01,true,4,36,4
F13083,F13,P01,true,4,36,4
F13109,F13,P01,true,4,36,4
F13111,F13,P01,true,4,36,4
F13134,F13,P01,true,4,36,4
F13136,F13,P01,true,4,36,4
F13143,F13,P01,true,4,36,4
F13155,F13,P01,true,4,36,4
F13165,F13,P01,true,4,36,4
F13171,F13,P01,true,4,36,4
F13187,F13,P01,true,4,36,4
F13205,F13,P01,true,4,36,4
F13207,F13,P01,true,4,36,4
F13237,F13,P01,true,4,36,4
F13255,F13,P01,true,4,36,4
F13263,F13,P01,true,4,36,4
F13269,F13,P01,true,4,36,4
F13279,F13,P01,true,4,36,4
F13283,F13,P01,true,4,36,4
F13299,F13,P01,true,4,36,4
F13300,F13,P01,true,4,36,4
F13303,F13,P01,true,4,36,4
F13308,F13,P01,true,4,36,4
F13309,F13,P01,true,4,36,4
F13311,F13,P01,true,4,36,4
F13351,F14,P01,true,4,36,4
F13353,F14,P01,true,4,36,4
F13363,F14,P01,true,4,36,4
F13371,F14,P01,true,4,36,4
F13376,F14,P01,true,4,36,4
F13388,F14,P01,true,4,36,4
F13395,F14,P01,true,4,36,4
F13396,F14,P01,true,4,36,4
F13398,F14,P01,true,4,36,4
F13412,F14,P01,true,4,36,4
F13421,F14,P01,true,4,36,4
F13436,F14,P01,true,4,36,4
F13439,F14,P01,true,4,36,4
F13443,F14,P01,true,4,36,4
F13448,F14,P01,true,4,36,4
F13482,F14,P01,true,4,36,4
F13506,F14,P01,true,4,36,4
F13508,F14,P01,true,4,36,4
F13510,F14,P01,true,4,36,4
F13537,F14,P01,true,4,36,4
F13552,F14,P01,true,4,36,4
F13557,F14,P01,true,4,36,4
F13566,F14,P01,true,4,36,4
F13570,F14,P01,true,4,36,4
F13574,F14,P01,true,4,36,4
F13577,F14,P01,true,4,36,4
F13585,F14,P01,true,4,36,4
F13604,F14,P01,true,4,36,4
F13607,F14,P01,true,4,36,4
F13610,F14,P01,true,4,36,4
F13618,F14,P01,true,4,36,4
F13623,F14,P01,true,4,36,4
F13631,F14,P01,true,4,36,4
F13632,F14,P01,true,4,36,4
F13638,F14,P01,true,4,36,4
F13642,F14,P01,true,4,36,4
F13644,F14,P01,true,4,36,4
F13653,F14,P01,true,4,36,4
F13667,F14,P01,true,4,36,4
F13668,F14,P01,true,4,36,4
F13670,F14,P01,true,4,36,4
F13674,F14,P01,true,4,36,4
F13682,F14,P01,true,4,36,4
F13691,F14,P01,true,4,36,4
F13710,F14,P01,true,4,36,4
F13734,F14,P01,true,4,36,4
F13782,F14,P01,true,4,36,4
F13794,F14,P01,true,4,36,4
F13796,F14,P01,true,4,36,4
F13803,F14,P01,true,4,36,4
F13809,F14,P01,true,4,36,4
F13834,F14,P01,true,4,36,4
F13842,F14,P01,true,4,36,4
F13856,F14,P01,true,4,36,4
F13873,F14,P01,true,4,36,4
F13877,F14,P01,true,4,36,4
F13882,F14,P01,true,4,36,4
F13885,F14,P01,true,4,36,4
F13894,F14,P01,true,4,36,4
F13910,F14,P01,true,4,36,4
F13945,F14,P01,true,4,36,4
F13950,F14,P01,true,4,36,4
F13961,F14,P01,true,4,36,4
F13969,F14,P01,true,4,36,4
F13972,F14,P01,true,4,36,4
F13984,F14,P01,true,4,36,4
F13985,F14,P01,true,4,36,4
F14001,F14,P01,true,4,36,4
F14016,F14,P01,true,4,36,4
F14025,F14,P01,true,4,36,4
F14039,F14,P01,true,4,36,4
F14042,F14,P01,true,4,36,4
F14057,F14,P01,true,4,36,4
F14092,F14,P01,true,4,36,4
F14096,F14,P01,true,4,36,4
F14113,F14,P01,true,4,36,4
F14141,F14,P01,true,4,36,4
F14142,F14,P01,true,4,36,4
F14157,F14,P01,true,4,36,4
F14166,F14,P01,true,4,36,4
F14171,F14,P01,true,4,36,4
F14175,F14,P01,true,4,36,4
F14176,F14,P01,true,4,36,4
F14184,F14,P01,true,4,36,4
F14185,F14,P01,true,4,36,4
F14202,F14,P01,true,4,36,4
F14231,F14,P01,true,4,36,4
F14255,F14,P01,true,4,36,4
F14266,F14,P01,true,4,36,4
F14282,F14,P01,true,4,36,4
F14320,F14,P01,true,4,36,4
F14331,F14,P01,true,4,36,4
F14333,F14,P01,true,4,36,4
F14346,F15,P01,true,4,36,4
F14351,F15,P01,true,4,36,4
F14362,F15,P01,true,4,36,4
F14387,F15,P01,true,4,36,4
F14402,F15,P01,true,4,36,4
F14422,F15,P01,true,4,36,4
F14443,F15,P01,true,4,36,4
F14449,F15,P01,true,4,36,4
F14452,F15,P01,true,4,36,4
F14469,F15,P01,true,4,36,4
F14488,F15,P01,true,4,36,4
F14489,F15,P01,true,4,36,4
F14506,F15,P01,true,4,36,4
F14510,F15,P01,true,4,36,4
F14520,F15,P01,true,4,36,4
F14535,F15,P01,true,4,36,4
F14545,F15,P01,true,4,36,4
F14565,F15,P01,true,4,36,4
F14608,F15,P01,true,4,36,4
F14616,F15,P01,true,4,36,4
F14620,F15,P01,true,4,36,4
F14626,F15,P01,true,4,36,4
F14670,F15,P01,true,4,36,4
F14680,F15,P01,true,4,36,4
F14699,F15,P01,true,4,36,4
F14730,F15,P01,true,4,36,4
F14734,F15,P01,true,4,36,4
F14737,F15,P01,true,4,36,4
F14746,F15,P01,true,4,36,4
F14753,F15,P01,true,4,36,4
F14777,F15,P01,true,4,36,4
F14785,F15,P01,true,4,36,4
F14796,F15,P01,true,4,36,4
F14803,F15,P01,true,4,36,4
F14810,F15,P01,true,4,36,4
F14811,F15,P01,true,4,36,4
F14844,F15,P01,true,4,36,4
F14857,F15,P01,true,4,36,4
F14860,F15,P01,true,4,36,4
F14886,F15,P01,true,4,36,4
F14894,F15,P01,true,4,36,4
F14910,F15,P01,true,4,36,4
F14922,F15,P01,true,4,36,4
F14926,F15,P01,true,4,36,4
F14929,F15,P01,true,4,36,4
F14947,F15,P01,true,4,36,4
F14952,F15,P01,true,4,36,4
F14956,F15,P01,true,4,36,4
F14959,F15,P01,true,4,36,4
F14962,F15,P01,true,4,36,4
F14969,F15,P01,true,4,36,4
F14976,F15,P01,true,4,36,4
F14978,F15,P01,true,4,36,4
F14985,F15,P01,true,4,36,4
F14990,F15,P01,true,4,36,4
F14996,F15,P01,true,4,36,4
F15033,F15,P01,true,4,36,4
F15058,F15,P01,true,4,36,4
F15075,F15,P01,true,4,36,4
F15081,F15,P01,true,4,36,4
F15100,F15,P01,true,4,36,4
F15104,F15,P01,true,4,36,4
F15108,F15,P01,true,4,36,4
F15112,F15,P01,true,4,36,4
F15155,F15,P01,true,4,36,4
F15174,F15,P01,true,4,36,4
F15187,F15,P01,true,4,36,4
F15201,F15,P01,true,4,36,4
F15236,F15,P01,true,4,36,4
F15242,F15,P01,true,4,36,4
F15252,F15,P01,true,4,36,4
F15273,F15,P01,true,4,36,4
F15282,F15,P01,true,4,36,4
F15287,F15,P01,true,4,36,4
F15301,F15,P01,true,4,36,4
F15310,F15,P01,true,4,36,4
F15321,F15,P01,true,4,36,4
F15341,F15,P01,true,4,36,4
F15352,F15,P01,true,4,36,4
F15383,F16,P01,true,4,36,4
F15399,F16,P01,true,4,36,4
F15420,F16,P01,true,4,36,4
F15421,F16,P01,true,4,36,4
F15436,F16,P01,true,4,36,4
F15458,F16,P01,true,4,36,4
F15477,F16,P01,true,4,36,4
F15580,F16,P01,true,4,36,4
F15588,F16,P01,true,4,36,4
F15597,F16,P01,true,4,36,4
F15630,F16,P01,true,4,36,4
F15631,F16,P01,true,4,36,4
F15643,F16,P01,true,4,36,4
F15644,F16,P01,true,4,36,4
F15666,F16,P01,true,4,36,4
F15672,F16,P01,true,4,36,4
F15690,F16,P01,true,4,36,4
F15704,F16,P01,true,4,36,4
F15714,F16,P01,true,4,36,4
F15725,F16,P01,true,4,36,4
F15733,F16,P01,true,4,36,4
F15735,F16,P01,true,4,36,4
F15758,F16,P01,true,4,36,4
F15763,F16,P01,true,4,36,4
F15771,F16,P01,true,4,36,4
F15781,F16,P01,true,4,36,4
F15798,F16,P01,true,4,36,4
F15827,F16,P01,true,4,36,4
F15833,F16,P01,true,4,36,4
F15845,F16,P01,true,4,36,4
F15851,F16,P01,true,4,36,4
F15880,F16,P01,true,4,36,4
F15884,F16,P01,true,4,36,4
F15892,F16,P01,true,4,36,4
F15897,F16,P01,true,4,36,4
F15915,F16,P01,true,4,36,4
F15920,F16,P01,true,4,36,4
F15921,F16,P01,true,4,36,4
F15935,F16,P01,true,4,36,4
F15947,F16,P01,true,4,36,4
F15953,F16,P01,true,4,36,4
F15954,F16,P01,true,4,36,4
F15972,F16,P01,true,4,36,4
F15982,F16,P01,true,4,36,4
F15994,F16,P01,true,4,36,4
F16009,F16,P01,true,4,36,4
F16019,F16,P01,true,4,36,4
F16021,F16,P01,true,4,36,4
F16048,F16,P01,true,4,36,4
F16068,F16,P01,true,4,36,4
F16077,F16,P01,true,4,36,4
F16096,F16,P01,true,4,36,4
F16148,F16,P01,true,4,36,4
F16149,F16,P01,true,4,36,4
F16176,F16,P01,true,4,36,4
F16202,F16,P01,true,4,36,4
F16230,F16,P01,true,4,36,4
F16252,F16,P01,true,4,36,4
F16262,F16,P01,true,4,36,4
F16267,F16,P01,true,4,36,4
F16270,F16,P01,true,4,36,4
F16287,F16,P01,true,4,36,4
F16289,F16,P01,true,4,36,4
F16352,F16,P01,true,4,36,4
F16409,F17,P01,true,4,36,4
F16721,F17,P01,true,4,36,4
F16723,F17,P01,true,4,36,4
F16988,F17,P01,true,4,36,4
F17019,F17,P01,true,4,36,4
F17024,F17,P01,true,4,36,4
F17189,F17,P01,true,4,36,4
F17208,F17,P01,true,4,36,4
F17210,F17,P01,true,4,36,4
F17281,F17,P01,true,4,36,4
F17363,F17,P01,true,4,36,4
F17467,F18,P01,true,4,36,4
F17556,F18,P01,true,4,36,4
F17709,F18,P01,true,4,36,4
F17724,F18,P01,true,4,36,4
F18026,F18,P01,true,4,36,4
F18083,F18,P01,true,4,36,4
F18108,F18,P01,true,4,36,4
F18110,F18,P01,true,4,36,4
F18207,F18,P01,true,4,36,4
F18236,F18,P01,true,4,36,4
F18315,F18,P01,true,4,36,4
F18369,F18,P01,true,4,36,4
F18448,F19,P01,true,4,36,4
F18461,F19,P01,true,4,36,4
F18565,F19,P01,true,4,36,4
F18588,F19,P01,true,4,36,4
F18609,F19,P01,true,4,36,4
F18685,F19,P01,true,4,36,4
F18731,F19,P01,true,4,36,4
F18765,F19,P01,true,4,36,4
F18766,F19,P01,true,4,36,4
F18831,F19,P01,true,4,36,4
F18835,F19,P01,true,4,36,4
F18849,F19,P01,true,4,36,4
F18945,F19,P01,true,4,36,4
F19215,F19,P01,true,4,36,4
F19223,F19,P01,true,4,36,4
F19227,F19,P01,true,4,36,4
F19370,F19,P01,true,4,36,4
F19384,F19,P01,true,4,36,4
F19421,F19,P01,true,4,36,4
F19511,F20,P01,true,4,36,4
F19566,F20,P01,true,4,36,4
F19596,F20,P01,true,4,36,4
F19670,F20,P01,true,4,36,4
F19759,F20,P01,true,4,36,4
F19761,F20,P01,true,4,36,4
F19863,F20,P01,true,4,36,4
F19912,F20,P01,true,4,36,4
F19917,F20,P01,true,4,36,4
F19938,F20,P01,true,4,36,4
F19968,F20,P01,true,4,36,4
F19972,F20,P01,true,4,36,4
F20055,F20,P01,true,4,36,4
F20220,F20,P01,true,4,36,4
F20504,F21,P01,true,4,36,4
F20517,F21,P01,true,4,36,4
F20557,F21,P01,true,4,36,4
F20563,F21,P01,true,4,36,4
F20566,F21,P01,true,4,36,4
F20577,F21,P01,true,4,36,4
F20614,F21,P01,true,4,36,4
F20630,F21,P01,true,4,36,4
F20697,F21,P01,true,4,36,4
F20732,F21,P01,true,4,36,4
F20744,F21,P01,true,4,36,4
F20781,F21,P01,true,4,36,4
F20845,F21,P01,true,4,36,4
F20864,F21,P01,true,4,36,4
F20897,F21,P01,true,4,36,4
F20899,F21,P01,true,4,36,4
F20908,F21,P01,true,4,36,4
F20957,F21,P01,true,4,36,4
F20974,F21,P01,true,4,36,4
F20978,F21,P01,true,4,36,4
F20980,F21,P01,true,4,36,4
F21008,F21,P01,true,4,36,4
F21033,F21,P01,true,4,36,4
F21077,F21,P01,true,4,36,4
F21090,F21,P01,true,4,36,4
F21093,F21,P01,true,4,36,4
F21137,F21,P01,true,4,36,4
F21139,F21,P01,true,4,36,4
F21152,F21,P01,true,4,36,4
F21185,F21,P01,true,4,36,4
F21238,F21,P01,true,4,36,4
F21243,F21,P01,true,4,36,4
F21249,F21,P01,true,4,36,4
F21259,F21,P01,true,4,36,4
F21298,F21,P01,true,4,36,4
F21299,F21,P01,true,4,36,4
F21309,F21,P01,true,4,36,4
F21351,F21,P01,true,4,36,4
F21418,F21,P01,true,4,36,4
F21431,F21,P01,true,4,36,4
F21466,F21,P01,true,4,36,4
F21480,F21,P01,true,4,36,4
F21481,F21,P01,true,4,36,4
F21485,F21,P01,true,4,36,4
F21487,F21,P01,true,4,36,4
F21525,F22,P01,true,4,36,4
F21546,F22,P01,true,4,36,4
F21551,F22,P01,true,4,36,4
F21580,F22,P01,true,4,36,4
F21596,F22,P01,true,4,36,4
F21604,F22,P01,true,4,36,4
F21646,F22,P01,true,4,36,4
F21652,F22,P01,true,4,36,4
F21658,F22,P01,true,4,36,4
F21720,F22,P01,true,4,36,4
F21755,F22,P01,true,4,36,4
F21757,F22,P01,true,4,36,4
F21768,F22,P01,true,4,36,4
F21769,F22,P01,true,4,36,4
F21813,F22,P01,true,4,36,4
F21815,F22,P01,true,4,36,4
F21831,F22,P01,true,4,36,4
F21869,F22,P01,true,4,36,4
F21870,F22,P01,true,4,36,4
F21985,F22,P01,true,4,36,4
F22001,F22,P01,true,4,36,4
F22045,F22,P01,true,4,36,4
F22050,F22,P01,true,4,36,4
F22089,F22,P01,true,4,36,4
F22092,F22,P01,true,4,36,4
F22111,F22,P01,true,4,36,4
F22120,F22,P01,true,4,36,4
F22168,F22,P01,true,4,36,4
F22170,F22,P01,true,4,36,4
F22202,F22,P01,true,4,36,4
F22204,F22,P01,true,4,36,4
F22211,F22,P01,true,4,36,4
F22233,F22,P01,true,4,36,4
F22271,F22,P01,true,4,36,4
F22273,F22,P01,true,4,36,4
F22280,F22,P01,true,4,36,4
F22327,F22,P01,true,4,36,4
F22334,F22,P01,true,4,36,4
F22374,F22,P01,true,4,36,4
F22378,F22,P01,true,4,36,4
F22438,F22,P01,true,4,36,4
F22456,F22,P01,true,4,36,4
F22487,F22,P01,true,4,36,4
F22496,F22,P01,true,4,36,4
F22512,F22,P01,true,4,36,4
F22551,F23,P01,true,4,36,4
F22561,F23,P01,true,4,36,4
F22570,F23,P01,true,4,36,4
F22603,F23,P01,true,4,36,4
F22609,F23,P01,true,4,36,4
F22614,F23,P01,true,4,36,4
F22622,F23,P01,true,4,36,4
F22629,F23,P01,true,4,36,4
F22668,F23,P01,true,4,36,4
F22669,F23,P01,true,4,36,4
F22676,F23,P01,true,4,36,4
F22738,F23,P01,true,4,36,4
F22773,F23,P01,true,4,36,4
F22778,F23,P01,true,4,36,4
F22842,F23,P01,true,4,36,4
F22857,F23,P01,true,4,36,4
F22889,F23,P01,true,4,36,4
F22906,F23,P01,true,4,36,4
F22907,F23,P01,true,4,36,4
F22913,F23,P01,true,4,36,4
F22914,F23,P01,true,4,36,4
F22946,F23,P01,true,4,36,4
F22963,F23,P01,true,4,36,4
F23007,F23,P01,true,4,36,4
F23008,F23,P01,true,4,36,4
F23013,F23,P01,true,4,36,4
F23067,F23,P01,true,4,36,4
F23071,F23,P01,true,4,36,4
F23123,F23,P01,true,4,36,4
F23173,F23,P01,true,4,36,4
F23174,F23,P01,true,4,36,4
F23176,F23,P01,true,4,36,4
F23184,F23,P01,true,4,36,4
F23186,F23,P01,true,4,36,4
F23241,F23,P01,true,4,36,4
F23246,F23,P01,true,4,36,4
F23288,F23,P01,true,4,36,4
F23311,F23,P01,true,4,36,4
F23314,F23,P01,true,4,36,4
F23345,F23,P01,true,4,36,4
F23464,F23,P01,true,4,36,4
F23466,F23,P01,true,4,36,4
F23482,F23,P01,true,4,36,4
F23519,F23,P01,true,4,36,4
F23521,F23,P01,true,4,36,4
F23529,F23,P01,true,4,36,4
F23536,F23,P01,true,4,36,4
F23537,F23,P01,true,4,36,4
F23582,F24,P01,true,4,36,4
F23630,F24,P01,true,4,36,4
F23635,F24,P01,true,4,36,4
F23685,F24,P01,true,4,36,4
F23686,F24,P01,true,4,36,4
F23699,F24,P01,true,4,36,4
F23702,F24,P01,true,4,36,4
F23708,F24,P01,true,4,36,4
F23742,F24,P01,true,4,36,4
F23763,F24,P01,true,4,36,4
F23859,F24,P01,true,4,36,4
F23869,F24,P01,true,4,36,4
F23875,F24,P01,true,4,36,4
F23880,F24,P01,true,4,36,4
F23911,F24,P01,true,4,36,4
F23966,F24,P01,true,4,36,4
F23982,F24,P01,true,4,36,4
F23986,F24,P01,true,4,36,4
F24027,F24,P01,true,4,36,4
F24031,F24,P01,true,4,36,4
F24033,F24,P01,true,4,36,4
F24143,F24,P01,true,4,36,4
F24155,F24,P01,true,4,36,4
F24159,F24,P01,true,4,36,4
F24216,F24,P01,true,4,36,4
F24269,F24,P01,true,4,36,4
F24371,F24,P01,true,4,36,4
F24379,F24,P01,true,4,36,4
F24384,F24,P01,true,4,36,4
F24429,F24,P01,true,4,36,4
F24435,F24,P01,true,4,36,4
F24482,F24,P01,true,4,36,4
F24545,F24,P01,true,4,36,4
F24552,F24,P01,true,4,36,4
F24560,F24,P01,true,4,36,4
F00020,F01,P01,true,3,36,4
F00031,F01,P01,true,3,36,4
F00086,F01,P01,true,3,36,4
F00097,F01,P01,true,3,36,4
F00102,F01,P01,true,3,36,4
F00114,F01,P01,true,3,36,4
F00150,F01,P01,true,3,36,4
F00158,F01,P01,true,3,36,4
F00165,F01,P01,true,3,36,4
F00166,F01,P01,true,3,36,4
F00188,F01,P01,true,3,36,4
F00192,F01,P01,true,3,36,4
F00208,F01,P01,true,3,36,4
F00221,F01,P01,true,3,36,4
F00227,F01,P01,true,3,36,4
F00229,F01,P01,true,3,36,4
F00231,F01,P01,true,3,36,4
F00266,F01,P01,true,3,36,4
F00269,F01,P01,true,3,36,4
F00297,F01,P01,true,3,36,4
F00304,F01,P01,true,3,36,4
F00314,F01,P01,true,3,36,4
F00318,F01,P01,true,3,36,4
F00320,F01,P01,true,3,36,4
F00351,F01,P01,true,3,36,4
F00365,F01,P01,true,3,36,4
F00374,F01,P01,true,3,36,4
F00389,F01,P01,true,3,36,4
F00399,F01,P01,true,3,36,4
F00400,F01,P01,true,3,36,4
F00439,F01,P01,true,3,36,4
F00466,F01,P01,true,3,36,4
F00478,F01,P01,true,3,36,4
F00487,F01,P01,true,3,36,4
F00494,F01,P01,true,3,36,4
F00555,F01,P01,true,3,36,4
F00558,F01,P01,true,3,36,4
F00561,F01,P01,true,3,36,4
F00574,F01,P01,true,3,36,4
F00603,F01,P01,true,3,36,4
F00638,F01,P01,true,3,36,4
F00642,F01,P01,true,3,36,4
F00668,F01,P01,true,3,36,4
F00684,F01,P01,true,3,36,4
F00689,F01,P01,true,3,36,4
F00691,F01,P01,true,3,36,4
F00692,F01,P01,true,3,36,4
F00703,F01,P01,true,3,36,4
F00704,F01,P01,true,3,36,4
F00710,F01,P01,true,3,36,4
F00759,F01,P01,true,3,36,4
F00789,F01,P01,true,3,36,4
F00796,F01,P01,true,3,36,4
F00830,F01,P01,true,3,36,4
F00858,F01,P01,true,3,36,4
F00867,F01,P01,true,3,36,4
F00883,F01,P01,true,3,36,4
F00903,F01,P01,true,3,36,4
F00917,F01,P01,true,3,36,4
F00972,F01,P01,true,3,36,4
F01009,F01,P01,true,3,36,4
F01024,F01,P01,true,3,36,4
F01046,F02,P01,true,3,36,4
F01058,F02,P01,true,3,36,4
F01059,F02,P01,true,3,36,4
F01077,F02,P01,true,3,36,4
F01096,F02,P01,true,3,36,4
F01099,F02,P01,true,3,36,4
F01111,F02,P01,true,3,36,4
F01118,F02,P01,true,3,36,4
F01124,F02,P01,true,3,36,4
F01133,F02,P01,true,3,36,4
F01153,F02,P01,true,3,36,4
F01174,F02,P01,true,3,36,4
F01180,F02,P01,true,3,36,4
F01222,F02,P01,true,3,36,4
F01239,F02,P01,true,3,36,4
F01241,F02,P01,true,3,36,4
F01253,F02,P01,true,3,36,4
F01261,F02,P01,true,3,36,4
F01270,F02,P01,true,3,36,4
F01289,F02,P01,true,3,36,4
F01304,F02,P01,true,3,36,4
F01308,F02,P01,true,3,36,4
F01320,F02,P01,true,3,36,4
F01322,F02,P01,true,3,36,4
F01334,F02,P01,true,3,36,4
F01345,F02,P01,true,3,36,4
F01350,F02,P01,true,3,36,4
F01359,F02,P01,true,3,36,4
F01360,F02,P01,true,3,36,4
F01391,F02,P01,true,3,36,4
F01429,F02,P01,true,3,36,4
F01456,F02,P01,true,3,36,4
F01458,F02,P01,true,3,36,4
F01471,F02,P01,true,3,36,4
F01483,F02,P01,true,3,36,4
F01502,F02,P01,true,3,36,4
F01517,F02,P01,true,3,36,4
F01524,F02,P01,true,3,36,4
F01564,F02,P01,true,3,36,4
F01598,F02,P01,true,3,36,4
F01642,F02,P01,true,3,36,4
F01659,F02,P01,true,3,36,4
F01666,F02,P01,true,3,36,4
F01698,F02,P01,true,3,36,4
F01705,F02,P01,true,3,36,4
F01741,F02,P01,true,3,36,4
F01787,F02,P01,true,3,36,4
F01791,F02,P01,true,3,36,4
F01798,F02,P01,true,3,36,4
F01815,F02,P01,true,3,36,4
F01837,F02,P01,true,3,36,4
F01855,F02,P01,true,3,36,4
F01856,F02,P01,true,3,36,4
F01861,F02,P01,true,3,36,4
F01872,F02,P01,true,3,36,4
F01874,F02,P01,true,3,36,4
F01880,F02,P01,true,3,36,4
F01890,F02,P01,true,3,36,4
F01893,F02,P01,true,3,36,4
F01915,F02,P01,true,3,36,4
F01935,F02,P01,true,3,36,4
F01942,F02,P01,true,3,36,4
F01954,F02,P01,true,3,36,4
F01964,F02,P01,true,3,36,4
F01991,F02,P01,true,3,36,4
F02006,F02,P01,true,3,36,4
F02011,F02,P01,true,3,36,4
F02017,F02,P01,true,3,36,4
F02018,F02,P01,true,3,36,4
F02019,F02,P01,true,3,36,4
F02031,F02,P01,true,3,36,4
F02047,F02,P01,true,3,36,4
F02054,F03,P01,true,3,36,4
F02068,F03,P01,true,3,36,4
F02096,F03,P01,true,3,36,4
F02108,F03,P01,true,3,36,4
F02144,F03,P01,true,3,36,4
F02155,F03,P01,true,3,36,4
F02178,F03,P01,true,3,36,4
F02181,F03,P01,true,3,36,4
F02191,F03,P01,true,3,36,4
F02209,F03,P01,true,3,36,4
F02220,F03,P01,true,3,36,4
F02226,F03,P01,true,3,36,4
F02239,F03,P01,true,3,36,4
F02256,F03,P01,true,3,36,4
F02327,F03,P01,true,3,36,4
F02385,F03,P01,true,3,36,4
F02396,F03,P01,true,3,36,4
F02417,F03,P01,true,3,36,4
F02422,F03,P01,true,3,36,4
F02483,F03,P01,true,3,36,4
F02489,F03,P01,true,3,36,4
F02491,F03,P01,true,3,36,4
F02524,F03,P01,true,3,36,4
F02543,F03,P01,true,3,36,4
F02546,F03,P01,true,3,36,4
F02556,F03,P01,true,3,36,4
F02570,F03,P01,true,3,36,4
F02586,F03,P01,true,3,36,4
F02634,F03,P01,true,3,36,4
F02662,F03,P01,true,3,36,4
F02664,F03,P01,true,3,36,4
F02669,F03,P01,true,3,36,4
F02695,F03,P01,true,3,36,4
F02731,F03,P01,true,3,36,4
F02738,F03,P01,true,3,36,4
F02762,F03,P01,true,3,36,4
F02772,F03,P01,true,3,36,4
F02777,F03,P01,true,3,36,4
F02796,F03,P01,true,3,36,4
F02808,F03,P01,true,3,36,4
F02812,F03,P01,true,3,36,4
F02814,F03,P01,true,3,36,4
F02821,F03,P01,true,3,36,4
F02824,F03,P01,true,3,36,4
F02869,F03,P01,true,3,36,4
F02870,F03,P01,true,3,36,4
F02874,F03,P01,true,3,36,4
F02887,F03,P01,true,3,36,4
F02927,F03,P01,true,3,36,4
F02932,F03,P01,true,3,36,4
F02936,F03,P01,true,3,36,4
F02944,F03,P01,true,3,36,4
F02951,F03,P01,true,3,36,4
F02952,F03,P01,true,3,36,4
F02958,F03,P01,true,3,36,4
F03025,F03,P01,true,3,36,4
F03063,F03,P01,true,3,36,4
F03073,F04,P01,true,3,36,4
F03103,F04,P01,true,3,36,4
F03167,F04,P01,true,3,36,4
F03197,F04,P01,true,3,36,4
F03206,F04,P01,true,3,36,4
F03209,F04,P01,true,3,36,4
F03211,F04,P01,true,3,36,4
F03228,F04,P01,true,3,36,4
F03235,F04,P01,true,3,36,4
F03238,F04,P01,true,3,36,4
F03257,F04,P01,true,3,36,4
F03326,F04,P01,true,3,36,4
F03333,F04,P01,true,3,36,4
F03351,F04,P01,true,3,36,4
F03396,F04,P01,true,3,36,4
F03398,F04,P01,true,3,36,4
F03402,F04,P01,true,3,36,4
F03404,F04,P01,true,3,36,4
F03408,F04,P01,true,3,36,4
F03432,F04,P01,true,3,36,4
F03441,F04,P01,true,3,36,4
F03447,F04,P01,true,3,36,4
F03451,F04,P01,true,3,36,4
F03462,F04,P01,true,3,36,4
F03463,F04,P01,true,3,36,4
F03556,F04,P01,true,3,36,4
F03568,F04,P01,true,3,36,4
F03631,F04,P01,true,3,36,4
F03653,F04,P01,true,3,36,4
F03657,F04,P01,true,3,36,4
F03679,F04,P01,true,3,36,4
F03680,F04,P01,true,3,36,4
F03731,F04,P01,true,3,36,4
F03847,F04,P01,true,3,36,4
F03889,F04,P01,true,3,36,4
F03896,F04,P01,true,3,36,4
F03897,F04,P01,true,3,36,4
F03908,F04,P01,true,3,36,4
F03912,F04,P01,true,3,36,4
F03920,F04,P01,true,3,36,4
F03921,F04,P01,true,3,36,4
F03948,F04,P01,true,3,36,4
F03998,F04,P01,true,3,36,4
F03999,F04,P01,true,3,36,4
F04003,F04,P01,true,3,36,4
F04015,F04,P01,true,3,36,4
F04025,F04,P01,true,3,36,4
F04026,F04,P01,true,3,36,4
F04030,F04,P01,true,3,36,4
F04058,F04,P01,true,3,36,4
F04062,F04,P01,true,3,36,4
F04085,F04,P01,true,3,36,4
F04087,F04,P01,true,3,36,4
F04102,F05,P01,true,3,36,4
F04112,F05,P01,true,3,36,4
F04119,F05,P01,true,3,36,4
F04137,F05,P01,true,3,36,4
F04159,F05,P01,true,3,36,4
F04171,F05,P01,true,3,36,4
F04185,F05,P01,true,3,36,4
F04204,F05,P01,true,3,36,4
F04206,F05,P01,true,3,36,4
F04218,F05,P01,true,3,36,4
F04231,F05,P01,true,3,36,4
F04241,F05,P01,true,3,36,4
F04246,F05,P01,true,3,36,4
F04253,F05,P01,true,3,36,4
F04257,F05,P01,true,3,36,4
F04266,F05,P01,true,3,36,4
F04268,F05,P01,true,3,36,4
F04286,F05,P01,true,3,36,4
F04288,F05,P01,true,3,36,4
F04291,F05,P01,true,3,36,4
F04319,F05,P01,true,3,36,4
F04331,F05,P01,true,3,36,4
F04336,F05,P01,true,3,36,4
F04380,F05,P01,true,3,36,4
F04391,F05,P01,true,3,36,4
F04417,F05,P01,true,3,36,4
F04420,F05,P01,true,3,36,4
F04428,F05,P01,true,3,36,4
F04432,F05,P01,true,3,36,4
F04439,F05,P01,true,3,36,4
F04451,F05,P01,true,3,36,4
F04461,F05,P01,true,3,36,4
F04462,F05,P01,true,3,36,4
F04471,F05,P01,true,3,36,4
F04481,F05,P01,true,3,36,4
F04533,F05,P01,true,3,36,4
F04583,F05,P01,true,3,36,4
F04604,F05,P01,true,3,36,4
F04610,F05,P01,true,3,36,4
F04612,F05,P01,true,3,36,4
F04628,F05,P01,true,3,36,4
F04673,F05,P01,true,3,36,4
F04690,F05,P01,true,3,36,4
F04692,F05,P01,true,3,36,4
F04699,F05,P01,true,3,36,4
F04701,F05,P01,true,3,36,4
F04709,F05,P01,true,3,36,4
F04714,F05,P01,true,3,36,4
F04717,F05,P01,true,3,36,4
F04728,F05,P01,true,3,36,4
F04734,F05,P01,true,3,36,4
F04740,F05,P01,true,3,36,4
F04744,F05,P01,true,3,36,4
F04749,F05,P01,true,3,36,4
F04769,F05,P01,true,3,36,4
F04805,F05,P01,true,3,36,4
F04808,F05,P01,true,3,36,4
F04815,F05,P01,true,3,36,4
F04824,F05,P01,true,3,36,4
F04825,F05,P01,true,3,36,4
F04842,F05,P01,true,3,36,4
F04895,F05,P01,true,3,36,4
F04902,F05,P01,true,3,36,4
F04911,F05,P01,true,3,36,4
F04913,F05,P01,true,3,36,4
F04918,F05,P01,true,3,36,4
F04921,F05,P01,true,3,36,4
F04932,F05,P01,true,3,36,4
F04950,F05,P01,true,3,36,4
F04955,F05,P01,true,3,36,4
F04958,F05,P01,true,3,36,4
F04961,F05,P01,true,3,36,4
F04966,F05,P01,true,3,36,4
F04976,F05,P01,true,3,36,4
F04980,F05,P01,true,3,36,4
F04985,F05,P01,true,3,36,4
F05002,F05,P01,true,3,36,4
F05010,F05,P01,true,3,36,4
F05025,F05,P01,true,3,36,4
F05043,F05,P01,true,3,36,4
F05058,F05,P01,true,3,36,4
F05068,F05,P01,true,3,36,4
F05081,F05,P01,true,3,36,4
F05082,F05,P01,true,3,36,4
F05092,F05,P01,true,3,36,4
F05107,F05,P01,true,3,36,4
F05165,F06,P01,true,3,36,4
F05185,F06,P01,true,3,36,4
F05212,F06,P01,true,3,36,4
F05252,F06,P01,true,3,36,4
F05284,F06,P01,true,3,36,4
F05293,F06,P01,true,3,36,4
F05355,F06,P01,true,3,36,4
F05366,F06,P01,true,3,36,4
F05376,F06,P01,true,3,36,4
F05379,F06,P01,true,3,36,4
F05384,F06,P01,true,3,36,4
F05388,F06,P01,true,3,36,4
F05425,F06,P01,true,3,36,4
F05428,F06,P01,true,3,36,4
F05441,F06,P01,true,3,36,4
F05463,F06,P01,true,3,36,4
F05469,F06,P01,true,3,36,4
F05475,F06,P01,true,3,36,4
F05528,F06,P01,true,3,36,4
F05573,F06,P01,true,3,36,4
F05579,F06,P01,true,3,36,4
F05618,F06,P01,true,3,36,4
F05624,F06,P01,true,3,36,4
F05627,F06,P01,true,3,36,4
F05642,F06,P01,true,3,36,4
F05645,F06,P01,true,3,36,4
F05659,F06,P01,true,3,36,4
F05669,F06,P01,true,3,36,4
F05699,F06,P01,true,3,36,4
F05701,F06,P01,true,3,36,4
F05708,F06,P01,true,3,36,4
F05721,F06,P01,true,3,36,4
F05725,F06,P01,true,3,36,4
F05727,F06,P01,true,3,36,4
F05728,F06,P01,true,3,36,4
F05746,F06,P01,true,3,36,4
F05747,F06,P01,true,3,36,4
F05773,F06,P01,true,3,36,4
F05804,F06,P01,true,3,36,4
F05812,F06,P01,true,3,36,4
F05821,F06,P01,true,3,36,4
F05828,F06,P01,true,3,36,4
F05832,F06,P01,true,3,36,4
F05835,F06,P01,true,3,36,4
F05838,F06,P01,true,3,36,4
F05866,F06,P01,true,3,36,4
F05867,F06,P01,true,3,36,4
F05873,F06,P01,true,3,36,4
F05888,F06,P01,true,3,36,4
F05897,F06,P01,true,3,36,4
F05901,F06,P01,true,3,36,4
F05915,F06,P01,true,3,36,4
F05923,F06,P01,true,3,36,4
F05924,F06,P01,true,3,36,4
F05936,F06,P01,true,3,36,4
F05956,F06,P01,true,3,36,4
F05968,F06,P01,true,3,36,4
F05989,F06,P01,true,3,36,4
F06000,F06,P01,true,3,36,4
F06003,F06,P01,true,3,36,4
F06006,F06,P01,true,3,36,4
F06025,F06,P01,true,3,36,4
F06027,F06,P01,true,3,36,4
F06032,F06,P01,true,3,36,4
F06040,F06,P01,true,3,36,4
F06044,F06,P01,true,3,36,4
F06079,F06,P01,true,3,36,4
F06095,F06,P01,true,3,36,4
F06114,F06,P01,true,3,36,4
F06120,F06,P01,true,3,36,4
F06128,F06,P01,true,3,36,4
F06135,F06,P01,true,3,36,4
F06146,F07,P01,true,3,36,4
F06157,F07,P01,true,3,36,4
F06193,F07,P01,true,3,36,4
F06199,F07,P01,true,3,36,4
F06202,F07,P01,true,3,36,4
F06225,F07,P01,true,3,36,4
F06230,F07,P01,true,3,36,4
F06241,F07,P01,true,3,36,4
F06252,F07,P01,true,3,36,4
F06273,F07,P01,true,3,36,4
F06275,F07,P01,true,3,36,4
F06281,F07,P01,true,3,36,4
F06282,F07,P01,true,3,36,4
F06284,F07,P01,true,3,36,4
F06297,F07,P01,true,3,36,4
F06298,F07,P01,true,3,36,4
F06310,F07,P01,true,3,36,4
F06315,F07,P01,true,3,36,4
F06321,F07,P01,true,3,36,4
F06324,F07,P01,true,3,36,4
F06326,F07,P01,true,3,36,4
F06338,F07,P01,true,3,36,4
F06350,F07,P01,true,3,36,4
F06377,F07,P01,true,3,36,4
F06383,F07,P01,true,3,36,4
F06411,F07,P01,true,3,36,4
F06437,F07,P01,true,3,36,4
F06439,F07,P01,true,3,36,4
F06446,F07,P01,true,3,36,4
F06452,F07,P01,true,3,36,4
F06454,F07,P01,true,3,36,4
F06491,F07,P01,true,3,36,4
F06511,F07,P01,true,3,36,4
F06559,F07,P01,true,3,36,4
F06590,F07,P01,true,3,36,4
F06596,F07,P01,true,3,36,4
F06599,F07,P01,true,3,36,4
F06606,F07,P01,true,3,36,4
F06610,F07,P01,true,3,36,4
F06612,F07,P01,true,3,36,4
F06613,F07,P01,true,3,36,4
F06623,F07,P01,true,3,36,4
F06641,F07,P01,true,3,36,4
F06647,F07,P01,true,3,36,4
F06655,F07,P01,true,3,36,4
F06667,F07,P01,true,3,36,4
F06679,F07,P01,true,3,36,4
F06707,F07,P01,true,3,36,4
F06726,F07,P01,true,3,36,4
F06744,F07,P01,true,3,36,4
F06751,F07,P01,true,3,36,4
F06757,F07,P01,true,3,36,4
F06776,F07,P01,true,3,36,4
F06785,F07,P01,true,3,36,4
F06789,F07,P01,true,3,36,4
F06825,F07,P01,true,3,36,4
F06829,F07,P01,true,3,36,4
F06832,F07,P01,true,3,36,4
F06837,F07,P01,true,3,36,4
F06842,F07,P01,true,3,36,4
F06874,F07,P01,true,3,36,4
F06889,F07,P01,true,3,36,4
F06890,F07,P01,true,3,36,4
F06903,F07,P01,true,3,36,4
F06905,F07,P01,true,3,36,4
F06915,F07,P01,true,3,36,4
F06918,F07,P01,true,3,36,4
F06925,F07,P01,true,3,36,4
F06934,F07,P01,true,3,36,4
F06935,F07,P01,true,3,36,4
F06956,F07,P01,true,3,36,4
F06967,F07,P01,true,3,36,4
F06971,F07,P01,true,3,36,4
F06973,F07,P01,true,3,36,4
F06974,F07,P01,true,3,36,4
F06982,F07,P01,true,3,36,4
F06985,F07,P01,true,3,36,4
F07012,F07,P01,true,3,36,4
F07013,F07,P01,true,3,36,4
F07045,F07,P01,true,3,36,4
F07060,F07,P01,true,3,36,4
F07067,F07,P01,true,3,36,4
F07071,F07,P01,true,3,36,4
F07095,F07,P01,true,3,36,4
F07101,F07,P01,true,3,36,4
F07116,F07,P01,true,3,36,4
F07130,F07,P01,true,3,36,4
F07140,F07,P01,true,3,36,4
F07154,F07,P01,true,3,36,4
F07228,F08,P01,true,3,36,4
F07275,F08,P01,true,3,36,4
F07280,F08,P01,true,3,36,4
F07284,F08,P01,true,3,36,4
F07327,F08,P01,true,3,36,4
F07333,F08,P01,true,3,36,4
F07336,F08,P01,true,3,36,4
F07337,F08,P01,true,3,36,4
F07362,F08,P01,true,3,36,4
F07366,F08,P01,true,3,36,4
F07369,F08,P01,true,3,36,4
F07388,F08,P01,true,3,36,4
F07416,F08,P01,true,3,36,4
F07441,F08,P01,true,3,36,4
F07451,F08,P01,true,3,36,4
F07453,F08,P01,true,3,36,4
F07474,F08,P01,true,3,36,4
F07500,F08,P01,true,3,36,4
F07512,F08,P01,true,3,36,4
F07552,F08,P01,true,3,36,4
F07555,F08,P01,true,3,36,4
F07587,F08,P01,true,3,36,4
F07603,F08,P01,true,3,36,4
F07637,F08,P01,true,3,36,4
F07667,F08,P01,true,3,36,4
F07702,F08,P01,true,3,36,4
F07727,F08,P01,true,3,36,4
F07791,F08,P01,true,3,36,4
F07793,F08,P01,true,3,36,4
F07802,F08,P01,true,3,36,4
F07805,F08,P01,true,3,36,4
F07811,F08,P01,true,3,36,4
F07813,F08,P01,true,3,36,4
F07832,F08,P01,true,3,36,4
F07840,F08,P01,true,3,36,4
F07845,F08,P01,true,3,36,4
F07895,F08,P01,true,3,36,4
F07935,F08,P01,true,3,36,4
F07951,F08,P01,true,3,36,4
F07961,F08,P01,true,3,36,4
F07987,F08,P01,true,3,36,4
F08002,F08,P01,true,3,36,4
F08003,F08,P01,true,3,36,4
F08005,F08,P01,true,3,36,4
F08009,F08,P01,true,3,36,4
F08020,F08,P01,true,3,36,4
F08033,F08,P01,true,3,36,4
F08069,F08,P01,true,3,36,4
F08078,F08,P01,true,3,36,4
F08083,F08,P01,true,3,36,4
F08096,F08,P01,true,3,36,4
F08097,F08,P01,true,3,36,4
F08115,F08,P01,true,3,36,4
F08136,F08,P01,true,3,36,4
F08139,F08,P01,true,3,36,4
F08145,F08,P01,true,3,36,4
F08150,F08,P01,true,3,36,4
F08166,F08,P01,true,3,36,4
F08181,F08,P01,true,3,36,4
F08197,F09,P01,true,3,36,4
F08201,F09,P01,true,3,36,4
F08207,F09,P01,true,3,36,4
F08219,F09,P01,true,3,36,4
F08231,F09,P01,true,3,36,4
F08255,F09,P01,true,3,36,4
F08259,F09,P01,true,3,36,4
F08262,F09,P01,true,3,36,4
F08276,F09,P01,true,3,36,4
F08282,F09,P01,true,3,36,4
F08292,F09,P01,true,3,36,4
F08352,F09,P01,true,3,36,4
F08354,F09,P01,true,3,36,4
F08362,F09,P01,true,3,36,4
F08383,F09,P01,true,3,36,4
F08388,F09,P01,true,3,36,4
F08389,F09,P01,true,3,36,4
F08405,F09,P01,true,3,36,4
F08407,F09,P01,true,3,36,4
F08410,F09,P01,true,3,36,4
F08412,F09,P01,true,3,36,4
F08431,F09,P01,true,3,36,4
F08442,F09,P01,true,3,36,4
F08444,F09,P01,true,3,36,4
F08447,F09,P01,true,3,36,4
F08493,F09,P01,true,3,36,4
F08517,F09,P01,true,3,36,4
F08536,F09,P01,true,3,36,4
F08548,F09,P01,true,3,36,4
F08560,F09,P01,true,3,36,4
F08568,F09,P01,true,3,36,4
F08570,F09,P01,true,3,36,4
F08571,F09,P01,true,3,36,4
F08586,F09,P01,true,3,36,4
F08587,F09,P01,true,3,36,4
F08616,F09,P01,true,3,36,4
F08617,F09,P01,true,3,36,4
F08619,F09,P01,true,3,36,4
F08624,F09,P01,true,3,36,4
F08634,F09,P01,true,3,36,4
F08642,F09,P01,true,3,36,4
F08660,F09,P01,true,3,36,4
F08664,F09,P01,true,3,36,4
F08690,F09,P01,true,3,36,4
F08691,F09,P01,true,3,36,4
F08707,F09,P01,true,3,36,4
F08715,F09,P01,true,3,36,4
F08718,F09,P01,true,3,36,4
F08721,F09,P01,true,3,36,4
F08742,F09,P01,true,3,36,4
F08746,F09,P01,true,3,36,4
F08765,F09,P01,true,3,36,4
F08778,F09,P01,true,3,36,4
F08809,F09,P01,true,3,36,4
F08821,F09,P01,true,3,36,4
F08835,F09,P01,true,3,36,4
F08839,F09,P01,true,3,36,4
F08843,F09,P01,true,3,36,4
F08845,F09,P01,true,3,36,4
F08850,F09,P01,true,3,36,4
F08853,F09,P01,true,3,36,4
F08872,F09,P01,true,3,36,4
F08879,F09,P01,true,3,36,4
F08895,F09,P01,true,3,36,4
F08906,F09,P01,true,3,36,4
F08947,F09,P01,true,3,36,4
F08948,F09,P01,true,3,36,4
F08955,F09,P01,true,3,36,4
F08959,F09,P01,true,3,36,4
F08960,F09,P01,true,3,36,4
F08982,F09,P01,true,3,36,4
F08983,F09,P01,true,3,36,4
F08985,F09,P01,true,3,36,4
F08987,F09,P01,true,3,36,4
F09017,F09,P01,true,3,36,4
F09031,F09,P01,true,3,36,4
F09042,F09,P01,true,3,36,4
F09055,F09,P01,true,3,36,4
F09059,F09,P01,true,3,36,4
F09071,F09,P01,true,3,36,4
F09097,F09,P01,true,3,36,4
F09107,F09,P01,true,3,36,4
F09125,F09,P01,true,3,36,4
F09129,F09,P01,true,3,36,4
F09141,F09,P01,true,3,36,4
F09147,F09,P01,true,3,36,4
F09173,F09,P01,true,3,36,4
F09205,F09,P01,true,3,36,4
F09216,F09,P01,true,3,36,4
F09229,F10,P01,true,3,36,4
F09234,F10,P01,true,3,36,4
F09238,F10,P01,true,3,36,4
F09252,F10,P01,true,3,36,4
F09277,F10,P01,true,3,36,4
F09291,F10,P01,true,3,36,4
F09294,F10,P01,true,3,36,4
F09295,F10,P01,true,3,36,4
F09300,F10,P01,true,3,36,4
F09305,F10,P01,true,3,36,4
F09348,F10,P01,true,3,36,4
F09353,F10,P01,true,3,36,4
F09357,F10,P01,true,3,36,4
F09370,F10,P01,true,3,36,4
F09377,F10,P01,true,3,36,4
F09379,F10,P01,true,3,36,4
F09387,F10,P01,true,3,36,4
F09389,F10,P01,true,3,36,4
F09397,F10,P01,true,3,36,4
F09428,F10,P01,true,3,36,4
F09429,F10,P01,true,3,36,4
F09437,F10,P01,true,3,36,4
F09444,F10,P01,true,3,36,4
F09458,F10,P01,true,3,36,4
F09514,F10,P01,true,3,36,4
F09524,F10,P01,true,3,36,4
F09535,F10,P01,true,3,36,4
F09538,F10,P01,true,3,36,4
F09557,F10,P01,true,3,36,4
F09560,F10,P01,true,3,36,4
F09563,F10,P01,true,3,36,4
F09565,F10,P01,true,3,36,4
F09587,F10,P01,true,3,36,4
F09601,F10,P01,true,3,36,4
F09602,F10,P01,true,3,36,4
F09605,F10,P01,true,3,36,4
F09633,F10,P01,true,3,36,4
F09643,F10,P01,true,3,36,4
F09645,F10,P01,true,3,36,4
F09647,F10,P01,true,3,36,4
F09656,F10,P01,true,3,36,4
F09677,F10,P01,true,3,36,4
F09678,F10,P01,true,3,36,4
F09693,F10,P01,true,3,36,4
F09694,F10,P01,true,3,36,4
F09699,F10,P01,true,3,36,4
F09731,F10,P01,true,3,36,4
F09732,F10,P01,true,3,36,4
F09734,F10,P01,true,3,36,4
F09743,F10,P01,true,3,36,4
F09766,F10,P01,true,3,36,4
F09771,F10,P01,true,3,36,4
F09779,F10,P01,true,3,36,4
F09786,F10,P01,true,3,36,4
F09804,F10,P01,true,3,36,4
F09823,F10,P01,true,3,36,4
F09831,F10,P01,true,3,36,4
F09841,F10,P01,true,3,36,4
F09843,F10,P01,true,3,36,4
F09853,F10,P01,true,3,36,4
F09858,F10,P01,true,3,36,4
F09867,F10,P01,true,3,36,4
F09869,F10,P01,true,3,36,4
F09879,F10,P01,true,3,36,4
F09901,F10,P01,true,3,36,4
F09916,F10,P01,true,3,36,4
F09920,F10,P01,true,3,36,4
F09928,F10,P01,true,3,36,4
F09932,F10,P01,true,3,36,4
F09933,F10,P01,true,3,36,4
F09952,F10,P01,true,3,36,4
F09954,F10,P01,true,3,36,4
F09999,F10,P01,true,3,36,4
F10042,F10,P01,true,3,36,4
F10071,F10,P01,true,3,36,4
F10079,F10,P01,true,3,36,4
F10086,F10,P01,true,3,36,4
F10092,F10,P01,true,3,36,4
F10099,F10,P01,true,3,36,4
F10104,F10,P01,true,3,36,4
F10122,F10,P01,true,3,36,4
F10131,F10,P01,true,3,36,4
F10139,F10,P01,true,3,36,4
F10142,F10,P01,true,3,36,4
F10144,F10,P01,true,3,36,4
F10184,F10,P01,true,3,36,4
F10190,F10,P01,true,3,36,4
F10192,F10,P01,true,3,36,4
F10198,F10,P01,true,3,36,4
F10202,F10,P01,true,3,36,4
F10213,F10,P01,true,3,36,4
F10264,F11,P01,true,3,36,4
F10272,F11,P01,true,3,36,4
F10274,F11,P01,true,3,36,4
F10276,F11,P01,true,3,36,4
F10278,F11,P01,true,3,36,4
F10283,F11,P01,true,3,36,4
F10317,F11,P01,true,3,36,4
F10326,F11,P01,true,3,36,4
F10334,F11,P01,true,3,36,4
F10343,F11,P01,true,3,36,4
F10416,F11,P01,true,3,36,4
F10420,F11,P01,true,3,36,4
F10423,F11,P01,true,3,36,4
F10425,F11,P01,true,3,36,4
F10439,F11,P01,true,3,36,4
F10440,F11,P01,true,3,36,4
F10452,F11,P01,true,3,36,4
F10459,F11,P01,true,3,36,4
F10461,F11,P01,true,3,36,4
F10468,F11,P01,true,3,36,4
F10477,F11,P01,true,3,36,4
F10490,F11,P01,true,3,36,4
F10515,F11,P01,true,3,36,4
F10532,F11,P01,true,3,36,4
F10545,F11,P01,true,3,36,4
F10557,F11,P01,true,3,36,4
F10562,F11,P01,true,3,36,4
F10565,F11,P01,true,3,36,4
F10620,F11,P01,true,3,36,4
F10629,F11,P01,true,3,36,4
F10631,F11,P01,true,3,36,4
F10639,F11,P01,true,3,36,4
F10649,F11,P01,true,3,36,4
F10659,F11,P01,true,3,36,4
F10671,F11,P01,true,3,36,4
F10686,F11,P01,true,3,36,4
F10687,F11,P01,true,3,36,4
F10709,F11,P01,true,3,36,4
F10720,F11,P01,true,3,36,4
F10724,F11,P01,true,3,36,4
F10726,F11,P01,true,3,36,4
F10733,F11,P01,true,3,36,4
F10754,F11,P01,true,3,36,4
F10758,F11,P01,true,3,36,4
F10764,F11,P01,true,3,36,4
F10765,F11,P01,true,3,36,4
F10772,F11,P01,true,3,36,4
F10790,F11,P01,true,3,36,4
F10814,F11,P01,true,3,36,4
F10818,F11,P01,true,3,36,4
F10840,F11,P01,true,3,36,4
F10856,F11,P01,true,3,36,4
F10867,F11,P01,true,3,36,4
F10870,F11,P01,true,3,36,4
F10876,F11,P01,true,3,36,4
F10886,F11,P01,true,3,36,4
F10889,F11,P01,true,3,36,4
F10895,F11,P01,true,3,36,4
F10900,F11,P01,true,3,36,4
F10902,F11,P01,true,3,36,4
F10939,F11,P01,true,3,36,4
F10954,F11,P01,true,3,36,4
F10987,F11,P01,true,3,36,4
F10989,F11,P01,true,3,36,4
F10994,F11,P01,true,3,36,4
F11006,F11,P01,true,3,36,4
F11011,F11,P01,true,3,36,4
F11014,F11,P01,true,3,36,4
F11030,F11,P01,true,3,36,4
F11039,F11,P01,true,3,36,4
F11043,F11,P01,true,3,36,4
F11055,F11,P01,true,3,36,4
F11059,F11,P01,true,3,36,4
F11067,F11,P01,true,3,36,4
F11107,F11,P01,true,3,36,4
F11113,F11,P01,true,3,36,4
F11116,F11,P01,true,3,36,4
F11121,F11,P01,true,3,36,4
F11123,F11,P01,true,3,36,4
F11128,F11,P01,true,3,36,4
F11129,F11,P01,true,3,36,4
F11142,F11,P01,true,3,36,4
F11160,F11,P01,true,3,36,4
F11163,F11,P01,true,3,36,4
F11185,F11,P01,true,3,36,4
F11188,F11,P01,true,3,36,4
F11215,F11,P01,true,3,36,4
F11223,F11,P01,true,3,36,4
F11226,F11,P01,true,3,36,4
F11252,F11,P01,true,3,36,4
F11265,F12,P01,true,3,36,4
F11293,F12,P01,true,3,36,4
F11338,F12,P01,true,3,36,4
F11364,F12,P01,true,3,36,4
F11365,F12,P01,true,3,36,4
F11386,F12,P01,true,3,36,4
F11409,F12,P01,true,3,36,4
F11421,F12,P01,true,3,36,4
F11447,F12,P01,true,3,36,4
F11459,F12,P01,true,3,36,4
F11463,F12,P01,true,3,36,4
F11514,F12,P01,true,3,36,4
F11521,F12,P01,true,3,36,4
F11530,F12,P01,true,3,36,4
F11537,F12,P01,true,3,36,4
F11585,F12,P01,true,3,36,4
F11586,F12,P01,true,3,36,4
F11590,F12,P01,true,3,36,4
F11638,F12,P01,true,3,36,4
F11646,F12,P01,true,3,36,4
F11691,F12,P01,true,3,36,4
F11696,F12,P01,true,3,36,4
F11697,F12,P01,true,3,36,4
F11712,F12,P01,true,3,36,4
F11732,F12,P01,true,3,36,4
F11746,F12,P01,true,3,36,4
F11754,F12,P01,true,3,36,4
F11761,F12,P01,true,3,36,4
F11798,F12,P01,true,3,36,4
F11812,F12,P01,true,3,36,4
F11819,F12,P01,true,3,36,4
F11847,F12,P01,true,3,36,4
F11851,F12,P01,true,3,36,4
F11857,F12,P01,true,3,36,4
F11858,F12,P01,true,3,36,4
F11859,F12,P01,true,3,36,4
F11864,F12,P01,true,3,36,4
F11865,F12,P01,true,3,36,4
F11915,F12,P01,true,3,36,4
F11924,F12,P01,true,3,36,4
F11961,F12,P01,true,3,36,4
F11970,F12,P01,true,3,36,4
F11983,F12,P01,true,3,36,4
F11985,F12,P01,true,3,36,4
F11989,F12,P01,true,3,36,4
F12017,F12,P01,true,3,36,4
F12020,F12,P01,true,3,36,4
F12022,F12,P01,true,3,36,4
F12026,F12,P01,true,3,36,4
F12029,F12,P01,true,3,36,4
F12030,F12,P01,true,3,36,4
F12033,F12,P01,true,3,36,4
F12044,F12,P01,true,3,36,4
F12048,F12,P01,true,3,36,4
F12089,F12,P01,true,3,36,4
F12092,F12,P01,true,3,36,4
F12108,F12,P01,true,3,36,4
F12136,F12,P01,true,3,36,4
F12137,F12,P01,true,3,36,4
F12150,F12,P01,true,3,36,4
F12211,F12,P01,true,3,36,4
F12214,F12,P01,true,3,36,4
F12271,F12,P01,true,3,36,4
F12281,F12,P01,true,3,36,4
F12490,F13,P01,true,3,36,4
F12491,F13,P01,true,3,36,4
F12586,F13,P01,true,3,36,4
F12671,F13,P01,true,3,36,4
F12712,F13,P01,true,3,36,4
F12911,F13,P01,true,3,36,4
F13091,F13,P01,true,3,36,4
F13233,F13,P01,true,3,36,4
F13284,F13,P01,true,3,36,4
F13318,F14,P01,true,3,36,4
F13465,F14,P01,true,3,36,4
F13517,F14,P01,true,3,36,4
F13550,F14,P01,true,3,36,4
F13628,F14,P01,true,3,36,4
F13706,F14,P01,true,3,36,4
F13745,F14,P01,true,3,36,4
F13785,F14,P01,true,3,36,4
F13792,F14,P01,true,3,36,4
F13833,F14,P01,true,3,36,4
F13884,F14,P01,true,3,36,4
F13904,F14,P01,true,3,36,4
F13926,F14,P01,true,3,36,4
F13958,F14,P01,true,3,36,4
F14045,F14,P01,true,3,36,4
F14049,F14,P01,true,3,36,4
F14056,F14,P01,true,3,36,4
F14067,F14,P01,true,3,36,4
F14170,F14,P01,true,3,36,4
F14193,F14,P01,true,3,36,4
F14372,F15,P01,true,3,36,4
F14419,F15,P01,true,3,36,4
F14493,F15,P01,true,3,36,4
F14504,F15,P01,true,3,36,4
F14547,F15,P01,true,3,36,4
F14548,F15,P01,true,3,36,4
F14617,F15,P01,true,3,36,4
F14618,F15,P01,true,3,36,4
F14678,F15,P01,true,3,36,4
F14729,F15,P01,true,3,36,4
F14769,F15,P01,true,3,36,4
F14815,F15,P01,true,3,36,4
F14821,F15,P01,true,3,36,4
F14870,F15,P01,true,3,36,4
F14903,F15,P01,true,3,36,4
F14982,F15,P01,true,3,36,4
F15089,F15,P01,true,3,36,4
F15119,F15,P01,true,3,36,4
F15185,F15,P01,true,3,36,4
F15193,F15,P01,true,3,36,4
F15212,F15,P01,true,3,36,4
F15239,F15,P01,true,3,36,4
F15323,F15,P01,true,3,36,4
F15371,F16,P01,true,3,36,4
F15387,F16,P01,true,3,36,4
F15409,F16,P01,true,3,36,4
F15417,F16,P01,true,3,36,4
F15434,F16,P01,true,3,36,4
F15443,F16,P01,true,3,36,4
F15481,F16,P01,true,3,36,4
F15525,F16,P01,true,3,36,4
F15665,F16,P01,true,3,36,4
F15671,F16,P01,true,3,36,4
F15693,F16,P01,true,3,36,4
F15700,F16,P01,true,3,36,4
F15722,F16,P01,true,3,36,4
F15729,F16,P01,true,3,36,4
F15738,F16,P01,true,3,36,4
F15748,F16,P01,true,3,36,4
F15760,F16,P01,true,3,36,4
F15796,F16,P01,true,3,36,4
F15802,F16,P01,true,3,36,4
F15830,F16,P01,true,3,36,4
F15859,F16,P01,true,3,36,4
F15940,F16,P01,true,3,36,4
F15977,F16,P01,true,3,36,4
F16005,F16,P01,true,3,36,4
F16006,F16,P01,true,3,36,4
F16111,F16,P01,true,3,36,4
F16190,F16,P01,true,3,36,4
F16236,F16,P01,true,3,36,4
F16244,F16,P01,true,3,36,4
F16300,F16,P01,true,3,36,4
F16301,F16,P01,true,3,36,4
F16322,F16,P01,true,3,36,4
F16327,F16,P01,true,3,36,4
F16358,F16,P01,true,3,36,4
F16366,F16,P01,true,3,36,4
F16371,F16,P01,true,3,36,4
F16389,F17,P01,true,3,36,4
F16404,F17,P01,true,3,36,4
F16406,F17,P01,true,3,36,4
F16445,F17,P01,true,3,36,4
F16469,F17,P01,true,3,36,4
F16470,F17,P01,true,3,36,4
F16476,F17,P01,true,3,36,4
F16480,F17,P01,true,3,36,4
F16496,F17,P01,true,3,36,4
F16500,F17,P01,true,3,36,4
F16505,F17,P01,true,3,36,4
F16509,F17,P01,true,3,36,4
F16519,F17,P01,true,3,36,4
F16536,F17,P01,true,3,36,4
F16537,F17,P01,true,3,36,4
F16553,F17,P01,true,3,36,4
F16561,F17,P01,true,3,36,4
F16568,F17,P01,true,3,36,4
F16569,F17,P01,true,3,36,4
F16571,F17,P01,true,3,36,4
F16577,F17,P01,true,3,36,4
F16583,F17,P01,true,3,36,4
F16585,F17,P01,true,3,36,4
F16590,F17,P01,true,3,36,4
F16598,F17,P01,true,3,36,4
F16609,F17,P01,true,3,36,4
F16615,F17,P01,true,3,36,4
F16617,F17,P01,true,3,36,4
F16621,F17,P01,true,3,36,4
F16641,F17,P01,true,3,36,4
F16643,F17,P01,true,3,36,4
F16644,F17,P01,true,3,36,4
F16648,F17,P01,true,3,36,4
F16656,F17,P01,true,3,36,4
F16673,F17,P01,true,3,36,4
F16690,F17,P01,true,3,36,4
F16709,F17,P01,true,3,36,4
F16716,F17,P01,true,3,36,4
F16718,F17,P01,true,3,36,4
F16719,F17,P01,true,3,36,4
F16720,F17,P01,true,3,36,4
F16734,F17,P01,true,3,36,4
F16742,F17,P01,true,3,36,4
F16753,F17,P01,true,3,36,4
F16761,F17,P01,true,3,36,4
F16768,F17,P01,true,3,36,4
F16792,F17,P01,true,3,36,4
F16797,F17,P01,true,3,36,4
F16808,F17,P01,true,3,36,4
F16809,F17,P01,true,3,36,4
F16810,F17,P01,true,3,36,4
F16814,F17,P01,true,3,36,4
F16815,F17,P01,true,3,36,4
F16819,F17,P01,true,3,36,4
F16833,F17,P01,true,3,36,4
F16836,F17,P01,true,3,36,4
F16849,F17,P01,true,3,36,4
F16853,F17,P01,true,3,36,4
F16857,F17,P01,true,3,36,4
F16865,F17,P01,true,3,36,4
F16874,F17,P01,true,3,36,4
F16885,F17,P01,true,3,36,4
F16889,F17,P01,true,3,36,4
F16906,F17,P01,true,3,36,4
F16907,F17,P01,true,3,36,4
F16910,F17,P01,true,3,36,4
F16913,F17,P01,true,3,36,4
F16953,F17,P01,true,3,36,4
F16973,F17,P01,true,3,36,4
F17002,F17,P01,true,3,36,4
F17003,F17,P01,true,3,36,4
F17021,F17,P01,true,3,36,4
F17048,F17,P01,true,3,36,4
F17061,F17,P01,true,3,36,4
F17066,F17,P01,true,3,36,4
F17068,F17,P01,true,3,36,4
F17075,F17,P01,true,3,36,4
F17082,F17,P01,true,3,36,4
F17089,F17,P01,true,3,36,4
F17098,F17,P01,true,3,36,4
F17119,F17,P01,true,3,36,4
F17169,F17,P01,true,3,36,4
F17187,F17,P01,true,3,36,4
F17188,F17,P01,true,3,36,4
F17204,F17,P01,true,3,36,4
F17220,F17,P01,true,3,36,4
F17225,F17,P01,true,3,36,4
F17234,F17,P01,true,3,36,4
F17257,F17,P01,true,3,36,4
F17260,F17,P01,true,3,36,4
F17300,F17,P01,true,3,36,4
F17330,F17,P01,true,3,36,4
F17340,F17,P01,true,3,36,4
F17341,F17,P01,true,3,36,4
F17344,F17,P01,true,3,36,4
F17352,F17,P01,true,3,36,4
F17356,F17,P01,true,3,36,4
F17376,F17,P01,true,3,36,4
F17378,F17,P01,true,3,36,4
F17390,F17,P01,true,3,36,4
F17398,F17,P01,true,3,36,4
F17402,F17,P01,true,3,36,4
F17413,F18,P01,true,3,36,4
F17414,F18,P01,true,3,36,4
F17420,F18,P01,true,3,36,4
F17424,F18,P01,true,3,36,4
F17429,F18,P01,true,3,36,4
F17437,F18,P01,true,3,36,4
F17444,F18,P01,true,3,36,4
F17450,F18,P01,true,3,36,4
F17473,F18,P01,true,3,36,4
F17482,F18,P01,true,3,36,4
F17484,F18,P01,true,3,36,4
F17492,F18,P01,true,3,36,4
F17495,F18,P01,true,3,36,4
F17518,F18,P01,true,3,36,4
F17524,F18,P01,true,3,36,4
F17538,F18,P01,true,3,36,4
F17552,F18,P01,true,3,36,4
F17561,F18,P01,true,3,36,4
F17572,F18,P01,true,3,36,4
F17584,F18,P01,true,3,36,4
F17626,F18,P01,true,3,36,4
F17663,F18,P01,true,3,36,4
F17664,F18,P01,true,3,36,4
F17672,F18,P01,true,3,36,4
F17689,F18,P01,true,3,36,4
F17696,F18,P01,true,3,36,4
F17712,F18,P01,true,3,36,4
F17727,F18,P01,true,3,36,4
F17742,F18,P01,true,3,36,4
F17747,F18,P01,true,3,36,4
F17778,F18,P01,true,3,36,4
F17780,F18,P01,true,3,36,4
F17785,F18,P01,true,3,36,4
F17791,F18,P01,true,3,36,4
F17794,F18,P01,true,3,36,4
F17795,F18,P01,true,3,36,4
F17819,F18,P01,true,3,36,4
F17824,F18,P01,true,3,36,4
F17825,F18,P01,true,3,36,4
F17827,F18,P01,true,3,36,4
F17836,F18,P01,true,3,36,4
F17839,F18,P01,true,3,36,4
F17844,F18,P01,true,3,36,4
F17848,F18,P01,true,3,36,4
F17874,F18,P01,true,3,36,4
F17875,F18,P01,true,3,36,4
F17886,F18,P01,true,3,36,4
F17887,F18,P01,true,3,36,4
F17890,F18,P01,true,3,36,4
F17900,F18,P01,true,3,36,4
F17901,F18,P01,true,3,36,4
F17929,F18,P01,true,3,36,4
F17943,F18,P01,true,3,36,4
F17947,F18,P01,true,3,36,4
F17955,F18,P01,true,3,36,4
F17979,F18,P01,true,3,36,4
F17992,F18,P01,true,3,36,4
F18006,F18,P01,true,3,36,4
F18038,F18,P01,true,3,36,4
F18054,F18,P01,true,3,36,4
F18059,F18,P01,true,3,36,4
F18073,F18,P01,true,3,36,4
F18078,F18,P01,true,3,36,4
F18081,F18,P01,true,3,36,4
F18085,F18,P01,true,3,36,4
F18087,F18,P01,true,3,36,4
F18103,F18,P01,true,3,36,4
F18105,F18,P01,true,3,36,4
F18106,F18,P01,true,3,36,4
F18113,F18,P01,true,3,36,4
F18124,F18,P01,true,3,36,4
F18140,F18,P01,true,3,36,4
F18141,F18,P01,true,3,36,4
F18147,F18,P01,true,3,36,4
F18152,F18,P01,true,3,36,4
F18160,F18,P01,true,3,36,4
F18163,F18,P01,true,3,36,4
F18177,F18,P01,true,3,36,4
F18205,F18,P01,true,3,36,4
F18225,F18,P01,true,3,36,4
F18233,F18,P01,true,3,36,4
F18250,F18,P01,true,3,36,4
F18258,F18,P01,true,3,36,4
F18266,F18,P01,true,3,36,4
F18268,F18,P01,true,3,36,4
F18269,F18,P01,true,3,36,4
F18272,F18,P01,true,3,36,4
F18275,F18,P01,true,3,36,4
F18279,F18,P01,true,3,36,4
F18286,F18,P01,true,3,36,4
F18304,F18,P01,true,3,36,4
F18313,F18,P01,true,3,36,4
F18318,F18,P01,true,3,36,4
F18323,F18,P01,true,3,36,4
F18343,F18,P01,true,3,36,4
F18350,F18,P01,true,3,36,4
F18352,F18,P01,true,3,36,4
F18372,F18,P01,true,3,36,4
F18387,F18,P01,true,3,36,4
F18393,F18,P01,true,3,36,4
F18405,F18,P01,true,3,36,4
F18411,F18,P01,true,3,36,4
F18418,F18,P01,true,3,36,4
F18424,F18,P01,true,3,36,4
F18450,F19,P01,true,3,36,4
F18459,F19,P01,true,3,36,4
F18464,F19,P01,true,3,36,4
F18467,F19,P01,true,3,36,4
F18477,F19,P01,true,3,36,4
F18492,F19,P01,true,3,36,4
F18501,F19,P01,true,3,36,4
F18502,F19,P01,true,3,36,4
F18520,F19,P01,true,3,36,4
F18524,F19,P01,true,3,36,4
F18527,F19,P01,true,3,36,4
F18543,F19,P01,true,3,36,4
F18554,F19,P01,true,3,36,4
F18562,F19,P01,true,3,36,4
F18595,F19,P01,true,3,36,4
F18608,F19,P01,true,3,36,4
F18612,F19,P01,true,3,36,4
F18636,F19,P01,true,3,36,4
F18644,F19,P01,true,3,36,4
F18653,F19,P01,true,3,36,4
F18684,F19,P01,true,3,36,4
F18687,F19,P01,true,3,36,4
F18693,F19,P01,true,3,36,4
F18703,F19,P01,true,3,36,4
F18707,F19,P01,true,3,36,4
F18719,F19,P01,true,3,36,4
F18734,F19,P01,true,3,36,4
F18737,F19,P01,true,3,36,4
F18749,F19,P01,true,3,36,4
F18751,F19,P01,true,3,36,4
F18792,F19,P01,true,3,36,4
F18799,F19,P01,true,3,36,4
F18804,F19,P01,true,3,36,4
F18805,F19,P01,true,3,36,4
F18810,F19,P01,true,3,36,4
F18837,F19,P01,true,3,36,4
F18838,F19,P01,true,3,36,4
F18858,F19,P01,true,3,36,4
F18861,F19,P01,true,3,36,4
F18864,F19,P01,true,3,36,4
F18866,F19,P01,true,3,36,4
F18867,F19,P01,true,3,36,4
F18873,F19,P01,true,3,36,4
F18884,F19,P01,true,3,36,4
F18892,F19,P01,true,3,36,4
F18893,F19,P01,true,3,36,4
F18904,F19,P01,true,3,36,4
F18920,F19,P01,true,3,36,4
F18941,F19,P01,true,3,36,4
F18953,F19,P01,true,3,36,4
F18995,F19,P01,true,3,36,4
F19006,F19,P01,true,3,36,4
F19017,F19,P01,true,3,36,4
F19026,F19,P01,true,3,36,4
F19032,F19,P01,true,3,36,4
F19043,F19,P01,true,3,36,4
F19045,F19,P01,true,3,36,4
F19059,F19,P01,true,3,36,4
F19067,F19,P01,true,3,36,4
F19069,F19,P01,true,3,36,4
F19070,F19,P01,true,3,36,4
F19083,F19,P01,true,3,36,4
F19104,F19,P01,true,3,36,4
F19127,F19,P01,true,3,36,4
F19138,F19,P01,true,3,36,4
F19141,F19,P01,true,3,36,4
F19148,F19,P01,true,3,36,4
F19153,F19,P01,true,3,36,4
F19181,F19,P01,true,3,36,4
F19188,F19,P01,true,3,36,4
F19191,F19,P01,true,3,36,4
F19197,F19,P01,true,3,36,4
F19217,F19,P01,true,3,36,4
F19220,F19,P01,true,3,36,4
F19228,F19,P01,true,3,36,4
F19236,F19,P01,true,3,36,4
F19240,F19,P01,true,3,36,4
F19247,F19,P01,true,3,36,4
F19260,F19,P01,true,3,36,4
F19270,F19,P01,true,3,36,4
F19328,F19,P01,true,3,36,4
F19330,F19,P01,true,3,36,4
F19347,F19,P01,true,3,36,4
F19373,F19,P01,true,3,36,4
F19388,F19,P01,true,3,36,4
F19400,F19,P01,true,3,36,4
F19407,F19,P01,true,3,36,4
F19409,F19,P01,true,3,36,4
F19435,F19,P01,true,3,36,4
F19438,F19,P01,true,3,36,4
F19440,F19,P01,true,3,36,4
F19444,F19,P01,true,3,36,4
F19453,F19,P01,true,3,36,4
F19465,F20,P01,true,3,36,4
F19487,F20,P01,true,3,36,4
F19499,F20,P01,true,3,36,4
F19527,F20,P01,true,3,36,4
F19530,F20,P01,true,3,36,4
F19536,F20,P01,true,3,36,4
F19552,F20,P01,true,3,36,4
F19556,F20,P01,true,3,36,4
F19609,F20,P01,true,3,36,4
F19613,F20,P01,true,3,36,4
F19616,F20,P01,true,3,36,4
F19652,F20,P01,true,3,36,4
F19663,F20,P01,true,3,36,4
F19665,F20,P01,true,3,36,4
F19672,F20,P01,true,3,36,4
F19700,F20,P01,true,3,36,4
F19701,F20,P01,true,3,36,4
F19707,F20,P01,true,3,36,4
F19709,F20,P01,true,3,36,4
F19712,F20,P01,true,3,36,4
F19724,F20,P01,true,3,36,4
F19742,F20,P01,true,3,36,4
F19746,F20,P01,true,3,36,4
F19762,F20,P01,true,3,36,4
F19766,F20,P01,true,3,36,4
F19772,F20,P01,true,3,36,4
F19805,F20,P01,true,3,36,4
F19812,F20,P01,true,3,36,4
F19829,F20,P01,true,3,36,4
F19830,F20,P01,true,3,36,4
F19869,F20,P01,true,3,36,4
F19885,F20,P01,true,3,36,4
F19918,F20,P01,true,3,36,4
F19922,F20,P01,true,3,36,4
F19932,F20,P01,true,3,36,4
F19937,F20,P01,true,3,36,4
F19980,F20,P01,true,3,36,4
F19996,F20,P01,true,3,36,4
F20006,F20,P01,true,3,36,4
F20010,F20,P01,true,3,36,4
F20011,F20,P01,true,3,36,4
F20028,F20,P01,true,3,36,4
F20033,F20,P01,true,3,36,4
F20037,F20,P01,true,3,36,4
F20041,F20,P01,true,3,36,4
F20059,F20,P01,true,3,36,4
F20081,F20,P01,true,3,36,4
F20098,F20,P01,true,3,36,4
F20110,F20,P01,true,3,36,4
F20134,F20,P01,true,3,36,4
F20151,F20,P01,true,3,36,4
F20167,F20,P01,true,3,36,4
F20181,F20,P01,true,3,36,4
F20204,F20,P01,true,3,36,4
F20223,F20,P01,true,3,36,4
F20266,F20,P01,true,3,36,4
F20276,F20,P01,true,3,36,4
F20279,F20,P01,true,3,36,4
F20294,F20,P01,true,3,36,4
F20308,F20,P01,true,3,36,4
F20369,F20,P01,true,3,36,4
F20372,F20,P01,true,3,36,4
F20381,F20,P01,true,3,36,4
F20386,F20,P01,true,3,36,4
F20395,F20,P01,true,3,36,4
F20408,F20,P01,true,3,36,4
F20409,F20,P01,true,3,36,4
F20429,F20,P01,true,3,36,4
F20430,F20,P01,true,3,36,4
F20436,F20,P01,true,3,36,4
F20467,F20,P01,true,3,36,4
F20480,F20,P01,true,3,36,4
F20552,F21,P01,true,3,36,4
F20565,F21,P01,true,3,36,4
F20847,F21,P01,true,3,36,4
F20853,F21,P01,true,3,36,4
F20856,F21,P01,true,3,36,4
F21004,F21,P01,true,3,36,4
F21028,F21,P01,true,3,36,4
F21145,F21,P01,true,3,36,4
F21244,F21,P01,true,3,36,4
F21250,F21,P01,true,3,36,4
F21258,F21,P01,true,3,36,4
F21262,F21,P01,true,3,36,4
F21266,F21,P01,true,3,36,4
F21301,F21,P01,true,3,36,4
F21307,F21,P01,true,3,36,4
F21315,F21,P01,true,3,36,4
F21436,F21,P01,true,3,36,4
F21476,F21,P01,true,3,36,4
F21488,F21,P01,true,3,36,4
F21542,F22,P01,true,3,36,4
F21649,F22,P01,true,3,36,4
F21659,F22,P01,true,3,36,4
F21662,F22,P01,true,3,36,4
F22052,F22,P01,true,3,36,4
F22085,F22,P01,true,3,36,4
F22222,F22,P01,true,3,36,4
F22375,F22,P01,true,3,36,4
F22395,F22,P01,true,3,36,4
F22401,F22,P01,true,3,36,4
F22448,F22,P01,true,3,36,4
F22569,F23,P01,true,3,36,4
F22670,F23,P01,true,3,36,4
F22727,F23,P01,true,3,36,4
F22839,F23,P01,true,3,36,4
F22845,F23,P01,true,3,36,4
F22849,F23,P01,true,3,36,4
F22856,F23,P01,true,3,36,4
F22859,F23,P01,true,3,36,4
F22896,F23,P01,true,3,36,4
F22971,F23,P01,true,3,36,4
F23009,F23,P01,true,3,36,4
F23302,F23,P01,true,3,36,4
F23352,F23,P01,true,3,36,4
F23419,F23,P01,true,3,36,4
F23456,F23,P01,true,3,36,4
F23474,F23,P01,true,3,36,4
F23480,F23,P01,true,3,36,4
F23483,F23,P01,true,3,36,4
F23640,F24,P01,true,3,36,4
F23647,F24,P01,true,3,36,4
F23711,F24,P01,true,3,36,4
F23870,F24,P01,true,3,36,4
F23871,F24,P01,true,3,36,4
F23874,F24,P01,true,3,36,4
F23929,F24,P01,true,3,36,4
F23932,F24,P01,true,3,36,4
F23980,F24,P01,true,3,36,4
F23995,F24,P01,true,3,36,4
F24091,F24,P01,true,3,36,4
F24107,F24,P01,true,3,36,4
F24163,F24,P01,true,3,36,4
F24203,F24,P01,true,3,36,4
F24206,F24,P01,true,3,36,4
F24333,F24,P01,true,3,36,4
F24366,F24,P01,true,3,36,4
F24374,F24,P01,true,3,36,4
F24446,F24,P01,true,3,36,4
F24494,F24,P01,true,3,36,4
F24563,F24,P01,true,3,36,4
F00109,F01,P01,true,2,36,4
F00352,F01,P01,true,2,36,4
F00537,F01,P01,true,2,36,4
F00685,F01,P01,true,2,36,4
F00717,F01,P01,true,2,36,4
F00764,F01,P01,true,2,36,4
F01873,F02,P01,true,2,36,4
F01927,F02,P01,true,2,36,4
F02578,F03,P01,true,2,36,4
F02884,F03,P01,true,2,36,4
F02945,F03,P01,true,2,36,4
F03177,F04,P01,true,2,36,4
F03612,F04,P01,true,2,36,4
F04163,F05,P01,true,2,36,4
F04409,F05,P01,true,2,36,4
F04635,F05,P01,true,2,36,4
F04647,F05,P01,true,2,36,4
F05551,F06,P01,true,2,36,4
F05685,F06,P01,true,2,36,4
F05876,F06,P01,true,2,36,4
F05991,F06,P01,true,2,36,4
F06166,F07,P01,true,2,36,4
F06167,F07,P01,true,2,36,4
F06419,F07,P01,true,2,36,4
F06715,F07,P01,true,2,36,4
F07007,F07,P01,true,2,36,4
F07055,F07,P01,true,2,36,4
F07143,F07,P01,true,2,36,4
F07381,F08,P01,true,2,36,4
F07396,F08,P01,true,2,36,4
F07417,F08,P01,true,2,36,4
F07473,F08,P01,true,2,36,4
F07478,F08,P01,true,2,36,4
F07625,F08,P01,true,2,36,4
F07797,F08,P01,true,2,36,4
F08045,F08,P01,true,2,36,4
F08095,F08,P01,true,2,36,4
F08991,F09,P01,true,2,36,4
F09021,F09,P01,true,2,36,4
F09322,F10,P01,true,2,36,4
F09681,F10,P01,true,2,36,4
F09688,F10,P01,true,2,36,4
F09803,F10,P01,true,2,36,4
F09885,F10,P01,true,2,36,4
F10004,F10,P01,true,2,36,4
F10088,F10,P01,true,2,36,4
F10250,F11,P01,true,2,36,4
F10324,F11,P01,true,2,36,4
F10504,F11,P01,true,2,36,4
F10802,F11,P01,true,2,36,4
F10893,F11,P01,true,2,36,4
F10901,F11,P01,true,2,36,4
F11276,F12,P01,true,2,36,4
F11415,F12,P01,true,2,36,4
F11577,F12,P01,true,2,36,4
F11703,F12,P01,true,2,36,4
F11711,F12,P01,true,2,36,4
F11927,F12,P01,true,2,36,4
F12081,F12,P01,true,2,36,4
F12129,F12,P01,true,2,36,4
F12544,F13,P01,true,2,36,4
F12681,F13,P01,true,2,36,4
F14799,F15,P01,true,2,36,4
F14907,F15,P01,true,2,36,4
F15221,F15,P01,true,2,36,4
F15325,F15,P01,true,2,36,4
F15438,F16,P01,true,2,36,4
F15924,F16,P01,true,2,36,4
F16036,F16,P01,true,2,36,4
F16238,F16,P01,true,2,36,4
F16457,F17,P01,true,2,36,4
F16921,F17,P01,true,2,36,4
F17076,F17,P01,true,2,36,4
F17404,F17,P01,true,2,36,4
F17889,F18,P01,true,2,36,4
F17991,F18,P01,true,2,36,4
F18012,F18,P01,true,2,36,4
F18067,F18,P01,true,2,36,4
F18094,F18,P01,true,2,36,4
F18469,F19,P01,true,2,36,4
F18656,F19,P01,true,2,36,4
F18795,F19,P01,true,2,36,4
F18878,F19,P01,true,2,36,4
F19134,F19,P01,true,2,36,4
F19531,F20,P01,true,2,36,4
F19547,F20,P01,true,2,36,4
F19555,F20,P01,true,2,36,4
F19693,F20,P01,true,2,36,4
F20009,F20,P01,true,2,36,4
F20439,F20,P01,true,2,36,4
F20796,F21,P01,true,2,36,4
F22949,F23,P01,true,2,36,4
F23244,F23,P01,true,2,36,4
F24050,F24,P01,true,2,36,4
F02503,F03,P01,true,4,36,3
F02784,F03,P01,true,4,36,3
F02956,F03,P01,true,4,36,3
F03069,F03,P01,true,4,36,3
F03362,F04,P01,true,4,36,3
F03418,F04,P01,true,4,36,3
F03421,F04,P01,true,4,36,3
F03470,F04,P01,true,4,36,3
F03473,F04,P01,true,4,36,3
F03523,F04,P01,true,4,36,3
F03533,F04,P01,true,4,36,3
F03581,F04,P01,true,4,36,3
F03591,F04,P01,true,4,36,3
F03593,F04,P01,true,4,36,3
F03698,F04,P01,true,4,36,3
F03752,F04,P01,true,4,36,3
F03811,F04,P01,true,4,36,3
F03815,F04,P01,true,4,36,3
F03874,F04,P01,true,4,36,3
F03923,F04,P01,true,4,36,3
F04045,F04,P01,true,4,36,3
F10521,F11,P01,true,4,36,3
F10749,F11,P01,true,4,36,3
F10865,F11,P01,true,4,36,3
F11330,F12,P01,true,4,36,3
F11553,F12,P01,true,4,36,3
F11599,F12,P01,true,4,36,3
F11608,F12,P01,true,4,36,3
F11668,F12,P01,true,4,36,3
F11777,F12,P01,true,4,36,3
F11832,F12,P01,true,4,36,3
F11834,F12,P01,true,4,36,3
F11998,F12,P01,true,4,36,3
F12065,F12,P01,true,4,36,3
F19507,F20,P01,true,4,36,3
F19676,F20,P01,true,4,36,3
F20077,F20,P01,true,4,36,3
F20192,F20,P01,true,4,36,3
F20358,F20,P01,true,4,36,3
F20414,F20,P01,true,4,36,3
F20547,F21,P01,true,4,36,3
F20587,F21,P01,true,4,36,3
F20589,F21,P01,true,4,36,3
F20598,F21,P01,true,4,36,3
F20643,F21,P01,true,4,36,3
F20656,F21,P01,true,4,36,3
F20701,F21,P01,true,4,36,3
F20716,F21,P01,true,4,36,3
F20831,F21,P01,true,4,36,3
F20871,F21,P01,true,4,36,3
F20875,F21,P01,true,4,36,3
F20881,F21,P01,true,4,36,3
F20884,F21,P01,true,4,36,3
F20927,F21,P01,true,4,36,3
F20932,F21,P01,true,4,36,3
F20939,F21,P01,true,4,36,3
F20988,F21,P01,true,4,36,3
F20990,F21,P01,true,4,36,3
F21051,F21,P01,true,4,36,3
F21052,F21,P01,true,4,36,3
F21109,F21,P01,true,4,36,3
F21159,F21,P01,true,4,36,3
F21168,F21,P01,true,4,36,3
F21169,F21,P01,true,4,36,3
F21228,F21,P01,true,4,36,3
F21232,F21,P01,true,4,36,3
F21275,F21,P01,true,4,36,3
F21327,F21,P01,true,4,36,3
F21336,F21,P01,true,4,36,3
F21337,F21,P01,true,4,36,3
F21345,F21,P01,true,4,36,3
F21385,F21,P01,true,4,36,3
F21386,F21,P01,true,4,36,3
F21444,F21,P01,true,4,36,3
F21451,F21,P01,true,4,36,3
F21457,F21,P01,true,4,36,3
F21459,F21,P01,true,4,36,3
F21558,F22,P01,true,4,36,3
F21568,F22,P01,true,4,36,3
F21619,F22,P01,true,4,36,3
F21676,F22,P01,true,4,36,3
F21681,F22,P01,true,4,36,3
F21728,F22,P01,true,4,36,3
F21743,F22,P01,true,4,36,3
F21785,F22,P01,true,4,36,3
F21787,F22,P01,true,4,36,3
F21791,F22,P01,true,4,36,3
F21836,F22,P01,true,4,36,3
F21894,F22,P01,true,4,36,3
F21971,F22,P01,true,4,36,3
F22009,F22,P01,true,4,36,3
F22069,F22,P01,true,4,36,3
F22134,F22,P01,true,4,36,3
F22235,F22,P01,true,4,36,3
F22305,F22,P01,true,4,36,3
F22309,F22,P01,true,4,36,3
F22362,F22,P01,true,4,36,3
F22366,F22,P01,true,4,36,3
F22411,F22,P01,true,4,36,3
F22416,F22,P01,true,4,36,3
F22462,F22,P01,true,4,36,3
F22476,F22,P01,true,4,36,3
F22524,F22,P01,true,4,36,3
F22525,F22,P01,true,4,36,3
F22542,F23,P01,true,4,36,3
F22582,F23,P01,true,4,36,3
F22584,F23,P01,true,4,36,3
F22595,F23,P01,true,4,36,3
F22601,F23,P01,true,4,36,3
F22643,F23,P01,true,4,36,3
F22749,F23,P01,true,4,36,3
F22812,F23,P01,true,4,36,3
F22863,F23,P01,true,4,36,3
F22922,F23,P01,true,4,36,3
F22973,F23,P01,true,4,36,3
F23001,F23,P01,true,4,36,3
F23002,F23,P01,true,4,36,3
F23049,F23,P01,true,4,36,3
F23050,F23,P01,true,4,36,3
F23108,F23,P01,true,4,36,3
F23165,F23,P01,true,4,36,3
F23167,F23,P01,true,4,36,3
F23210,F23,P01,true,4,36,3
F23225,F23,P01,true,4,36,3
F23227,F23,P01,true,4,36,3
F23263,F23,P01,true,4,36,3
F23270,F23,P01,true,4,36,3
F23316,F23,P01,true,4,36,3
F23323,F23,P01,true,4,36,3
F23335,F23,P01,true,4,36,3
F23338,F23,P01,true,4,36,3
F23377,F23,P01,true,4,36,3
F23381,F23,P01,true,4,36,3
F23386,F23,P01,true,4,36,3
F23392,F23,P01,true,4,36,3
F23430,F23,P01,true,4,36,3
F23434,F23,P01,true,4,36,3
F23442,F23,P01,true,4,36,3
F23448,F23,P01,true,4,36,3
F23452,F23,P01,true,4,36,3
F23454,F23,P01,true,4,36,3
F23491,F23,P01,true,4,36,3
F23492,F23,P01,true,4,36,3
F23505,F23,P01,true,4,36,3
F23510,F23,P01,true,4,36,3
F23550,F23,P01,true,4,36,3
F23605,F24,P01,true,4,36,3
F23608,F24,P01,true,4,36,3
F23614,F24,P01,true,4,36,3
F23622,F24,P01,true,4,36,3
F23655,F24,P01,true,4,36,3
F23724,F24,P01,true,4,36,3
F23736,F24,P01,true,4,36,3
F23775,F24,P01,true,4,36,3
F23785,F24,P01,true,4,36,3
F23840,F24,P01,true,4,36,3
F23947,F24,P01,true,4,36,3
F24006,F24,P01,true,4,36,3
F24008,F24,P01,true,4,36,3
F24011,F24,P01,true,4,36,3
F24014,F24,P01,true,4,36,3
F24019,F24,P01,true,4,36,3
F24020,F24,P01,true,4,36,3
F24116,F24,P01,true,4,36,3
F24120,F24,P01,true,4,36,3
F24131,F24,P01,true,4,36,3
F24167,F24,P01,true,4,36,3
F24171,F24,P01,true,4,36,3
F24179,F24,P01,true,4,36,3
F24233,F24,P01,true,4,36,3
F24288,F24,P01,true,4,36,3
F24300,F24,P01,true,4,36,3
F24346,F24,P01,true,4,36,3
F24362,F24,P01,true,4,36,3
F24413,F24,P01,true,4,36,3
F24465,F24,P01,true,4,36,3
F02500,F03,P01,true,3,36,3
F03140,F04,P01,true,3,36,3
F03184,F04,P01,true,3,36,3
F03194,F04,P01,true,3,36,3
F03248,F04,P01,true,3,36,3
F03353,F04,P01,true,3,36,3
F03590,F04,P01,true,3,36,3
F03637,F04,P01,true,3,36,3
F03707,F04,P01,true,3,36,3
F03808,F04,P01,true,3,36,3
F03820,F04,P01,true,3,36,3
F03982,F04,P01,true,3,36,3
F03993,F04,P01,true,3,36,3
F04038,F04,P01,true,3,36,3
F11148,F11,P01,true,3,36,3
F11273,F12,P01,true,3,36,3
F11328,F12,P01,true,3,36,3
F11375,F12,P01,true,3,36,3
F11376,F12,P01,true,3,36,3
F11437,F12,P01,true,3,36,3
F11487,F12,P01,true,3,36,3
F11670,F12,P01,true,3,36,3
F11714,F12,P01,true,3,36,3
F11770,F12,P01,true,3,36,3
F11784,F12,P01,true,3,36,3
F11786,F12,P01,true,3,36,3
F11831,F12,P01,true,3,36,3
F11885,F12,P01,true,3,36,3
F12005,F12,P01,true,3,36,3
F12006,F12,P01,true,3,36,3
F12126,F12,P01,true,3,36,3
F12184,F12,P01,true,3,36,3
F12227,F12,P01,true,3,36,3
F12282,F12,P01,true,3,36,3
F19734,F20,P01,true,3,36,3
F19907,F20,P01,true,3,36,3
F19963,F20,P01,true,3,36,3
F20131,F20,P01,true,3,36,3
F20536,F21,P01,true,3,36,3
F20540,F21,P01,true,3,36,3
F20642,F21,P01,true,3,36,3
F20873,F21,P01,true,3,36,3
F21113,F21,P01,true,3,36,3
F21340,F21,P01,true,3,36,3
F21404,F21,P01,true,3,36,3
F21506,F22,P01,true,3,36,3
F21507,F22,P01,true,3,36,3
F22130,F22,P01,true,3,36,3
F22189,F22,P01,true,3,36,3
F22467,F22,P01,true,3,36,3
F22535,F23,P01,true,3,36,3
F22710,F23,P01,true,3,36,3
F22921,F23,P01,true,3,36,3
F22932,F23,P01,true,3,36,3
F22990,F23,P01,true,3,36,3
F23204,F23,P01,true,3,36,3
F23506,F23,P01,true,3,36,3
F23600,F24,P01,true,3,36,3
F23772,F24,P01,true,3,36,3
F23789,F24,P01,true,3,36,3
F24018,F24,P01,true,3,36,3
F24058,F24,P01,true,3,36,3
F24292,F24,P01,true,3,36,3
F24339,F24,P01,true,3,36,3
F24477,F24,P01,true,3,36,3
F03301,F04,P01,true,2,36,3
F03935,F04,P01,true,2,36,3
F24319,F24,P01,true,5,35,4
F00022,F01,P01,true,4,35,4
F00058,F01,P01,true,4,35,4
F00061,F01,P01,true,4,35,4
F00079,F01,P01,true,4,35,4
F00092,F01,P01,true,4,35,4
F00121,F01,P01,true,4,35,4
F00134,F01,P01,true,4,35,4
F00137,F01,P01,true,4,35,4
F00139,F01,P01,true,4,35,4
F00167,F01,P01,true,4,35,4
F00183,F01,P01,true,4,35,4
F00216,F01,P01,true,4,35,4
F00237,F01,P01,true,4,35,4
F00281,F01,P01,true,4,35,4
F00294,F01,P01,true,4,35,4
F00306,F01,P01,true,4,35,4
F00330,F01,P01,true,4,35,4
F00371,F01,P01,true,4,35,4
F00384,F01,P01,true,4,35,4
F00418,F01,P01,true,4,35,4
F00438,F01,P01,true,4,35,4
F00491,F01,P01,true,4,35,4
F00493,F01,P01,true,4,35,4
F00507,F01,P01,true,4,35,4
F00528,F01,P01,true,4,35,4
F00546,F01,P01,true,4,35,4
F00589,F01,P01,true,4,35,4
F00604,F01,P01,true,4,35,4
F00605,F01,P01,true,4,35,4
F00616,F01,P01,true,4,35,4
F00619,F01,P01,true,4,35,4
F00656,F01,P01,true,4,35,4
F00665,F01,P01,true,4,35,4
F00672,F01,P01,true,4,35,4
F00676,F01,P01,true,4,35,4
F00745,F01,P01,true,4,35,4
F00763,F01,P01,true,4,35,4
F00795,F01,P01,true,4,35,4
F00805,F01,P01,true,4,35,4
F00814,F01,P01,true,4,35,4
F00882,F01,P01,true,4,35,4
F00887,F01,P01,true,4,35,4
F00891,F01,P01,true,4,35,4
F00932,F01,P01,true,4,35,4
F00942,F01,P01,true,4,35,4
F00945,F01,P01,true,4,35,4
F00967,F01,P01,true,4,35,4
F00993,F01,P01,true,4,35,4
F01022,F01,P01,true,4,35,4
F01029,F02,P01,true,4,35,4
F01069,F02,P01,true,4,35,4
F01150,F02,P01,true,4,35,4
F01182,F02,P01,true,4,35,4
F01209,F02,P01,true,4,35,4
F01226,F02,P01,true,4,35,4
F01227,F02,P01,true,4,35,4
F01236,F02,P01,true,4,35,4
F01309,F02,P01,true,4,35,4
F01366,F02,P01,true,4,35,4
F01397,F02,P01,true,4,35,4
F01438,F02,P01,true,4,35,4
F01439,F02,P01,true,4,35,4
F01446,F02,P01,true,4,35,4
F01453,F02,P01,true,4,35,4
F01461,F02,P01,true,4,35,4
F01467,F02,P01,true,4,35,4
F01501,F02,P01,true,4,35,4
F01530,F02,P01,true,4,35,4
F01533,F02,P01,true,4,35,4
F01541,F02,P01,true,4,35,4
F01554,F02,P01,true,4,35,4
F01561,F02,P01,true,4,35,4
F01565,F02,P01,true,4,35,4
F01567,F02,P01,true,4,35,4
F01619,F02,P01,true,4,35,4
F01631,F02,P01,true,4,35,4
F01634,F02,P01,true,4,35,4
F01648,F02,P01,true,4,35,4
F01676,F02,P01,true,4,35,4
F01685,F02,P01,true,4,35,4
F01731,F02,P01,true,4,35,4
F01735,F02,P01,true,4,35,4
F01743,F02,P01,true,4,35,4
F01784,F02,P01,true,4,35,4
F01803,F02,P01,true,4,35,4
F01810,F02,P01,true,4,35,4
F01825,F02,P01,true,4,35,4
F01826,F02,P01,true,4,35,4
F01827,F02,P01,true,4,35,4
F01847,F02,P01,true,4,35,4
F01878,F02,P01,true,4,35,4
F01900,F02,P01,true,4,35,4
F01933,F02,P01,true,4,35,4
F01986,F02,P01,true,4,35,4
F02028,F02,P01,true,4,35,4
F02071,F03,P01,true,4,35,4
F02104,F03,P01,true,4,35,4
F02188,F03,P01,true,4,35,4
F02198,F03,P01,true,4,35,4
F02241,F03,P01,true,4,35,4
F02247,F03,P01,true,4,35,4
F02262,F03,P01,true,4,35,4
F02276,F03,P01,true,4,35,4
F02278,F03,P01,true,4,35,4
F02279,F03,P01,true,4,35,4
F02297,F03,P01,true,4,35,4
F02356,F03,P01,true,4,35,4
F02390,F03,P01,true,4,35,4
F02391,F03,P01,true,4,35,4
F02402,F03,P01,true,4,35,4
F02418,F03,P01,true,4,35,4
F02446,F03,P01,true,4,35,4
F02447,F03,P01,true,4,35,4
F02482,F03,P01,true,4,35,4
F02566,F03,P01,true,4,35,4
F02593,F03,P01,true,4,35,4
F02607,F03,P01,true,4,35,4
F02624,F03,P01,true,4,35,4
F02625,F03,P01,true,4,35,4
F02647,F03,P01,true,4,35,4
F02667,F03,P01,true,4,35,4
F02710,F03,P01,true,4,35,4
F02726,F03,P01,true,4,35,4
F02746,F03,P01,true,4,35,4
F02758,F03,P01,true,4,35,4
F02778,F03,P01,true,4,35,4
F02827,F03,P01,true,4,35,4
F02846,F03,P01,true,4,35,4
F02893,F03,P01,true,4,35,4
F02902,F03,P01,true,4,35,4
F02908,F03,P01,true,4,35,4
F02913,F03,P01,true,4,35,4
F02941,F03,P01,true,4,35,4
F02998,F03,P01,true,4,35,4
F03008,F03,P01,true,4,35,4
F03065,F03,P01,true,4,35,4
F03145,F04,P01,true,4,35,4
F03146,F04,P01,true,4,35,4
F03162,F04,P01,true,4,35,4
F03196,F04,P01,true,4,35,4
F03266,F04,P01,true,4,35,4
F03275,F04,P01,true,4,35,4
F03282,F04,P01,true,4,35,4
F03311,F04,P01,true,4,35,4
F03339,F04,P01,true,4,35,4
F03367,F04,P01,true,4,35,4
F03378,F04,P01,true,4,35,4
F03397,F04,P01,true,4,35,4
F03497,F04,P01,true,4,35,4
F03515,F04,P01,true,4,35,4
F03553,F04,P01,true,4,35,4
F03557,F04,P01,true,4,35,4
F03575,F04,P01,true,4,35,4
F03609,F04,P01,true,4,35,4
F03664,F04,P01,true,4,35,4
F03676,F04,P01,true,4,35,4
F03765,F04,P01,true,4,35,4
F03840,F04,P01,true,4,35,4
F03848,F04,P01,true,4,35,4
F03852,F04,P01,true,4,35,4
F03892,F04,P01,true,4,35,4
F03958,F04,P01,true,4,35,4
F03971,F04,P01,true,4,35,4
F03996,F04,P01,true,4,35,4
F04004,F04,P01,true,4,35,4
F04011,F04,P01,true,4,35,4
F04020,F04,P01,true,4,35,4
F04031,F04,P01,true,4,35,4
F04061,F04,P01,true,4,35,4
F04065,F04,P01,true,4,35,4
F04249,F05,P01,true,4,35,4
F04353,F05,P01,true,4,35,4
F04796,F05,P01,true,4,35,4
F05008,F05,P01,true,4,35,4
F05114,F05,P01,true,4,35,4
F05408,F06,P01,true,4,35,4
F05719,F06,P01,true,4,35,4
F05745,F06,P01,true,4,35,4
F05844,F06,P01,true,4,35,4
F05851,F06,P01,true,4,35,4
F05907,F06,P01,true,4,35,4
F06133,F06,P01,true,4,35,4
F06255,F07,P01,true,4,35,4
F06772,F07,P01,true,4,35,4
F06782,F07,P01,true,4,35,4
F07023,F07,P01,true,4,35,4
F07152,F07,P01,true,4,35,4
F07325,F08,P01,true,4,35,4
F07365,F08,P01,true,4,35,4
F07754,F08,P01,true,4,35,4
F07955,F08,P01,true,4,35,4
F08058,F08,P01,true,4,35,4
F08222,F09,P01,true,4,35,4
F08286,F09,P01,true,4,35,4
F08510,F09,P01,true,4,35,4
F08524,F09,P01,true,4,35,4
F08573,F09,P01,true,4,35,4
F08601,F09,P01,true,4,35,4
F08609,F09,P01,true,4,35,4
F08737,F09,P01,true,4,35,4
F08795,F09,P01,true,4,35,4
F08894,F09,P01,true,4,35,4
F08974,F09,P01,true,4,35,4
F09001,F09,P01,true,4,35,4
F09131,F09,P01,true,4,35,4
F09644,F10,P01,true,4,35,4
F09727,F10,P01,true,4,35,4
F09796,F10,P01,true,4,35,4
F09861,F10,P01,true,4,35,4
F09974,F10,P01,true,4,35,4
F10007,F10,P01,true,4,35,4
F10069,F10,P01,true,4,35,4
F10149,F10,P01,true,4,35,4
F10164,F10,P01,true,4,35,4
F10311,F11,P01,true,4,35,4
F10357,F11,P01,true,4,35,4
F10382,F11,P01,true,4,35,4
F10483,F11,P01,true,4,35,4
F10556,F11,P01,true,4,35,4
F10594,F11,P01,true,4,35,4
F10650,F11,P01,true,4,35,4
F11094,F11,P01,true,4,35,4
F11563,F12,P01,true,4,35,4
F11682,F12,P01,true,4,35,4
F11686,F12,P01,true,4,35,4
F11842,F12,P01,true,4,35,4
F11843,F12,P01,true,4,35,4
F11854,F12,P01,true,4,35,4
F11974,F12,P01,true,4,35,4
F11991,F12,P01,true,4,35,4
F12043,F12,P01,true,4,35,4
F12076,F12,P01,true,4,35,4
F12243,F12,P01,true,4,35,4
F12249,F12,P01,true,4,35,4
F12256,F12,P01,true,4,35,4
F12290,F13,P01,true,4,35,4
F12293,F13,P01,true,4,35,4
F12299,F13,P01,true,4,35,4
F12314,F13,P01,true,4,35,4
F12317,F13,P01,true,4,35,4
F12320,F13,P01,true,4,35,4
F12329,F13,P01,true,4,35,4
F12331,F13,P01,true,4,35,4
F12353,F13,P01,true,4,35,4
F12367,F13,P01,true,4,35,4
F12368,F13,P01,true,4,35,4
F12383,F13,P01,true,4,35,4
F12386,F13,P01,true,4,35,4
F12388,F13,P01,true,4,35,4
F12407,F13,P01,true,4,35,4
F12428,F13,P01,true,4,35,4
F12482,F13,P01,true,4,35,4
F12484,F13,P01,true,4,35,4
F12486,F13,P01,true,4,35,4
F12500,F13,P01,true,4,35,4
F12546,F13,P01,true,4,35,4
F12549,F13,P01,true,4,35,4
F12551,F13,P01,true,4,35,4
F12563,F13,P01,true,4,35,4
F12597,F13,P01,true,4,35,4
F12605,F13,P01,true,4,35,4
F12606,F13,P01,true,4,35,4
F12614,F13,P01,true,4,35,4
F12630,F13,P01,true,4,35,4
F12634,F13,P01,true,4,35,4
F12635,F13,P01,true,4,35,4
F12662,F13,P01,true,4,35,4
F12680,F13,P01,true,4,35,4
F12687,F13,P01,true,4,35,4
F12690,F13,P01,true,4,35,4
F12710,F13,P01,true,4,35,4
F12722,F13,P01,true,4,35,4
F12736,F13,P01,true,4,35,4
F12757,F13,P01,true,4,35,4
F12759,F13,P01,true,4,35,4
F12764,F13,P01,true,4,35,4
F12781,F13,P01,true,4,35,4
F12814,F13,P01,true,4,35,4
F12817,F13,P01,true,4,35,4
F12831,F13,P01,true,4,35,4
F12845,F13,P01,true,4,35,4
F12870,F13,P01,true,4,35,4
F12871,F13,P01,true,4,35,4
F12877,F13,P01,true,4,35,4
F12910,F13,P01,true,4,35,4
F12920,F13,P01,true,4,35,4
F12923,F13,P01,true,4,35,4
F12955,F13,P01,true,4,35,4
F12961,F13,P01,true,4,35,4
F12962,F13,P01,true,4,35,4
F12975,F13,P01,true,4,35,4
F12989,F13,P01,true,4,35,4
F12996,F13,P01,true,4,35,4
F13021,F13,P01,true,4,35,4
F13022,F13,P01,true,4,35,4
F13063,F13,P01,true,4,35,4
F13094,F13,P01,true,4,35,4
F13113,F13,P01,true,4,35,4
F13117,F13,P01,true,4,35,4
F13132,F13,P01,true,4,35,4
F13145,F13,P01,true,4,35,4
F13156,F13,P01,true,4,35,4
F13159,F13,P01,true,4,35,4
F13167,F13,P01,true,4,35,4
F13169,F13,P01,true,4,35,4
F13173,F13,P01,true,4,35,4
F13176,F13,P01,true,4,35,4
F13177,F13,P01,true,4,35,4
F13218,F13,P01,true,4,35,4
F13229,F13,P01,true,4,35,4
F13242,F13,P01,true,4,35,4
F13252,F13,P01,true,4,35,4
F13264,F13,P01,true,4,35,4
F13271,F13,P01,true,4,35,4
F13273,F13,P01,true,4,35,4
F13280,F13,P01,true,4,35,4
F13291,F13,P01,true,4,35,4
F13294,F13,P01,true,4,35,4
F13314,F14,P01,true,4,35,4
F13319,F14,P01,true,4,35,4
F13336,F14,P01,true,4,35,4
F13343,F14,P01,true,4,35,4
F13356,F14,P01,true,4,35,4
F13386,F14,P01,true,4,35,4
F13397,F14,P01,true,4,35,4
F13403,F14,P01,true,4,35,4
F13408,F14,P01,true,4,35,4
F13413,F14,P01,true,4,35,4
F13424,F14,P01,true,4,35,4
F13425,F14,P01,true,4,35,4
F13427,F14,P01,true,4,35,4
F13441,F14,P01,true,4,35,4
F13452,F14,P01,true,4,35,4
F13453,F14,P01,true,4,35,4
F13456,F14,P01,true,4,35,4
F13463,F14,P01,true,4,35,4
F13464,F14,P01,true,4,35,4
F13466,F14,P01,true,4,35,4
F13478,F14,P01,true,4,35,4
F13501,F14,P01,true,4,35,4
F13511,F14,P01,true,4,35,4
F13512,F14,P01,true,4,35,4
F13519,F14,P01,true,4,35,4
F13522,F14,P01,true,4,35,4
F13526,F14,P01,true,4,35,4
F13541,F14,P01,true,4,35,4
F13543,F14,P01,true,4,35,4
F13547,F14,P01,true,4,35,4
F13553,F14,P01,true,4,35,4
F13565,F14,P01,true,4,35,4
F13575,F14,P01,true,4,35,4
F13590,F14,P01,true,4,35,4
F13592,F14,P01,true,4,35,4
F13596,F14,P01,true,4,35,4
F13597,F14,P01,true,4,35,4
F13620,F14,P01,true,4,35,4
F13641,F14,P01,true,4,35,4
F13645,F14,P01,true,4,35,4
F13657,F14,P01,true,4,35,4
F13659,F14,P01,true,4,35,4
F13678,F14,P01,true,4,35,4
F13680,F14,P01,true,4,35,4
F13701,F14,P01,true,4,35,4
F13708,F14,P01,true,4,35,4
F13726,F14,P01,true,4,35,4
F13742,F14,P01,true,4,35,4
F13766,F14,P01,true,4,35,4
F13776,F14,P01,true,4,35,4
F13790,F14,P01,true,4,35,4
F13793,F14,P01,true,4,35,4
F13799,F14,P01,true,4,35,4
F13806,F14,P01,true,4,35,4
F13816,F14,P01,true,4,35,4
F13824,F14,P01,true,4,35,4
F13826,F14,P01,true,4,35,4
F13831,F14,P01,true,4,35,4
F13860,F14,P01,true,4,35,4
F13891,F14,P01,true,4,35,4
F13932,F14,P01,true,4,35,4
F13988,F14,P01,true,4,35,4
F14002,F14,P01,true,4,35,4
F14004,F14,P01,true,4,35,4
F14007,F14,P01,true,4,35,4
F14021,F14,P01,true,4,35,4
F14023,F14,P01,true,4,35,4
F14035,F14,P01,true,4,35,4
F14043,F14,P01,true,4,35,4
F14066,F14,P01,true,4,35,4
F14075,F14,P01,true,4,35,4
F14114,F14,P01,true,4,35,4
F14121,F14,P01,true,4,35,4
F14125,F14,P01,true,4,35,4
F14138,F14,P01,true,4,35,4
F14140,F14,P01,true,4,35,4
F14150,F14,P01,true,4,35,4
F14164,F14,P01,true,4,35,4
F14172,F14,P01,true,4,35,4
F14182,F14,P01,true,4,35,4
F14189,F14,P01,true,4,35,4
F14196,F14,P01,true,4,35,4
F14210,F14,P01,true,4,35,4
F14221,F14,P01,true,4,35,4
F14235,F14,P01,true,4,35,4
F14237,F14,P01,true,4,35,4
F14256,F14,P01,true,4,35,4
F14259,F14,P01,true,4,35,4
F14270,F14,P01,true,4,35,4
F14277,F14,P01,true,4,35,4
F14297,F14,P01,true,4,35,4
F14300,F14,P01,true,4,35,4
F14301,F14,P01,true,4,35,4
F14302,F14,P01,true,4,35,4
F14319,F14,P01,true,4,35,4
F14344,F15,P01,true,4,35,4
F14357,F15,P01,true,4,35,4
F14360,F15,P01,true,4,35,4
F14368,F15,P01,true,4,35,4
F14370,F15,P01,true,4,35,4
F14375,F15,P01,true,4,35,4
F14388,F15,P01,true,4,35,4
F14412,F15,P01,true,4,35,4
F14429,F15,P01,true,4,35,4
F14438,F15,P01,true,4,35,4
F14463,F15,P01,true,4,35,4
F14471,F15,P01,true,4,35,4
F14479,F15,P01,true,4,35,4
F14500,F15,P01,true,4,35,4
F14502,F15,P01,true,4,35,4
F14505,F15,P01,true,4,35,4
F14514,F15,P01,true,4,35,4
F14523,F15,P01,true,4,35,4
F14526,F15,P01,true,4,35,4
F14528,F15,P01,true,4,35,4
F14542,F15,P01,true,4,35,4
F14546,F15,P01,true,4,35,4
F14549,F15,P01,true,4,35,4
F14562,F15,P01,true,4,35,4
F14568,F15,P01,true,4,35,4
F14582,F15,P01,true,4,35,4
F14583,F15,P01,true,4,35,4
F14596,F15,P01,true,4,35,4
F14598,F15,P01,true,4,35,4
F14613,F15,P01,true,4,35,4
F14615,F15,P01,true,4,35,4
F14646,F15,P01,true,4,35,4
F14654,F15,P01,true,4,35,4
F14663,F15,P01,true,4,35,4
F14672,F15,P01,true,4,35,4
F14693,F15,P01,true,4,35,4
F14706,F15,P01,true,4,35,4
F14708,F15,P01,true,4,35,4
F14711,F15,P01,true,4,35,4
F14718,F15,P01,true,4,35,4
F14731,F15,P01,true,4,35,4
F14745,F15,P01,true,4,35,4
F14747,F15,P01,true,4,35,4
F14764,F15,P01,true,4,35,4
F14766,F15,P01,true,4,35,4
F14779,F15,P01,true,4,35,4
F14801,F15,P01,true,4,35,4
F14809,F15,P01,true,4,35,4
F14814,F15,P01,true,4,35,4
F14824,F15,P01,true,4,35,4
F14829,F15,P01,true,4,35,4
F14838,F15,P01,true,4,35,4
F14842,F15,P01,true,4,35,4
F14867,F15,P01,true,4,35,4
F14869,F15,P01,true,4,35,4
F14874,F15,P01,true,4,35,4
F14881,F15,P01,true,4,35,4
F14890,F15,P01,true,4,35,4
F14892,F15,P01,true,4,35,4
F14904,F15,P01,true,4,35,4
F14905,F15,P01,true,4,35,4
F14911,F15,P01,true,4,35,4
F14918,F15,P01,true,4,35,4
F14923,F15,P01,true,4,35,4
F14930,F15,P01,true,4,35,4
F14939,F15,P01,true,4,35,4
F14965,F15,P01,true,4,35,4
F14971,F15,P01,true,4,35,4
F15013,F15,P01,true,4,35,4
F15015,F15,P01,true,4,35,4
F15020,F15,P01,true,4,35,4
F15036,F15,P01,true,4,35,4
F15050,F15,P01,true,4,35,4
F15052,F15,P01,true,4,35,4
F15061,F15,P01,true,4,35,4
F15070,F15,P01,true,4,35,4
F15099,F15,P01,true,4,35,4
F15139,F15,P01,true,4,35,4
F15145,F15,P01,true,4,35,4
F15159,F15,P01,true,4,35,4
F15177,F15,P01,true,4,35,4
F15182,F15,P01,true,4,35,4
F15214,F15,P01,true,4,35,4
F15227,F15,P01,true,4,35,4
F15231,F15,P01,true,4,35,4
F15234,F15,P01,true,4,35,4
F15254,F15,P01,true,4,35,4
F15269,F15,P01,true,4,35,4
F15271,F15,P01,true,4,35,4
F15293,F15,P01,true,4,35,4
F15294,F15,P01,true,4,35,4
F15300,F15,P01,true,4,35,4
F15312,F15,P01,true,4,35,4
F15329,F15,P01,true,4,35,4
F15338,F15,P01,true,4,35,4
F15343,F15,P01,true,4,35,4
F15385,F16,P01,true,4,35,4
F15395,F16,P01,true,4,35,4
F15400,F16,P01,true,4,35,4
F15403,F16,P01,true,4,35,4
F15431,F16,P01,true,4,35,4
F15464,F16,P01,true,4,35,4
F15469,F16,P01,true,4,35,4
F15495,F16,P01,true,4,35,4
F15514,F16,P01,true,4,35,4
F15522,F16,P01,true,4,35,4
F15523,F16,P01,true,4,35,4
F15538,F16,P01,true,4,35,4
F15540,F16,P01,true,4,35,4
F15561,F16,P01,true,4,35,4
F15566,F16,P01,true,4,35,4
F15568,F16,P01,true,4,35,4
F15584,F16,P01,true,4,35,4
F15587,F16,P01,true,4,35,4
F15596,F16,P01,true,4,35,4
F15603,F16,P01,true,4,35,4
F15611,F16,P01,true,4,35,4
F15614,F16,P01,true,4,35,4
F15622,F16,P01,true,4,35,4
F15652,F16,P01,true,4,35,4
F15661,F16,P01,true,4,35,4
F15668,F16,P01,true,4,35,4
F15687,F16,P01,true,4,35,4
F15689,F16,P01,true,4,35,4
F15707,F16,P01,true,4,35,4
F15730,F16,P01,true,4,35,4
F15745,F16,P01,true,4,35,4
F15747,F16,P01,true,4,35,4
F15772,F16,P01,true,4,35,4
F15783,F16,P01,true,4,35,4
F15787,F16,P01,true,4,35,4
F15788,F16,P01,true,4,35,4
F15792,F16,P01,true,4,35,4
F15823,F16,P01,true,4,35,4
F15829,F16,P01,true,4,35,4
F15835,F16,P01,true,4,35,4
F15844,F16,P01,true,4,35,4
F15860,F16,P01,true,4,35,4
F15866,F16,P01,true,4,35,4
F15891,F16,P01,true,4,35,4
F15893,F16,P01,true,4,35,4
F15910,F16,P01,true,4,35,4
F15927,F16,P01,true,4,35,4
F15952,F16,P01,true,4,35,4
F15974,F16,P01,true,4,35,4
F15985,F16,P01,true,4,35,4
F16003,F16,P01,true,4,35,4
F16011,F16,P01,true,4,35,4
F16020,F16,P01,true,4,35,4
F16037,F16,P01,true,4,35,4
F16038,F16,P01,true,4,35,4
F16050,F16,P01,true,4,35,4
F16063,F16,P01,true,4,35,4
F16067,F16,P01,true,4,35,4
F16082,F16,P01,true,4,35,4
F16085,F16,P01,true,4,35,4
F16129,F16,P01,true,4,35,4
F16133,F16,P01,true,4,35,4
F16159,F16,P01,true,4,35,4
F16201,F16,P01,true,4,35,4
F16215,F16,P01,true,4,35,4
F16221,F16,P01,true,4,35,4
F16234,F16,P01,true,4,35,4
F16247,F16,P01,true,4,35,4
F16249,F16,P01,true,4,35,4
F16257,F16,P01,true,4,35,4
F16279,F16,P01,true,4,35,4
F16281,F16,P01,true,4,35,4
F16286,F16,P01,true,4,35,4
F16290,F16,P01,true,4,35,4
F16293,F16,P01,true,4,35,4
F16313,F16,P01,true,4,35,4
F16341,F16,P01,true,4,35,4
F16343,F16,P01,true,4,35,4
F16381,F16,P01,true,4,35,4
F16459,F17,P01,true,4,35,4
F16467,F17,P01,true,4,35,4
F16503,F17,P01,true,4,35,4
F16629,F17,P01,true,4,35,4
F16631,F17,P01,true,4,35,4
F16653,F17,P01,true,4,35,4
F16696,F17,P01,true,4,35,4
F16712,F17,P01,true,4,35,4
F16726,F17,P01,true,4,35,4
F16776,F17,P01,true,4,35,4
F16777,F17,P01,true,4,35,4
F16790,F17,P01,true,4,35,4
F16961,F17,P01,true,4,35,4
F16971,F17,P01,true,4,35,4
F17057,F17,P01,true,4,35,4
F17077,F17,P01,true,4,35,4
F17138,F17,P01,true,4,35,4
F17237,F17,P01,true,4,35,4
F17239,F17,P01,true,4,35,4
F17282,F17,P01,true,4,35,4
F17303,F17,P01,true,4,35,4
F17343,F17,P01,true,4,35,4
F17382,F17,P01,true,4,35,4
F17448,F18,P01,true,4,35,4
F17508,F18,P01,true,4,35,4
F17716,F18,P01,true,4,35,4
F17813,F18,P01,true,4,35,4
F17854,F18,P01,true,4,35,4
F17863,F18,P01,true,4,35,4
F17918,F18,P01,true,4,35,4
F17954,F18,P01,true,4,35,4
F18033,F18,P01,true,4,35,4
F18076,F18,P01,true,4,35,4
F18101,F18,P01,true,4,35,4
F18137,F18,P01,true,4,35,4
F18435,F19,P01,true,4,35,4
F18446,F19,P01,true,4,35,4
F18481,F19,P01,true,4,35,4
F18490,F19,P01,true,4,35,4
F18496,F19,P01,true,4,35,4
F18654,F19,P01,true,4,35,4
F18657,F19,P01,true,4,35,4
F18677,F19,P01,true,4,35,4
F18735,F19,P01,true,4,35,4
F18773,F19,P01,true,4,35,4
F18781,F19,P01,true,4,35,4
F18788,F19,P01,true,4,35,4
F18814,F19,P01,true,4,35,4
F18839,F19,P01,true,4,35,4
F18846,F19,P01,true,4,35,4
F18871,F19,P01,true,4,35,4
F18879,F19,P01,true,4,35,4
F19047,F19,P01,true,4,35,4
F19199,F19,P01,true,4,35,4
F19283,F19,P01,true,4,35,4
F19306,F19,P01,true,4,35,4
F19323,F19,P01,true,4,35,4
F19457,F20,P01,true,4,35,4
F19488,F20,P01,true,4,35,4
F19570,F20,P01,true,4,35,4
F19606,F20,P01,true,4,35,4
F19680,F20,P01,true,4,35,4
F19940,F20,P01,true,4,35,4
F19944,F20,P01,true,4,35,4
F20026,F20,P01,true,4,35,4
F20034,F20,P01,true,4,35,4
F20046,F20,P01,true,4,35,4
F20091,F20,P01,true,4,35,4
F20149,F20,P01,true,4,35,4
F20251,F20,P01,true,4,35,4
F20252,F20,P01,true,4,35,4
F20255,F20,P01,true,4,35,4
F20292,F20,P01,true,4,35,4
F20314,F20,P01,true,4,35,4
F20321,F20,P01,true,4,35,4
F20341,F20,P01,true,4,35,4
F20403,F20,P01,true,4,35,4
F20418,F20,P01,true,4,35,4
F20444,F20,P01,true,4,35,4
F20461,F20,P01,true,4,35,4
F20478,F20,P01,true,4,35,4
F20479,F20,P01,true,4,35,4
F20481,F21,P01,true,4,35,4
F20502,F21,P01,true,4,35,4
F20520,F21,P01,true,4,35,4
F20521,F21,P01,true,4,35,4
F20522,F21,P01,true,4,35,4
F20523,F21,P01,true,4,35,4
F20524,F21,P01,true,4,35,4
F20558,F21,P01,true,4,35,4
F20559,F21,P01,true,4,35,4
F20571,F21,P01,true,4,35,4
F20581,F21,P01,true,4,35,4
F20635,F21,P01,true,4,35,4
F20673,F21,P01,true,4,35,4
F20680,F21,P01,true,4,35,4
F20689,F21,P01,true,4,35,4
F20694,F21,P01,true,4,35,4
F20749,F21,P01,true,4,35,4
F20778,F21,P01,true,4,35,4
F20794,F21,P01,true,4,35,4
F20802,F21,P01,true,4,35,4
F20803,F21,P01,true,4,35,4
F20807,F21,P01,true,4,35,4
F20849,F21,P01,true,4,35,4
F20858,F21,P01,true,4,35,4
F20869,F21,P01,true,4,35,4
F20894,F21,P01,true,4,35,4
F20904,F21,P01,true,4,35,4
F20907,F21,P01,true,4,35,4
F20926,F21,P01,true,4,35,4
F20951,F21,P01,true,4,35,4
F20954,F21,P01,true,4,35,4
F21015,F21,P01,true,4,35,4
F21031,F21,P01,true,4,35,4
F21039,F21,P01,true,4,35,4
F21060,F21,P01,true,4,35,4
F21065,F21,P01,true,4,35,4
F21066,F21,P01,true,4,35,4
F21084,F21,P01,true,4,35,4
F21089,F21,P01,true,4,35,4
F21119,F21,P01,true,4,35,4
F21146,F21,P01,true,4,35,4
F21176,F21,P01,true,4,35,4
F21181,F21,P01,true,4,35,4
F21192,F21,P01,true,4,35,4
F21197,F21,P01,true,4,35,4
F21205,F21,P01,true,4,35,4
F21248,F21,P01,true,4,35,4
F21252,F21,P01,true,4,35,4
F21253,F21,P01,true,4,35,4
F21255,F21,P01,true,4,35,4
F21257,F21,P01,true,4,35,4
F21263,F21,P01,true,4,35,4
F21296,F21,P01,true,4,35,4
F21302,F21,P01,true,4,35,4
F21409,F21,P01,true,4,35,4
F21420,F21,P01,true,4,35,4
F21474,F21,P01,true,4,35,4
F21527,F22,P01,true,4,35,4
F21543,F22,P01,true,4,35,4
F21585,F22,P01,true,4,35,4
F21593,F22,P01,true,4,35,4
F21600,F22,P01,true,4,35,4
F21605,F22,P01,true,4,35,4
F21665,F22,P01,true,4,35,4
F21694,F22,P01,true,4,35,4
F21712,F22,P01,true,4,35,4
F21770,F22,P01,true,4,35,4
F21806,F22,P01,true,4,35,4
F21808,F22,P01,true,4,35,4
F21810,F22,P01,true,4,35,4
F21827,F22,P01,true,4,35,4
F21834,F22,P01,true,4,35,4
F21835,F22,P01,true,4,35,4
F21868,F22,P01,true,4,35,4
F21875,F22,P01,true,4,35,4
F21877,F22,P01,true,4,35,4
F21892,F22,P01,true,4,35,4
F21928,F22,P01,true,4,35,4
F21932,F22,P01,true,4,35,4
F21982,F22,P01,true,4,35,4
F21984,F22,P01,true,4,35,4
F21988,F22,P01,true,4,35,4
F22037,F22,P01,true,4,35,4
F22054,F22,P01,true,4,35,4
F22058,F22,P01,true,4,35,4
F22090,F22,P01,true,4,35,4
F22099,F22,P01,true,4,35,4
F22107,F22,P01,true,4,35,4
F22151,F22,P01,true,4,35,4
F22153,F22,P01,true,4,35,4
F22156,F22,P01,true,4,35,4
F22158,F22,P01,true,4,35,4
F22165,F22,P01,true,4,35,4
F22219,F22,P01,true,4,35,4
F22268,F22,P01,true,4,35,4
F22269,F22,P01,true,4,35,4
F22286,F22,P01,true,4,35,4
F22326,F22,P01,true,4,35,4
F22330,F22,P01,true,4,35,4
F22337,F22,P01,true,4,35,4
F22340,F22,P01,true,4,35,4
F22377,F22,P01,true,4,35,4
F22453,F22,P01,true,4,35,4
F22460,F22,P01,true,4,35,4
F22461,F22,P01,true,4,35,4
F22493,F22,P01,true,4,35,4
F22500,F22,P01,true,4,35,4
F22550,F23,P01,true,4,35,4
F22553,F23,P01,true,4,35,4
F22607,F23,P01,true,4,35,4
F22611,F23,P01,true,4,35,4
F22615,F23,P01,true,4,35,4
F22679,F23,P01,true,4,35,4
F22680,F23,P01,true,4,35,4
F22682,F23,P01,true,4,35,4
F22736,F23,P01,true,4,35,4
F22774,F23,P01,true,4,35,4
F22830,F23,P01,true,4,35,4
F22831,F23,P01,true,4,35,4
F22836,F23,P01,true,4,35,4
F22840,F23,P01,true,4,35,4
F22847,F23,P01,true,4,35,4
F22887,F23,P01,true,4,35,4
F22947,F23,P01,true,4,35,4
F22962,F23,P01,true,4,35,4
F22969,F23,P01,true,4,35,4
F23029,F23,P01,true,4,35,4
F23064,F23,P01,true,4,35,4
F23069,F23,P01,true,4,35,4
F23082,F23,P01,true,4,35,4
F23112,F23,P01,true,4,35,4
F23126,F23,P01,true,4,35,4
F23134,F23,P01,true,4,35,4
F23238,F23,P01,true,4,35,4
F23240,F23,P01,true,4,35,4
F23287,F23,P01,true,4,35,4
F23296,F23,P01,true,4,35,4
F23300,F23,P01,true,4,35,4
F23342,F23,P01,true,4,35,4
F23400,F23,P01,true,4,35,4
F23423,F23,P01,true,4,35,4
F23471,F23,P01,true,4,35,4
F23475,F23,P01,true,4,35,4
F23477,F23,P01,true,4,35,4
F23518,F23,P01,true,4,35,4
F23523,F23,P01,true,4,35,4
F23528,F23,P01,true,4,35,4
F23577,F24,P01,true,4,35,4
F23579,F24,P01,true,4,35,4
F23580,F24,P01,true,4,35,4
F23585,F24,P01,true,4,35,4
F23594,F24,P01,true,4,35,4
F23650,F24,P01,true,4,35,4
F23700,F24,P01,true,4,35,4
F23704,F24,P01,true,4,35,4
F23800,F24,P01,true,4,35,4
F23819,F24,P01,true,4,35,4
F23879,F24,P01,true,4,35,4
F23972,F24,P01,true,4,35,4
F23990,F24,P01,true,4,35,4
F24040,F24,P01,true,4,35,4
F24086,F24,P01,true,4,35,4
F24089,F24,P01,true,4,35,4
F24096,F24,P01,true,4,35,4
F24109,F24,P01,true,4,35,4
F24136,F24,P01,true,4,35,4
F24151,F24,P01,true,4,35,4
F24200,F24,P01,true,4,35,4
F24205,F24,P01,true,4,35,4
F24208,F24,P01,true,4,35,4
F24217,F24,P01,true,4,35,4
F24316,F24,P01,true,4,35,4
F24370,F24,P01,true,4,35,4
F24436,F24,P01,true,4,35,4
F24441,F24,P01,true,4,35,4
F24443,F24,P01,true,4,35,4
F24504,F24,P01,true,4,35,4
F24550,F24,P01,true,4,35,4
F00021,F01,P01,true,3,35,4
F00040,F01,P01,true,3,35,4
F00047,F01,P01,true,3,35,4
F00053,F01,P01,true,3,35,4
F00055,F01,P01,true,3,35,4
F00062,F01,P01,true,3,35,4
F00064,F01,P01,true,3,35,4
F00073,F01,P01,true,3,35,4
F00080,F01,P01,true,3,35,4
F00095,F01,P01,true,3,35,4
F00145,F01,P01,true,3,35,4
F00151,F01,P01,true,3,35,4
F00225,F01,P01,true,3,35,4
F00244,F01,P01,true,3,35,4
F00245,F01,P01,true,3,35,4
F00260,F01,P01,true,3,35,4
F00278,F01,P01,true,3,35,4
F00279,F01,P01,true,3,35,4
F00313,F01,P01,true,3,35,4
F00355,F01,P01,true,3,35,4
F00382,F01,P01,true,3,35,4
F00391,F01,P01,true,3,35,4
F00406,F01,P01,true,3,35,4
F00413,F01,P01,true,3,35,4
F00424,F01,P01,true,3,35,4
F00430,F01,P01,true,3,35,4
F00433,F01,P01,true,3,35,4
F00452,F01,P01,true,3,35,4
F00454,F01,P01,true,3,35,4
F00479,F01,P01,true,3,35,4
F00486,F01,P01,true,3,35,4
F00498,F01,P01,true,3,35,4
F00499,F01,P01,true,3,35,4
F00515,F01,P01,true,3,35,4
F00529,F01,P01,true,3,35,4
F00560,F01,P01,true,3,35,4
F00565,F01,P01,true,3,35,4
F00576,F01,P01,true,3,35,4
F00600,F01,P01,true,3,35,4
F00618,F01,P01,true,3,35,4
F00633,F01,P01,true,3,35,4
F00639,F01,P01,true,3,35,4
F00660,F01,P01,true,3,35,4
F00677,F01,P01,true,3,35,4
F00708,F01,P01,true,3,35,4
F00719,F01,P01,true,3,35,4
F00760,F01,P01,true,3,35,4
F00791,F01,P01,true,3,35,4
F00792,F01,P01,true,3,35,4
F00803,F01,P01,true,3,35,4
F00807,F01,P01,true,3,35,4
F00820,F01,P01,true,3,35,4
F00829,F01,P01,true,3,35,4
F00834,F01,P01,true,3,35,4
F00862,F01,P01,true,3,35,4
F00870,F01,P01,true,3,35,4
F00871,F01,P01,true,3,35,4
F00906,F01,P01,true,3,35,4
F00909,F01,P01,true,3,35,4
F00925,F01,P01,true,3,35,4
F00929,F01,P01,true,3,35,4
F00931,F01,P01,true,3,35,4
F00935,F01,P01,true,3,35,4
F00948,F01,P01,true,3,35,4
F00957,F01,P01,true,3,35,4
F00962,F01,P01,true,3,35,4
F00965,F01,P01,true,3,35,4
F00969,F01,P01,true,3,35,4
F00984,F01,P01,true,3,35,4
F00997,F01,P01,true,3,35,4
F01021,F01,P01,true,3,35,4
F01065,F02,P01,true,3,35,4
F01085,F02,P01,true,3,35,4
F01093,F02,P01,true,3,35,4
F01194,F02,P01,true,3,35,4
F01232,F02,P01,true,3,35,4
F01254,F02,P01,true,3,35,4
F01263,F02,P01,true,3,35,4
F01274,F02,P01,true,3,35,4
F01277,F02,P01,true,3,35,4
F01290,F02,P01,true,3,35,4
F01303,F02,P01,true,3,35,4
F01313,F02,P01,true,3,35,4
F01343,F02,P01,true,3,35,4
F01346,F02,P01,true,3,35,4
F01349,F02,P01,true,3,35,4
F01356,F02,P01,true,3,35,4
F01364,F02,P01,true,3,35,4
F01389,F02,P01,true,3,35,4
F01454,F02,P01,true,3,35,4
F01457,F02,P01,true,3,35,4
F01494,F02,P01,true,3,35,4
F01553,F02,P01,true,3,35,4
F01578,F02,P01,true,3,35,4
F01601,F02,P01,true,3,35,4
F01607,F02,P01,true,3,35,4
F01618,F02,P01,true,3,35,4
F01636,F02,P01,true,3,35,4
F01638,F02,P01,true,3,35,4
F01678,F02,P01,true,3,35,4
F01696,F02,P01,true,3,35,4
F01701,F02,P01,true,3,35,4
F01727,F02,P01,true,3,35,4
F01738,F02,P01,true,3,35,4
F01744,F02,P01,true,3,35,4
F01761,F02,P01,true,3,35,4
F01780,F02,P01,true,3,35,4
F01781,F02,P01,true,3,35,4
F01786,F02,P01,true,3,35,4
F01794,F02,P01,true,3,35,4
F01829,F02,P01,true,3,35,4
F01830,F02,P01,true,3,35,4
F01843,F02,P01,true,3,35,4
F01850,F02,P01,true,3,35,4
F01864,F02,P01,true,3,35,4
F01868,F02,P01,true,3,35,4
F01869,F02,P01,true,3,35,4
F01892,F02,P01,true,3,35,4
F01913,F02,P01,true,3,35,4
F01924,F02,P01,true,3,35,4
F01931,F02,P01,true,3,35,4
F01934,F02,P01,true,3,35,4
F01945,F02,P01,true,3,35,4
F01963,F02,P01,true,3,35,4
F01968,F02,P01,true,3,35,4
F01974,F02,P01,true,3,35,4
F02024,F02,P01,true,3,35,4
F02030,F02,P01,true,3,35,4
F02074,F03,P01,true,3,35,4
F02099,F03,P01,true,3,35,4
F02112,F03,P01,true,3,35,4
F02157,F03,P01,true,3,35,4
F02162,F03,P01,true,3,35,4
F02211,F03,P01,true,3,35,4
F02213,F03,P01,true,3,35,4
F02246,F03,P01,true,3,35,4
F02254,F03,P01,true,3,35,4
F02255,F03,P01,true,3,35,4
F02271,F03,P01,true,3,35,4
F02283,F03,P01,true,3,35,4
F02292,F03,P01,true,3,35,4
F02293,F03,P01,true,3,35,4
F02294,F03,P01,true,3,35,4
F02306,F03,P01,true,3,35,4
F02308,F03,P01,true,3,35,4
F02319,F03,P01,true,3,35,4
F02321,F03,P01,true,3,35,4
F02338,F03,P01,true,3,35,4
F02344,F03,P01,true,3,35,4
F02367,F03,P01,true,3,35,4
F02371,F03,P01,true,3,35,4
F02374,F03,P01,true,3,35,4
F02378,F03,P01,true,3,35,4
F02379,F03,P01,true,3,35,4
F02419,F03,P01,true,3,35,4
F02433,F03,P01,true,3,35,4
F02454,F03,P01,true,3,35,4
F02462,F03,P01,true,3,35,4
F02469,F03,P01,true,3,35,4
F02487,F03,P01,true,3,35,4
F02493,F03,P01,true,3,35,4
F02498,F03,P01,true,3,35,4
F02516,F03,P01,true,3,35,4
F02517,F03,P01,true,3,35,4
F02520,F03,P01,true,3,35,4
F02605,F03,P01,true,3,35,4
F02649,F03,P01,true,3,35,4
F02650,F03,P01,true,3,35,4
F02700,F03,P01,true,3,35,4
F02701,F03,P01,true,3,35,4
F02708,F03,P01,true,3,35,4
F02732,F03,P01,true,3,35,4
F02743,F03,P01,true,3,35,4
F02745,F03,P01,true,3,35,4
F02750,F03,P01,true,3,35,4
F02789,F03,P01,true,3,35,4
F02794,F03,P01,true,3,35,4
F02800,F03,P01,true,3,35,4
F02806,F03,P01,true,3,35,4
F02810,F03,P01,true,3,35,4
F02855,F03,P01,true,3,35,4
F02856,F03,P01,true,3,35,4
F02857,F03,P01,true,3,35,4
F02859,F03,P01,true,3,35,4
F02903,F03,P01,true,3,35,4
F02918,F03,P01,true,3,35,4
F02919,F03,P01,true,3,35,4
F02924,F03,P01,true,3,35,4
F02925,F03,P01,true,3,35,4
F02926,F03,P01,true,3,35,4
F02930,F03,P01,true,3,35,4
F02942,F03,P01,true,3,35,4
F02965,F03,P01,true,3,35,4
F02974,F03,P01,true,3,35,4
F02992,F03,P01,true,3,35,4
F03001,F03,P01,true,3,35,4
F03003,F03,P01,true,3,35,4
F03017,F03,P01,true,3,35,4
F03022,F03,P01,true,3,35,4
F03060,F03,P01,true,3,35,4
F03066,F03,P01,true,3,35,4
F03113,F04,P01,true,3,35,4
F03114,F04,P01,true,3,35,4
F03122,F04,P01,true,3,35,4
F03144,F04,P01,true,3,35,4
F03148,F04,P01,true,3,35,4
F03181,F04,P01,true,3,35,4
F03214,F04,P01,true,3,35,4
F03219,F04,P01,true,3,35,4
F03222,F04,P01,true,3,35,4
F03223,F04,P01,true,3,35,4
F03229,F04,P01,true,3,35,4
F03262,F04,P01,true,3,35,4
F03277,F04,P01,true,3,35,4
F03283,F04,P01,true,3,35,4
F03293,F04,P01,true,3,35,4
F03312,F04,P01,true,3,35,4
F03350,F04,P01,true,3,35,4
F03366,F04,P01,true,3,35,4
F03368,F04,P01,true,3,35,4
F03375,F04,P01,true,3,35,4
F03379,F04,P01,true,3,35,4
F03387,F04,P01,true,3,35,4
F03434,F04,P01,true,3,35,4
F03437,F04,P01,true,3,35,4
F03444,F04,P01,true,3,35,4
F03494,F04,P01,true,3,35,4
F03502,F04,P01,true,3,35,4
F03504,F04,P01,true,3,35,4
F03516,F04,P01,true,3,35,4
F03518,F04,P01,true,3,35,4
F03563,F04,P01,true,3,35,4
F03570,F04,P01,true,3,35,4
F03604,F04,P01,true,3,35,4
F03651,F04,P01,true,3,35,4
F03658,F04,P01,true,3,35,4
F03688,F04,P01,true,3,35,4
F03743,F04,P01,true,3,35,4
F03748,F04,P01,true,3,35,4
F03788,F04,P01,true,3,35,4
F03801,F04,P01,true,3,35,4
F03804,F04,P01,true,3,35,4
F03824,F04,P01,true,3,35,4
F03834,F04,P01,true,3,35,4
F03857,F04,P01,true,3,35,4
F03905,F04,P01,true,3,35,4
F03907,F04,P01,true,3,35,4
F03914,F04,P01,true,3,35,4
F03949,F04,P01,true,3,35,4
F03960,F04,P01,true,3,35,4
F03965,F04,P01,true,3,35,4
F04000,F04,P01,true,3,35,4
F04005,F04,P01,true,3,35,4
F04008,F04,P01,true,3,35,4
F04022,F04,P01,true,3,35,4
F04050,F04,P01,true,3,35,4
F04059,F04,P01,true,3,35,4
F04066,F04,P01,true,3,35,4
F04073,F04,P01,true,3,35,4
F04075,F04,P01,true,3,35,4
F04077,F04,P01,true,3,35,4
F04083,F04,P01,true,3,35,4
F04111,F05,P01,true,3,35,4
F04120,F05,P01,true,3,35,4
F04121,F05,P01,true,3,35,4
F04122,F05,P01,true,3,35,4
F04130,F05,P01,true,3,35,4
F04140,F05,P01,true,3,35,4
F04145,F05,P01,true,3,35,4
F04147,F05,P01,true,3,35,4
F04153,F05,P01,true,3,35,4
F04154,F05,P01,true,3,35,4
F04175,F05,P01,true,3,35,4
F04179,F05,P01,true,3,35,4
F04181,F05,P01,true,3,35,4
F04183,F05,P01,true,3,35,4
F04188,F05,P01,true,3,35,4
F04190,F05,P01,true,3,35,4
F04195,F05,P01,true,3,35,4
F04219,F05,P01,true,3,35,4
F04235,F05,P01,true,3,35,4
F04250,F05,P01,true,3,35,4
F04256,F05,P01,true,3,35,4
F04260,F05,P01,true,3,35,4
F04277,F05,P01,true,3,35,4
F04284,F05,P01,true,3,35,4
F04285,F05,P01,true,3,35,4
F04289,F05,P01,true,3,35,4
F04293,F05,P01,true,3,35,4
F04318,F05,P01,true,3,35,4
F04321,F05,P01,true,3,35,4
F04347,F05,P01,true,3,35,4
F04383,F05,P01,true,3,35,4
F04399,F05,P01,true,3,35,4
F04410,F05,P01,true,3,35,4
F04413,F05,P01,true,3,35,4
F04424,F05,P01,true,3,35,4
F04426,F05,P01,true,3,35,4
F04433,F05,P01,true,3,35,4
F04445,F05,P01,true,3,35,4
F04447,F05,P01,true,3,35,4
F04457,F05,P01,true,3,35,4
F04467,F05,P01,true,3,35,4
F04477,F05,P01,true,3,35,4
F04480,F05,P01,true,3,35,4
F04487,F05,P01,true,3,35,4
F04490,F05,P01,true,3,35,4
F04497,F05,P01,true,3,35,4
F04499,F05,P01,true,3,35,4
F04519,F05,P01,true,3,35,4
F04522,F05,P01,true,3,35,4
F04569,F05,P01,true,3,35,4
F04581,F05,P01,true,3,35,4
F04601,F05,P01,true,3,35,4
F04620,F05,P01,true,3,35,4
F04622,F05,P01,true,3,35,4
F04632,F05,P01,true,3,35,4
F04638,F05,P01,true,3,35,4
F04646,F05,P01,true,3,35,4
F04662,F05,P01,true,3,35,4
F04669,F05,P01,true,3,35,4
F04682,F05,P01,true,3,35,4
F04707,F05,P01,true,3,35,4
F04726,F05,P01,true,3,35,4
F04741,F05,P01,true,3,35,4
F04743,F05,P01,true,3,35,4
F04753,F05,P01,true,3,35,4
F04760,F05,P01,true,3,35,4
F04763,F05,P01,true,3,35,4
F04764,F05,P01,true,3,35,4
F04772,F05,P01,true,3,35,4
F04780,F05,P01,true,3,35,4
F04823,F05,P01,true,3,35,4
F04835,F05,P01,true,3,35,4
F04836,F05,P01,true,3,35,4
F04846,F05,P01,true,3,35,4
F04848,F05,P01,true,3,35,4
F04855,F05,P01,true,3,35,4
F04864,F05,P01,true,3,35,4
F04904,F05,P01,true,3,35,4
F04907,F05,P01,true,3,35,4
F04925,F05,P01,true,3,35,4
F04926,F05,P01,true,3,35,4
F04930,F05,P01,true,3,35,4
F04968,F05,P01,true,3,35,4
F04981,F05,P01,true,3,35,4
F04988,F05,P01,true,3,35,4
F04997,F05,P01,true,3,35,4
F05003,F05,P01,true,3,35,4
F05007,F05,P01,true,3,35,4
F05017,F05,P01,true,3,35,4
F05024,F05,P01,true,3,35,4
F05031,F05,P01,true,3,35,4
F05039,F05,P01,true,3,35,4
F05041,F05,P01,true,3,35,4
F05045,F05,P01,true,3,35,4
F05069,F05,P01,true,3,35,4
F05073,F05,P01,true,3,35,4
F05079,F05,P01,true,3,35,4
F05083,F05,P01,true,3,35,4
F05115,F05,P01,true,3,35,4
F05118,F05,P01,true,3,35,4
F05129,F06,P01,true,3,35,4
F05130,F06,P01,true,3,35,4
F05139,F06,P01,true,3,35,4
F05156,F06,P01,true,3,35,4
F05163,F06,P01,true,3,35,4
F05170,F06,P01,true,3,35,4
F05173,F06,P01,true,3,35,4
F05186,F06,P01,true,3,35,4
F05216,F06,P01,true,3,35,4
F05223,F06,P01,true,3,35,4
F05245,F06,P01,true,3,35,4
F05246,F06,P01,true,3,35,4
F05254,F06,P01,true,3,35,4
F05256,F06,P01,true,3,35,4
F05273,F06,P01,true,3,35,4
F05275,F06,P01,true,3,35,4
F05280,F06,P01,true,3,35,4
F05286,F06,P01,true,3,35,4
F05306,F06,P01,true,3,35,4
F05321,F06,P01,true,3,35,4
F05333,F06,P01,true,3,35,4
F05341,F06,P01,true,3,35,4
F05358,F06,P01,true,3,35,4
F05369,F06,P01,true,3,35,4
F05385,F06,P01,true,3,35,4
F05396,F06,P01,true,3,35,4
F05397,F06,P01,true,3,35,4
F05422,F06,P01,true,3,35,4
F05451,F06,P01,true,3,35,4
F05459,F06,P01,true,3,35,4
F05460,F06,P01,true,3,35,4
F05496,F06,P01,true,3,35,4
F05508,F06,P01,true,3,35,4
F05532,F06,P01,true,3,35,4
F05534,F06,P01,true,3,35,4
F05549,F06,P01,true,3,35,4
F05557,F06,P01,true,3,35,4
F05563,F06,P01,true,3,35,4
F05571,F06,P01,true,3,35,4
F05588,F06,P01,true,3,35,4
F05594,F06,P01,true,3,35,4
F05608,F06,P01,true,3,35,4
F05625,F06,P01,true,3,35,4
F05631,F06,P01,true,3,35,4
F05646,F06,P01,true,3,35,4
F05648,F06,P01,true,3,35,4
F05662,F06,P01,true,3,35,4
F05665,F06,P01,true,3,35,4
F05670,F06,P01,true,3,35,4
F05672,F06,P01,true,3,35,4
F05682,F06,P01,true,3,35,4
F05693,F06,P01,true,3,35,4
F05695,F06,P01,true,3,35,4
F05712,F06,P01,true,3,35,4
F05713,F06,P01,true,3,35,4
F05724,F06,P01,true,3,35,4
F05735,F06,P01,true,3,35,4
F05764,F06,P01,true,3,35,4
F05768,F06,P01,true,3,35,4
F05769,F06,P01,true,3,35,4
F05783,F06,P01,true,3,35,4
F05785,F06,P01,true,3,35,4
F05840,F06,P01,true,3,35,4
F05858,F06,P01,true,3,35,4
F05881,F06,P01,true,3,35,4
F05883,F06,P01,true,3,35,4
F05889,F06,P01,true,3,35,4
F05892,F06,P01,true,3,35,4
F05917,F06,P01,true,3,35,4
F05920,F06,P01,true,3,35,4
F05921,F06,P01,true,3,35,4
F05922,F06,P01,true,3,35,4
F05931,F06,P01,true,3,35,4
F05933,F06,P01,true,3,35,4
F05949,F06,P01,true,3,35,4
F05979,F06,P01,true,3,35,4
F05983,F06,P01,true,3,35,4
F05984,F06,P01,true,3,35,4
F05990,F06,P01,true,3,35,4
F05993,F06,P01,true,3,35,4
F05995,F06,P01,true,3,35,4
F06001,F06,P01,true,3,35,4
F06002,F06,P01,true,3,35,4
F06009,F06,P01,true,3,35,4
F06031,F06,P01,true,3,35,4
F06033,F06,P01,true,3,35,4
F06035,F06,P01,true,3,35,4
F06036,F06,P01,true,3,35,4
F06045,F06,P01,true,3,35,4
F06046,F06,P01,true,3,35,4
F06050,F06,P01,true,3,35,4
F06066,F06,P01,true,3,35,4
F06072,F06,P01,true,3,35,4
F06081,F06,P01,true,3,35,4
F06083,F06,P01,true,3,35,4
F06087,F06,P01,true,3,35,4
F06088,F06,P01,true,3,35,4
F06104,F06,P01,true,3,35,4
F06116,F06,P01,true,3,35,4
F06130,F06,P01,true,3,35,4
F06139,F06,P01,true,3,35,4
F06148,F07,P01,true,3,35,4
F06149,F07,P01,true,3,35,4
F06156,F07,P01,true,3,35,4
F06173,F07,P01,true,3,35,4
F06188,F07,P01,true,3,35,4
F06197,F07,P01,true,3,35,4
F06201,F07,P01,true,3,35,4
F06215,F07,P01,true,3,35,4
F06223,F07,P01,true,3,35,4
F06235,F07,P01,true,3,35,4
F06249,F07,P01,true,3,35,4
F06256,F07,P01,true,3,35,4
F06262,F07,P01,true,3,35,4
F06263,F07,P01,true,3,35,4
F06295,F07,P01,true,3,35,4
F06304,F07,P01,true,3,35,4
F06325,F07,P01,true,3,35,4
F06339,F07,P01,true,3,35,4
F06341,F07,P01,true,3,35,4
F06368,F07,P01,true,3,35,4
F06386,F07,P01,true,3,35,4
F06395,F07,P01,true,3,35,4
F06403,F07,P01,true,3,35,4
F06415,F07,P01,true,3,35,4
F06440,F07,P01,true,3,35,4
F06459,F07,P01,true,3,35,4
F06464,F07,P01,true,3,35,4
F06478,F07,P01,true,3,35,4
F06480,F07,P01,true,3,35,4
F06493,F07,P01,true,3,35,4
F06502,F07,P01,true,3,35,4
F06504,F07,P01,true,3,35,4
F06510,F07,P01,true,3,35,4
F06525,F07,P01,true,3,35,4
F06528,F07,P01,true,3,35,4
F06530,F07,P01,true,3,35,4
F06542,F07,P01,true,3,35,4
F06552,F07,P01,true,3,35,4
F06560,F07,P01,true,3,35,4
F06572,F07,P01,true,3,35,4
F06585,F07,P01,true,3,35,4
F06598,F07,P01,true,3,35,4
F06602,F07,P01,true,3,35,4
F06620,F07,P01,true,3,35,4
F06621,F07,P01,true,3,35,4
F06627,F07,P01,true,3,35,4
F06645,F07,P01,true,3,35,4
F06649,F07,P01,true,3,35,4
F06661,F07,P01,true,3,35,4
F06671,F07,P01,true,3,35,4
F06673,F07,P01,true,3,35,4
F06674,F07,P01,true,3,35,4
F06681,F07,P01,true,3,35,4
F06693,F07,P01,true,3,35,4
F06710,F07,P01,true,3,35,4
F06713,F07,P01,true,3,35,4
F06716,F07,P01,true,3,35,4
F06735,F07,P01,true,3,35,4
F06736,F07,P01,true,3,35,4
F06737,F07,P01,true,3,35,4
F06743,F07,P01,true,3,35,4
F06747,F07,P01,true,3,35,4
F06758,F07,P01,true,3,35,4
F06765,F07,P01,true,3,35,4
F06768,F07,P01,true,3,35,4
F06774,F07,P01,true,3,35,4
F06781,F07,P01,true,3,35,4
F06791,F07,P01,true,3,35,4
F06815,F07,P01,true,3,35,4
F06827,F07,P01,true,3,35,4
F06840,F07,P01,true,3,35,4
F06851,F07,P01,true,3,35,4
F06854,F07,P01,true,3,35,4
F06862,F07,P01,true,3,35,4
F06873,F07,P01,true,3,35,4
F06886,F07,P01,true,3,35,4
F06900,F07,P01,true,3,35,4
F06902,F07,P01,true,3,35,4
F06912,F07,P01,true,3,35,4
F06920,F07,P01,true,3,35,4
F06922,F07,P01,true,3,35,4
F06931,F07,P01,true,3,35,4
F06942,F07,P01,true,3,35,4
F06950,F07,P01,true,3,35,4
F06958,F07,P01,true,3,35,4
F06966,F07,P01,true,3,35,4
F06970,F07,P01,true,3,35,4
F06976,F07,P01,true,3,35,4
F06983,F07,P01,true,3,35,4
F06997,F07,P01,true,3,35,4
F06999,F07,P01,true,3,35,4
F07033,F07,P01,true,3,35,4
F07077,F07,P01,true,3,35,4
F07083,F07,P01,true,3,35,4
F07091,F07,P01,true,3,35,4
F07094,F07,P01,true,3,35,4
F07097,F07,P01,true,3,35,4
F07098,F07,P01,true,3,35,4
F07103,F07,P01,true,3,35,4
F07113,F07,P01,true,3,35,4
F07115,F07,P01,true,3,35,4
F07119,F07,P01,true,3,35,4
F07121,F07,P01,true,3,35,4
F07153,F07,P01,true,3,35,4
F07175,F08,P01,true,3,35,4
F07180,F08,P01,true,3,35,4
F07196,F08,P01,true,3,35,4
F07204,F08,P01,true,3,35,4
F07234,F08,P01,true,3,35,4
F07237,F08,P01,true,3,35,4
F07241,F08,P01,true,3,35,4
F07242,F08,P01,true,3,35,4
F07254,F08,P01,true,3,35,4
F07267,F08,P01,true,3,35,4
F07268,F08,P01,true,3,35,4
F07299,F08,P01,true,3,35,4
F07308,F08,P01,true,3,35,4
F07331,F08,P01,true,3,35,4
F07342,F08,P01,true,3,35,4
F07349,F08,P01,true,3,35,4
F07358,F08,P01,true,3,35,4
F07361,F08,P01,true,3,35,4
F07374,F08,P01,true,3,35,4
F07377,F08,P01,true,3,35,4
F07378,F08,P01,true,3,35,4
F07380,F08,P01,true,3,35,4
F07382,F08,P01,true,3,35,4
F07384,F08,P01,true,3,35,4
F07413,F08,P01,true,3,35,4
F07418,F08,P01,true,3,35,4
F07423,F08,P01,true,3,35,4
F07428,F08,P01,true,3,35,4
F07430,F08,P01,true,3,35,4
F07431,F08,P01,true,3,35,4
F07443,F08,P01,true,3,35,4
F07450,F08,P01,true,3,35,4
F07457,F08,P01,true,3,35,4
F07459,F08,P01,true,3,35,4
F07461,F08,P01,true,3,35,4
F07468,F08,P01,true,3,35,4
F07469,F08,P01,true,3,35,4
F07471,F08,P01,true,3,35,4
F07481,F08,P01,true,3,35,4
F07493,F08,P01,true,3,35,4
F07495,F08,P01,true,3,35,4
F07498,F08,P01,true,3,35,4
F07505,F08,P01,true,3,35,4
F07508,F08,P01,true,3,35,4
F07515,F08,P01,true,3,35,4
F07521,F08,P01,true,3,35,4
F07529,F08,P01,true,3,35,4
F07534,F08,P01,true,3,35,4
F07549,F08,P01,true,3,35,4
F07582,F08,P01,true,3,35,4
F07583,F08,P01,true,3,35,4
F07585,F08,P01,true,3,35,4
F07589,F08,P01,true,3,35,4
F07591,F08,P01,true,3,35,4
F07592,F08,P01,true,3,35,4
F07619,F08,P01,true,3,35,4
F07622,F08,P01,true,3,35,4
F07629,F08,P01,true,3,35,4
F07633,F08,P01,true,3,35,4
F07634,F08,P01,true,3,35,4
F07638,F08,P01,true,3,35,4
F07640,F08,P01,true,3,35,4
F07647,F08,P01,true,3,35,4
F07653,F08,P01,true,3,35,4
F07654,F08,P01,true,3,35,4
F07658,F08,P01,true,3,35,4
F07660,F08,P01,true,3,35,4
F07661,F08,P01,true,3,35,4
F07664,F08,P01,true,3,35,4
F07674,F08,P01,true,3,35,4
F07677,F08,P01,true,3,35,4
F07687,F08,P01,true,3,35,4
F07697,F08,P01,true,3,35,4
F07705,F08,P01,true,3,35,4
F07726,F08,P01,true,3,35,4
F07739,F08,P01,true,3,35,4
F07757,F08,P01,true,3,35,4
F07764,F08,P01,true,3,35,4
F07766,F08,P01,true,3,35,4
F07768,F08,P01,true,3,35,4
F07769,F08,P01,true,3,35,4
F07785,F08,P01,true,3,35,4
F07787,F08,P01,true,3,35,4
F07789,F08,P01,true,3,35,4
F07792,F08,P01,true,3,35,4
F07804,F08,P01,true,3,35,4
F07814,F08,P01,true,3,35,4
F07822,F08,P01,true,3,35,4
F07850,F08,P01,true,3,35,4
F07852,F08,P01,true,3,35,4
F07863,F08,P01,true,3,35,4
F07865,F08,P01,true,3,35,4
F07881,F08,P01,true,3,35,4
F07896,F08,P01,true,3,35,4
F07913,F08,P01,true,3,35,4
F07918,F08,P01,true,3,35,4
F07921,F08,P01,true,3,35,4
F07934,F08,P01,true,3,35,4
F07969,F08,P01,true,3,35,4
F07970,F08,P01,true,3,35,4
F07971,F08,P01,true,3,35,4
F07973,F08,P01,true,3,35,4
F07997,F08,P01,true,3,35,4
F08027,F08,P01,true,3,35,4
F08029,F08,P01,true,3,35,4
F08035,F08,P01,true,3,35,4
F08060,F08,P01,true,3,35,4
F08064,F08,P01,true,3,35,4
F08073,F08,P01,true,3,35,4
F08082,F08,P01,true,3,35,4
F08090,F08,P01,true,3,35,4
F08094,F08,P01,true,3,35,4
F08109,F08,P01,true,3,35,4
F08121,F08,P01,true,3,35,4
F08134,F08,P01,true,3,35,4
F08138,F08,P01,true,3,35,4
F08153,F08,P01,true,3,35,4
F08163,F08,P01,true,3,35,4
F08184,F08,P01,true,3,35,4
F08193,F09,P01,true,3,35,4
F08195,F09,P01,true,3,35,4
F08229,F09,P01,true,3,35,4
F08230,F09,P01,true,3,35,4
F08236,F09,P01,true,3,35,4
F08245,F09,P01,true,3,35,4
F08249,F09,P01,true,3,35,4
F08253,F09,P01,true,3,35,4
F08266,F09,P01,true,3,35,4
F08298,F09,P01,true,3,35,4
F08310,F09,P01,true,3,35,4
F08320,F09,P01,true,3,35,4
F08328,F09,P01,true,3,35,4
F08342,F09,P01,true,3,35,4
F08346,F09,P01,true,3,35,4
F08347,F09,P01,true,3,35,4
F08375,F09,P01,true,3,35,4
F08377,F09,P01,true,3,35,4
F08385,F09,P01,true,3,35,4
F08395,F09,P01,true,3,35,4
F08408,F09,P01,true,3,35,4
F08421,F09,P01,true,3,35,4
F08427,F09,P01,true,3,35,4
F08445,F09,P01,true,3,35,4
F08450,F09,P01,true,3,35,4
F08453,F09,P01,true,3,35,4
F08455,F09,P01,true,3,35,4
F08458,F09,P01,true,3,35,4
F08474,F09,P01,true,3,35,4
F08476,F09,P01,true,3,35,4
F08480,F09,P01,true,3,35,4
F08485,F09,P01,true,3,35,4
F08508,F09,P01,true,3,35,4
F08509,F09,P01,true,3,35,4
F08514,F09,P01,true,3,35,4
F08518,F09,P01,true,3,35,4
F08529,F09,P01,true,3,35,4
F08533,F09,P01,true,3,35,4
F08545,F09,P01,true,3,35,4
F08546,F09,P01,true,3,35,4
F08551,F09,P01,true,3,35,4
F08554,F09,P01,true,3,35,4
F08592,F09,P01,true,3,35,4
F08603,F09,P01,true,3,35,4
F08622,F09,P01,true,3,35,4
F08625,F09,P01,true,3,35,4
F08648,F09,P01,true,3,35,4
F08649,F09,P01,true,3,35,4
F08650,F09,P01,true,3,35,4
F08678,F09,P01,true,3,35,4
F08686,F09,P01,true,3,35,4
F08694,F09,P01,true,3,35,4
F08696,F09,P01,true,3,35,4
F08744,F09,P01,true,3,35,4
F08750,F09,P01,true,3,35,4
F08757,F09,P01,true,3,35,4
F08787,F09,P01,true,3,35,4
F08789,F09,P01,true,3,35,4
F08797,F09,P01,true,3,35,4
F08798,F09,P01,true,3,35,4
F08808,F09,P01,true,3,35,4
F08817,F09,P01,true,3,35,4
F08819,F09,P01,true,3,35,4
F08830,F09,P01,true,3,35,4
F08836,F09,P01,true,3,35,4
F08838,F09,P01,true,3,35,4
F08846,F09,P01,true,3,35,4
F08857,F09,P01,true,3,35,4
F08861,F09,P01,true,3,35,4
F08865,F09,P01,true,3,35,4
F08868,F09,P01,true,3,35,4
F08873,F09,P01,true,3,35,4
F08884,F09,P01,true,3,35,4
F08896,F09,P01,true,3,35,4
F08901,F09,P01,true,3,35,4
F08907,F09,P01,true,3,35,4
F08912,F09,P01,true,3,35,4
F08931,F09,P01,true,3,35,4
F08940,F09,P01,true,3,35,4
F08961,F09,P01,true,3,35,4
F08962,F09,P01,true,3,35,4
F08990,F09,P01,true,3,35,4
F09010,F09,P01,true,3,35,4
F09036,F09,P01,true,3,35,4
F09037,F09,P01,true,3,35,4
F09039,F09,P01,true,3,35,4
F09047,F09,P01,true,3,35,4
F09048,F09,P01,true,3,35,4
F09068,F09,P01,true,3,35,4
F09099,F09,P01,true,3,35,4
F09105,F09,P01,true,3,35,4
F09114,F09,P01,true,3,35,4
F09115,F09,P01,true,3,35,4
F09117,F09,P01,true,3,35,4
F09118,F09,P01,true,3,35,4
F09133,F09,P01,true,3,35,4
F09139,F09,P01,true,3,35,4
F09143,F09,P01,true,3,35,4
F09176,F09,P01,true,3,35,4
F09179,F09,P01,true,3,35,4
F09180,F09,P01,true,3,35,4
F09195,F09,P01,true,3,35,4
F09200,F09,P01,true,3,35,4
F09213,F09,P01,true,3,35,4
F09214,F09,P01,true,3,35,4
F09222,F10,P01,true,3,35,4
F09230,F10,P01,true,3,35,4
F09237,F10,P01,true,3,35,4
F09245,F10,P01,true,3,35,4
F09256,F10,P01,true,3,35,4
F09259,F10,P01,true,3,35,4
F09270,F10,P01,true,3,35,4
F09272,F10,P01,true,3,35,4
F09315,F10,P01,true,3,35,4
F09340,F10,P01,true,3,35,4
F09364,F10,P01,true,3,35,4
F09369,F10,P01,true,3,35,4
F09378,F10,P01,true,3,35,4
F09390,F10,P01,true,3,35,4
F09399,F10,P01,true,3,35,4
F09404,F10,P01,true,3,35,4
F09441,F10,P01,true,3,35,4
F09448,F10,P01,true,3,35,4
F09481,F10,P01,true,3,35,4
F09488,F10,P01,true,3,35,4
F09513,F10,P01,true,3,35,4
F09516,F10,P01,true,3,35,4
F09517,F10,P01,true,3,35,4
F09519,F10,P01,true,3,35,4
F09529,F10,P01,true,3,35,4
F09536,F10,P01,true,3,35,4
F09544,F10,P01,true,3,35,4
F09575,F10,P01,true,3,35,4
F09578,F10,P01,true,3,35,4
F09580,F10,P01,true,3,35,4
F09588,F10,P01,true,3,35,4
F09594,F10,P01,true,3,35,4
F09641,F10,P01,true,3,35,4
F09652,F10,P01,true,3,35,4
F09664,F10,P01,true,3,35,4
F09666,F10,P01,true,3,35,4
F09684,F10,P01,true,3,35,4
F09691,F10,P01,true,3,35,4
F09701,F10,P01,true,3,35,4
F09703,F10,P01,true,3,35,4
F09704,F10,P01,true,3,35,4
F09744,F10,P01,true,3,35,4
F09758,F10,P01,true,3,35,4
F09760,F10,P01,true,3,35,4
F09768,F10,P01,true,3,35,4
F09772,F10,P01,true,3,35,4
F09797,F10,P01,true,3,35,4
F09809,F10,P01,true,3,35,4
F09814,F10,P01,true,3,35,4
F09818,F10,P01,true,3,35,4
F09819,F10,P01,true,3,35,4
F09821,F10,P01,true,3,35,4
F09824,F10,P01,true,3,35,4
F09826,F10,P01,true,3,35,4
F09835,F10,P01,true,3,35,4
F09850,F10,P01,true,3,35,4
F09854,F10,P01,true,3,35,4
F09870,F10,P01,true,3,35,4
F09871,F10,P01,true,3,35,4
F09873,F10,P01,true,3,35,4
F09884,F10,P01,true,3,35,4
F09891,F10,P01,true,3,35,4
F09892,F10,P01,true,3,35,4
F09898,F10,P01,true,3,35,4
F09914,F10,P01,true,3,35,4
F09919,F10,P01,true,3,35,4
F09945,F10,P01,true,3,35,4
F09957,F10,P01,true,3,35,4
F09971,F10,P01,true,3,35,4
F09982,F10,P01,true,3,35,4
F09994,F10,P01,true,3,35,4
F10011,F10,P01,true,3,35,4
F10014,F10,P01,true,3,35,4
F10028,F10,P01,true,3,35,4
F10039,F10,P01,true,3,35,4
F10044,F10,P01,true,3,35,4
F10062,F10,P01,true,3,35,4
F10074,F10,P01,true,3,35,4
F10077,F10,P01,true,3,35,4
F10078,F10,P01,true,3,35,4
F10082,F10,P01,true,3,35,4
F10109,F10,P01,true,3,35,4
F10123,F10,P01,true,3,35,4
F10134,F10,P01,true,3,35,4
F10137,F10,P01,true,3,35,4
F10150,F10,P01,true,3,35,4
F10151,F10,P01,true,3,35,4
F10154,F10,P01,true,3,35,4
F10167,F10,P01,true,3,35,4
F10171,F10,P01,true,3,35,4
F10176,F10,P01,true,3,35,4
F10189,F10,P01,true,3,35,4
F10208,F10,P01,true,3,35,4
F10210,F10,P01,true,3,35,4
F10211,F10,P01,true,3,35,4
F10217,F10,P01,true,3,35,4
F10223,F10,P01,true,3,35,4
F10224,F10,P01,true,3,35,4
F10237,F10,P01,true,3,35,4
F10243,F11,P01,true,3,35,4
F10244,F11,P01,true,3,35,4
F10248,F11,P01,true,3,35,4
F10254,F11,P01,true,3,35,4
F10257,F11,P01,true,3,35,4
F10290,F11,P01,true,3,35,4
F10297,F11,P01,true,3,35,4
F10298,F11,P01,true,3,35,4
F10305,F11,P01,true,3,35,4
F10318,F11,P01,true,3,35,4
F10320,F11,P01,true,3,35,4
F10330,F11,P01,true,3,35,4
F10340,F11,P01,true,3,35,4
F10358,F11,P01,true,3,35,4
F10367,F11,P01,true,3,35,4
F10368,F11,P01,true,3,35,4
F10369,F11,P01,true,3,35,4
F10370,F11,P01,true,3,35,4
F10373,F11,P01,true,3,35,4
F10391,F11,P01,true,3,35,4
F10395,F11,P01,true,3,35,4
F10396,F11,P01,true,3,35,4
F10398,F11,P01,true,3,35,4
F10400,F11,P01,true,3,35,4
F10419,F11,P01,true,3,35,4
F10448,F11,P01,true,3,35,4
F10472,F11,P01,true,3,35,4
F10492,F11,P01,true,3,35,4
F10497,F11,P01,true,3,35,4
F10528,F11,P01,true,3,35,4
F10535,F11,P01,true,3,35,4
F10546,F11,P01,true,3,35,4
F10573,F11,P01,true,3,35,4
F10574,F11,P01,true,3,35,4
F10593,F11,P01,true,3,35,4
F10612,F11,P01,true,3,35,4
F10616,F11,P01,true,3,35,4
F10627,F11,P01,true,3,35,4
F10657,F11,P01,true,3,35,4
F10662,F11,P01,true,3,35,4
F10673,F11,P01,true,3,35,4
F10676,F11,P01,true,3,35,4
F10682,F11,P01,true,3,35,4
F10683,F11,P01,true,3,35,4
F10688,F11,P01,true,3,35,4
F10696,F11,P01,true,3,35,4
F10697,F11,P01,true,3,35,4
F10710,F11,P01,true,3,35,4
F10712,F11,P01,true,3,35,4
F10731,F11,P01,true,3,35,4
F10732,F11,P01,true,3,35,4
F10751,F11,P01,true,3,35,4
F10779,F11,P01,true,3,35,4
F10782,F11,P01,true,3,35,4
F10792,F11,P01,true,3,35,4
F10799,F11,P01,true,3,35,4
F10810,F11,P01,true,3,35,4
F10843,F11,P01,true,3,35,4
F10848,F11,P01,true,3,35,4
F10855,F11,P01,true,3,35,4
F10871,F11,P01,true,3,35,4
F10873,F11,P01,true,3,35,4
F10879,F11,P01,true,3,35,4
F10881,F11,P01,true,3,35,4
F10888,F11,P01,true,3,35,4
F10892,F11,P01,true,3,35,4
F10906,F11,P01,true,3,35,4
F10924,F11,P01,true,3,35,4
F10931,F11,P01,true,3,35,4
F10943,F11,P01,true,3,35,4
F10946,F11,P01,true,3,35,4
F10996,F11,P01,true,3,35,4
F10997,F11,P01,true,3,35,4
F11002,F11,P01,true,3,35,4
F11008,F11,P01,true,3,35,4
F11010,F11,P01,true,3,35,4
F11022,F11,P01,true,3,35,4
F11026,F11,P01,true,3,35,4
F11058,F11,P01,true,3,35,4
F11063,F11,P01,true,3,35,4
F11077,F11,P01,true,3,35,4
F11135,F11,P01,true,3,35,4
F11165,F11,P01,true,3,35,4
F11182,F11,P01,true,3,35,4
F11187,F11,P01,true,3,35,4
F11189,F11,P01,true,3,35,4
F11190,F11,P01,true,3,35,4
F11196,F11,P01,true,3,35,4
F11197,F11,P01,true,3,35,4
F11198,F11,P01,true,3,35,4
F11213,F11,P01,true,3,35,4
F11216,F11,P01,true,3,35,4
F11235,F11,P01,true,3,35,4
F11298,F12,P01,true,3,35,4
F11335,F12,P01,true,3,35,4
F11351,F12,P01,true,3,35,4
F11352,F12,P01,true,3,35,4
F11355,F12,P01,true,3,35,4
F11360,F12,P01,true,3,35,4
F11391,F12,P01,true,3,35,4
F11412,F12,P01,true,3,35,4
F11417,F12,P01,true,3,35,4
F11426,F12,P01,true,3,35,4
F11455,F12,P01,true,3,35,4
F11472,F12,P01,true,3,35,4
F11478,F12,P01,true,3,35,4
F11504,F12,P01,true,3,35,4
F11516,F12,P01,true,3,35,4
F11525,F12,P01,true,3,35,4
F11527,F12,P01,true,3,35,4
F11532,F12,P01,true,3,35,4
F11538,F12,P01,true,3,35,4
F11565,F12,P01,true,3,35,4
F11573,F12,P01,true,3,35,4
F11579,F12,P01,true,3,35,4
F11594,F12,P01,true,3,35,4
F11617,F12,P01,true,3,35,4
F11620,F12,P01,true,3,35,4
F11631,F12,P01,true,3,35,4
F11641,F12,P01,true,3,35,4
F11644,F12,P01,true,3,35,4
F11693,F12,P01,true,3,35,4
F11753,F12,P01,true,3,35,4
F11766,F12,P01,true,3,35,4
F11791,F12,P01,true,3,35,4
F11792,F12,P01,true,3,35,4
F11810,F12,P01,true,3,35,4
F11817,F12,P01,true,3,35,4
F11846,F12,P01,true,3,35,4
F11852,F12,P01,true,3,35,4
F11862,F12,P01,true,3,35,4
F11868,F12,P01,true,3,35,4
F11880,F12,P01,true,3,35,4
F11900,F12,P01,true,3,35,4
F11902,F12,P01,true,3,35,4
F11906,F12,P01,true,3,35,4
F11910,F12,P01,true,3,35,4
F11921,F12,P01,true,3,35,4
F11928,F12,P01,true,3,35,4
F11975,F12,P01,true,3,35,4
F11990,F12,P01,true,3,35,4
F12032,F12,P01,true,3,35,4
F12052,F12,P01,true,3,35,4
F12073,F12,P01,true,3,35,4
F12080,F12,P01,true,3,35,4
F12110,F12,P01,true,3,35,4
F12132,F12,P01,true,3,35,4
F12143,F12,P01,true,3,35,4
F12154,F12,P01,true,3,35,4
F12157,F12,P01,true,3,35,4
F12191,F12,P01,true,3,35,4
F12207,F12,P01,true,3,35,4
F12223,F12,P01,true,3,35,4
F12265,F12,P01,true,3,35,4
F12269,F12,P01,true,3,35,4
F12272,F12,P01,true,3,35,4
F12274,F12,P01,true,3,35,4
F12291,F13,P01,true,3,35,4
F12297,F13,P01,true,3,35,4
F12307,F13,P01,true,3,35,4
F12400,F13,P01,true,3,35,4
F12449,F13,P01,true,3,35,4
F12616,F13,P01,true,3,35,4
F12617,F13,P01,true,3,35,4
F12677,F13,P01,true,3,35,4
F13056,F13,P01,true,3,35,4
F13066,F13,P01,true,3,35,4
F13128,F13,P01,true,3,35,4
F13286,F13,P01,true,3,35,4
F13354,F14,P01,true,3,35,4
F13502,F14,P01,true,3,35,4
F13507,F14,P01,true,3,35,4
F13515,F14,P01,true,3,35,4
F13518,F14,P01,true,3,35,4
F13586,F14,P01,true,3,35,4
F13725,F14,P01,true,3,35,4
F13774,F14,P01,true,3,35,4
F13847,F14,P01,true,3,35,4
F13851,F14,P01,true,3,35,4
F13921,F14,P01,true,3,35,4
F13931,F14,P01,true,3,35,4
F13964,F14,P01,true,3,35,4
F13975,F14,P01,true,3,35,4
F14019,F14,P01,true,3,35,4
F14068,F14,P01,true,3,35,4
F14078,F14,P01,true,3,35,4
F14088,F14,P01,true,3,35,4
F14146,F14,P01,true,3,35,4
F14215,F14,P01,true,3,35,4
F14291,F14,P01,true,3,35,4
F14293,F14,P01,true,3,35,4
F14355,F15,P01,true,3,35,4
F14420,F15,P01,true,3,35,4
F14447,F15,P01,true,3,35,4
F14484,F15,P01,true,3,35,4
F14521,F15,P01,true,3,35,4
F14530,F15,P01,true,3,35,4
F14661,F15,P01,true,3,35,4
F14697,F15,P01,true,3,35,4
F14709,F15,P01,true,3,35,4
F14715,F15,P01,true,3,35,4
F14761,F15,P01,true,3,35,4
F14770,F15,P01,true,3,35,4
F14783,F15,P01,true,3,35,4
F14816,F15,P01,true,3,35,4
F14916,F15,P01,true,3,35,4
F14984,F15,P01,true,3,35,4
F15056,F15,P01,true,3,35,4
F15073,F15,P01,true,3,35,4
F15074,F15,P01,true,3,35,4
F15138,F15,P01,true,3,35,4
F15240,F15,P01,true,3,35,4
F15258,F15,P01,true,3,35,4
F15288,F15,P01,true,3,35,4
F15340,F15,P01,true,3,35,4
F15351,F15,P01,true,3,35,4
F15359,F15,P01,true,3,35,4
F15423,F16,P01,true,3,35,4
F15461,F16,P01,true,3,35,4
F15480,F16,P01,true,3,35,4
F15491,F16,P01,true,3,35,4
F15507,F16,P01,true,3,35,4
F15520,F16,P01,true,3,35,4
F15557,F16,P01,true,3,35,4
F15608,F16,P01,true,3,35,4
F15615,F16,P01,true,3,35,4
F15617,F16,P01,true,3,35,4
F15619,F16,P01,true,3,35,4
F15640,F16,P01,true,3,35,4
F15655,F16,P01,true,3,35,4
F15669,F16,P01,true,3,35,4
F15675,F16,P01,true,3,35,4
F15710,F16,P01,true,3,35,4
F15756,F16,P01,true,3,35,4
F15839,F16,P01,true,3,35,4
F15848,F16,P01,true,3,35,4
F15896,F16,P01,true,3,35,4
F15923,F16,P01,true,3,35,4
F15929,F16,P01,true,3,35,4
F15930,F16,P01,true,3,35,4
F15934,F16,P01,true,3,35,4
F15961,F16,P01,true,3,35,4
F15979,F16,P01,true,3,35,4
F16023,F16,P01,true,3,35,4
F16053,F16,P01,true,3,35,4
F16070,F16,P01,true,3,35,4
F16078,F16,P01,true,3,35,4
F16098,F16,P01,true,3,35,4
F16146,F16,P01,true,3,35,4
F16171,F16,P01,true,3,35,4
F16208,F16,P01,true,3,35,4
F16283,F16,P01,true,3,35,4
F16321,F16,P01,true,3,35,4
F16385,F17,P01,true,3,35,4
F16387,F17,P01,true,3,35,4
F16392,F17,P01,true,3,35,4
F16400,F17,P01,true,3,35,4
F16407,F17,P01,true,3,35,4
F16408,F17,P01,true,3,35,4
F16418,F17,P01,true,3,35,4
F16431,F17,P01,true,3,35,4
F16433,F17,P01,true,3,35,4
F16438,F17,P01,true,3,35,4
F16439,F17,P01,true,3,35,4
F16452,F17,P01,true,3,35,4
F16461,F17,P01,true,3,35,4
F16462,F17,P01,true,3,35,4
F16463,F17,P01,true,3,35,4
F16468,F17,P01,true,3,35,4
F16471,F17,P01,true,3,35,4
F16493,F17,P01,true,3,35,4
F16494,F17,P01,true,3,35,4
F16498,F17,P01,true,3,35,4
F16504,F17,P01,true,3,35,4
F16507,F17,P01,true,3,35,4
F16512,F17,P01,true,3,35,4
F16520,F17,P01,true,3,35,4
F16529,F17,P01,true,3,35,4
F16544,F17,P01,true,3,35,4
F16555,F17,P01,true,3,35,4
F16566,F17,P01,true,3,35,4
F16579,F17,P01,true,3,35,4
F16582,F17,P01,true,3,35,4
F16588,F17,P01,true,3,35,4
F16604,F17,P01,true,3,35,4
F16607,F17,P01,true,3,35,4
F16614,F17,P01,true,3,35,4
F16632,F17,P01,true,3,35,4
F16637,F17,P01,true,3,35,4
F16639,F17,P01,true,3,35,4
F16664,F17,P01,true,3,35,4
F16665,F17,P01,true,3,35,4
F16671,F17,P01,true,3,35,4
F16679,F17,P01,true,3,35,4
F16697,F17,P01,true,3,35,4
F16698,F17,P01,true,3,35,4
F16715,F17,P01,true,3,35,4
F16727,F17,P01,true,3,35,4
F16737,F17,P01,true,3,35,4
F16767,F17,P01,true,3,35,4
F16771,F17,P01,true,3,35,4
F16781,F17,P01,true,3,35,4
F16793,F17,P01,true,3,35,4
F16795,F17,P01,true,3,35,4
F16798,F17,P01,true,3,35,4
F16800,F17,P01,true,3,35,4
F16816,F17,P01,true,3,35,4
F16835,F17,P01,true,3,35,4
F16840,F17,P01,true,3,35,4
F16850,F17,P01,true,3,35,4
F16855,F17,P01,true,3,35,4
F16860,F17,P01,true,3,35,4
F16862,F17,P01,true,3,35,4
F16878,F17,P01,true,3,35,4
F16880,F17,P01,true,3,35,4
F16914,F17,P01,true,3,35,4
F16923,F17,P01,true,3,35,4
F16925,F17,P01,true,3,35,4
F16928,F17,P01,true,3,35,4
F16931,F17,P01,true,3,35,4
F16938,F17,P01,true,3,35,4
F16943,F17,P01,true,3,35,4
F16946,F17,P01,true,3,35,4
F16951,F17,P01,true,3,35,4
F16959,F17,P01,true,3,35,4
F16975,F17,P01,true,3,35,4
F16985,F17,P01,true,3,35,4
F16987,F17,P01,true,3,35,4
F16999,F17,P01,true,3,35,4
F17041,F17,P01,true,3,35,4
F17050,F17,P01,true,3,35,4
F17051,F17,P01,true,3,35,4
F17071,F17,P01,true,3,35,4
F17074,F17,P01,true,3,35,4
F17083,F17,P01,true,3,35,4
F17084,F17,P01,true,3,35,4
F17085,F17,P01,true,3,35,4
F17090,F17,P01,true,3,35,4
F17107,F17,P01,true,3,35,4
F17113,F17,P01,true,3,35,4
F17115,F17,P01,true,3,35,4
F17116,F17,P01,true,3,35,4
F17118,F17,P01,true,3,35,4
F17120,F17,P01,true,3,35,4
F17125,F17,P01,true,3,35,4
F17156,F17,P01,true,3,35,4
F17160,F17,P01,true,3,35,4
F17166,F17,P01,true,3,35,4
F17182,F17,P01,true,3,35,4
F17215,F17,P01,true,3,35,4
F17221,F17,P01,true,3,35,4
F17229,F17,P01,true,3,35,4
F17231,F17,P01,true,3,35,4
F17248,F17,P01,true,3,35,4
F17251,F17,P01,true,3,35,4
F17258,F17,P01,true,3,35,4
F17266,F17,P01,true,3,35,4
F17278,F17,P01,true,3,35,4
F17285,F17,P01,true,3,35,4
F17311,F17,P01,true,3,35,4
F17320,F17,P01,true,3,35,4
F17337,F17,P01,true,3,35,4
F17338,F17,P01,true,3,35,4
F17339,F17,P01,true,3,35,4
F17362,F17,P01,true,3,35,4
F17366,F17,P01,true,3,35,4
F17385,F17,P01,true,3,35,4
F17388,F17,P01,true,3,35,4
F17395,F17,P01,true,3,35,4
F17440,F18,P01,true,3,35,4
F17445,F18,P01,true,3,35,4
F17457,F18,P01,true,3,35,4
F17470,F18,P01,true,3,35,4
F17474,F18,P01,true,3,35,4
F17487,F18,P01,true,3,35,4
F17512,F18,P01,true,3,35,4
F17515,F18,P01,true,3,35,4
F17522,F18,P01,true,3,35,4
F17523,F18,P01,true,3,35,4
F17532,F18,P01,true,3,35,4
F17546,F18,P01,true,3,35,4
F17549,F18,P01,true,3,35,4
F17555,F18,P01,true,3,35,4
F17559,F18,P01,true,3,35,4
F17585,F18,P01,true,3,35,4
F17603,F18,P01,true,3,35,4
F17619,F18,P01,true,3,35,4
F17621,F18,P01,true,3,35,4
F17630,F18,P01,true,3,35,4
F17636,F18,P01,true,3,35,4
F17651,F18,P01,true,3,35,4
F17669,F18,P01,true,3,35,4
F17681,F18,P01,true,3,35,4
F17692,F18,P01,true,3,35,4
F17701,F18,P01,true,3,35,4
F17708,F18,P01,true,3,35,4
F17732,F18,P01,true,3,35,4
F17733,F18,P01,true,3,35,4
F17740,F18,P01,true,3,35,4
F17771,F18,P01,true,3,35,4
F17773,F18,P01,true,3,35,4
F17781,F18,P01,true,3,35,4
F17797,F18,P01,true,3,35,4
F17798,F18,P01,true,3,35,4
F17799,F18,P01,true,3,35,4
F17801,F18,P01,true,3,35,4
F17808,F18,P01,true,3,35,4
F17823,F18,P01,true,3,35,4
F17831,F18,P01,true,3,35,4
F17841,F18,P01,true,3,35,4
F17842,F18,P01,true,3,35,4
F17843,F18,P01,true,3,35,4
F17859,F18,P01,true,3,35,4
F17865,F18,P01,true,3,35,4
F17867,F18,P01,true,3,35,4
F17879,F18,P01,true,3,35,4
F17904,F18,P01,true,3,35,4
F17919,F18,P01,true,3,35,4
F17920,F18,P01,true,3,35,4
F17921,F18,P01,true,3,35,4
F17930,F18,P01,true,3,35,4
F17933,F18,P01,true,3,35,4
F17942,F18,P01,true,3,35,4
F17944,F18,P01,true,3,35,4
F17962,F18,P01,true,3,35,4
F17970,F18,P01,true,3,35,4
F17976,F18,P01,true,3,35,4
F18000,F18,P01,true,3,35,4
F18011,F18,P01,true,3,35,4
F18016,F18,P01,true,3,35,4
F18017,F18,P01,true,3,35,4
F18052,F18,P01,true,3,35,4
F18064,F18,P01,true,3,35,4
F18079,F18,P01,true,3,35,4
F18088,F18,P01,true,3,35,4
F18093,F18,P01,true,3,35,4
F18116,F18,P01,true,3,35,4
F18126,F18,P01,true,3,35,4
F18128,F18,P01,true,3,35,4
F18130,F18,P01,true,3,35,4
F18138,F18,P01,true,3,35,4
F18142,F18,P01,true,3,35,4
F18143,F18,P01,true,3,35,4
F18150,F18,P01,true,3,35,4
F18153,F18,P01,true,3,35,4
F18165,F18,P01,true,3,35,4
F18189,F18,P01,true,3,35,4
F18195,F18,P01,true,3,35,4
F18201,F18,P01,true,3,35,4
F18208,F18,P01,true,3,35,4
F18210,F18,P01,true,3,35,4
F18215,F18,P01,true,3,35,4
F18235,F18,P01,true,3,35,4
F18246,F18,P01,true,3,35,4
F18248,F18,P01,true,3,35,4
F18257,F18,P01,true,3,35,4
F18289,F18,P01,true,3,35,4
F18290,F18,P01,true,3,35,4
F18303,F18,P01,true,3,35,4
F18306,F18,P01,true,3,35,4
F18309,F18,P01,true,3,35,4
F18310,F18,P01,true,3,35,4
F18312,F18,P01,true,3,35,4
F18316,F18,P01,true,3,35,4
F18322,F18,P01,true,3,35,4
F18325,F18,P01,true,3,35,4
F18333,F18,P01,true,3,35,4
F18337,F18,P01,true,3,35,4
F18340,F18,P01,true,3,35,4
F18341,F18,P01,true,3,35,4
F18348,F18,P01,true,3,35,4
F18353,F18,P01,true,3,35,4
F18373,F18,P01,true,3,35,4
F18379,F18,P01,true,3,35,4
F18381,F18,P01,true,3,35,4
F18394,F18,P01,true,3,35,4
F18398,F18,P01,true,3,35,4
F18415,F18,P01,true,3,35,4
F18420,F18,P01,true,3,35,4
F18422,F18,P01,true,3,35,4
F18427,F18,P01,true,3,35,4
F18429,F18,P01,true,3,35,4
F18433,F19,P01,true,3,35,4
F18438,F19,P01,true,3,35,4
F18452,F19,P01,true,3,35,4
F18454,F19,P01,true,3,35,4
F18456,F19,P01,true,3,35,4
F18460,F19,P01,true,3,35,4
F18475,F19,P01,true,3,35,4
F18500,F19,P01,true,3,35,4
F18511,F19,P01,true,3,35,4
F18516,F19,P01,true,3,35,4
F18519,F19,P01,true,3,35,4
F18530,F19,P01,true,3,35,4
F18580,F19,P01,true,3,35,4
F18582,F19,P01,true,3,35,4
F18600,F19,P01,true,3,35,4
F18615,F19,P01,true,3,35,4
F18627,F19,P01,true,3,35,4
F18635,F19,P01,true,3,35,4
F18678,F19,P01,true,3,35,4
F18680,F19,P01,true,3,35,4
F18688,F19,P01,true,3,35,4
F18696,F19,P01,true,3,35,4
F18715,F19,P01,true,3,35,4
F18739,F19,P01,true,3,35,4
F18747,F19,P01,true,3,35,4
F18763,F19,P01,true,3,35,4
F18764,F19,P01,true,3,35,4
F18771,F19,P01,true,3,35,4
F18809,F19,P01,true,3,35,4
F18813,F19,P01,true,3,35,4
F18843,F19,P01,true,3,35,4
F18844,F19,P01,true,3,35,4
F18847,F19,P01,true,3,35,4
F18850,F19,P01,true,3,35,4
F18854,F19,P01,true,3,35,4
F18856,F19,P01,true,3,35,4
F18890,F19,P01,true,3,35,4
F18909,F19,P01,true,3,35,4
F18924,F19,P01,true,3,35,4
F18963,F19,P01,true,3,35,4
F18988,F19,P01,true,3,35,4
F19001,F19,P01,true,3,35,4
F19016,F19,P01,true,3,35,4
F19020,F19,P01,true,3,35,4
F19028,F19,P01,true,3,35,4
F19029,F19,P01,true,3,35,4
F19036,F19,P01,true,3,35,4
F19040,F19,P01,true,3,35,4
F19052,F19,P01,true,3,35,4
F19061,F19,P01,true,3,35,4
F19065,F19,P01,true,3,35,4
F19066,F19,P01,true,3,35,4
F19072,F19,P01,true,3,35,4
F19075,F19,P01,true,3,35,4
F19097,F19,P01,true,3,35,4
F19099,F19,P01,true,3,35,4
F19106,F19,P01,true,3,35,4
F19118,F19,P01,true,3,35,4
F19152,F19,P01,true,3,35,4
F19154,F19,P01,true,3,35,4
F19164,F19,P01,true,3,35,4
F19169,F19,P01,true,3,35,4
F19178,F19,P01,true,3,35,4
F19209,F19,P01,true,3,35,4
F19212,F19,P01,true,3,35,4
F19221,F19,P01,true,3,35,4
F19226,F19,P01,true,3,35,4
F19237,F19,P01,true,3,35,4
F19238,F19,P01,true,3,35,4
F19242,F19,P01,true,3,35,4
F19271,F19,P01,true,3,35,4
F19280,F19,P01,true,3,35,4
F19291,F19,P01,true,3,35,4
F19331,F19,P01,true,3,35,4
F19332,F19,P01,true,3,35,4
F19335,F19,P01,true,3,35,4
F19357,F19,P01,true,3,35,4
F19358,F19,P01,true,3,35,4
F19367,F19,P01,true,3,35,4
F19368,F19,P01,true,3,35,4
F19381,F19,P01,true,3,35,4
F19383,F19,P01,true,3,35,4
F19387,F19,P01,true,3,35,4
F19399,F19,P01,true,3,35,4
F19406,F19,P01,true,3,35,4
F19413,F19,P01,true,3,35,4
F19424,F19,P01,true,3,35,4
F19436,F19,P01,true,3,35,4
F19441,F19,P01,true,3,35,4
F19447,F19,P01,true,3,35,4
F19451,F19,P01,true,3,35,4
F19462,F20,P01,true,3,35,4
F19474,F20,P01,true,3,35,4
F19475,F20,P01,true,3,35,4
F19481,F20,P01,true,3,35,4
F19483,F20,P01,true,3,35,4
F19490,F20,P01,true,3,35,4
F19492,F20,P01,true,3,35,4
F19495,F20,P01,true,3,35,4
F19534,F20,P01,true,3,35,4
F19537,F20,P01,true,3,35,4
F19543,F20,P01,true,3,35,4
F19587,F20,P01,true,3,35,4
F19599,F20,P01,true,3,35,4
F19604,F20,P01,true,3,35,4
F19640,F20,P01,true,3,35,4
F19687,F20,P01,true,3,35,4
F19716,F20,P01,true,3,35,4
F19718,F20,P01,true,3,35,4
F19769,F20,P01,true,3,35,4
F19775,F20,P01,true,3,35,4
F19782,F20,P01,true,3,35,4
F19786,F20,P01,true,3,35,4
F19787,F20,P01,true,3,35,4
F19803,F20,P01,true,3,35,4
F19811,F20,P01,true,3,35,4
F19820,F20,P01,true,3,35,4
F19832,F20,P01,true,3,35,4
F19842,F20,P01,true,3,35,4
F19870,F20,P01,true,3,35,4
F19898,F20,P01,true,3,35,4
F19899,F20,P01,true,3,35,4
F19909,F20,P01,true,3,35,4
F19924,F20,P01,true,3,35,4
F19927,F20,P01,true,3,35,4
F19947,F20,P01,true,3,35,4
F19949,F20,P01,true,3,35,4
F19951,F20,P01,true,3,35,4
F19975,F20,P01,true,3,35,4
F20003,F20,P01,true,3,35,4
F20004,F20,P01,true,3,35,4
F20013,F20,P01,true,3,35,4
F20039,F20,P01,true,3,35,4
F20068,F20,P01,true,3,35,4
F20069,F20,P01,true,3,35,4
F20071,F20,P01,true,3,35,4
F20072,F20,P01,true,3,35,4
F20094,F20,P01,true,3,35,4
F20101,F20,P01,true,3,35,4
F20127,F20,P01,true,3,35,4
F20139,F20,P01,true,3,35,4
F20147,F20,P01,true,3,35,4
F20166,F20,P01,true,3,35,4
F20169,F20,P01,true,3,35,4
F20210,F20,P01,true,3,35,4
F20214,F20,P01,true,3,35,4
F20227,F20,P01,true,3,35,4
F20272,F20,P01,true,3,35,4
F20288,F20,P01,true,3,35,4
F20313,F20,P01,true,3,35,4
F20322,F20,P01,true,3,35,4
F20340,F20,P01,true,3,35,4
F20344,F20,P01,true,3,35,4
F20367,F20,P01,true,3,35,4
F20370,F20,P01,true,3,35,4
F20377,F20,P01,true,3,35,4
F20402,F20,P01,true,3,35,4
F20576,F21,P01,true,3,35,4
F20606,F21,P01,true,3,35,4
F20753,F21,P01,true,3,35,4
F20754,F21,P01,true,3,35,4
F20805,F21,P01,true,3,35,4
F20843,F21,P01,true,3,35,4
F21012,F21,P01,true,3,35,4
F21061,F21,P01,true,3,35,4
F21127,F21,P01,true,3,35,4
F21319,F21,P01,true,3,35,4
F21434,F21,P01,true,3,35,4
F21482,F21,P01,true,3,35,4
F21495,F21,P01,true,3,35,4
F21807,F22,P01,true,3,35,4
F21829,F22,P01,true,3,35,4
F21888,F22,P01,true,3,35,4
F22002,F22,P01,true,3,35,4
F22056,F22,P01,true,3,35,4
F22112,F22,P01,true,3,35,4
F22217,F22,P01,true,3,35,4
F22228,F22,P01,true,3,35,4
F22437,F22,P01,true,3,35,4
F22440,F22,P01,true,3,35,4
F22449,F22,P01,true,3,35,4
F22492,F22,P01,true,3,35,4
F22621,F23,P01,true,3,35,4
F22664,F23,P01,true,3,35,4
F22686,F23,P01,true,3,35,4
F22720,F23,P01,true,3,35,4
F22790,F23,P01,true,3,35,4
F22800,F23,P01,true,3,35,4
F22838,F23,P01,true,3,35,4
F23011,F23,P01,true,3,35,4
F23130,F23,P01,true,3,35,4
F23178,F23,P01,true,3,35,4
F23196,F23,P01,true,3,35,4
F23358,F23,P01,true,3,35,4
F23367,F23,P01,true,3,35,4
F23403,F23,P01,true,3,35,4
F23462,F23,P01,true,3,35,4
F23573,F24,P01,true,3,35,4
F23586,F24,P01,true,3,35,4
F23649,F24,P01,true,3,35,4
F23707,F24,P01,true,3,35,4
F23753,F24,P01,true,3,35,4
F23864,F24,P01,true,3,35,4
F23920,F24,P01,true,3,35,4
F23930,F24,P01,true,3,35,4
F23931,F24,P01,true,3,35,4
F23937,F24,P01,true,3,35,4
F23976,F24,P01,true,3,35,4
F23989,F24,P01,true,3,35,4
F24102,F24,P01,true,3,35,4
F24209,F24,P01,true,3,35,4
F24210,F24,P01,true,3,35,4
F24218,F24,P01,true,3,35,4
F24258,F24,P01,true,3,35,4
F24276,F24,P01,true,3,35,4
F24394,F24,P01,true,3,35,4
F24444,F24,P01,true,3,35,4
F00844,F01,P01,true,2,35,4
F01260,F02,P01,true,2,35,4
F01436,F02,P01,true,2,35,4
F02168,F03,P01,true,2,35,4
F03102,F04,P01,true,2,35,4
F03617,F04,P01,true,2,35,4
F04016,F04,P01,true,2,35,4
F04123,F05,P01,true,2,35,4
F04207,F05,P01,true,2,35,4
F04222,F05,P01,true,2,35,4
F04541,F05,P01,true,2,35,4
F04733,F05,P01,true,2,35,4
F04884,F05,P01,true,2,35,4
F04982,F05,P01,true,2,35,4
F05026,F05,P01,true,2,35,4
F05088,F05,P01,true,2,35,4
F05281,F06,P01,true,2,35,4
F05298,F06,P01,true,2,35,4
F05316,F06,P01,true,2,35,4
F05850,F06,P01,true,2,35,4
F05929,F06,P01,true,2,35,4
F06274,F07,P01,true,2,35,4
F06417,F07,P01,true,2,35,4
F06696,F07,P01,true,2,35,4
F06878,F07,P01,true,2,35,4
F07124,F07,P01,true,2,35,4
F07208,F08,P01,true,2,35,4
F07415,F08,P01,true,2,35,4
F07458,F08,P01,true,2,35,4
F07537,F08,P01,true,2,35,4
F07554,F08,P01,true,2,35,4
F07725,F08,P01,true,2,35,4
F07728,F08,P01,true,2,35,4
F07933,F08,P01,true,2,35,4
F07943,F08,P01,true,2,35,4
F08023,F08,P01,true,2,35,4
F08457,F09,P01,true,2,35,4
F08612,F09,P01,true,2,35,4
F08636,F09,P01,true,2,35,4
F08988,F09,P01,true,2,35,4
F09008,F09,P01,true,2,35,4
F09054,F09,P01,true,2,35,4
F09066,F09,P01,true,2,35,4
F09113,F09,P01,true,2,35,4
F09127,F09,P01,true,2,35,4
F09165,F09,P01,true,2,35,4
F09409,F10,P01,true,2,35,4
F09464,F10,P01,true,2,35,4
F09742,F10,P01,true,2,35,4
F09800,F10,P01,true,2,35,4
F09912,F10,P01,true,2,35,4
F10003,F10,P01,true,2,35,4
F10415,F11,P01,true,2,35,4
F10544,F11,P01,true,2,35,4
F10555,F11,P01,true,2,35,4
F10575,F11,P01,true,2,35,4
F10626,F11,P01,true,2,35,4
F10778,F11,P01,true,2,35,4
F10833,F11,P01,true,2,35,4
F11061,F11,P01,true,2,35,4
F11465,F12,P01,true,2,35,4
F11562,F12,P01,true,2,35,4
F11592,F12,P01,true,2,35,4
F11702,F12,P01,true,2,35,4
F11710,F12,P01,true,2,35,4
F11736,F12,P01,true,2,35,4
F11808,F12,P01,true,2,35,4
F11905,F12,P01,true,2,35,4
F12085,F12,P01,true,2,35,4
F12152,F12,P01,true,2,35,4
F13120,F13,P01,true,2,35,4
F13298,F13,P01,true,2,35,4
F13305,F13,P01,true,2,35,4
F15018,F15,P01,true,2,35,4
F16143,F16,P01,true,2,35,4
F16521,F17,P01,true,2,35,4
F16549,F17,P01,true,2,35,4
F16668,F17,P01,true,2,35,4
F16983,F17,P01,true,2,35,4
F17176,F17,P01,true,2,35,4
F17214,F17,P01,true,2,35,4
F17531,F18,P01,true,2,35,4
F17588,F18,P01,true,2,35,4
F17728,F18,P01,true,2,35,4
F17895,F18,P01,true,2,35,4
F18019,F18,P01,true,2,35,4
F18029,F18,P01,true,2,35,4
F18184,F18,P01,true,2,35,4
F18972,F19,P01,true,2,35,4
F18973,F19,P01,true,2,35,4
F19147,F19,P01,true,2,35,4
F19355,F19,P01,true,2,35,4
F19542,F20,P01,true,2,35,4
F19730,F20,P01,true,2,35,4
F19817,F20,P01,true,2,35,4
F19966,F20,P01,true,2,35,4
F19990,F20,P01,true,2,35,4
F20342,F20,P01,true,2,35,4
F21018,F21,P01,true,2,35,4
F22785,F23,P01,true,2,35,4
F24331,F24,P01,true,2,35,4
F02102,F03,P01,true,4,35,3
F02218,F03,P01,true,4,35,3
F03129,F04,P01,true,4,35,3
F03134,F04,P01,true,4,35,3
F03135,F04,P01,true,4,35,3
F03239,F04,P01,true,4,35,3
F03251,F04,P01,true,4,35,3
F03468,F04,P01,true,4,35,3
F03471,F04,P01,true,4,35,3
F03529,F04,P01,true,4,35,3
F03531,F04,P01,true,4,35,3
F03535,F04,P01,true,4,35,3
F03586,F04,P01,true,4,35,3
F03589,F04,P01,true,4,35,3
F03648,F04,P01,true,4,35,3
F03650,F04,P01,true,4,35,3
F03697,F04,P01,true,4,35,3
F03704,F04,P01,true,4,35,3
F03809,F04,P01,true,4,35,3
F03929,F04,P01,true,4,35,3
F03933,F04,P01,true,4,35,3
F03934,F04,P01,true,4,35,3
F03980,F04,P01,true,4,35,3
F03984,F04,P01,true,4,35,3
F03986,F04,P01,true,4,35,3
F03991,F04,P01,true,4,35,3
F04037,F04,P01,true,4,35,3
F04042,F04,P01,true,4,35,3
F11318,F12,P01,true,4,35,3
F11321,F12,P01,true,4,35,3
F11323,F12,P01,true,4,35,3
F11435,F12,P01,true,4,35,3
F11498,F12,P01,true,4,35,3
F11544,F12,P01,true,4,35,3
F11554,F12,P01,true,4,35,3
F11555,F12,P01,true,4,35,3
F11613,F12,P01,true,4,35,3
F11662,F12,P01,true,4,35,3
F11778,F12,P01,true,4,35,3
F11884,F12,P01,true,4,35,3
F11941,F12,P01,true,4,35,3
F12007,F12,P01,true,4,35,3
F12056,F12,P01,true,4,35,3
F19791,F20,P01,true,4,35,3
F19793,F20,P01,true,4,35,3
F20245,F20,P01,true,4,35,3
F20246,F20,P01,true,4,35,3
F20363,F20,P01,true,4,35,3
F20492,F21,P01,true,4,35,3
F20535,F21,P01,true,4,35,3
F20542,F21,P01,true,4,35,3
F20549,F21,P01,true,4,35,3
F20601,F21,P01,true,4,35,3
F20644,F21,P01,true,4,35,3
F20652,F21,P01,true,4,35,3
F20658,F21,P01,true,4,35,3
F20713,F21,P01,true,4,35,3
F20757,F21,P01,true,4,35,3
F20760,F21,P01,true,4,35,3
F20823,F21,P01,true,4,35,3
F20827,F21,P01,true,4,35,3
F20830,F21,P01,true,4,35,3
F20837,F21,P01,true,4,35,3
F20891,F21,P01,true,4,35,3
F20997,F21,P01,true,4,35,3
F21009,F21,P01,true,4,35,3
F21041,F21,P01,true,4,35,3
F21097,F21,P01,true,4,35,3
F21107,F21,P01,true,4,35,3
F21108,F21,P01,true,4,35,3
F21110,F21,P01,true,4,35,3
F21167,F21,P01,true,4,35,3
F21170,F21,P01,true,4,35,3
F21171,F21,P01,true,4,35,3
F21215,F21,P01,true,4,35,3
F21218,F21,P01,true,4,35,3
F21219,F21,P01,true,4,35,3
F21221,F21,P01,true,4,35,3
F21226,F21,P01,true,4,35,3
F21239,F21,P01,true,4,35,3
F21273,F21,P01,true,4,35,3
F21281,F21,P01,true,4,35,3
F21328,F21,P01,true,4,35,3
F21388,F21,P01,true,4,35,3
F21394,F21,P01,true,4,35,3
F21397,F21,P01,true,4,35,3
F21443,F21,P01,true,4,35,3
F21498,F21,P01,true,4,35,3
F21553,F22,P01,true,4,35,3
F21577,F22,P01,true,4,35,3
F21612,F22,P01,true,4,35,3
F21630,F22,P01,true,4,35,3
F21666,F22,P01,true,4,35,3
F21669,F22,P01,true,4,35,3
F21670,F22,P01,true,4,35,3
F21673,F22,P01,true,4,35,3
F21675,F22,P01,true,4,35,3
F21693,F22,P01,true,4,35,3
F21734,F22,P01,true,4,35,3
F21739,F22,P01,true,4,35,3
F21789,F22,P01,true,4,35,3
F21793,F22,P01,true,4,35,3
F21837,F22,P01,true,4,35,3
F21844,F22,P01,true,4,35,3
F21852,F22,P01,true,4,35,3
F21893,F22,P01,true,4,35,3
F21897,F22,P01,true,4,35,3
F21954,F22,P01,true,4,35,3
F21955,F22,P01,true,4,35,3
F21962,F22,P01,true,4,35,3
F21963,F22,P01,true,4,35,3
F21975,F22,P01,true,4,35,3
F21976,F22,P01,true,4,35,3
F22012,F22,P01,true,4,35,3
F22017,F22,P01,true,4,35,3
F22028,F22,P01,true,4,35,3
F22032,F22,P01,true,4,35,3
F22064,F22,P01,true,4,35,3
F22072,F22,P01,true,4,35,3
F22084,F22,P01,true,4,35,3
F22141,F22,P01,true,4,35,3
F22143,F22,P01,true,4,35,3
F22179,F22,P01,true,4,35,3
F22185,F22,P01,true,4,35,3
F22188,F22,P01,true,4,35,3
F22190,F22,P01,true,4,35,3
F22201,F22,P01,true,4,35,3
F22237,F22,P01,true,4,35,3
F22241,F22,P01,true,4,35,3
F22246,F22,P01,true,4,35,3
F22254,F22,P01,true,4,35,3
F22304,F22,P01,true,4,35,3
F22313,F22,P01,true,4,35,3
F22314,F22,P01,true,4,35,3
F22365,F22,P01,true,4,35,3
F22406,F22,P01,true,4,35,3
F22430,F22,P01,true,4,35,3
F22431,F22,P01,true,4,35,3
F22464,F22,P01,true,4,35,3
F22473,F22,P01,true,4,35,3
F22478,F22,P01,true,4,35,3
F22481,F22,P01,true,4,35,3
F22530,F23,P01,true,4,35,3
F22540,F23,P01,true,4,35,3
F22541,F23,P01,true,4,35,3
F22576,F23,P01,true,4,35,3
F22585,F23,P01,true,4,35,3
F22587,F23,P01,true,4,35,3
F22657,F23,P01,true,4,35,3
F22690,F23,P01,true,4,35,3
F22696,F23,P01,true,4,35,3
F22701,F23,P01,true,4,35,3
F22803,F23,P01,true,4,35,3
F22823,F23,P01,true,4,35,3
F22868,F23,P01,true,4,35,3
F22874,F23,P01,true,4,35,3
F22879,F23,P01,true,4,35,3
F22917,F23,P01,true,4,35,3
F22923,F23,P01,true,4,35,3
F22925,F23,P01,true,4,35,3
F22992,F23,P01,true,4,35,3
F23032,F23,P01,true,4,35,3
F23038,F23,P01,true,4,35,3
F23088,F23,P01,true,4,35,3
F23093,F23,P01,true,4,35,3
F23105,F23,P01,true,4,35,3
F23145,F23,P01,true,4,35,3
F23148,F23,P01,true,4,35,3
F23171,F23,P01,true,4,35,3
F23201,F23,P01,true,4,35,3
F23209,F23,P01,true,4,35,3
F23264,F23,P01,true,4,35,3
F23284,F23,P01,true,4,35,3
F23285,F23,P01,true,4,35,3
F23315,F23,P01,true,4,35,3
F23319,F23,P01,true,4,35,3
F23340,F23,P01,true,4,35,3
F23376,F23,P01,true,4,35,3
F23437,F23,P01,true,4,35,3
F23441,F23,P01,true,4,35,3
F23444,F23,P01,true,4,35,3
F23485,F23,P01,true,4,35,3
F23494,F23,P01,true,4,35,3
F23507,F23,P01,true,4,35,3
F23547,F23,P01,true,4,35,3
F23563,F24,P01,true,4,35,3
F23567,F24,P01,true,4,35,3
F23599,F24,P01,true,4,35,3
F23615,F24,P01,true,4,35,3
F23668,F24,P01,true,4,35,3
F23676,F24,P01,true,4,35,3
F23712,F24,P01,true,4,35,3
F23718,F24,P01,true,4,35,3
F23730,F24,P01,true,4,35,3
F23737,F24,P01,true,4,35,3
F23771,F24,P01,true,4,35,3
F23773,F24,P01,true,4,35,3
F23786,F24,P01,true,4,35,3
F23847,F24,P01,true,4,35,3
F23884,F24,P01,true,4,35,3
F23889,F24,P01,true,4,35,3
F23890,F24,P01,true,4,35,3
F23906,F24,P01,true,4,35,3
F23907,F24,P01,true,4,35,3
F23908,F24,P01,true,4,35,3
F23958,F24,P01,true,4,35,3
F24056,F24,P01,true,4,35,3
F24128,F24,P01,true,4,35,3
F24239,F24,P01,true,4,35,3
F24240,F24,P01,true,4,35,3
F24301,F24,P01,true,4,35,3
F24306,F24,P01,true,4,35,3
F24343,F24,P01,true,4,35,3
F24351,F24,P01,true,4,35,3
F24354,F24,P01,true,4,35,3
F24398,F24,P01,true,4,35,3
F24401,F24,P01,true,4,35,3
F24402,F24,P01,true,4,35,3
F24409,F24,P01,true,4,35,3
F24411,F24,P01,true,4,35,3
F24457,F24,P01,true,4,35,3
F24466,F24,P01,true,4,35,3
F24467,F24,P01,true,4,35,3
F24476,F24,P01,true,4,35,3
F24479,F24,P01,true,4,35,3
F24511,F24,P01,true,4,35,3
F24515,F24,P01,true,4,35,3
F24524,F24,P01,true,4,35,3
F24531,F24,P01,true,4,35,3
F02387,F03,P01,true,3,35,3
F02501,F03,P01,true,3,35,3
F03132,F04,P01,true,3,35,3
F03254,F04,P01,true,3,35,3
F03356,F04,P01,true,3,35,3
F03416,F04,P01,true,3,35,3
F03424,F04,P01,true,3,35,3
F03477,F04,P01,true,3,35,3
F03584,F04,P01,true,3,35,3
F03642,F04,P01,true,3,35,3
F03822,F04,P01,true,3,35,3
F03875,F04,P01,true,3,35,3
F10409,F11,P01,true,3,35,3
F10522,F11,P01,true,3,35,3
F10691,F11,P01,true,3,35,3
F10695,F11,P01,true,3,35,3
F10860,F11,P01,true,3,35,3
F10921,F11,P01,true,3,35,3
F10974,F11,P01,true,3,35,3
F11205,F11,P01,true,3,35,3
F11259,F11,P01,true,3,35,3
F11261,F11,P01,true,3,35,3
F11377,F12,P01,true,3,35,3
F11441,F12,P01,true,3,35,3
F11493,F12,P01,true,3,35,3
F11720,F12,P01,true,3,35,3
F11726,F12,P01,true,3,35,3
F11776,F12,P01,true,3,35,3
F11951,F12,P01,true,3,35,3
F11952,F12,P01,true,3,35,3
F11955,F12,P01,true,3,35,3
F12000,F12,P01,true,3,35,3
F12066,F12,P01,true,3,35,3
F12185,F12,P01,true,3,35,3
F12235,F12,P01,true,3,35,3
F20020,F20,P01,true,3,35,3
F20129,F20,P01,true,3,35,3
F20191,F20,P01,true,3,35,3
F20493,F21,P01,true,3,35,3
F20772,F21,P01,true,3,35,3
F20931,F21,P01,true,3,35,3
F21000,F21,P01,true,3,35,3
F21222,F21,P01,true,3,35,3
F21291,F21,P01,true,3,35,3
F21512,F22,P01,true,3,35,3
F21556,F22,P01,true,3,35,3
F21668,F22,P01,true,3,35,3
F21857,F22,P01,true,3,35,3
F22067,F22,P01,true,3,35,3
F22129,F22,P01,true,3,35,3
F22135,F22,P01,true,3,35,3
F22351,F22,P01,true,3,35,3
F22364,F22,P01,true,3,35,3
F22520,F22,P01,true,3,35,3
F22650,F23,P01,true,3,35,3
F22716,F23,P01,true,3,35,3
F22751,F23,P01,true,3,35,3
F23043,F23,P01,true,3,35,3
F23056,F23,P01,true,3,35,3
F23144,F23,P01,true,3,35,3
F23276,F23,P01,true,3,35,3
F23328,F23,P01,true,3,35,3
F23445,F23,P01,true,3,35,3
F23493,F23,P01,true,3,35,3
F23554,F24,P01,true,3,35,3
F23612,F24,P01,true,3,35,3
F23621,F24,P01,true,3,35,3
F23660,F24,P01,true,3,35,3
F23769,F24,P01,true,3,35,3
F23780,F24,P01,true,3,35,3
F23793,F24,P01,true,3,35,3
F23943,F24,P01,true,3,35,3
F23946,F24,P01,true,3,35,3
F23954,F24,P01,true,3,35,3
F23997,F24,P01,true,3,35,3
F24000,F24,P01,true,3,35,3
F24005,F24,P01,true,3,35,3
F24009,F24,P01,true,3,35,3
F24062,F24,P01,true,3,35,3
F24123,F24,P01,true,3,35,3
F24293,F24,P01,true,3,35,3
F24340,F24,P01,true,3,35,3
F24472,F24,P01,true,3,35,3
F03247,F04,P01,true,2,35,3
F19622,F20,P01,true,2,35,3
F20361,F20,P01,true,2,35,3
F20475,F20,P01,true,2,35,3
F20485,F21,P01,true,2,35,3
F24453,F24,P01,true,2,35,3
F24571,F24,P01,true,2,35,3
F23744,F24,P01,true,5,34,4
F00025,F01,P01,true,4,34,4
F00096,F01,P01,true,4,34,4
F00099,F01,P01,true,4,34,4
F00116,F01,P01,true,4,34,4
F00118,F01,P01,true,4,34,4
F00154,F01,P01,true,4,34,4
F00175,F01,P01,true,4,34,4
F00182,F01,P01,true,4,34,4
F00224,F01,P01,true,4,34,4
F00276,F01,P01,true,4,34,4
F00405,F01,P01,true,4,34,4
F00440,F01,P01,true,4,34,4
F00470,F01,P01,true,4,34,4
F00472,F01,P01,true,4,34,4
F00522,F01,P01,true,4,34,4
F00550,F01,P01,true,4,34,4
F00552,F01,P01,true,4,34,4
F00573,F01,P01,true,4,34,4
F00601,F01,P01,true,4,34,4
F00612,F01,P01,true,4,34,4
F00615,F01,P01,true,4,34,4
F00621,F01,P01,true,4,34,4
F00634,F01,P01,true,4,34,4
F00655,F01,P01,true,4,34,4
F00657,F01,P01,true,4,34,4
F00698,F01,P01,true,4,34,4
F00755,F01,P01,true,4,34,4
F00771,F01,P01,true,4,34,4
F00774,F01,P01,true,4,34,4
F00779,F01,P01,true,4,34,4
F00800,F01,P01,true,4,34,4
F00819,F01,P01,true,4,34,4
F00832,F01,P01,true,4,34,4
F00833,F01,P01,true,4,34,4
F00894,F01,P01,true,4,34,4
F00908,F01,P01,true,4,34,4
F00968,F01,P01,true,4,34,4
F00991,F01,P01,true,4,34,4
F01001,F01,P01,true,4,34,4
F01005,F01,P01,true,4,34,4
F01015,F01,P01,true,4,34,4
F01016,F01,P01,true,4,34,4
F01042,F02,P01,true,4,34,4
F01057,F02,P01,true,4,34,4
F01080,F02,P01,true,4,34,4
F01091,F02,P01,true,4,34,4
F01094,F02,P01,true,4,34,4
F01114,F02,P01,true,4,34,4
F01122,F02,P01,true,4,34,4
F01135,F02,P01,true,4,34,4
F01159,F02,P01,true,4,34,4
F01160,F02,P01,true,4,34,4
F01162,F02,P01,true,4,34,4
F01164,F02,P01,true,4,34,4
F01168,F02,P01,true,4,34,4
F01169,F02,P01,true,4,34,4
F01170,F02,P01,true,4,34,4
F01211,F02,P01,true,4,34,4
F01276,F02,P01,true,4,34,4
F01365,F02,P01,true,4,34,4
F01379,F02,P01,true,4,34,4
F01400,F02,P01,true,4,34,4
F01420,F02,P01,true,4,34,4
F01423,F02,P01,true,4,34,4
F01433,F02,P01,true,4,34,4
F01481,F02,P01,true,4,34,4
F01503,F02,P01,true,4,34,4
F01513,F02,P01,true,4,34,4
F01519,F02,P01,true,4,34,4
F01540,F02,P01,true,4,34,4
F01549,F02,P01,true,4,34,4
F01575,F02,P01,true,4,34,4
F01583,F02,P01,true,4,34,4
F01646,F02,P01,true,4,34,4
F01673,F02,P01,true,4,34,4
F01749,F02,P01,true,4,34,4
F01750,F02,P01,true,4,34,4
F01777,F02,P01,true,4,34,4
F01797,F02,P01,true,4,34,4
F01804,F02,P01,true,4,34,4
F01811,F02,P01,true,4,34,4
F01824,F02,P01,true,4,34,4
F01848,F02,P01,true,4,34,4
F01857,F02,P01,true,4,34,4
F01863,F02,P01,true,4,34,4
F02001,F02,P01,true,4,34,4
F02009,F02,P01,true,4,34,4
F02037,F02,P01,true,4,34,4
F02057,F03,P01,true,4,34,4
F02066,F03,P01,true,4,34,4
F02113,F03,P01,true,4,34,4
F02114,F03,P01,true,4,34,4
F02173,F03,P01,true,4,34,4
F02177,F03,P01,true,4,34,4
F02180,F03,P01,true,4,34,4
F02185,F03,P01,true,4,34,4
F02187,F03,P01,true,4,34,4
F02201,F03,P01,true,4,34,4
F02202,F03,P01,true,4,34,4
F02260,F03,P01,true,4,34,4
F02266,F03,P01,true,4,34,4
F02274,F03,P01,true,4,34,4
F02285,F03,P01,true,4,34,4
F02290,F03,P01,true,4,34,4
F02298,F03,P01,true,4,34,4
F02358,F03,P01,true,4,34,4
F02365,F03,P01,true,4,34,4
F02380,F03,P01,true,4,34,4
F02398,F03,P01,true,4,34,4
F02430,F03,P01,true,4,34,4
F02442,F03,P01,true,4,34,4
F02504,F03,P01,true,4,34,4
F02508,F03,P01,true,4,34,4
F02563,F03,P01,true,4,34,4
F02589,F03,P01,true,4,34,4
F02606,F03,P01,true,4,34,4
F02617,F03,P01,true,4,34,4
F02668,F03,P01,true,4,34,4
F02704,F03,P01,true,4,34,4
F02718,F03,P01,true,4,34,4
F02753,F03,P01,true,4,34,4
F02754,F03,P01,true,4,34,4
F02763,F03,P01,true,4,34,4
F02768,F03,P01,true,4,34,4
F02793,F03,P01,true,4,34,4
F02799,F03,P01,true,4,34,4
F02822,F03,P01,true,4,34,4
F02830,F03,P01,true,4,34,4
F02831,F03,P01,true,4,34,4
F02851,F03,P01,true,4,34,4
F02852,F03,P01,true,4,34,4
F02863,F03,P01,true,4,34,4
F02873,F03,P01,true,4,34,4
F02906,F03,P01,true,4,34,4
F02922,F03,P01,true,4,34,4
F02931,F03,P01,true,4,34,4
F02947,F03,P01,true,4,34,4
F02959,F03,P01,true,4,34,4
F02963,F03,P01,true,4,34,4
F02967,F03,P01,true,4,34,4
F02975,F03,P01,true,4,34,4
F02991,F03,P01,true,4,34,4
F03039,F03,P01,true,4,34,4
F03043,F03,P01,true,4,34,4
F03098,F04,P01,true,4,34,4
F03109,F04,P01,true,4,34,4
F03149,F04,P01,true,4,34,4
F03154,F04,P01,true,4,34,4
F03202,F04,P01,true,4,34,4
F03207,F04,P01,true,4,34,4
F03208,F04,P01,true,4,34,4
F03268,F04,P01,true,4,34,4
F03294,F04,P01,true,4,34,4
F03323,F04,P01,true,4,34,4
F03376,F04,P01,true,4,34,4
F03485,F04,P01,true,4,34,4
F03491,F04,P01,true,4,34,4
F03498,F04,P01,true,4,34,4
F03499,F04,P01,true,4,34,4
F03503,F04,P01,true,4,34,4
F03572,F04,P01,true,4,34,4
F03667,F04,P01,true,4,34,4
F03736,F04,P01,true,4,34,4
F03774,F04,P01,true,4,34,4
F03832,F04,P01,true,4,34,4
F03855,F04,P01,true,4,34,4
F03936,F04,P01,true,4,34,4
F03940,F04,P01,true,4,34,4
F03957,F04,P01,true,4,34,4
F03995,F04,P01,true,4,34,4
F04060,F04,P01,true,4,34,4
F04937,F05,P01,true,4,34,4
F05080,F05,P01,true,4,34,4
F05214,F06,P01,true,4,34,4
F05268,F06,P01,true,4,34,4
F05427,F06,P01,true,4,34,4
F05690,F06,P01,true,4,34,4
F05999,F06,P01,true,4,34,4
F06110,F06,P01,true,4,34,4
F06698,F07,P01,true,4,34,4
F06817,F07,P01,true,4,34,4
F06887,F07,P01,true,4,34,4
F07163,F07,P01,true,4,34,4
F07179,F08,P01,true,4,34,4
F07186,F08,P01,true,4,34,4
F07730,F08,P01,true,4,34,4
F08341,F09,P01,true,4,34,4
F08635,F09,P01,true,4,34,4
F08735,F09,P01,true,4,34,4
F09053,F09,P01,true,4,34,4
F09269,F10,P01,true,4,34,4
F09347,F10,P01,true,4,34,4
F09581,F10,P01,true,4,34,4
F09794,F10,P01,true,4,34,4
F09910,F10,P01,true,4,34,4
F09938,F10,P01,true,4,34,4
F09991,F10,P01,true,4,34,4
F10000,F10,P01,true,4,34,4
F10072,F10,P01,true,4,34,4
F10094,F10,P01,true,4,34,4
F10096,F10,P01,true,4,34,4
F10124,F10,P01,true,4,34,4
F10225,F10,P01,true,4,34,4
F10375,F11,P01,true,4,34,4
F10376,F11,P01,true,4,34,4
F10487,F11,P01,true,4,34,4
F10529,F11,P01,true,4,34,4
F10530,F11,P01,true,4,34,4
F10584,F11,P01,true,4,34,4
F10923,F11,P01,true,4,34,4
F11099,F11,P01,true,4,34,4
F11287,F12,P01,true,4,34,4
F11297,F12,P01,true,4,34,4
F11559,F12,P01,true,4,34,4
F11679,F12,P01,true,4,34,4
F11957,F12,P01,true,4,34,4
F12084,F12,P01,true,4,34,4
F12138,F12,P01,true,4,34,4
F12224,F12,P01,true,4,34,4
F12298,F13,P01,true,4,34,4
F12310,F13,P01,true,4,34,4
F12322,F13,P01,true,4,34,4
F12332,F13,P01,true,4,34,4
F12347,F13,P01,true,4,34,4
F12350,F13,P01,true,4,34,4
F12354,F13,P01,true,4,34,4
F12366,F13,P01,true,4,34,4
F12372,F13,P01,true,4,34,4
F12389,F13,P01,true,4,34,4
F12392,F13,P01,true,4,34,4
F12395,F13,P01,true,4,34,4
F12409,F13,P01,true,4,34,4
F12443,F13,P01,true,4,34,4
F12458,F13,P01,true,4,34,4
F12461,F13,P01,true,4,34,4
F12473,F13,P01,true,4,34,4
F12474,F13,P01,true,4,34,4
F12487,F13,P01,true,4,34,4
F12516,F13,P01,true,4,34,4
F12539,F13,P01,true,4,34,4
F12540,F13,P01,true,4,34,4
F12550,F13,P01,true,4,34,4
F12555,F13,P01,true,4,34,4
F12558,F13,P01,true,4,34,4
F12568,F13,P01,true,4,34,4
F12582,F13,P01,true,4,34,4
F12594,F13,P01,true,4,34,4
F12595,F13,P01,true,4,34,4
F12628,F13,P01,true,4,34,4
F12631,F13,P01,true,4,34,4
F12637,F13,P01,true,4,34,4
F12666,F13,P01,true,4,34,4
F12685,F13,P01,true,4,34,4
F12691,F13,P01,true,4,34,4
F12693,F13,P01,true,4,34,4
F12695,F13,P01,true,4,34,4
F12696,F13,P01,true,4,34,4
F12698,F13,P01,true,4,34,4
F12714,F13,P01,true,4,34,4
F12718,F13,P01,true,4,34,4
F12726,F13,P01,true,4,34,4
F12728,F13,P01,true,4,34,4
F12729,F13,P01,true,4,34,4
F12731,F13,P01,true,4,34,4
F12741,F13,P01,true,4,34,4
F12780,F13,P01,true,4,34,4
F12788,F13,P01,true,4,34,4
F12789,F13,P01,true,4,34,4
F12793,F13,P01,true,4,34,4
F12805,F13,P01,true,4,34,4
F12809,F13,P01,true,4,34,4
F12830,F13,P01,true,4,34,4
F12837,F13,P01,true,4,34,4
F12840,F13,P01,true,4,34,4
F12890,F13,P01,true,4,34,4
F12891,F13,P01,true,4,34,4
F12897,F13,P01,true,4,34,4
F12899,F13,P01,true,4,34,4
F12901,F13,P01,true,4,34,4
F12924,F13,P01,true,4,34,4
F12936,F13,P01,true,4,34,4
F12940,F13,P01,true,4,34,4
F12945,F13,P01,true,4,34,4
F12954,F13,P01,true,4,34,4
F12977,F13,P01,true,4,34,4
F12988,F13,P01,true,4,34,4
F12992,F13,P01,true,4,34,4
F12994,F13,P01,true,4,34,4
F12998,F13,P01,true,4,34,4
F13008,F13,P01,true,4,34,4
F13011,F13,P01,true,4,34,4
F13014,F13,P01,true,4,34,4
F13015,F13,P01,true,4,34,4
F13048,F13,P01,true,4,34,4
F13060,F13,P01,true,4,34,4
F13078,F13,P01,true,4,34,4
F13080,F13,P01,true,4,34,4
F13152,F13,P01,true,4,34,4
F13175,F13,P01,true,4,34,4
F13181,F13,P01,true,4,34,4
F13184,F13,P01,true,4,34,4
F13198,F13,P01,true,4,34,4
F13202,F13,P01,true,4,34,4
F13203,F13,P01,true,4,34,4
F13206,F13,P01,true,4,34,4
F13208,F13,P01,true,4,34,4
F13209,F13,P01,true,4,34,4
F13213,F13,P01,true,4,34,4
F13220,F13,P01,true,4,34,4
F13221,F13,P01,true,4,34,4
F13224,F13,P01,true,4,34,4
F13227,F13,P01,true,4,34,4
F13234,F13,P01,true,4,34,4
F13240,F13,P01,true,4,34,4
F13243,F13,P01,true,4,34,4
F13251,F13,P01,true,4,34,4
F13257,F13,P01,true,4,34,4
F13261,F13,P01,true,4,34,4
F13310,F13,P01,true,4,34,4
F13327,F14,P01,true,4,34,4
F13378,F14,P01,true,4,34,4
F13405,F14,P01,true,4,34,4
F13445,F14,P01,true,4,34,4
F13483,F14,P01,true,4,34,4
F13490,F14,P01,true,4,34,4
F13492,F14,P01,true,4,34,4
F13516,F14,P01,true,4,34,4
F13521,F14,P01,true,4,34,4
F13527,F14,P01,true,4,34,4
F13530,F14,P01,true,4,34,4
F13532,F14,P01,true,4,34,4
F13568,F14,P01,true,4,34,4
F13569,F14,P01,true,4,34,4
F13578,F14,P01,true,4,34,4
F13594,F14,P01,true,4,34,4
F13599,F14,P01,true,4,34,4
F13601,F14,P01,true,4,34,4
F13608,F14,P01,true,4,34,4
F13636,F14,P01,true,4,34,4
F13643,F14,P01,true,4,34,4
F13648,F14,P01,true,4,34,4
F13649,F14,P01,true,4,34,4
F13655,F14,P01,true,4,34,4
F13666,F14,P01,true,4,34,4
F13685,F14,P01,true,4,34,4
F13690,F14,P01,true,4,34,4
F13697,F14,P01,true,4,34,4
F13700,F14,P01,true,4,34,4
F13713,F14,P01,true,4,34,4
F13746,F14,P01,true,4,34,4
F13755,F14,P01,true,4,34,4
F13768,F14,P01,true,4,34,4
F13805,F14,P01,true,4,34,4
F13837,F14,P01,true,4,34,4
F13844,F14,P01,true,4,34,4
F13852,F14,P01,true,4,34,4
F13865,F14,P01,true,4,34,4
F13872,F14,P01,true,4,34,4
F13876,F14,P01,true,4,34,4
F13879,F14,P01,true,4,34,4
F13892,F14,P01,true,4,34,4
F13907,F14,P01,true,4,34,4
F13909,F14,P01,true,4,34,4
F13911,F14,P01,true,4,34,4
F13915,F14,P01,true,4,34,4
F13935,F14,P01,true,4,34,4
F13957,F14,P01,true,4,34,4
F13977,F14,P01,true,4,34,4
F13982,F14,P01,true,4,34,4
F13986,F14,P01,true,4,34,4
F14014,F14,P01,true,4,34,4
F14022,F14,P01,true,4,34,4
F14048,F14,P01,true,4,34,4
F14059,F14,P01,true,4,34,4
F14070,F14,P01,true,4,34,4
F14071,F14,P01,true,4,34,4
F14085,F14,P01,true,4,34,4
F14099,F14,P01,true,4,34,4
F14116,F14,P01,true,4,34,4
F14129,F14,P01,true,4,34,4
F14148,F14,P01,true,4,34,4
F14155,F14,P01,true,4,34,4
F14163,F14,P01,true,4,34,4
F14165,F14,P01,true,4,34,4
F14169,F14,P01,true,4,34,4
F14191,F14,P01,true,4,34,4
F14199,F14,P01,true,4,34,4
F14218,F14,P01,true,4,34,4
F14243,F14,P01,true,4,34,4
F14250,F14,P01,true,4,34,4
F14254,F14,P01,true,4,34,4
F14271,F14,P01,true,4,34,4
F14273,F14,P01,true,4,34,4
F14278,F14,P01,true,4,34,4
F14286,F14,P01,true,4,34,4
F14289,F14,P01,true,4,34,4
F14313,F14,P01,true,4,34,4
F14321,F14,P01,true,4,34,4
F14322,F14,P01,true,4,34,4
F14330,F14,P01,true,4,34,4
F14332,F14,P01,true,4,34,4
F14359,F15,P01,true,4,34,4
F14380,F15,P01,true,4,34,4
F14407,F15,P01,true,4,34,4
F14408,F15,P01,true,4,34,4
F14418,F15,P01,true,4,34,4
F14434,F15,P01,true,4,34,4
F14453,F15,P01,true,4,34,4
F14459,F15,P01,true,4,34,4
F14460,F15,P01,true,4,34,4
F14475,F15,P01,true,4,34,4
F14482,F15,P01,true,4,34,4
F14494,F15,P01,true,4,34,4
F14503,F15,P01,true,4,34,4
F14525,F15,P01,true,4,34,4
F14529,F15,P01,true,4,34,4
F14552,F15,P01,true,4,34,4
F14591,F15,P01,true,4,34,4
F14599,F15,P01,true,4,34,4
F14605,F15,P01,true,4,34,4
F14614,F15,P01,true,4,34,4
F14624,F15,P01,true,4,34,4
F14641,F15,P01,true,4,34,4
F14643,F15,P01,true,4,34,4
F14660,F15,P01,true,4,34,4
F14662,F15,P01,true,4,34,4
F14668,F15,P01,true,4,34,4
F14669,F15,P01,true,4,34,4
F14691,F15,P01,true,4,34,4
F14696,F15,P01,true,4,34,4
F14722,F15,P01,true,4,34,4
F14756,F15,P01,true,4,34,4
F14763,F15,P01,true,4,34,4
F14780,F15,P01,true,4,34,4
F14837,F15,P01,true,4,34,4
F14846,F15,P01,true,4,34,4
F14865,F15,P01,true,4,34,4
F14875,F15,P01,true,4,34,4
F14878,F15,P01,true,4,34,4
F14893,F15,P01,true,4,34,4
F14913,F15,P01,true,4,34,4
F14925,F15,P01,true,4,34,4
F14931,F15,P01,true,4,34,4
F14938,F15,P01,true,4,34,4
F14957,F15,P01,true,4,34,4
F14967,F15,P01,true,4,34,4
F14979,F15,P01,true,4,34,4
F15008,F15,P01,true,4,34,4
F15037,F15,P01,true,4,34,4
F15040,F15,P01,true,4,34,4
F15044,F15,P01,true,4,34,4
F15069,F15,P01,true,4,34,4
F15076,F15,P01,true,4,34,4
F15079,F15,P01,true,4,34,4
F15086,F15,P01,true,4,34,4
F15088,F15,P01,true,4,34,4
F15092,F15,P01,true,4,34,4
F15093,F15,P01,true,4,34,4
F15106,F15,P01,true,4,34,4
F15120,F15,P01,true,4,34,4
F15128,F15,P01,true,4,34,4
F15141,F15,P01,true,4,34,4
F15156,F15,P01,true,4,34,4
F15165,F15,P01,true,4,34,4
F15188,F15,P01,true,4,34,4
F15191,F15,P01,true,4,34,4
F15289,F15,P01,true,4,34,4
F15303,F15,P01,true,4,34,4
F15304,F15,P01,true,4,34,4
F15319,F15,P01,true,4,34,4
F15335,F15,P01,true,4,34,4
F15337,F15,P01,true,4,34,4
F15348,F15,P01,true,4,34,4
F15349,F15,P01,true,4,34,4
F15361,F16,P01,true,4,34,4
F15373,F16,P01,true,4,34,4
F15377,F16,P01,true,4,34,4
F15384,F16,P01,true,4,34,4
F15389,F16,P01,true,4,34,4
F15402,F16,P01,true,4,34,4
F15404,F16,P01,true,4,34,4
F15408,F16,P01,true,4,34,4
F15413,F16,P01,true,4,34,4
F15418,F16,P01,true,4,34,4
F15437,F16,P01,true,4,34,4
F15454,F16,P01,true,4,34,4
F15463,F16,P01,true,4,34,4
F15468,F16,P01,true,4,34,4
F15485,F16,P01,true,4,34,4
F15494,F16,P01,true,4,34,4
F15545,F16,P01,true,4,34,4
F15567,F16,P01,true,4,34,4
F15579,F16,P01,true,4,34,4
F15583,F16,P01,true,4,34,4
F15592,F16,P01,true,4,34,4
F15621,F16,P01,true,4,34,4
F15648,F16,P01,true,4,34,4
F15677,F16,P01,true,4,34,4
F15681,F16,P01,true,4,34,4
F15724,F16,P01,true,4,34,4
F15726,F16,P01,true,4,34,4
F15732,F16,P01,true,4,34,4
F15741,F16,P01,true,4,34,4
F15761,F16,P01,true,4,34,4
F15797,F16,P01,true,4,34,4
F15816,F16,P01,true,4,34,4
F15826,F16,P01,true,4,34,4
F15862,F16,P01,true,4,34,4
F15865,F16,P01,true,4,34,4
F15873,F16,P01,true,4,34,4
F15875,F16,P01,true,4,34,4
F15882,F16,P01,true,4,34,4
F15899,F16,P01,true,4,34,4
F15909,F16,P01,true,4,34,4
F15937,F16,P01,true,4,34,4
F15964,F16,P01,true,4,34,4
F15971,F16,P01,true,4,34,4
F15973,F16,P01,true,4,34,4
F16001,F16,P01,true,4,34,4
F16004,F16,P01,true,4,34,4
F16012,F16,P01,true,4,34,4
F16029,F16,P01,true,4,34,4
F16035,F16,P01,true,4,34,4
F16055,F16,P01,true,4,34,4
F16076,F16,P01,true,4,34,4
F16084,F16,P01,true,4,34,4
F16086,F16,P01,true,4,34,4
F16089,F16,P01,true,4,34,4
F16092,F16,P01,true,4,34,4
F16128,F16,P01,true,4,34,4
F16160,F16,P01,true,4,34,4
F16161,F16,P01,true,4,34,4
F16163,F16,P01,true,4,34,4
F16166,F16,P01,true,4,34,4
F16179,F16,P01,true,4,34,4
F16233,F16,P01,true,4,34,4
F16268,F16,P01,true,4,34,4
F16276,F16,P01,true,4,34,4
F16307,F16,P01,true,4,34,4
F16330,F16,P01,true,4,34,4
F16332,F16,P01,true,4,34,4
F16344,F16,P01,true,4,34,4
F16354,F16,P01,true,4,34,4
F16362,F16,P01,true,4,34,4
F16382,F16,P01,true,4,34,4
F16487,F17,P01,true,4,34,4
F16534,F17,P01,true,4,34,4
F16543,F17,P01,true,4,34,4
F16545,F17,P01,true,4,34,4
F16593,F17,P01,true,4,34,4
F16936,F17,P01,true,4,34,4
F16965,F17,P01,true,4,34,4
F17078,F17,P01,true,4,34,4
F17181,F17,P01,true,4,34,4
F17201,F17,P01,true,4,34,4
F17205,F17,P01,true,4,34,4
F17454,F18,P01,true,4,34,4
F17505,F18,P01,true,4,34,4
F17583,F18,P01,true,4,34,4
F17924,F18,P01,true,4,34,4
F17995,F18,P01,true,4,34,4
F18018,F18,P01,true,4,34,4
F18077,F18,P01,true,4,34,4
F18169,F18,P01,true,4,34,4
F18175,F18,P01,true,4,34,4
F18206,F18,P01,true,4,34,4
F18271,F18,P01,true,4,34,4
F18359,F18,P01,true,4,34,4
F18365,F18,P01,true,4,34,4
F18366,F18,P01,true,4,34,4
F18410,F18,P01,true,4,34,4
F18529,F19,P01,true,4,34,4
F18573,F19,P01,true,4,34,4
F18617,F19,P01,true,4,34,4
F18681,F19,P01,true,4,34,4
F18690,F19,P01,true,4,34,4
F18695,F19,P01,true,4,34,4
F18717,F19,P01,true,4,34,4
F18732,F19,P01,true,4,34,4
F18752,F19,P01,true,4,34,4
F18830,F19,P01,true,4,34,4
F18865,F19,P01,true,4,34,4
F18882,F19,P01,true,4,34,4
F18944,F19,P01,true,4,34,4
F19114,F19,P01,true,4,34,4
F19137,F19,P01,true,4,34,4
F19234,F19,P01,true,4,34,4
F19317,F19,P01,true,4,34,4
F19318,F19,P01,true,4,34,4
F19429,F19,P01,true,4,34,4
F19480,F20,P01,true,4,34,4
F19493,F20,P01,true,4,34,4
F19579,F20,P01,true,4,34,4
F19580,F20,P01,true,4,34,4
F19625,F20,P01,true,4,34,4
F19666,F20,P01,true,4,34,4
F19686,F20,P01,true,4,34,4
F19739,F20,P01,true,4,34,4
F19756,F20,P01,true,4,34,4
F19857,F20,P01,true,4,34,4
F19901,F20,P01,true,4,34,4
F19910,F20,P01,true,4,34,4
F19981,F20,P01,true,4,34,4
F20032,F20,P01,true,4,34,4
F20092,F20,P01,true,4,34,4
F20136,F20,P01,true,4,34,4
F20145,F20,P01,true,4,34,4
F20146,F20,P01,true,4,34,4
F20156,F20,P01,true,4,34,4
F20200,F20,P01,true,4,34,4
F20323,F20,P01,true,4,34,4
F20495,F21,P01,true,4,34,4
F20501,F21,P01,true,4,34,4
F20505,F21,P01,true,4,34,4
F20519,F21,P01,true,4,34,4
F20554,F21,P01,true,4,34,4
F20567,F21,P01,true,4,34,4
F20572,F21,P01,true,4,34,4
F20583,F21,P01,true,4,34,4
F20611,F21,P01,true,4,34,4
F20616,F21,P01,true,4,34,4
F20623,F21,P01,true,4,34,4
F20625,F21,P01,true,4,34,4
F20628,F21,P01,true,4,34,4
F20672,F21,P01,true,4,34,4
F20674,F21,P01,true,4,34,4
F20681,F21,P01,true,4,34,4
F20682,F21,P01,true,4,34,4
F20683,F21,P01,true,4,34,4
F20724,F21,P01,true,4,34,4
F20746,F21,P01,true,4,34,4
F20790,F21,P01,true,4,34,4
F20806,F21,P01,true,4,34,4
F20862,F21,P01,true,4,34,4
F20912,F21,P01,true,4,34,4
F20917,F21,P01,true,4,34,4
F20953,F21,P01,true,4,34,4
F20959,F21,P01,true,4,34,4
F20962,F21,P01,true,4,34,4
F20971,F21,P01,true,4,34,4
F21010,F21,P01,true,4,34,4
F21019,F21,P01,true,4,34,4
F21025,F21,P01,true,4,34,4
F21027,F21,P01,true,4,34,4
F21035,F21,P01,true,4,34,4
F21037,F21,P01,true,4,34,4
F21080,F21,P01,true,4,34,4
F21082,F21,P01,true,4,34,4
F21086,F21,P01,true,4,34,4
F21134,F21,P01,true,4,34,4
F21135,F21,P01,true,4,34,4
F21178,F21,P01,true,4,34,4
F21193,F21,P01,true,4,34,4
F21194,F21,P01,true,4,34,4
F21201,F21,P01,true,4,34,4
F21210,F21,P01,true,4,34,4
F21251,F21,P01,true,4,34,4
F21289,F21,P01,true,4,34,4
F21300,F21,P01,true,4,34,4
F21321,F21,P01,true,4,34,4
F21367,F21,P01,true,4,34,4
F21375,F21,P01,true,4,34,4
F21381,F21,P01,true,4,34,4
F21415,F21,P01,true,4,34,4
F21416,F21,P01,true,4,34,4
F21424,F21,P01,true,4,34,4
F21463,F21,P01,true,4,34,4
F21526,F22,P01,true,4,34,4
F21592,F22,P01,true,4,34,4
F21594,F22,P01,true,4,34,4
F21602,F22,P01,true,4,34,4
F21634,F22,P01,true,4,34,4
F21698,F22,P01,true,4,34,4
F21713,F22,P01,true,4,34,4
F21759,F22,P01,true,4,34,4
F21766,F22,P01,true,4,34,4
F21771,F22,P01,true,4,34,4
F21824,F22,P01,true,4,34,4
F21828,F22,P01,true,4,34,4
F21833,F22,P01,true,4,34,4
F21866,F22,P01,true,4,34,4
F21880,F22,P01,true,4,34,4
F21881,F22,P01,true,4,34,4
F21918,F22,P01,true,4,34,4
F21920,F22,P01,true,4,34,4
F21993,F22,P01,true,4,34,4
F21998,F22,P01,true,4,34,4
F22042,F22,P01,true,4,34,4
F22047,F22,P01,true,4,34,4
F22096,F22,P01,true,4,34,4
F22119,F22,P01,true,4,34,4
F22155,F22,P01,true,4,34,4
F22159,F22,P01,true,4,34,4
F22164,F22,P01,true,4,34,4
F22205,F22,P01,true,4,34,4
F22206,F22,P01,true,4,34,4
F22209,F22,P01,true,4,34,4
F22224,F22,P01,true,4,34,4
F22279,F22,P01,true,4,34,4
F22323,F22,P01,true,4,34,4
F22328,F22,P01,true,4,34,4
F22339,F22,P01,true,4,34,4
F22343,F22,P01,true,4,34,4
F22345,F22,P01,true,4,34,4
F22386,F22,P01,true,4,34,4
F22387,F22,P01,true,4,34,4
F22435,F22,P01,true,4,34,4
F22446,F22,P01,true,4,34,4
F22458,F22,P01,true,4,34,4
F22488,F22,P01,true,4,34,4
F22514,F22,P01,true,4,34,4
F22546,F23,P01,true,4,34,4
F22559,F23,P01,true,4,34,4
F22616,F23,P01,true,4,34,4
F22619,F23,P01,true,4,34,4
F22630,F23,P01,true,4,34,4
F22681,F23,P01,true,4,34,4
F22687,F23,P01,true,4,34,4
F22721,F23,P01,true,4,34,4
F22723,F23,P01,true,4,34,4
F22724,F23,P01,true,4,34,4
F22744,F23,P01,true,4,34,4
F22788,F23,P01,true,4,34,4
F22789,F23,P01,true,4,34,4
F22795,F23,P01,true,4,34,4
F22797,F23,P01,true,4,34,4
F22798,F23,P01,true,4,34,4
F22837,F23,P01,true,4,34,4
F22843,F23,P01,true,4,34,4
F22853,F23,P01,true,4,34,4
F22891,F23,P01,true,4,34,4
F22893,F23,P01,true,4,34,4
F22897,F23,P01,true,4,34,4
F22942,F23,P01,true,4,34,4
F22950,F23,P01,true,4,34,4
F22957,F23,P01,true,4,34,4
F22972,F23,P01,true,4,34,4
F23074,F23,P01,true,4,34,4
F23081,F23,P01,true,4,34,4
F23114,F23,P01,true,4,34,4
F23124,F23,P01,true,4,34,4
F23139,F23,P01,true,4,34,4
F23254,F23,P01,true,4,34,4
F23289,F23,P01,true,4,34,4
F23294,F23,P01,true,4,34,4
F23303,F23,P01,true,4,34,4
F23305,F23,P01,true,4,34,4
F23310,F23,P01,true,4,34,4
F23344,F23,P01,true,4,34,4
F23356,F23,P01,true,4,34,4
F23360,F23,P01,true,4,34,4
F23399,F23,P01,true,4,34,4
F23417,F23,P01,true,4,34,4
F23420,F23,P01,true,4,34,4
F23422,F23,P01,true,4,34,4
F23470,F23,P01,true,4,34,4
F23514,F23,P01,true,4,34,4
F23516,F23,P01,true,4,34,4
F23591,F24,P01,true,4,34,4
F23632,F24,P01,true,4,34,4
F23638,F24,P01,true,4,34,4
F23642,F24,P01,true,4,34,4
F23688,F24,P01,true,4,34,4
F23690,F24,P01,true,4,34,4
F23691,F24,P01,true,4,34,4
F23764,F24,P01,true,4,34,4
F23765,F24,P01,true,4,34,4
F23803,F24,P01,true,4,34,4
F23814,F24,P01,true,4,34,4
F23818,F24,P01,true,4,34,4
F23855,F24,P01,true,4,34,4
F23863,F24,P01,true,4,34,4
F23868,F24,P01,true,4,34,4
F23913,F24,P01,true,4,34,4
F23922,F24,P01,true,4,34,4
F23927,F24,P01,true,4,34,4
F23974,F24,P01,true,4,34,4
F24039,F24,P01,true,4,34,4
F24045,F24,P01,true,4,34,4
F24081,F24,P01,true,4,34,4
F24150,F24,P01,true,4,34,4
F24153,F24,P01,true,4,34,4
F24259,F24,P01,true,4,34,4
F24275,F24,P01,true,4,34,4
F24329,F24,P01,true,4,34,4
F24376,F24,P01,true,4,34,4
F24378,F24,P01,true,4,34,4
F24382,F24,P01,true,4,34,4
F24385,F24,P01,true,4,34,4
F24387,F24,P01,true,4,34,4
F24500,F24,P01,true,4,34,4
F24540,F24,P01,true,4,34,4
F24544,F24,P01,true,4,34,4
F00010,F01,P01,true,3,34,4
F00017,F01,P01,true,3,34,4
F00028,F01,P01,true,3,34,4
F00038,F01,P01,true,3,34,4
F00067,F01,P01,true,3,34,4
F00074,F01,P01,true,3,34,4
F00084,F01,P01,true,3,34,4
F00089,F01,P01,true,3,34,4
F00105,F01,P01,true,3,34,4
F00117,F01,P01,true,3,34,4
F00131,F01,P01,true,3,34,4
F00153,F01,P01,true,3,34,4
F00207,F01,P01,true,3,34,4
F00238,F01,P01,true,3,34,4
F00248,F01,P01,true,3,34,4
F00300,F01,P01,true,3,34,4
F00315,F01,P01,true,3,34,4
F00335,F01,P01,true,3,34,4
F00336,F01,P01,true,3,34,4
F00356,F01,P01,true,3,34,4
F00368,F01,P01,true,3,34,4
F00393,F01,P01,true,3,34,4
F00404,F01,P01,true,3,34,4
F00420,F01,P01,true,3,34,4
F00431,F01,P01,true,3,34,4
F00461,F01,P01,true,3,34,4
F00468,F01,P01,true,3,34,4
F00473,F01,P01,true,3,34,4
F00481,F01,P01,true,3,34,4
F00545,F01,P01,true,3,34,4
F00549,F01,P01,true,3,34,4
F00557,F01,P01,true,3,34,4
F00572,F01,P01,true,3,34,4
F00608,F01,P01,true,3,34,4
F00630,F01,P01,true,3,34,4
F00640,F01,P01,true,3,34,4
F00682,F01,P01,true,3,34,4
F00694,F01,P01,true,3,34,4
F00721,F01,P01,true,3,34,4
F00743,F01,P01,true,3,34,4
F00775,F01,P01,true,3,34,4
F00778,F01,P01,true,3,34,4
F00797,F01,P01,true,3,34,4
F00798,F01,P01,true,3,34,4
F00806,F01,P01,true,3,34,4
F00815,F01,P01,true,3,34,4
F00840,F01,P01,true,3,34,4
F00855,F01,P01,true,3,34,4
F00875,F01,P01,true,3,34,4
F00886,F01,P01,true,3,34,4
F00888,F01,P01,true,3,34,4
F00900,F01,P01,true,3,34,4
F00934,F01,P01,true,3,34,4
F00956,F01,P01,true,3,34,4
F00992,F01,P01,true,3,34,4
F01008,F01,P01,true,3,34,4
F01010,F01,P01,true,3,34,4
F01017,F01,P01,true,3,34,4
F01045,F02,P01,true,3,34,4
F01060,F02,P01,true,3,34,4
F01067,F02,P01,true,3,34,4
F01082,F02,P01,true,3,34,4
F01113,F02,P01,true,3,34,4
F01123,F02,P01,true,3,34,4
F01143,F02,P01,true,3,34,4
F01149,F02,P01,true,3,34,4
F01179,F02,P01,true,3,34,4
F01199,F02,P01,true,3,34,4
F01216,F02,P01,true,3,34,4
F01233,F02,P01,true,3,34,4
F01244,F02,P01,true,3,34,4
F01281,F02,P01,true,3,34,4
F01282,F02,P01,true,3,34,4
F01285,F02,P01,true,3,34,4
F01295,F02,P01,true,3,34,4
F01302,F02,P01,true,3,34,4
F01344,F02,P01,true,3,34,4
F01347,F02,P01,true,3,34,4
F01354,F02,P01,true,3,34,4
F01402,F02,P01,true,3,34,4
F01412,F02,P01,true,3,34,4
F01417,F02,P01,true,3,34,4
F01419,F02,P01,true,3,34,4
F01444,F02,P01,true,3,34,4
F01463,F02,P01,true,3,34,4
F01525,F02,P01,true,3,34,4
F01527,F02,P01,true,3,34,4
F01547,F02,P01,true,3,34,4
F01550,F02,P01,true,3,34,4
F01566,F02,P01,true,3,34,4
F01640,F02,P01,true,3,34,4
F01649,F02,P01,true,3,34,4
F01654,F02,P01,true,3,34,4
F01672,F02,P01,true,3,34,4
F01709,F02,P01,true,3,34,4
F01715,F02,P01,true,3,34,4
F01751,F02,P01,true,3,34,4
F01759,F02,P01,true,3,34,4
F01782,F02,P01,true,3,34,4
F01789,F02,P01,true,3,34,4
F01812,F02,P01,true,3,34,4
F01816,F02,P01,true,3,34,4
F01819,F02,P01,true,3,34,4
F01866,F02,P01,true,3,34,4
F01881,F02,P01,true,3,34,4
F01914,F02,P01,true,3,34,4
F01917,F02,P01,true,3,34,4
F01940,F02,P01,true,3,34,4
F01958,F02,P01,true,3,34,4
F01973,F02,P01,true,3,34,4
F02003,F02,P01,true,3,34,4
F02045,F02,P01,true,3,34,4
F02085,F03,P01,true,3,34,4
F02094,F03,P01,true,3,34,4
F02131,F03,P01,true,3,34,4
F02132,F03,P01,true,3,34,4
F02140,F03,P01,true,3,34,4
F02145,F03,P01,true,3,34,4
F02179,F03,P01,true,3,34,4
F02214,F03,P01,true,3,34,4
F02227,F03,P01,true,3,34,4
F02234,F03,P01,true,3,34,4
F02251,F03,P01,true,3,34,4
F02261,F03,P01,true,3,34,4
F02295,F03,P01,true,3,34,4
F02335,F03,P01,true,3,34,4
F02350,F03,P01,true,3,34,4
F02441,F03,P01,true,3,34,4
F02452,F03,P01,true,3,34,4
F02453,F03,P01,true,3,34,4
F02460,F03,P01,true,3,34,4
F02464,F03,P01,true,3,34,4
F02542,F03,P01,true,3,34,4
F02559,F03,P01,true,3,34,4
F02575,F03,P01,true,3,34,4
F02604,F03,P01,true,3,34,4
F02608,F03,P01,true,3,34,4
F02614,F03,P01,true,3,34,4
F02623,F03,P01,true,3,34,4
F02637,F03,P01,true,3,34,4
F02645,F03,P01,true,3,34,4
F02657,F03,P01,true,3,34,4
F02676,F03,P01,true,3,34,4
F02688,F03,P01,true,3,34,4
F02699,F03,P01,true,3,34,4
F02723,F03,P01,true,3,34,4
F02761,F03,P01,true,3,34,4
F02766,F03,P01,true,3,34,4
F02770,F03,P01,true,3,34,4
F02805,F03,P01,true,3,34,4
F02865,F03,P01,true,3,34,4
F02894,F03,P01,true,3,34,4
F02935,F03,P01,true,3,34,4
F02937,F03,P01,true,3,34,4
F02940,F03,P01,true,3,34,4
F02950,F03,P01,true,3,34,4
F02978,F03,P01,true,3,34,4
F02987,F03,P01,true,3,34,4
F02995,F03,P01,true,3,34,4
F03004,F03,P01,true,3,34,4
F03005,F03,P01,true,3,34,4
F03010,F03,P01,true,3,34,4
F03048,F03,P01,true,3,34,4
F03061,F03,P01,true,3,34,4
F03091,F04,P01,true,3,34,4
F03155,F04,P01,true,3,34,4
F03215,F04,P01,true,3,34,4
F03256,F04,P01,true,3,34,4
F03270,F04,P01,true,3,34,4
F03280,F04,P01,true,3,34,4
F03291,F04,P01,true,3,34,4
F03334,F04,P01,true,3,34,4
F03394,F04,P01,true,3,34,4
F03440,F04,P01,true,3,34,4
F03481,F04,P01,true,3,34,4
F03513,F04,P01,true,3,34,4
F03551,F04,P01,true,3,34,4
F03596,F04,P01,true,3,34,4
F03611,F04,P01,true,3,34,4
F03636,F04,P01,true,3,34,4
F03670,F04,P01,true,3,34,4
F03690,F04,P01,true,3,34,4
F03724,F04,P01,true,3,34,4
F03734,F04,P01,true,3,34,4
F03744,F04,P01,true,3,34,4
F03772,F04,P01,true,3,34,4
F03780,F04,P01,true,3,34,4
F03803,F04,P01,true,3,34,4
F03837,F04,P01,true,3,34,4
F03843,F04,P01,true,3,34,4
F03846,F04,P01,true,3,34,4
F03854,F04,P01,true,3,34,4
F03890,F04,P01,true,3,34,4
F03895,F04,P01,true,3,34,4
F03902,F04,P01,true,3,34,4
F03947,F04,P01,true,3,34,4
F03974,F04,P01,true,3,34,4
F04067,F04,P01,true,3,34,4
F04068,F04,P01,true,3,34,4
F04078,F04,P01,true,3,34,4
F04099,F05,P01,true,3,34,4
F04101,F05,P01,true,3,34,4
F04113,F05,P01,true,3,34,4
F04125,F05,P01,true,3,34,4
F04127,F05,P01,true,3,34,4
F04143,F05,P01,true,3,34,4
F04146,F05,P01,true,3,34,4
F04156,F05,P01,true,3,34,4
F04161,F05,P01,true,3,34,4
F04186,F05,P01,true,3,34,4
F04192,F05,P01,true,3,34,4
F04209,F05,P01,true,3,34,4
F04212,F05,P01,true,3,34,4
F04225,F05,P01,true,3,34,4
F04244,F05,P01,true,3,34,4
F04254,F05,P01,true,3,34,4
F04276,F05,P01,true,3,34,4
F04304,F05,P01,true,3,34,4
F04305,F05,P01,true,3,34,4
F04312,F05,P01,true,3,34,4
F04317,F05,P01,true,3,34,4
F04330,F05,P01,true,3,34,4
F04349,F05,P01,true,3,34,4
F04357,F05,P01,true,3,34,4
F04358,F05,P01,true,3,34,4
F04367,F05,P01,true,3,34,4
F04370,F05,P01,true,3,34,4
F04385,F05,P01,true,3,34,4
F04392,F05,P01,true,3,34,4
F04396,F05,P01,true,3,34,4
F04402,F05,P01,true,3,34,4
F04404,F05,P01,true,3,34,4
F04411,F05,P01,true,3,34,4
F04412,F05,P01,true,3,34,4
F04415,F05,P01,true,3,34,4
F04425,F05,P01,true,3,34,4
F04453,F05,P01,true,3,34,4
F04465,F05,P01,true,3,34,4
F04466,F05,P01,true,3,34,4
F04469,F05,P01,true,3,34,4
F04475,F05,P01,true,3,34,4
F04479,F05,P01,true,3,34,4
F04484,F05,P01,true,3,34,4
F04492,F05,P01,true,3,34,4
F04521,F05,P01,true,3,34,4
F04525,F05,P01,true,3,34,4
F04542,F05,P01,true,3,34,4
F04560,F05,P01,true,3,34,4
F04589,F05,P01,true,3,34,4
F04591,F05,P01,true,3,34,4
F04596,F05,P01,true,3,34,4
F04607,F05,P01,true,3,34,4
F04619,F05,P01,true,3,34,4
F04641,F05,P01,true,3,34,4
F04642,F05,P01,true,3,34,4
F04644,F05,P01,true,3,34,4
F04648,F05,P01,true,3,34,4
F04667,F05,P01,true,3,34,4
F04668,F05,P01,true,3,34,4
F04675,F05,P01,true,3,34,4
F04680,F05,P01,true,3,34,4
F04702,F05,P01,true,3,34,4
F04711,F05,P01,true,3,34,4
F04722,F05,P01,true,3,34,4
F04757,F05,P01,true,3,34,4
F04783,F05,P01,true,3,34,4
F04787,F05,P01,true,3,34,4
F04788,F05,P01,true,3,34,4
F04792,F05,P01,true,3,34,4
F04799,F05,P01,true,3,34,4
F04801,F05,P01,true,3,34,4
F04804,F05,P01,true,3,34,4
F04806,F05,P01,true,3,34,4
F04809,F05,P01,true,3,34,4
F04812,F05,P01,true,3,34,4
F04822,F05,P01,true,3,34,4
F04840,F05,P01,true,3,34,4
F04856,F05,P01,true,3,34,4
F04865,F05,P01,true,3,34,4
F04871,F05,P01,true,3,34,4
F04880,F05,P01,true,3,34,4
F04891,F05,P01,true,3,34,4
F04897,F05,P01,true,3,34,4
F04936,F05,P01,true,3,34,4
F04963,F05,P01,true,3,34,4
F04964,F05,P01,true,3,34,4
F04967,F05,P01,true,3,34,4
F04971,F05,P01,true,3,34,4
F04989,F05,P01,true,3,34,4
F04991,F05,P01,true,3,34,4
F04998,F05,P01,true,3,34,4
F05004,F05,P01,true,3,34,4
F05015,F05,P01,true,3,34,4
F05027,F05,P01,true,3,34,4
F05044,F05,P01,true,3,34,4
F05074,F05,P01,true,3,34,4
F05084,F05,P01,true,3,34,4
F05089,F05,P01,true,3,34,4
F05090,F05,P01,true,3,34,4
F05100,F05,P01,true,3,34,4
F05124,F06,P01,true,3,34,4
F05126,F06,P01,true,3,34,4
F05132,F06,P01,true,3,34,4
F05137,F06,P01,true,3,34,4
F05183,F06,P01,true,3,34,4
F05189,F06,P01,true,3,34,4
F05190,F06,P01,true,3,34,4
F05196,F06,P01,true,3,34,4
F05207,F06,P01,true,3,34,4
F05228,F06,P01,true,3,34,4
F05261,F06,P01,true,3,34,4
F05264,F06,P01,true,3,34,4
F05278,F06,P01,true,3,34,4
F05285,F06,P01,true,3,34,4
F05288,F06,P01,true,3,34,4
F05302,F06,P01,true,3,34,4
F05304,F06,P01,true,3,34,4
F05311,F06,P01,true,3,34,4
F05312,F06,P01,true,3,34,4
F05318,F06,P01,true,3,34,4
F05328,F06,P01,true,3,34,4
F05329,F06,P01,true,3,34,4
F05336,F06,P01,true,3,34,4
F05338,F06,P01,true,3,34,4
F05345,F06,P01,true,3,34,4
F05353,F06,P01,true,3,34,4
F05367,F06,P01,true,3,34,4
F05375,F06,P01,true,3,34,4
F05377,F06,P01,true,3,34,4
F05403,F06,P01,true,3,34,4
F05409,F06,P01,true,3,34,4
F05410,F06,P01,true,3,34,4
F05417,F06,P01,true,3,34,4
F05423,F06,P01,true,3,34,4
F05430,F06,P01,true,3,34,4
F05431,F06,P01,true,3,34,4
F05440,F06,P01,true,3,34,4
F05442,F06,P01,true,3,34,4
F05443,F06,P01,true,3,34,4
F05446,F06,P01,true,3,34,4
F05447,F06,P01,true,3,34,4
F05453,F06,P01,true,3,34,4
F05455,F06,P01,true,3,34,4
F05461,F06,P01,true,3,34,4
F05462,F06,P01,true,3,34,4
F05471,F06,P01,true,3,34,4
F05474,F06,P01,true,3,34,4
F05497,F06,P01,true,3,34,4
F05501,F06,P01,true,3,34,4
F05505,F06,P01,true,3,34,4
F05513,F06,P01,true,3,34,4
F05516,F06,P01,true,3,34,4
F05518,F06,P01,true,3,34,4
F05531,F06,P01,true,3,34,4
F05546,F06,P01,true,3,34,4
F05555,F06,P01,true,3,34,4
F05559,F06,P01,true,3,34,4
F05562,F06,P01,true,3,34,4
F05569,F06,P01,true,3,34,4
F05583,F06,P01,true,3,34,4
F05591,F06,P01,true,3,34,4
F05605,F06,P01,true,3,34,4
F05606,F06,P01,true,3,34,4
F05609,F06,P01,true,3,34,4
F05610,F06,P01,true,3,34,4
F05620,F06,P01,true,3,34,4
F05630,F06,P01,true,3,34,4
F05634,F06,P01,true,3,34,4
F05647,F06,P01,true,3,34,4
F05671,F06,P01,true,3,34,4
F05674,F06,P01,true,3,34,4
F05698,F06,P01,true,3,34,4
F05736,F06,P01,true,3,34,4
F05739,F06,P01,true,3,34,4
F05750,F06,P01,true,3,34,4
F05751,F06,P01,true,3,34,4
F05766,F06,P01,true,3,34,4
F05772,F06,P01,true,3,34,4
F05775,F06,P01,true,3,34,4
F05776,F06,P01,true,3,34,4
F05795,F06,P01,true,3,34,4
F05822,F06,P01,true,3,34,4
F05831,F06,P01,true,3,34,4
F05833,F06,P01,true,3,34,4
F05846,F06,P01,true,3,34,4
F05849,F06,P01,true,3,34,4
F05853,F06,P01,true,3,34,4
F05854,F06,P01,true,3,34,4
F05862,F06,P01,true,3,34,4
F05864,F06,P01,true,3,34,4
F05877,F06,P01,true,3,34,4
F05885,F06,P01,true,3,34,4
F05887,F06,P01,true,3,34,4
F05910,F06,P01,true,3,34,4
F05913,F06,P01,true,3,34,4
F05930,F06,P01,true,3,34,4
F05934,F06,P01,true,3,34,4
F05940,F06,P01,true,3,34,4
F05959,F06,P01,true,3,34,4
F05961,F06,P01,true,3,34,4
F05962,F06,P01,true,3,34,4
F05963,F06,P01,true,3,34,4
F05973,F06,P01,true,3,34,4
F05988,F06,P01,true,3,34,4
F05994,F06,P01,true,3,34,4
F06024,F06,P01,true,3,34,4
F06026,F06,P01,true,3,34,4
F06029,F06,P01,true,3,34,4
F06030,F06,P01,true,3,34,4
F06037,F06,P01,true,3,34,4
F06041,F06,P01,true,3,34,4
F06053,F06,P01,true,3,34,4
F06067,F06,P01,true,3,34,4
F06085,F06,P01,true,3,34,4
F06089,F06,P01,true,3,34,4
F06092,F06,P01,true,3,34,4
F06094,F06,P01,true,3,34,4
F06103,F06,P01,true,3,34,4
F06112,F06,P01,true,3,34,4
F06117,F06,P01,true,3,34,4
F06119,F06,P01,true,3,34,4
F06124,F06,P01,true,3,34,4
F06125,F06,P01,true,3,34,4
F06126,F06,P01,true,3,34,4
F06140,F06,P01,true,3,34,4
F06144,F06,P01,true,3,34,4
F06158,F07,P01,true,3,34,4
F06164,F07,P01,true,3,34,4
F06168,F07,P01,true,3,34,4
F06181,F07,P01,true,3,34,4
F06186,F07,P01,true,3,34,4
F06211,F07,P01,true,3,34,4
F06220,F07,P01,true,3,34,4
F06221,F07,P01,true,3,34,4
F06237,F07,P01,true,3,34,4
F06243,F07,P01,true,3,34,4
F06250,F07,P01,true,3,34,4
F06251,F07,P01,true,3,34,4
F06253,F07,P01,true,3,34,4
F06316,F07,P01,true,3,34,4
F06365,F07,P01,true,3,34,4
F06378,F07,P01,true,3,34,4
F06385,F07,P01,true,3,34,4
F06391,F07,P01,true,3,34,4
F06392,F07,P01,true,3,34,4
F06408,F07,P01,true,3,34,4
F06423,F07,P01,true,3,34,4
F06438,F07,P01,true,3,34,4
F06450,F07,P01,true,3,34,4
F06456,F07,P01,true,3,34,4
F06495,F07,P01,true,3,34,4
F06499,F07,P01,true,3,34,4
F06506,F07,P01,true,3,34,4
F06512,F07,P01,true,3,34,4
F06527,F07,P01,true,3,34,4
F06540,F07,P01,true,3,34,4
F06550,F07,P01,true,3,34,4
F06574,F07,P01,true,3,34,4
F06583,F07,P01,true,3,34,4
F06584,F07,P01,true,3,34,4
F06597,F07,P01,true,3,34,4
F06630,F07,P01,true,3,34,4
F06685,F07,P01,true,3,34,4
F06706,F07,P01,true,3,34,4
F06712,F07,P01,true,3,34,4
F06745,F07,P01,true,3,34,4
F06750,F07,P01,true,3,34,4
F06752,F07,P01,true,3,34,4
F06767,F07,P01,true,3,34,4
F06786,F07,P01,true,3,34,4
F06787,F07,P01,true,3,34,4
F06802,F07,P01,true,3,34,4
F06812,F07,P01,true,3,34,4
F06819,F07,P01,true,3,34,4
F06872,F07,P01,true,3,34,4
F06876,F07,P01,true,3,34,4
F06879,F07,P01,true,3,34,4
F06881,F07,P01,true,3,34,4
F06888,F07,P01,true,3,34,4
F06891,F07,P01,true,3,34,4
F06894,F07,P01,true,3,34,4
F06907,F07,P01,true,3,34,4
F06929,F07,P01,true,3,34,4
F06932,F07,P01,true,3,34,4
F06936,F07,P01,true,3,34,4
F06951,F07,P01,true,3,34,4
F06953,F07,P01,true,3,34,4
F06955,F07,P01,true,3,34,4
F06961,F07,P01,true,3,34,4
F06964,F07,P01,true,3,34,4
F06969,F07,P01,true,3,34,4
F06972,F07,P01,true,3,34,4
F06981,F07,P01,true,3,34,4
F06984,F07,P01,true,3,34,4
F06990,F07,P01,true,3,34,4
F06992,F07,P01,true,3,34,4
F06994,F07,P01,true,3,34,4
F06996,F07,P01,true,3,34,4
F07016,F07,P01,true,3,34,4
F07026,F07,P01,true,3,34,4
F07050,F07,P01,true,3,34,4
F07051,F07,P01,true,3,34,4
F07056,F07,P01,true,3,34,4
F07058,F07,P01,true,3,34,4
F07080,F07,P01,true,3,34,4
F07096,F07,P01,true,3,34,4
F07106,F07,P01,true,3,34,4
F07137,F07,P01,true,3,34,4
F07139,F07,P01,true,3,34,4
F07144,F07,P01,true,3,34,4
F07150,F07,P01,true,3,34,4
F07166,F07,P01,true,3,34,4
F07170,F08,P01,true,3,34,4
F07171,F08,P01,true,3,34,4
F07181,F08,P01,true,3,34,4
F07185,F08,P01,true,3,34,4
F07189,F08,P01,true,3,34,4
F07195,F08,P01,true,3,34,4
F07203,F08,P01,true,3,34,4
F07212,F08,P01,true,3,34,4
F07232,F08,P01,true,3,34,4
F07236,F08,P01,true,3,34,4
F07238,F08,P01,true,3,34,4
F07240,F08,P01,true,3,34,4
F07244,F08,P01,true,3,34,4
F07262,F08,P01,true,3,34,4
F07264,F08,P01,true,3,34,4
F07270,F08,P01,true,3,34,4
F07290,F08,P01,true,3,34,4
F07301,F08,P01,true,3,34,4
F07350,F08,P01,true,3,34,4
F07360,F08,P01,true,3,34,4
F07387,F08,P01,true,3,34,4
F07395,F08,P01,true,3,34,4
F07402,F08,P01,true,3,34,4
F07405,F08,P01,true,3,34,4
F07408,F08,P01,true,3,34,4
F07425,F08,P01,true,3,34,4
F07440,F08,P01,true,3,34,4
F07455,F08,P01,true,3,34,4
F07460,F08,P01,true,3,34,4
F07466,F08,P01,true,3,34,4
F07482,F08,P01,true,3,34,4
F07501,F08,P01,true,3,34,4
F07503,F08,P01,true,3,34,4
F07510,F08,P01,true,3,34,4
F07511,F08,P01,true,3,34,4
F07514,F08,P01,true,3,34,4
F07525,F08,P01,true,3,34,4
F07542,F08,P01,true,3,34,4
F07545,F08,P01,true,3,34,4
F07557,F08,P01,true,3,34,4
F07571,F08,P01,true,3,34,4
F07573,F08,P01,true,3,34,4
F07594,F08,P01,true,3,34,4
F07610,F08,P01,true,3,34,4
F07615,F08,P01,true,3,34,4
F07623,F08,P01,true,3,34,4
F07626,F08,P01,true,3,34,4
F07641,F08,P01,true,3,34,4
F07665,F08,P01,true,3,34,4
F07669,F08,P01,true,3,34,4
F07676,F08,P01,true,3,34,4
F07686,F08,P01,true,3,34,4
F07688,F08,P01,true,3,34,4
F07695,F08,P01,true,3,34,4
F07703,F08,P01,true,3,34,4
F07706,F08,P01,true,3,34,4
F07708,F08,P01,true,3,34,4
F07722,F08,P01,true,3,34,4
F07732,F08,P01,true,3,34,4
F07741,F08,P01,true,3,34,4
F07742,F08,P01,true,3,34,4
F07747,F08,P01,true,3,34,4
F07752,F08,P01,true,3,34,4
F07774,F08,P01,true,3,34,4
F07782,F08,P01,true,3,34,4
F07798,F08,P01,true,3,34,4
F07807,F08,P01,true,3,34,4
F07808,F08,P01,true,3,34,4
F07809,F08,P01,true,3,34,4
F07810,F08,P01,true,3,34,4
F07817,F08,P01,true,3,34,4
F07825,F08,P01,true,3,34,4
F07837,F08,P01,true,3,34,4
F07858,F08,P01,true,3,34,4
F07859,F08,P01,true,3,34,4
F07862,F08,P01,true,3,34,4
F07880,F08,P01,true,3,34,4
F07886,F08,P01,true,3,34,4
F07928,F08,P01,true,3,34,4
F07939,F08,P01,true,3,34,4
F07945,F08,P01,true,3,34,4
F07946,F08,P01,true,3,34,4
F07967,F08,P01,true,3,34,4
F08000,F08,P01,true,3,34,4
F08008,F08,P01,true,3,34,4
F08014,F08,P01,true,3,34,4
F08026,F08,P01,true,3,34,4
F08041,F08,P01,true,3,34,4
F08048,F08,P01,true,3,34,4
F08080,F08,P01,true,3,34,4
F08084,F08,P01,true,3,34,4
F08086,F08,P01,true,3,34,4
F08104,F08,P01,true,3,34,4
F08118,F08,P01,true,3,34,4
F08123,F08,P01,true,3,34,4
F08127,F08,P01,true,3,34,4
F08129,F08,P01,true,3,34,4
F08130,F08,P01,true,3,34,4
F08146,F08,P01,true,3,34,4
F08148,F08,P01,true,3,34,4
F08156,F08,P01,true,3,34,4
F08160,F08,P01,true,3,34,4
F08165,F08,P01,true,3,34,4
F08176,F08,P01,true,3,34,4
F08183,F08,P01,true,3,34,4
F08190,F08,P01,true,3,34,4
F08225,F09,P01,true,3,34,4
F08238,F09,P01,true,3,34,4
F08239,F09,P01,true,3,34,4
F08242,F09,P01,true,3,34,4
F08243,F09,P01,true,3,34,4
F08257,F09,P01,true,3,34,4
F08258,F09,P01,true,3,34,4
F08264,F09,P01,true,3,34,4
F08270,F09,P01,true,3,34,4
F08284,F09,P01,true,3,34,4
F08305,F09,P01,true,3,34,4
F08323,F09,P01,true,3,34,4
F08325,F09,P01,true,3,34,4
F08326,F09,P01,true,3,34,4
F08330,F09,P01,true,3,34,4
F08338,F09,P01,true,3,34,4
F08345,F09,P01,true,3,34,4
F08348,F09,P01,true,3,34,4
F08349,F09,P01,true,3,34,4
F08355,F09,P01,true,3,34,4
F08361,F09,P01,true,3,34,4
F08386,F09,P01,true,3,34,4
F08419,F09,P01,true,3,34,4
F08429,F09,P01,true,3,34,4
F08433,F09,P01,true,3,34,4
F08437,F09,P01,true,3,34,4
F08454,F09,P01,true,3,34,4
F08464,F09,P01,true,3,34,4
F08479,F09,P01,true,3,34,4
F08501,F09,P01,true,3,34,4
F08507,F09,P01,true,3,34,4
F08511,F09,P01,true,3,34,4
F08567,F09,P01,true,3,34,4
F08569,F09,P01,true,3,34,4
F08578,F09,P01,true,3,34,4
F08583,F09,P01,true,3,34,4
F08589,F09,P01,true,3,34,4
F08602,F09,P01,true,3,34,4
F08606,F09,P01,true,3,34,4
F08614,F09,P01,true,3,34,4
F08647,F09,P01,true,3,34,4
F08652,F09,P01,true,3,34,4
F08670,F09,P01,true,3,34,4
F08671,F09,P01,true,3,34,4
F08675,F09,P01,true,3,34,4
F08677,F09,P01,true,3,34,4
F08684,F09,P01,true,3,34,4
F08705,F09,P01,true,3,34,4
F08706,F09,P01,true,3,34,4
F08709,F09,P01,true,3,34,4
F08729,F09,P01,true,3,34,4
F08790,F09,P01,true,3,34,4
F08794,F09,P01,true,3,34,4
F08802,F09,P01,true,3,34,4
F08812,F09,P01,true,3,34,4
F08822,F09,P01,true,3,34,4
F08826,F09,P01,true,3,34,4
F08827,F09,P01,true,3,34,4
F08829,F09,P01,true,3,34,4
F08832,F09,P01,true,3,34,4
F08833,F09,P01,true,3,34,4
F08870,F09,P01,true,3,34,4
F08874,F09,P01,true,3,34,4
F08910,F09,P01,true,3,34,4
F08914,F09,P01,true,3,34,4
F08918,F09,P01,true,3,34,4
F08933,F09,P01,true,3,34,4
F08939,F09,P01,true,3,34,4
F08943,F09,P01,true,3,34,4
F08944,F09,P01,true,3,34,4
F08952,F09,P01,true,3,34,4
F08956,F09,P01,true,3,34,4
F08989,F09,P01,true,3,34,4
F09009,F09,P01,true,3,34,4
F09058,F09,P01,true,3,34,4
F09078,F09,P01,true,3,34,4
F09084,F09,P01,true,3,34,4
F09092,F09,P01,true,3,34,4
F09100,F09,P01,true,3,34,4
F09109,F09,P01,true,3,34,4
F09110,F09,P01,true,3,34,4
F09120,F09,P01,true,3,34,4
F09134,F09,P01,true,3,34,4
F09150,F09,P01,true,3,34,4
F09152,F09,P01,true,3,34,4
F09157,F09,P01,true,3,34,4
F09163,F09,P01,true,3,34,4
F09164,F09,P01,true,3,34,4
F09172,F09,P01,true,3,34,4
F09178,F09,P01,true,3,34,4
F09235,F10,P01,true,3,34,4
F09239,F10,P01,true,3,34,4
F09248,F10,P01,true,3,34,4
F09249,F10,P01,true,3,34,4
F09251,F10,P01,true,3,34,4
F09268,F10,P01,true,3,34,4
F09278,F10,P01,true,3,34,4
F09280,F10,P01,true,3,34,4
F09281,F10,P01,true,3,34,4
F09286,F10,P01,true,3,34,4
F09310,F10,P01,true,3,34,4
F09319,F10,P01,true,3,34,4
F09324,F10,P01,true,3,34,4
F09343,F10,P01,true,3,34,4
F09345,F10,P01,true,3,34,4
F09380,F10,P01,true,3,34,4
F09382,F10,P01,true,3,34,4
F09388,F10,P01,true,3,34,4
F09408,F10,P01,true,3,34,4
F09424,F10,P01,true,3,34,4
F09449,F10,P01,true,3,34,4
F09454,F10,P01,true,3,34,4
F09474,F10,P01,true,3,34,4
F09477,F10,P01,true,3,34,4
F09480,F10,P01,true,3,34,4
F09507,F10,P01,true,3,34,4
F09510,F10,P01,true,3,34,4
F09512,F10,P01,true,3,34,4
F09549,F10,P01,true,3,34,4
F09553,F10,P01,true,3,34,4
F09554,F10,P01,true,3,34,4
F09566,F10,P01,true,3,34,4
F09570,F10,P01,true,3,34,4
F09577,F10,P01,true,3,34,4
F09599,F10,P01,true,3,34,4
F09623,F10,P01,true,3,34,4
F09635,F10,P01,true,3,34,4
F09649,F10,P01,true,3,34,4
F09657,F10,P01,true,3,34,4
F09668,F10,P01,true,3,34,4
F09672,F10,P01,true,3,34,4
F09676,F10,P01,true,3,34,4
F09685,F10,P01,true,3,34,4
F09696,F10,P01,true,3,34,4
F09698,F10,P01,true,3,34,4
F09700,F10,P01,true,3,34,4
F09708,F10,P01,true,3,34,4
F09712,F10,P01,true,3,34,4
F09713,F10,P01,true,3,34,4
F09718,F10,P01,true,3,34,4
F09729,F10,P01,true,3,34,4
F09756,F10,P01,true,3,34,4
F09763,F10,P01,true,3,34,4
F09764,F10,P01,true,3,34,4
F09765,F10,P01,true,3,34,4
F09775,F10,P01,true,3,34,4
F09777,F10,P01,true,3,34,4
F09799,F10,P01,true,3,34,4
F09848,F10,P01,true,3,34,4
F09855,F10,P01,true,3,34,4
F09863,F10,P01,true,3,34,4
F09866,F10,P01,true,3,34,4
F09887,F10,P01,true,3,34,4
F09915,F10,P01,true,3,34,4
F09936,F10,P01,true,3,34,4
F09960,F10,P01,true,3,34,4
F09962,F10,P01,true,3,34,4
F09968,F10,P01,true,3,34,4
F10001,F10,P01,true,3,34,4
F10017,F10,P01,true,3,34,4
F10030,F10,P01,true,3,34,4
F10038,F10,P01,true,3,34,4
F10043,F10,P01,true,3,34,4
F10084,F10,P01,true,3,34,4
F10097,F10,P01,true,3,34,4
F10101,F10,P01,true,3,34,4
F10102,F10,P01,true,3,34,4
F10106,F10,P01,true,3,34,4
F10112,F10,P01,true,3,34,4
F10116,F10,P01,true,3,34,4
F10120,F10,P01,true,3,34,4
F10163,F10,P01,true,3,34,4
F10165,F10,P01,true,3,34,4
F10168,F10,P01,true,3,34,4
F10170,F10,P01,true,3,34,4
F10175,F10,P01,true,3,34,4
F10178,F10,P01,true,3,34,4
F10195,F10,P01,true,3,34,4
F10212,F10,P01,true,3,34,4
F10231,F10,P01,true,3,34,4
F10267,F11,P01,true,3,34,4
F10306,F11,P01,true,3,34,4
F10312,F11,P01,true,3,34,4
F10341,F11,P01,true,3,34,4
F10344,F11,P01,true,3,34,4
F10346,F11,P01,true,3,34,4
F10392,F11,P01,true,3,34,4
F10426,F11,P01,true,3,34,4
F10496,F11,P01,true,3,34,4
F10501,F11,P01,true,3,34,4
F10511,F11,P01,true,3,34,4
F10517,F11,P01,true,3,34,4
F10533,F11,P01,true,3,34,4
F10536,F11,P01,true,3,34,4
F10550,F11,P01,true,3,34,4
F10563,F11,P01,true,3,34,4
F10564,F11,P01,true,3,34,4
F10571,F11,P01,true,3,34,4
F10651,F11,P01,true,3,34,4
F10679,F11,P01,true,3,34,4
F10718,F11,P01,true,3,34,4
F10719,F11,P01,true,3,34,4
F10725,F11,P01,true,3,34,4
F10728,F11,P01,true,3,34,4
F10738,F11,P01,true,3,34,4
F10744,F11,P01,true,3,34,4
F10755,F11,P01,true,3,34,4
F10767,F11,P01,true,3,34,4
F10770,F11,P01,true,3,34,4
F10776,F11,P01,true,3,34,4
F10801,F11,P01,true,3,34,4
F10820,F11,P01,true,3,34,4
F10825,F11,P01,true,3,34,4
F10838,F11,P01,true,3,34,4
F10844,F11,P01,true,3,34,4
F10846,F11,P01,true,3,34,4
F10877,F11,P01,true,3,34,4
F10898,F11,P01,true,3,34,4
F10914,F11,P01,true,3,34,4
F10970,F11,P01,true,3,34,4
F10972,F11,P01,true,3,34,4
F10983,F11,P01,true,3,34,4
F10984,F11,P01,true,3,34,4
F10990,F11,P01,true,3,34,4
F11013,F11,P01,true,3,34,4
F11016,F11,P01,true,3,34,4
F11036,F11,P01,true,3,34,4
F11051,F11,P01,true,3,34,4
F11068,F11,P01,true,3,34,4
F11069,F11,P01,true,3,34,4
F11095,F11,P01,true,3,34,4
F11098,F11,P01,true,3,34,4
F11119,F11,P01,true,3,34,4
F11131,F11,P01,true,3,34,4
F11133,F11,P01,true,3,34,4
F11143,F11,P01,true,3,34,4
F11173,F11,P01,true,3,34,4
F11180,F11,P01,true,3,34,4
F11183,F11,P01,true,3,34,4
F11199,F11,P01,true,3,34,4
F11212,F11,P01,true,3,34,4
F11214,F11,P01,true,3,34,4
F11227,F11,P01,true,3,34,4
F11228,F11,P01,true,3,34,4
F11238,F11,P01,true,3,34,4
F11239,F11,P01,true,3,34,4
F11300,F12,P01,true,3,34,4
F11303,F12,P01,true,3,34,4
F11306,F12,P01,true,3,34,4
F11308,F12,P01,true,3,34,4
F11347,F12,P01,true,3,34,4
F11349,F12,P01,true,3,34,4
F11368,F12,P01,true,3,34,4
F11396,F12,P01,true,3,34,4
F11411,F12,P01,true,3,34,4
F11414,F12,P01,true,3,34,4
F11422,F12,P01,true,3,34,4
F11425,F12,P01,true,3,34,4
F11458,F12,P01,true,3,34,4
F11466,F12,P01,true,3,34,4
F11468,F12,P01,true,3,34,4
F11484,F12,P01,true,3,34,4
F11564,F12,P01,true,3,34,4
F11583,F12,P01,true,3,34,4
F11619,F12,P01,true,3,34,4
F11622,F12,P01,true,3,34,4
F11645,F12,P01,true,3,34,4
F11653,F12,P01,true,3,34,4
F11654,F12,P01,true,3,34,4
F11677,F12,P01,true,3,34,4
F11692,F12,P01,true,3,34,4
F11700,F12,P01,true,3,34,4
F11741,F12,P01,true,3,34,4
F11743,F12,P01,true,3,34,4
F11763,F12,P01,true,3,34,4
F11768,F12,P01,true,3,34,4
F11821,F12,P01,true,3,34,4
F11825,F12,P01,true,3,34,4
F11844,F12,P01,true,3,34,4
F11845,F12,P01,true,3,34,4
F11874,F12,P01,true,3,34,4
F11903,F12,P01,true,3,34,4
F11914,F12,P01,true,3,34,4
F11922,F12,P01,true,3,34,4
F11929,F12,P01,true,3,34,4
F11934,F12,P01,true,3,34,4
F11960,F12,P01,true,3,34,4
F11981,F12,P01,true,3,34,4
F11984,F12,P01,true,3,34,4
F12024,F12,P01,true,3,34,4
F12035,F12,P01,true,3,34,4
F12039,F12,P01,true,3,34,4
F12042,F12,P01,true,3,34,4
F12075,F12,P01,true,3,34,4
F12104,F12,P01,true,3,34,4
F12130,F12,P01,true,3,34,4
F12140,F12,P01,true,3,34,4
F12148,F12,P01,true,3,34,4
F12163,F12,P01,true,3,34,4
F12193,F12,P01,true,3,34,4
F12202,F12,P01,true,3,34,4
F12218,F12,P01,true,3,34,4
F12242,F12,P01,true,3,34,4
F12278,F12,P01,true,3,34,4
F12280,F12,P01,true,3,34,4
F12344,F13,P01,true,3,34,4
F12505,F13,P01,true,3,34,4
F12553,F13,P01,true,3,34,4
F12591,F13,P01,true,3,34,4
F13226,F13,P01,true,3,34,4
F13265,F13,P01,true,3,34,4
F13277,F13,P01,true,3,34,4
F13381,F14,P01,true,3,34,4
F13423,F14,P01,true,3,34,4
F13513,F14,P01,true,3,34,4
F13545,F14,P01,true,3,34,4
F13563,F14,P01,true,3,34,4
F13688,F14,P01,true,3,34,4
F13838,F14,P01,true,3,34,4
F13868,F14,P01,true,3,34,4
F13914,F14,P01,true,3,34,4
F13941,F14,P01,true,3,34,4
F14087,F14,P01,true,3,34,4
F14105,F14,P01,true,3,34,4
F14455,F15,P01,true,3,34,4
F14474,F15,P01,true,3,34,4
F14483,F15,P01,true,3,34,4
F14511,F15,P01,true,3,34,4
F14558,F15,P01,true,3,34,4
F14639,F15,P01,true,3,34,4
F14649,F15,P01,true,3,34,4
F14655,F15,P01,true,3,34,4
F14659,F15,P01,true,3,34,4
F14667,F15,P01,true,3,34,4
F14677,F15,P01,true,3,34,4
F14760,F15,P01,true,3,34,4
F14762,F15,P01,true,3,34,4
F14772,F15,P01,true,3,34,4
F14917,F15,P01,true,3,34,4
F14972,F15,P01,true,3,34,4
F15006,F15,P01,true,3,34,4
F15009,F15,P01,true,3,34,4
F15027,F15,P01,true,3,34,4
F15110,F15,P01,true,3,34,4
F15114,F15,P01,true,3,34,4
F15133,F15,P01,true,3,34,4
F15202,F15,P01,true,3,34,4
F15215,F15,P01,true,3,34,4
F15353,F15,P01,true,3,34,4
F15406,F16,P01,true,3,34,4
F15414,F16,P01,true,3,34,4
F15433,F16,P01,true,3,34,4
F15473,F16,P01,true,3,34,4
F15500,F16,P01,true,3,34,4
F15504,F16,P01,true,3,34,4
F15515,F16,P01,true,3,34,4
F15516,F16,P01,true,3,34,4
F15526,F16,P01,true,3,34,4
F15533,F16,P01,true,3,34,4
F15553,F16,P01,true,3,34,4
F15572,F16,P01,true,3,34,4
F15578,F16,P01,true,3,34,4
F15581,F16,P01,true,3,34,4
F15595,F16,P01,true,3,34,4
F15636,F16,P01,true,3,34,4
F15647,F16,P01,true,3,34,4
F15683,F16,P01,true,3,34,4
F15702,F16,P01,true,3,34,4
F15720,F16,P01,true,3,34,4
F15728,F16,P01,true,3,34,4
F15768,F16,P01,true,3,34,4
F15784,F16,P01,true,3,34,4
F15794,F16,P01,true,3,34,4
F15811,F16,P01,true,3,34,4
F15857,F16,P01,true,3,34,4
F15867,F16,P01,true,3,34,4
F15870,F16,P01,true,3,34,4
F15881,F16,P01,true,3,34,4
F15895,F16,P01,true,3,34,4
F15907,F16,P01,true,3,34,4
F15950,F16,P01,true,3,34,4
F15959,F16,P01,true,3,34,4
F15986,F16,P01,true,3,34,4
F15987,F16,P01,true,3,34,4
F15988,F16,P01,true,3,34,4
F15998,F16,P01,true,3,34,4
F15999,F16,P01,true,3,34,4
F16014,F16,P01,true,3,34,4
F16025,F16,P01,true,3,34,4
F16181,F16,P01,true,3,34,4
F16182,F16,P01,true,3,34,4
F16245,F16,P01,true,3,34,4
F16248,F16,P01,true,3,34,4
F16320,F16,P01,true,3,34,4
F16329,F16,P01,true,3,34,4
F16394,F17,P01,true,3,34,4
F16423,F17,P01,true,3,34,4
F16428,F17,P01,true,3,34,4
F16440,F17,P01,true,3,34,4
F16444,F17,P01,true,3,34,4
F16466,F17,P01,true,3,34,4
F16491,F17,P01,true,3,34,4
F16499,F17,P01,true,3,34,4
F16522,F17,P01,true,3,34,4
F16530,F17,P01,true,3,34,4
F16538,F17,P01,true,3,34,4
F16552,F17,P01,true,3,34,4
F16559,F17,P01,true,3,34,4
F16562,F17,P01,true,3,34,4
F16576,F17,P01,true,3,34,4
F16591,F17,P01,true,3,34,4
F16634,F17,P01,true,3,34,4
F16642,F17,P01,true,3,34,4
F16646,F17,P01,true,3,34,4
F16652,F17,P01,true,3,34,4
F16654,F17,P01,true,3,34,4
F16667,F17,P01,true,3,34,4
F16674,F17,P01,true,3,34,4
F16675,F17,P01,true,3,34,4
F16684,F17,P01,true,3,34,4
F16694,F17,P01,true,3,34,4
F16700,F17,P01,true,3,34,4
F16710,F17,P01,true,3,34,4
F16722,F17,P01,true,3,34,4
F16725,F17,P01,true,3,34,4
F16765,F17,P01,true,3,34,4
F16770,F17,P01,true,3,34,4
F16804,F17,P01,true,3,34,4
F16830,F17,P01,true,3,34,4
F16854,F17,P01,true,3,34,4
F16861,F17,P01,true,3,34,4
F16869,F17,P01,true,3,34,4
F16872,F17,P01,true,3,34,4
F16892,F17,P01,true,3,34,4
F16896,F17,P01,true,3,34,4
F16897,F17,P01,true,3,34,4
F16934,F17,P01,true,3,34,4
F16956,F17,P01,true,3,34,4
F16963,F17,P01,true,3,34,4
F16970,F17,P01,true,3,34,4
F16980,F17,P01,true,3,34,4
F16990,F17,P01,true,3,34,4
F17022,F17,P01,true,3,34,4
F17023,F17,P01,true,3,34,4
F17039,F17,P01,true,3,34,4
F17046,F17,P01,true,3,34,4
F17055,F17,P01,true,3,34,4
F17070,F17,P01,true,3,34,4
F17086,F17,P01,true,3,34,4
F17087,F17,P01,true,3,34,4
F17091,F17,P01,true,3,34,4
F17092,F17,P01,true,3,34,4
F17094,F17,P01,true,3,34,4
F17097,F17,P01,true,3,34,4
F17112,F17,P01,true,3,34,4
F17149,F17,P01,true,3,34,4
F17153,F17,P01,true,3,34,4
F17158,F17,P01,true,3,34,4
F17164,F17,P01,true,3,34,4
F17171,F17,P01,true,3,34,4
F17190,F17,P01,true,3,34,4
F17213,F17,P01,true,3,34,4
F17250,F17,P01,true,3,34,4
F17255,F17,P01,true,3,34,4
F17273,F17,P01,true,3,34,4
F17276,F17,P01,true,3,34,4
F17286,F17,P01,true,3,34,4
F17287,F17,P01,true,3,34,4
F17288,F17,P01,true,3,34,4
F17295,F17,P01,true,3,34,4
F17297,F17,P01,true,3,34,4
F17316,F17,P01,true,3,34,4
F17322,F17,P01,true,3,34,4
F17329,F17,P01,true,3,34,4
F17359,F17,P01,true,3,34,4
F17374,F17,P01,true,3,34,4
F17375,F17,P01,true,3,34,4
F17391,F17,P01,true,3,34,4
F17396,F17,P01,true,3,34,4
F17415,F18,P01,true,3,34,4
F17430,F18,P01,true,3,34,4
F17449,F18,P01,true,3,34,4
F17451,F18,P01,true,3,34,4
F17459,F18,P01,true,3,34,4
F17481,F18,P01,true,3,34,4
F17486,F18,P01,true,3,34,4
F17493,F18,P01,true,3,34,4
F17498,F18,P01,true,3,34,4
F17499,F18,P01,true,3,34,4
F17537,F18,P01,true,3,34,4
F17542,F18,P01,true,3,34,4
F17548,F18,P01,true,3,34,4
F17551,F18,P01,true,3,34,4
F17571,F18,P01,true,3,34,4
F17578,F18,P01,true,3,34,4
F17581,F18,P01,true,3,34,4
F17586,F18,P01,true,3,34,4
F17587,F18,P01,true,3,34,4
F17597,F18,P01,true,3,34,4
F17600,F18,P01,true,3,34,4
F17604,F18,P01,true,3,34,4
F17611,F18,P01,true,3,34,4
F17628,F18,P01,true,3,34,4
F17629,F18,P01,true,3,34,4
F17634,F18,P01,true,3,34,4
F17656,F18,P01,true,3,34,4
F17665,F18,P01,true,3,34,4
F17666,F18,P01,true,3,34,4
F17674,F18,P01,true,3,34,4
F17677,F18,P01,true,3,34,4
F17680,F18,P01,true,3,34,4
F17699,F18,P01,true,3,34,4
F17707,F18,P01,true,3,34,4
F17714,F18,P01,true,3,34,4
F17737,F18,P01,true,3,34,4
F17751,F18,P01,true,3,34,4
F17759,F18,P01,true,3,34,4
F17762,F18,P01,true,3,34,4
F17763,F18,P01,true,3,34,4
F17766,F18,P01,true,3,34,4
F17776,F18,P01,true,3,34,4
F17782,F18,P01,true,3,34,4
F17788,F18,P01,true,3,34,4
F17793,F18,P01,true,3,34,4
F17796,F18,P01,true,3,34,4
F17810,F18,P01,true,3,34,4
F17817,F18,P01,true,3,34,4
F17821,F18,P01,true,3,34,4
F17840,F18,P01,true,3,34,4
F17847,F18,P01,true,3,34,4
F17869,F18,P01,true,3,34,4
F17870,F18,P01,true,3,34,4
F17880,F18,P01,true,3,34,4
F17885,F18,P01,true,3,34,4
F17893,F18,P01,true,3,34,4
F17905,F18,P01,true,3,34,4
F17909,F18,P01,true,3,34,4
F17917,F18,P01,true,3,34,4
F17931,F18,P01,true,3,34,4
F17934,F18,P01,true,3,34,4
F17964,F18,P01,true,3,34,4
F17969,F18,P01,true,3,34,4
F18001,F18,P01,true,3,34,4
F18008,F18,P01,true,3,34,4
F18058,F18,P01,true,3,34,4
F18066,F18,P01,true,3,34,4
F18071,F18,P01,true,3,34,4
F18104,F18,P01,true,3,34,4
F18111,F18,P01,true,3,34,4
F18134,F18,P01,true,3,34,4
F18136,F18,P01,true,3,34,4
F18155,F18,P01,true,3,34,4
F18158,F18,P01,true,3,34,4
F18162,F18,P01,true,3,34,4
F18166,F18,P01,true,3,34,4
F18174,F18,P01,true,3,34,4
F18180,F18,P01,true,3,34,4
F18185,F18,P01,true,3,34,4
F18218,F18,P01,true,3,34,4
F18219,F18,P01,true,3,34,4
F18224,F18,P01,true,3,34,4
F18228,F18,P01,true,3,34,4
F18243,F18,P01,true,3,34,4
F18251,F18,P01,true,3,34,4
F18253,F18,P01,true,3,34,4
F18254,F18,P01,true,3,34,4
F18256,F18,P01,true,3,34,4
F18263,F18,P01,true,3,34,4
F18287,F18,P01,true,3,34,4
F18298,F18,P01,true,3,34,4
F18300,F18,P01,true,3,34,4
F18327,F18,P01,true,3,34,4
F18338,F18,P01,true,3,34,4
F18339,F18,P01,true,3,34,4
F18351,F18,P01,true,3,34,4
F18368,F18,P01,true,3,34,4
F18380,F18,P01,true,3,34,4
F18390,F18,P01,true,3,34,4
F18399,F18,P01,true,3,34,4
F18401,F18,P01,true,3,34,4
F18416,F18,P01,true,3,34,4
F18434,F19,P01,true,3,34,4
F18437,F19,P01,true,3,34,4
F18439,F19,P01,true,3,34,4
F18470,F19,P01,true,3,34,4
F18473,F19,P01,true,3,34,4
F18480,F19,P01,true,3,34,4
F18483,F19,P01,true,3,34,4
F18539,F19,P01,true,3,34,4
F18541,F19,P01,true,3,34,4
F18557,F19,P01,true,3,34,4
F18568,F19,P01,true,3,34,4
F18576,F19,P01,true,3,34,4
F18583,F19,P01,true,3,34,4
F18599,F19,P01,true,3,34,4
F18611,F19,P01,true,3,34,4
F18641,F19,P01,true,3,34,4
F18645,F19,P01,true,3,34,4
F18651,F19,P01,true,3,34,4
F18665,F19,P01,true,3,34,4
F18666,F19,P01,true,3,34,4
F18668,F19,P01,true,3,34,4
F18679,F19,P01,true,3,34,4
F18697,F19,P01,true,3,34,4
F18698,F19,P01,true,3,34,4
F18718,F19,P01,true,3,34,4
F18727,F19,P01,true,3,34,4
F18738,F19,P01,true,3,34,4
F18746,F19,P01,true,3,34,4
F18748,F19,P01,true,3,34,4
F18774,F19,P01,true,3,34,4
F18776,F19,P01,true,3,34,4
F18782,F19,P01,true,3,34,4
F18784,F19,P01,true,3,34,4
F18791,F19,P01,true,3,34,4
F18800,F19,P01,true,3,34,4
F18819,F19,P01,true,3,34,4
F18820,F19,P01,true,3,34,4
F18829,F19,P01,true,3,34,4
F18859,F19,P01,true,3,34,4
F18869,F19,P01,true,3,34,4
F18872,F19,P01,true,3,34,4
F18891,F19,P01,true,3,34,4
F18902,F19,P01,true,3,34,4
F18907,F19,P01,true,3,34,4
F18919,F19,P01,true,3,34,4
F18934,F19,P01,true,3,34,4
F18943,F19,P01,true,3,34,4
F18958,F19,P01,true,3,34,4
F19030,F19,P01,true,3,34,4
F19035,F19,P01,true,3,34,4
F19037,F19,P01,true,3,34,4
F19044,F19,P01,true,3,34,4
F19074,F19,P01,true,3,34,4
F19081,F19,P01,true,3,34,4
F19089,F19,P01,true,3,34,4
F19101,F19,P01,true,3,34,4
F19103,F19,P01,true,3,34,4
F19107,F19,P01,true,3,34,4
F19116,F19,P01,true,3,34,4
F19128,F19,P01,true,3,34,4
F19146,F19,P01,true,3,34,4
F19150,F19,P01,true,3,34,4
F19183,F19,P01,true,3,34,4
F19194,F19,P01,true,3,34,4
F19216,F19,P01,true,3,34,4
F19218,F19,P01,true,3,34,4
F19230,F19,P01,true,3,34,4
F19251,F19,P01,true,3,34,4
F19253,F19,P01,true,3,34,4
F19255,F19,P01,true,3,34,4
F19256,F19,P01,true,3,34,4
F19257,F19,P01,true,3,34,4
F19261,F19,P01,true,3,34,4
F19285,F19,P01,true,3,34,4
F19300,F19,P01,true,3,34,4
F19301,F19,P01,true,3,34,4
F19339,F19,P01,true,3,34,4
F19348,F19,P01,true,3,34,4
F19352,F19,P01,true,3,34,4
F19354,F19,P01,true,3,34,4
F19374,F19,P01,true,3,34,4
F19377,F19,P01,true,3,34,4
F19402,F19,P01,true,3,34,4
F19410,F19,P01,true,3,34,4
F19463,F20,P01,true,3,34,4
F19470,F20,P01,true,3,34,4
F19489,F20,P01,true,3,34,4
F19528,F20,P01,true,3,34,4
F19569,F20,P01,true,3,34,4
F19581,F20,P01,true,3,34,4
F19586,F20,P01,true,3,34,4
F19592,F20,P01,true,3,34,4
F19600,F20,P01,true,3,34,4
F19607,F20,P01,true,3,34,4
F19636,F20,P01,true,3,34,4
F19641,F20,P01,true,3,34,4
F19648,F20,P01,true,3,34,4
F19664,F20,P01,true,3,34,4
F19673,F20,P01,true,3,34,4
F19691,F20,P01,true,3,34,4
F19710,F20,P01,true,3,34,4
F19713,F20,P01,true,3,34,4
F19721,F20,P01,true,3,34,4
F19750,F20,P01,true,3,34,4
F19806,F20,P01,true,3,34,4
F19818,F20,P01,true,3,34,4
F19821,F20,P01,true,3,34,4
F19852,F20,P01,true,3,34,4
F19874,F20,P01,true,3,34,4
F19875,F20,P01,true,3,34,4
F19876,F20,P01,true,3,34,4
F19877,F20,P01,true,3,34,4
F19897,F20,P01,true,3,34,4
F19911,F20,P01,true,3,34,4
F19920,F20,P01,true,3,34,4
F19950,F20,P01,true,3,34,4
F19979,F20,P01,true,3,34,4
F19993,F20,P01,true,3,34,4
F20014,F20,P01,true,3,34,4
F20027,F20,P01,true,3,34,4
F20035,F20,P01,true,3,34,4
F20047,F20,P01,true,3,34,4
F20052,F20,P01,true,3,34,4
F20056,F20,P01,true,3,34,4
F20082,F20,P01,true,3,34,4
F20100,F20,P01,true,3,34,4
F20102,F20,P01,true,3,34,4
F20114,F20,P01,true,3,34,4
F20117,F20,P01,true,3,34,4
F20148,F20,P01,true,3,34,4
F20152,F20,P01,true,3,34,4
F20162,F20,P01,true,3,34,4
F20177,F20,P01,true,3,34,4
F20195,F20,P01,true,3,34,4
F20217,F20,P01,true,3,34,4
F20224,F20,P01,true,3,34,4
F20229,F20,P01,true,3,34,4
F20236,F20,P01,true,3,34,4
F20241,F20,P01,true,3,34,4
F20242,F20,P01,true,3,34,4
F20249,F20,P01,true,3,34,4
F20278,F20,P01,true,3,34,4
F20309,F20,P01,true,3,34,4
F20319,F20,P01,true,3,34,4
F20330,F20,P01,true,3,34,4
F20333,F20,P01,true,3,34,4
F20339,F20,P01,true,3,34,4
F20353,F20,P01,true,3,34,4
F20371,F20,P01,true,3,34,4
F20423,F20,P01,true,3,34,4
F20428,F20,P01,true,3,34,4
F20433,F20,P01,true,3,34,4
F20434,F20,P01,true,3,34,4
F20435,F20,P01,true,3,34,4
F20440,F20,P01,true,3,34,4
F20450,F20,P01,true,3,34,4
F20459,F20,P01,true,3,34,4
F20463,F20,P01,true,3,34,4
F20470,F20,P01,true,3,34,4
F20511,F21,P01,true,3,34,4
F20582,F21,P01,true,3,34,4
F20740,F21,P01,true,3,34,4
F20747,F21,P01,true,3,34,4
F20861,F21,P01,true,3,34,4
F20909,F21,P01,true,3,34,4
F20947,F21,P01,true,3,34,4
F20960,F21,P01,true,3,34,4
F21196,F21,P01,true,3,34,4
F21198,F21,P01,true,3,34,4
F21317,F21,P01,true,3,34,4
F21486,F21,P01,true,3,34,4
F21591,F22,P01,true,3,34,4
F21637,F22,P01,true,3,34,4
F21891,F22,P01,true,3,34,4
F22051,F22,P01,true,3,34,4
F22091,F22,P01,true,3,34,4
F22098,F22,P01,true,3,34,4
F22115,F22,P01,true,3,34,4
F22283,F22,P01,true,3,34,4
F22373,F22,P01,true,3,34,4
F22393,F22,P01,true,3,34,4
F22434,F22,P01,true,3,34,4
F22529,F23,P01,true,3,34,4
F22571,F23,P01,true,3,34,4
F22851,F23,P01,true,3,34,4
F22894,F23,P01,true,3,34,4
F22965,F23,P01,true,3,34,4
F23080,F23,P01,true,3,34,4
F23141,F23,P01,true,3,34,4
F23187,F23,P01,true,3,34,4
F23231,F23,P01,true,3,34,4
F23343,F23,P01,true,3,34,4
F23366,F23,P01,true,3,34,4
F23405,F23,P01,true,3,34,4
F23472,F23,P01,true,3,34,4
F23484,F23,P01,true,3,34,4
F23628,F24,P01,true,3,34,4
F23639,F24,P01,true,3,34,4
F23654,F24,P01,true,3,34,4
F23745,F24,P01,true,3,34,4
F23750,F24,P01,true,3,34,4
F23755,F24,P01,true,3,34,4
F23810,F24,P01,true,3,34,4
F23916,F24,P01,true,3,34,4
F23973,F24,P01,true,3,34,4
F24029,F24,P01,true,3,34,4
F24197,F24,P01,true,3,34,4
F24220,F24,P01,true,3,34,4
F24251,F24,P01,true,3,34,4
F24278,F24,P01,true,3,34,4
F24390,F24,P01,true,3,34,4
F24432,F24,P01,true,3,34,4
F24450,F24,P01,true,3,34,4
F24492,F24,P01,true,3,34,4
F00044,F01,P01,true,2,34,4
F00856,F01,P01,true,2,34,4
F00955,F01,P01,true,2,34,4
F01538,F02,P01,true,2,34,4
F01630,F02,P01,true,2,34,4
F02362,F03,P01,true,2,34,4
F02535,F03,P01,true,2,34,4
F03340,F04,P01,true,2,34,4
F03391,F04,P01,true,2,34,4
F03669,F04,P01,true,2,34,4
F03862,F04,P01,true,2,34,4
F03977,F04,P01,true,2,34,4
F04157,F05,P01,true,2,34,4
F04202,F05,P01,true,2,34,4
F04341,F05,P01,true,2,34,4
F04656,F05,P01,true,2,34,4
F04661,F05,P01,true,2,34,4
F04767,F05,P01,true,2,34,4
F04789,F05,P01,true,2,34,4
F05270,F06,P01,true,2,34,4
F05348,F06,P01,true,2,34,4
F05351,F06,P01,true,2,34,4
F05543,F06,P01,true,2,34,4
F05586,F06,P01,true,2,34,4
F05689,F06,P01,true,2,34,4
F05800,F06,P01,true,2,34,4
F06098,F06,P01,true,2,34,4
F06242,F07,P01,true,2,34,4
F06261,F07,P01,true,2,34,4
F06562,F07,P01,true,2,34,4
F06677,F07,P01,true,2,34,4
F06823,F07,P01,true,2,34,4
F06835,F07,P01,true,2,34,4
F07022,F07,P01,true,2,34,4
F07258,F08,P01,true,2,34,4
F07409,F08,P01,true,2,34,4
F07434,F08,P01,true,2,34,4
F07684,F08,P01,true,2,34,4
F07736,F08,P01,true,2,34,4
F07892,F08,P01,true,2,34,4
F07926,F08,P01,true,2,34,4
F08290,F09,P01,true,2,34,4
F08308,F09,P01,true,2,34,4
F08703,F09,P01,true,2,34,4
F08986,F09,P01,true,2,34,4
F09065,F09,P01,true,2,34,4
F09170,F09,P01,true,2,34,4
F09440,F10,P01,true,2,34,4
F09905,F10,P01,true,2,34,4
F09911,F10,P01,true,2,34,4
F10018,F10,P01,true,2,34,4
F10129,F10,P01,true,2,34,4
F10218,F10,P01,true,2,34,4
F10269,F11,P01,true,2,34,4
F10271,F11,P01,true,2,34,4
F10359,F11,P01,true,2,34,4
F10360,F11,P01,true,2,34,4
F10467,F11,P01,true,2,34,4
F10965,F11,P01,true,2,34,4
F11279,F12,P01,true,2,34,4
F11820,F12,P01,true,2,34,4
F13288,F13,P01,true,2,34,4
F14657,F15,P01,true,2,34,4
F15158,F15,P01,true,2,34,4
F15544,F16,P01,true,2,34,4
F15762,F16,P01,true,2,34,4
F16097,F16,P01,true,2,34,4
F16246,F16,P01,true,2,34,4
F16732,F17,P01,true,2,34,4
F16740,F17,P01,true,2,34,4
F16805,F17,P01,true,2,34,4
F16870,F17,P01,true,2,34,4
F17184,F17,P01,true,2,34,4
F17198,F17,P01,true,2,34,4
F17279,F17,P01,true,2,34,4
F17380,F17,P01,true,2,34,4
F17478,F18,P01,true,2,34,4
F17705,F18,P01,true,2,34,4
F17997,F18,P01,true,2,34,4
F18009,F18,P01,true,2,34,4
F18237,F18,P01,true,2,34,4
F18239,F18,P01,true,2,34,4
F18974,F19,P01,true,2,34,4
F19315,F19,P01,true,2,34,4
F19364,F19,P01,true,2,34,4
F19946,F20,P01,true,2,34,4
F19956,F20,P01,true,2,34,4
F21597,F22,P01,true,2,34,4
F21825,F22,P01,true,2,34,4
F22844,F23,P01,true,2,34,4
F23824,F24,P01,true,2,34,4
F23988,F24,P01,true,2,34,4
F02103,F03,P01,true,4,34,3
F02332,F03,P01,true,4,34,3
F03012,F03,P01,true,4,34,3
F03079,F04,P01,true,4,34,3
F03139,F04,P01,true,4,34,3
F03186,F04,P01,true,4,34,3
F03246,F04,P01,true,4,34,3
F03298,F04,P01,true,4,34,3
F03361,F04,P01,true,4,34,3
F03537,F04,P01,true,4,34,3
F03592,F04,P01,true,4,34,3
F03639,F04,P01,true,4,34,3
F03641,F04,P01,true,4,34,3
F03645,F04,P01,true,4,34,3
F03700,F04,P01,true,4,34,3
F03702,F04,P01,true,4,34,3
F03709,F04,P01,true,4,34,3
F03810,F04,P01,true,4,34,3
F03872,F04,P01,true,4,34,3
F03876,F04,P01,true,4,34,3
F03985,F04,P01,true,4,34,3
F03990,F04,P01,true,4,34,3
F10466,F11,P01,true,4,34,3
F10863,F11,P01,true,4,34,3
F11035,F11,P01,true,4,34,3
F11144,F11,P01,true,4,34,3
F11326,F12,P01,true,4,34,3
F11372,F12,P01,true,4,34,3
F11387,F12,P01,true,4,34,3
F11428,F12,P01,true,4,34,3
F11548,F12,P01,true,4,34,3
F11661,F12,P01,true,4,34,3
F11663,F12,P01,true,4,34,3
F11889,F12,P01,true,4,34,3
F11946,F12,P01,true,4,34,3
F11950,F12,P01,true,4,34,3
F12060,F12,P01,true,4,34,3
F12121,F12,P01,true,4,34,3
F12176,F12,P01,true,4,34,3
F12231,F12,P01,true,4,34,3
F12234,F12,P01,true,4,34,3
F19505,F20,P01,true,4,34,3
F19509,F20,P01,true,4,34,3
F19617,F20,P01,true,4,34,3
F19674,F20,P01,true,4,34,3
F19961,F20,P01,true,4,34,3
F20130,F20,P01,true,4,34,3
F20190,F20,P01,true,4,34,3
F20300,F20,P01,true,4,34,3
F20301,F20,P01,true,4,34,3
F20482,F21,P01,true,4,34,3
F20484,F21,P01,true,4,34,3
F20488,F21,P01,true,4,34,3
F20531,F21,P01,true,4,34,3
F20545,F21,P01,true,4,34,3
F20551,F21,P01,true,4,34,3
F20586,F21,P01,true,4,34,3
F20599,F21,P01,true,4,34,3
F20660,F21,P01,true,4,34,3
F20714,F21,P01,true,4,34,3
F20767,F21,P01,true,4,34,3
F20833,F21,P01,true,4,34,3
F20876,F21,P01,true,4,34,3
F20880,F21,P01,true,4,34,3
F20892,F21,P01,true,4,34,3
F20933,F21,P01,true,4,34,3
F20949,F21,P01,true,4,34,3
F20984,F21,P01,true,4,34,3
F21005,F21,P01,true,4,34,3
F21044,F21,P01,true,4,34,3
F21056,F21,P01,true,4,34,3
F21098,F21,P01,true,4,34,3
F21114,F21,P01,true,4,34,3
F21117,F21,P01,true,4,34,3
F21123,F21,P01,true,4,34,3
F21154,F21,P01,true,4,34,3
F21158,F21,P01,true,4,34,3
F21227,F21,P01,true,4,34,3
F21286,F21,P01,true,4,34,3
F21334,F21,P01,true,4,34,3
F21338,F21,P01,true,4,34,3
F21344,F21,P01,true,4,34,3
F21383,F21,P01,true,4,34,3
F21384,F21,P01,true,4,34,3
F21391,F21,P01,true,4,34,3
F21399,F21,P01,true,4,34,3
F21401,F21,P01,true,4,34,3
F21450,F21,P01,true,4,34,3
F21518,F22,P01,true,4,34,3
F21554,F22,P01,true,4,34,3
F21563,F22,P01,true,4,34,3
F21574,F22,P01,true,4,34,3
F21614,F22,P01,true,4,34,3
F21618,F22,P01,true,4,34,3
F21682,F22,P01,true,4,34,3
F21691,F22,P01,true,4,34,3
F21724,F22,P01,true,4,34,3
F21735,F22,P01,true,4,34,3
F21746,F22,P01,true,4,34,3
F21782,F22,P01,true,4,34,3
F21783,F22,P01,true,4,34,3
F21784,F22,P01,true,4,34,3
F21790,F22,P01,true,4,34,3
F21841,F22,P01,true,4,34,3
F21842,F22,P01,true,4,34,3
F21860,F22,P01,true,4,34,3
F21900,F22,P01,true,4,34,3
F21901,F22,P01,true,4,34,3
F21903,F22,P01,true,4,34,3
F21907,F22,P01,true,4,34,3
F21914,F22,P01,true,4,34,3
F21951,F22,P01,true,4,34,3
F22122,F22,P01,true,4,34,3
F22182,F22,P01,true,4,34,3
F22187,F22,P01,true,4,34,3
F22196,F22,P01,true,4,34,3
F22197,F22,P01,true,4,34,3
F22247,F22,P01,true,4,34,3
F22248,F22,P01,true,4,34,3
F22249,F22,P01,true,4,34,3
F22250,F22,P01,true,4,34,3
F22348,F22,P01,true,4,34,3
F22349,F22,P01,true,4,34,3
F22359,F22,P01,true,4,34,3
F22372,F22,P01,true,4,34,3
F22417,F22,P01,true,4,34,3
F22421,F22,P01,true,4,34,3
F22463,F22,P01,true,4,34,3
F22472,F22,P01,true,4,34,3
F22479,F22,P01,true,4,34,3
F22484,F22,P01,true,4,34,3
F22521,F22,P01,true,4,34,3
F22536,F23,P01,true,4,34,3
F22543,F23,P01,true,4,34,3
F22544,F23,P01,true,4,34,3
F22581,F23,P01,true,4,34,3
F22594,F23,P01,true,4,34,3
F22704,F23,P01,true,4,34,3
F22705,F23,P01,true,4,34,3
F22713,F23,P01,true,4,34,3
F22818,F23,P01,true,4,34,3
F22861,F23,P01,true,4,34,3
F22866,F23,P01,true,4,34,3
F22881,F23,P01,true,4,34,3
F22919,F23,P01,true,4,34,3
F22978,F23,P01,true,4,34,3
F22983,F23,P01,true,4,34,3
F22985,F23,P01,true,4,34,3
F22993,F23,P01,true,4,34,3
F23033,F23,P01,true,4,34,3
F23040,F23,P01,true,4,34,3
F23041,F23,P01,true,4,34,3
F23087,F23,P01,true,4,34,3
F23110,F23,P01,true,4,34,3
F23147,F23,P01,true,4,34,3
F23153,F23,P01,true,4,34,3
F23203,F23,P01,true,4,34,3
F23206,F23,P01,true,4,34,3
F23211,F23,P01,true,4,34,3
F23213,F23,P01,true,4,34,3
F23217,F23,P01,true,4,34,3
F23259,F23,P01,true,4,34,3
F23260,F23,P01,true,4,34,3
F23281,F23,P01,true,4,34,3
F23321,F23,P01,true,4,34,3
F23388,F23,P01,true,4,34,3
F23450,F23,P01,true,4,34,3
F23570,F24,P01,true,4,34,3
F23659,F24,P01,true,4,34,3
F23672,F24,P01,true,4,34,3
F23722,F24,P01,true,4,34,3
F23792,F24,P01,true,4,34,3
F23826,F24,P01,true,4,34,3
F23834,F24,P01,true,4,34,3
F23841,F24,P01,true,4,34,3
F23845,F24,P01,true,4,34,3
F23850,F24,P01,true,4,34,3
F23886,F24,P01,true,4,34,3
F23959,F24,P01,true,4,34,3
F23960,F24,P01,true,4,34,3
F24003,F24,P01,true,4,34,3
F24025,F24,P01,true,4,34,3
F24053,F24,P01,true,4,34,3
F24054,F24,P01,true,4,34,3
F24066,F24,P01,true,4,34,3
F24069,F24,P01,true,4,34,3
F24070,F24,P01,true,4,34,3
F24072,F24,P01,true,4,34,3
F24127,F24,P01,true,4,34,3
F24130,F24,P01,true,4,34,3
F24168,F24,P01,true,4,34,3
F24170,F24,P01,true,4,34,3
F24176,F24,P01,true,4,34,3
F24178,F24,P01,true,4,34,3
F24186,F24,P01,true,4,34,3
F24191,F24,P01,true,4,34,3
F24247,F24,P01,true,4,34,3
F24250,F24,P01,true,4,34,3
F24283,F24,P01,true,4,34,3
F24290,F24,P01,true,4,34,3
F24310,F24,P01,true,4,34,3
F24353,F24,P01,true,4,34,3
F24363,F24,P01,true,4,34,3
F24365,F24,P01,true,4,34,3
F24396,F24,P01,true,4,34,3
F24404,F24,P01,true,4,34,3
F24406,F24,P01,true,4,34,3
F24416,F24,P01,true,4,34,3
F24452,F24,P01,true,4,34,3
F24459,F24,P01,true,4,34,3
F24463,F24,P01,true,4,34,3
F24475,F24,P01,true,4,34,3
F24512,F24,P01,true,4,34,3
F24516,F24,P01,true,4,34,3
F24520,F24,P01,true,4,34,3
F24526,F24,P01,true,4,34,3
F24530,F24,P01,true,4,34,3
F24565,F24,P01,true,4,34,3
F24569,F24,P01,true,4,34,3
F03297,F04,P01,true,3,34,3
F03422,F04,P01,true,3,34,3
F03469,F04,P01,true,3,34,3
F03644,F04,P01,true,3,34,3
F03701,F04,P01,true,3,34,3
F03870,F04,P01,true,3,34,3
F03927,F04,P01,true,3,34,3
F04044,F04,P01,true,3,34,3
F04093,F04,P01,true,3,34,3
F10349,F11,P01,true,3,34,3
F10405,F11,P01,true,3,34,3
F10576,F11,P01,true,3,34,3
F11150,F11,P01,true,3,34,3
F11267,F12,P01,true,3,34,3
F11269,F12,P01,true,3,34,3
F11272,F12,P01,true,3,34,3
F11316,F12,P01,true,3,34,3
F11329,F12,P01,true,3,34,3
F11331,F12,P01,true,3,34,3
F11434,F12,P01,true,3,34,3
F11496,F12,P01,true,3,34,3
F11546,F12,P01,true,3,34,3
F11607,F12,P01,true,3,34,3
F11730,F12,P01,true,3,34,3
F11780,F12,P01,true,3,34,3
F11827,F12,P01,true,3,34,3
F11886,F12,P01,true,3,34,3
F11892,F12,P01,true,3,34,3
F11940,F12,P01,true,3,34,3
F11956,F12,P01,true,3,34,3
F12002,F12,P01,true,3,34,3
F12012,F12,P01,true,3,34,3
F12013,F12,P01,true,3,34,3
F12015,F12,P01,true,3,34,3
F12124,F12,P01,true,3,34,3
F12172,F12,P01,true,3,34,3
F12180,F12,P01,true,3,34,3
F12233,F12,P01,true,3,34,3
F19506,F20,P01,true,3,34,3
F20417,F20,P01,true,3,34,3
F20494,F21,P01,true,3,34,3
F20829,F21,P01,true,3,34,3
F20874,F21,P01,true,3,34,3
F21515,F22,P01,true,3,34,3
F21517,F22,P01,true,3,34,3
F21571,F22,P01,true,3,34,3
F21796,F22,P01,true,3,34,3
F21800,F22,P01,true,3,34,3
F22137,F22,P01,true,3,34,3
F22262,F22,P01,true,3,34,3
F22468,F22,P01,true,3,34,3
F22483,F22,P01,true,3,34,3
F22537,F23,P01,true,3,34,3
F22703,F23,P01,true,3,34,3
F22811,F23,P01,true,3,34,3
F22864,F23,P01,true,3,34,3
F23172,F23,P01,true,3,34,3
F23216,F23,P01,true,3,34,3
F23326,F23,P01,true,3,34,3
F23389,F23,P01,true,3,34,3
F23503,F23,P01,true,3,34,3
F23557,F24,P01,true,3,34,3
F23598,F24,P01,true,3,34,3
F23601,F24,P01,true,3,34,3
F23717,F24,P01,true,3,34,3
F23731,F24,P01,true,3,34,3
F23827,F24,P01,true,3,34,3
F23848,F24,P01,true,3,34,3
F23944,F24,P01,true,3,34,3
F24184,F24,P01,true,3,34,3
F24226,F24,P01,true,3,34,3
F24307,F24,P01,true,3,34,3
F24349,F24,P01,true,3,34,3
F24361,F24,P01,true,3,34,3
F24456,F24,P01,true,3,34,3
F24517,F24,P01,true,3,34,3
F24522,F24,P01,true,3,34,3
F03191,F04,P01,true,2,34,3
F11445,F12,P01,true,2,34,3
F20476,F20,P01,true,2,34,3
F21565,F22,P01,true,2,34,3
F22814,F23,P01,true,2,34,3
F19502,F20,P01,true,5,33,4
F00051,F01,P01,true,4,33,4
F00174,F01,P01,true,4,33,4
F00198,F01,P01,true,4,33,4
F00214,F01,P01,true,4,33,4
F00215,F01,P01,true,4,33,4
F00230,F01,P01,true,4,33,4
F00246,F01,P01,true,4,33,4
F00250,F01,P01,true,4,33,4
F00261,F01,P01,true,4,33,4
F00274,F01,P01,true,4,33,4
F00319,F01,P01,true,4,33,4
F00345,F01,P01,true,4,33,4
F00349,F01,P01,true,4,33,4
F00504,F01,P01,true,4,33,4
F00508,F01,P01,true,4,33,4
F00531,F01,P01,true,4,33,4
F00547,F01,P01,true,4,33,4
F00559,F01,P01,true,4,33,4
F00590,F01,P01,true,4,33,4
F00613,F01,P01,true,4,33,4
F00645,F01,P01,true,4,33,4
F00777,F01,P01,true,4,33,4
F00885,F01,P01,true,4,33,4
F00904,F01,P01,true,4,33,4
F00921,F01,P01,true,4,33,4
F00927,F01,P01,true,4,33,4
F00960,F01,P01,true,4,33,4
F00983,F01,P01,true,4,33,4
F01014,F01,P01,true,4,33,4
F01061,F02,P01,true,4,33,4
F01119,F02,P01,true,4,33,4
F01145,F02,P01,true,4,33,4
F01176,F02,P01,true,4,33,4
F01189,F02,P01,true,4,33,4
F01298,F02,P01,true,4,33,4
F01300,F02,P01,true,4,33,4
F01328,F02,P01,true,4,33,4
F01351,F02,P01,true,4,33,4
F01361,F02,P01,true,4,33,4
F01396,F02,P01,true,4,33,4
F01410,F02,P01,true,4,33,4
F01522,F02,P01,true,4,33,4
F01552,F02,P01,true,4,33,4
F01556,F02,P01,true,4,33,4
F01557,F02,P01,true,4,33,4
F01574,F02,P01,true,4,33,4
F01641,F02,P01,true,4,33,4
F01713,F02,P01,true,4,33,4
F01747,F02,P01,true,4,33,4
F01831,F02,P01,true,4,33,4
F01836,F02,P01,true,4,33,4
F01870,F02,P01,true,4,33,4
F01920,F02,P01,true,4,33,4
F02000,F02,P01,true,4,33,4
F02051,F03,P01,true,4,33,4
F02052,F03,P01,true,4,33,4
F02056,F03,P01,true,4,33,4
F02075,F03,P01,true,4,33,4
F02077,F03,P01,true,4,33,4
F02089,F03,P01,true,4,33,4
F02110,F03,P01,true,4,33,4
F02160,F03,P01,true,4,33,4
F02171,F03,P01,true,4,33,4
F02210,F03,P01,true,4,33,4
F02250,F03,P01,true,4,33,4
F02286,F03,P01,true,4,33,4
F02348,F03,P01,true,4,33,4
F02392,F03,P01,true,4,33,4
F02410,F03,P01,true,4,33,4
F02428,F03,P01,true,4,33,4
F02509,F03,P01,true,4,33,4
F02525,F03,P01,true,4,33,4
F02526,F03,P01,true,4,33,4
F02528,F03,P01,true,4,33,4
F02587,F03,P01,true,4,33,4
F02599,F03,P01,true,4,33,4
F02643,F03,P01,true,4,33,4
F02678,F03,P01,true,4,33,4
F02742,F03,P01,true,4,33,4
F02791,F03,P01,true,4,33,4
F02816,F03,P01,true,4,33,4
F02823,F03,P01,true,4,33,4
F02835,F03,P01,true,4,33,4
F02909,F03,P01,true,4,33,4
F02917,F03,P01,true,4,33,4
F02933,F03,P01,true,4,33,4
F02960,F03,P01,true,4,33,4
F03024,F03,P01,true,4,33,4
F03033,F03,P01,true,4,33,4
F03059,F03,P01,true,4,33,4
F03082,F04,P01,true,4,33,4
F03085,F04,P01,true,4,33,4
F03087,F04,P01,true,4,33,4
F03095,F04,P01,true,4,33,4
F03205,F04,P01,true,4,33,4
F03221,F04,P01,true,4,33,4
F03324,F04,P01,true,4,33,4
F03325,F04,P01,true,4,33,4
F03328,F04,P01,true,4,33,4
F03371,F04,P01,true,4,33,4
F03429,F04,P01,true,4,33,4
F03519,F04,P01,true,4,33,4
F03546,F04,P01,true,4,33,4
F03692,F04,P01,true,4,33,4
F03715,F04,P01,true,4,33,4
F03732,F04,P01,true,4,33,4
F03782,F04,P01,true,4,33,4
F03831,F04,P01,true,4,33,4
F03919,F04,P01,true,4,33,4
F03946,F04,P01,true,4,33,4
F04012,F04,P01,true,4,33,4
F04051,F04,P01,true,4,33,4
F04653,F05,P01,true,4,33,4
F04987,F05,P01,true,4,33,4
F05394,F06,P01,true,4,33,4
F05950,F06,P01,true,4,33,4
F06043,F06,P01,true,4,33,4
F06651,F07,P01,true,4,33,4
F07348,F08,P01,true,4,33,4
F07601,F08,P01,true,4,33,4
F07743,F08,P01,true,4,33,4
F08046,F08,P01,true,4,33,4
F08187,F08,P01,true,4,33,4
F08261,F09,P01,true,4,33,4
F08530,F09,P01,true,4,33,4
F08549,F09,P01,true,4,33,4
F08771,F09,P01,true,4,33,4
F08935,F09,P01,true,4,33,4
F08995,F09,P01,true,4,33,4
F09346,F10,P01,true,4,33,4
F09552,F10,P01,true,4,33,4
F10361,F11,P01,true,4,33,4
F10418,F11,P01,true,4,33,4
F10561,F11,P01,true,4,33,4
F10595,F11,P01,true,4,33,4
F10599,F11,P01,true,4,33,4
F10625,F11,P01,true,4,33,4
F10638,F11,P01,true,4,33,4
F10652,F11,P01,true,4,33,4
F10757,F11,P01,true,4,33,4
F11045,F11,P01,true,4,33,4
F11100,F11,P01,true,4,33,4
F11218,F11,P01,true,4,33,4
F11650,F12,P01,true,4,33,4
F12072,F12,P01,true,4,33,4
F12295,F13,P01,true,4,33,4
F12300,F13,P01,true,4,33,4
F12319,F13,P01,true,4,33,4
F12346,F13,P01,true,4,33,4
F12352,F13,P01,true,4,33,4
F12362,F13,P01,true,4,33,4
F12376,F13,P01,true,4,33,4
F12377,F13,P01,true,4,33,4
F12380,F13,P01,true,4,33,4
F12397,F13,P01,true,4,33,4
F12398,F13,P01,true,4,33,4
F12410,F13,P01,true,4,33,4
F12415,F13,P01,true,4,33,4
F12448,F13,P01,true,4,33,4
F12452,F13,P01,true,4,33,4
F12475,F13,P01,true,4,33,4
F12515,F13,P01,true,4,33,4
F12542,F13,P01,true,4,33,4
F12543,F13,P01,true,4,33,4
F12559,F13,P01,true,4,33,4
F12583,F13,P01,true,4,33,4
F12598,F13,P01,true,4,33,4
F12643,F13,P01,true,4,33,4
F12646,F13,P01,true,4,33,4
F12653,F13,P01,true,4,33,4
F12654,F13,P01,true,4,33,4
F12658,F13,P01,true,4,33,4
F12664,F13,P01,true,4,33,4
F12665,F13,P01,true,4,33,4
F12700,F13,P01,true,4,33,4
F12715,F13,P01,true,4,33,4
F12725,F13,P01,true,4,33,4
F12733,F13,P01,true,4,33,4
F12787,F13,P01,true,4,33,4
F12820,F13,P01,true,4,33,4
F12827,F13,P01,true,4,33,4
F12847,F13,P01,true,4,33,4
F12854,F13,P01,true,4,33,4
F12855,F13,P01,true,4,33,4
F12867,F13,P01,true,4,33,4
F12894,F13,P01,true,4,33,4
F12896,F13,P01,true,4,33,4
F12903,F13,P01,true,4,33,4
F12913,F13,P01,true,4,33,4
F12932,F13,P01,true,4,33,4
F12937,F13,P01,true,4,33,4
F12966,F13,P01,true,4,33,4
F12980,F13,P01,true,4,33,4
F12981,F13,P01,true,4,33,4
F12993,F13,P01,true,4,33,4
F13003,F13,P01,true,4,33,4
F13019,F13,P01,true,4,33,4
F13024,F13,P01,true,4,33,4
F13030,F13,P01,true,4,33,4
F13042,F13,P01,true,4,33,4
F13062,F13,P01,true,4,33,4
F13075,F13,P01,true,4,33,4
F13087,F13,P01,true,4,33,4
F13088,F13,P01,true,4,33,4
F13093,F13,P01,true,4,33,4
F13096,F13,P01,true,4,33,4
F13104,F13,P01,true,4,33,4
F13114,F13,P01,true,4,33,4
F13147,F13,P01,true,4,33,4
F13153,F13,P01,true,4,33,4
F13174,F13,P01,true,4,33,4
F13191,F13,P01,true,4,33,4
F13217,F13,P01,true,4,33,4
F13219,F13,P01,true,4,33,4
F13223,F13,P01,true,4,33,4
F13253,F13,P01,true,4,33,4
F13276,F13,P01,true,4,33,4
F13282,F13,P01,true,4,33,4
F13285,F13,P01,true,4,33,4
F13290,F13,P01,true,4,33,4
F13295,F13,P01,true,4,33,4
F13312,F13,P01,true,4,33,4
F13316,F14,P01,true,4,33,4
F13321,F14,P01,true,4,33,4
F13326,F14,P01,true,4,33,4
F13329,F14,P01,true,4,33,4
F13341,F14,P01,true,4,33,4
F13344,F14,P01,true,4,33,4
F13384,F14,P01,true,4,33,4
F13391,F14,P01,true,4,33,4
F13401,F14,P01,true,4,33,4
F13420,F14,P01,true,4,33,4
F13429,F14,P01,true,4,33,4
F13432,F14,P01,true,4,33,4
F13444,F14,P01,true,4,33,4
F13493,F14,P01,true,4,33,4
F13542,F14,P01,true,4,33,4
F13559,F14,P01,true,4,33,4
F13602,F14,P01,true,4,33,4
F13605,F14,P01,true,4,33,4
F13615,F14,P01,true,4,33,4
F13621,F14,P01,true,4,33,4
F13627,F14,P01,true,4,33,4
F13647,F14,P01,true,4,33,4
F13669,F14,P01,true,4,33,4
F13676,F14,P01,true,4,33,4
F13695,F14,P01,true,4,33,4
F13711,F14,P01,true,4,33,4
F13715,F14,P01,true,4,33,4
F13719,F14,P01,true,4,33,4
F13721,F14,P01,true,4,33,4
F13772,F14,P01,true,4,33,4
F13777,F14,P01,true,4,33,4
F13779,F14,P01,true,4,33,4
F13804,F14,P01,true,4,33,4
F13821,F14,P01,true,4,33,4
F13827,F14,P01,true,4,33,4
F13828,F14,P01,true,4,33,4
F13863,F14,P01,true,4,33,4
F13881,F14,P01,true,4,33,4
F13883,F14,P01,true,4,33,4
F13900,F14,P01,true,4,33,4
F13902,F14,P01,true,4,33,4
F13916,F14,P01,true,4,33,4
F13918,F14,P01,true,4,33,4
F13920,F14,P01,true,4,33,4
F13924,F14,P01,true,4,33,4
F13927,F14,P01,true,4,33,4
F13929,F14,P01,true,4,33,4
F13954,F14,P01,true,4,33,4
F13962,F14,P01,true,4,33,4
F13965,F14,P01,true,4,33,4
F13973,F14,P01,true,4,33,4
F13993,F14,P01,true,4,33,4
F13997,F14,P01,true,4,33,4
F13999,F14,P01,true,4,33,4
F14005,F14,P01,true,4,33,4
F14008,F14,P01,true,4,33,4
F14010,F14,P01,true,4,33,4
F14018,F14,P01,true,4,33,4
F14098,F14,P01,true,4,33,4
F14111,F14,P01,true,4,33,4
F14152,F14,P01,true,4,33,4
F14190,F14,P01,true,4,33,4
F14214,F14,P01,true,4,33,4
F14216,F14,P01,true,4,33,4
F14219,F14,P01,true,4,33,4
F14226,F14,P01,true,4,33,4
F14258,F14,P01,true,4,33,4
F14268,F14,P01,true,4,33,4
F14294,F14,P01,true,4,33,4
F14296,F14,P01,true,4,33,4
F14323,F14,P01,true,4,33,4
F14324,F14,P01,true,4,33,4
F14325,F14,P01,true,4,33,4
F14353,F15,P01,true,4,33,4
F14358,F15,P01,true,4,33,4
F14364,F15,P01,true,4,33,4
F14374,F15,P01,true,4,33,4
F14381,F15,P01,true,4,33,4
F14384,F15,P01,true,4,33,4
F14385,F15,P01,true,4,33,4
F14390,F15,P01,true,4,33,4
F14392,F15,P01,true,4,33,4
F14397,F15,P01,true,4,33,4
F14413,F15,P01,true,4,33,4
F14424,F15,P01,true,4,33,4
F14461,F15,P01,true,4,33,4
F14462,F15,P01,true,4,33,4
F14477,F15,P01,true,4,33,4
F14480,F15,P01,true,4,33,4
F14495,F15,P01,true,4,33,4
F14509,F15,P01,true,4,33,4
F14527,F15,P01,true,4,33,4
F14560,F15,P01,true,4,33,4
F14588,F15,P01,true,4,33,4
F14611,F15,P01,true,4,33,4
F14647,F15,P01,true,4,33,4
F14690,F15,P01,true,4,33,4
F14727,F15,P01,true,4,33,4
F14744,F15,P01,true,4,33,4
F14754,F15,P01,true,4,33,4
F14778,F15,P01,true,4,33,4
F14812,F15,P01,true,4,33,4
F14813,F15,P01,true,4,33,4
F14828,F15,P01,true,4,33,4
F14830,F15,P01,true,4,33,4
F14843,F15,P01,true,4,33,4
F14848,F15,P01,true,4,33,4
F14852,F15,P01,true,4,33,4
F14906,F15,P01,true,4,33,4
F14927,F15,P01,true,4,33,4
F14932,F15,P01,true,4,33,4
F14977,F15,P01,true,4,33,4
F14997,F15,P01,true,4,33,4
F14998,F15,P01,true,4,33,4
F15022,F15,P01,true,4,33,4
F15023,F15,P01,true,4,33,4
F15038,F15,P01,true,4,33,4
F15060,F15,P01,true,4,33,4
F15072,F15,P01,true,4,33,4
F15080,F15,P01,true,4,33,4
F15095,F15,P01,true,4,33,4
F15115,F15,P01,true,4,33,4
F15135,F15,P01,true,4,33,4
F15149,F15,P01,true,4,33,4
F15152,F15,P01,true,4,33,4
F15164,F15,P01,true,4,33,4
F15211,F15,P01,true,4,33,4
F15213,F15,P01,true,4,33,4
F15232,F15,P01,true,4,33,4
F15233,F15,P01,true,4,33,4
F15266,F15,P01,true,4,33,4
F15275,F15,P01,true,4,33,4
F15296,F15,P01,true,4,33,4
F15311,F15,P01,true,4,33,4
F15336,F15,P01,true,4,33,4
F15346,F15,P01,true,4,33,4
F15360,F15,P01,true,4,33,4
F15379,F16,P01,true,4,33,4
F15382,F16,P01,true,4,33,4
F15393,F16,P01,true,4,33,4
F15410,F16,P01,true,4,33,4
F15426,F16,P01,true,4,33,4
F15455,F16,P01,true,4,33,4
F15457,F16,P01,true,4,33,4
F15472,F16,P01,true,4,33,4
F15521,F16,P01,true,4,33,4
F15537,F16,P01,true,4,33,4
F15539,F16,P01,true,4,33,4
F15565,F16,P01,true,4,33,4
F15586,F16,P01,true,4,33,4
F15605,F16,P01,true,4,33,4
F15607,F16,P01,true,4,33,4
F15632,F16,P01,true,4,33,4
F15633,F16,P01,true,4,33,4
F15662,F16,P01,true,4,33,4
F15685,F16,P01,true,4,33,4
F15694,F16,P01,true,4,33,4
F15712,F16,P01,true,4,33,4
F15734,F16,P01,true,4,33,4
F15742,F16,P01,true,4,33,4
F15744,F16,P01,true,4,33,4
F15750,F16,P01,true,4,33,4
F15770,F16,P01,true,4,33,4
F15806,F16,P01,true,4,33,4
F15818,F16,P01,true,4,33,4
F15852,F16,P01,true,4,33,4
F15856,F16,P01,true,4,33,4
F15863,F16,P01,true,4,33,4
F15872,F16,P01,true,4,33,4
F15898,F16,P01,true,4,33,4
F15900,F16,P01,true,4,33,4
F15906,F16,P01,true,4,33,4
F15908,F16,P01,true,4,33,4
F15917,F16,P01,true,4,33,4
F15948,F16,P01,true,4,33,4
F15967,F16,P01,true,4,33,4
F15981,F16,P01,true,4,33,4
F16066,F16,P01,true,4,33,4
F16091,F16,P01,true,4,33,4
F16095,F16,P01,true,4,33,4
F16104,F16,P01,true,4,33,4
F16116,F16,P01,true,4,33,4
F16123,F16,P01,true,4,33,4
F16130,F16,P01,true,4,33,4
F16132,F16,P01,true,4,33,4
F16135,F16,P01,true,4,33,4
F16138,F16,P01,true,4,33,4
F16141,F16,P01,true,4,33,4
F16158,F16,P01,true,4,33,4
F16177,F16,P01,true,4,33,4
F16193,F16,P01,true,4,33,4
F16228,F16,P01,true,4,33,4
F16231,F16,P01,true,4,33,4
F16239,F16,P01,true,4,33,4
F16240,F16,P01,true,4,33,4
F16241,F16,P01,true,4,33,4
F16326,F16,P01,true,4,33,4
F16348,F16,P01,true,4,33,4
F16369,F16,P01,true,4,33,4
F16379,F16,P01,true,4,33,4
F16427,F17,P01,true,4,33,4
F16542,F17,P01,true,4,33,4
F16558,F17,P01,true,4,33,4
F16633,F17,P01,true,4,33,4
F16660,F17,P01,true,4,33,4
F16883,F17,P01,true,4,33,4
F16966,F17,P01,true,4,33,4
F17101,F17,P01,true,4,33,4
F17134,F17,P01,true,4,33,4
F17261,F17,P01,true,4,33,4
F17527,F18,P01,true,4,33,4
F17618,F18,P01,true,4,33,4
F17860,F18,P01,true,4,33,4
F17941,F18,P01,true,4,33,4
F17981,F18,P01,true,4,33,4
F18034,F18,P01,true,4,33,4
F18389,F18,P01,true,4,33,4
F18822,F19,P01,true,4,33,4
F18913,F19,P01,true,4,33,4
F19112,F19,P01,true,4,33,4
F19187,F19,P01,true,4,33,4
F19243,F19,P01,true,4,33,4
F19501,F20,P01,true,4,33,4
F19573,F20,P01,true,4,33,4
F19575,F20,P01,true,4,33,4
F19628,F20,P01,true,4,33,4
F19661,F20,P01,true,4,33,4
F19740,F20,P01,true,4,33,4
F19748,F20,P01,true,4,33,4
F19768,F20,P01,true,4,33,4
F19801,F20,P01,true,4,33,4
F19822,F20,P01,true,4,33,4
F19858,F20,P01,true,4,33,4
F19886,F20,P01,true,4,33,4
F19978,F20,P01,true,4,33,4
F19988,F20,P01,true,4,33,4
F20296,F20,P01,true,4,33,4
F20366,F20,P01,true,4,33,4
F20515,F21,P01,true,4,33,4
F20579,F21,P01,true,4,33,4
F20608,F21,P01,true,4,33,4
F20624,F21,P01,true,4,33,4
F20639,F21,P01,true,4,33,4
F20688,F21,P01,true,4,33,4
F20693,F21,P01,true,4,33,4
F20734,F21,P01,true,4,33,4
F20737,F21,P01,true,4,33,4
F20741,F21,P01,true,4,33,4
F20742,F21,P01,true,4,33,4
F20795,F21,P01,true,4,33,4
F20797,F21,P01,true,4,33,4
F20808,F21,P01,true,4,33,4
F20852,F21,P01,true,4,33,4
F20857,F21,P01,true,4,33,4
F20900,F21,P01,true,4,33,4
F20956,F21,P01,true,4,33,4
F20965,F21,P01,true,4,33,4
F21014,F21,P01,true,4,33,4
F21063,F21,P01,true,4,33,4
F21079,F21,P01,true,4,33,4
F21092,F21,P01,true,4,33,4
F21148,F21,P01,true,4,33,4
F21190,F21,P01,true,4,33,4
F21195,F21,P01,true,4,33,4
F21242,F21,P01,true,4,33,4
F21245,F21,P01,true,4,33,4
F21323,F21,P01,true,4,33,4
F21343,F21,P01,true,4,33,4
F21348,F21,P01,true,4,33,4
F21355,F21,P01,true,4,33,4
F21362,F21,P01,true,4,33,4
F21363,F21,P01,true,4,33,4
F21364,F21,P01,true,4,33,4
F21491,F21,P01,true,4,33,4
F21644,F22,P01,true,4,33,4
F21657,F22,P01,true,4,33,4
F21717,F22,P01,true,4,33,4
F21751,F22,P01,true,4,33,4
F21772,F22,P01,true,4,33,4
F21778,F22,P01,true,4,33,4
F21804,F22,P01,true,4,33,4
F21811,F22,P01,true,4,33,4
F21981,F22,P01,true,4,33,4
F22004,F22,P01,true,4,33,4
F22034,F22,P01,true,4,33,4
F22088,F22,P01,true,4,33,4
F22094,F22,P01,true,4,33,4
F22117,F22,P01,true,4,33,4
F22212,F22,P01,true,4,33,4
F22265,F22,P01,true,4,33,4
F22270,F22,P01,true,4,33,4
F22436,F22,P01,true,4,33,4
F22442,F22,P01,true,4,33,4
F22491,F22,P01,true,4,33,4
F22508,F22,P01,true,4,33,4
F22513,F22,P01,true,4,33,4
F22548,F23,P01,true,4,33,4
F22554,F23,P01,true,4,33,4
F22659,F23,P01,true,4,33,4
F22661,F23,P01,true,4,33,4
F22665,F23,P01,true,4,33,4
F22780,F23,P01,true,4,33,4
F22784,F23,P01,true,4,33,4
F22903,F23,P01,true,4,33,4
F22910,F23,P01,true,4,33,4
F22967,F23,P01,true,4,33,4
F23024,F23,P01,true,4,33,4
F23078,F23,P01,true,4,33,4
F23115,F23,P01,true,4,33,4
F23120,F23,P01,true,4,33,4
F23133,F23,P01,true,4,33,4
F23232,F23,P01,true,4,33,4
F23237,F23,P01,true,4,33,4
F23245,F23,P01,true,4,33,4
F23255,F23,P01,true,4,33,4
F23313,F23,P01,true,4,33,4
F23347,F23,P01,true,4,33,4
F23348,F23,P01,true,4,33,4
F23397,F23,P01,true,4,33,4
F23406,F23,P01,true,4,33,4
F23407,F23,P01,true,4,33,4
F23409,F23,P01,true,4,33,4
F23463,F23,P01,true,4,33,4
F23468,F23,P01,true,4,33,4
F23478,F23,P01,true,4,33,4
F23534,F23,P01,true,4,33,4
F23576,F24,P01,true,4,33,4
F23643,F24,P01,true,4,33,4
F23687,F24,P01,true,4,33,4
F23710,F24,P01,true,4,33,4
F23762,F24,P01,true,4,33,4
F23768,F24,P01,true,4,33,4
F23815,F24,P01,true,4,33,4
F23851,F24,P01,true,4,33,4
F23853,F24,P01,true,4,33,4
F23979,F24,P01,true,4,33,4
F24137,F24,P01,true,4,33,4
F24144,F24,P01,true,4,33,4
F24152,F24,P01,true,4,33,4
F24160,F24,P01,true,4,33,4
F24161,F24,P01,true,4,33,4
F24315,F24,P01,true,4,33,4
F24332,F24,P01,true,4,33,4
F24427,F24,P01,true,4,33,4
F24483,F24,P01,true,4,33,4
F24491,F24,P01,true,4,33,4
F24495,F24,P01,true,4,33,4
F24498,F24,P01,true,4,33,4
F24506,F24,P01,true,4,33,4
F24548,F24,P01,true,4,33,4
F24553,F24,P01,true,4,33,4
F00002,F01,P01,true,3,33,4
F00015,F01,P01,true,3,33,4
F00035,F01,P01,true,3,33,4
F00046,F01,P01,true,3,33,4
F00091,F01,P01,true,3,33,4
F00172,F01,P01,true,3,33,4
F00180,F01,P01,true,3,33,4
F00194,F01,P01,true,3,33,4
F00209,F01,P01,true,3,33,4
F00240,F01,P01,true,3,33,4
F00242,F01,P01,true,3,33,4
F00273,F01,P01,true,3,33,4
F00289,F01,P01,true,3,33,4
F00309,F01,P01,true,3,33,4
F00417,F01,P01,true,3,33,4
F00437,F01,P01,true,3,33,4
F00445,F01,P01,true,3,33,4
F00460,F01,P01,true,3,33,4
F00483,F01,P01,true,3,33,4
F00521,F01,P01,true,3,33,4
F00523,F01,P01,true,3,33,4
F00530,F01,P01,true,3,33,4
F00536,F01,P01,true,3,33,4
F00540,F01,P01,true,3,33,4
F00563,F01,P01,true,3,33,4
F00571,F01,P01,true,3,33,4
F00587,F01,P01,true,3,33,4
F00617,F01,P01,true,3,33,4
F00706,F01,P01,true,3,33,4
F00715,F01,P01,true,3,33,4
F00734,F01,P01,true,3,33,4
F00737,F01,P01,true,3,33,4
F00754,F01,P01,true,3,33,4
F00773,F01,P01,true,3,33,4
F00866,F01,P01,true,3,33,4
F00868,F01,P01,true,3,33,4
F00943,F01,P01,true,3,33,4
F00988,F01,P01,true,3,33,4
F01043,F02,P01,true,3,33,4
F01052,F02,P01,true,3,33,4
F01106,F02,P01,true,3,33,4
F01107,F02,P01,true,3,33,4
F01116,F02,P01,true,3,33,4
F01126,F02,P01,true,3,33,4
F01141,F02,P01,true,3,33,4
F01171,F02,P01,true,3,33,4
F01230,F02,P01,true,3,33,4
F01287,F02,P01,true,3,33,4
F01299,F02,P01,true,3,33,4
F01317,F02,P01,true,3,33,4
F01339,F02,P01,true,3,33,4
F01385,F02,P01,true,3,33,4
F01386,F02,P01,true,3,33,4
F01426,F02,P01,true,3,33,4
F01474,F02,P01,true,3,33,4
F01476,F02,P01,true,3,33,4
F01521,F02,P01,true,3,33,4
F01568,F02,P01,true,3,33,4
F01577,F02,P01,true,3,33,4
F01595,F02,P01,true,3,33,4
F01616,F02,P01,true,3,33,4
F01627,F02,P01,true,3,33,4
F01628,F02,P01,true,3,33,4
F01680,F02,P01,true,3,33,4
F01699,F02,P01,true,3,33,4
F01726,F02,P01,true,3,33,4
F01729,F02,P01,true,3,33,4
F01748,F02,P01,true,3,33,4
F01769,F02,P01,true,3,33,4
F01795,F02,P01,true,3,33,4
F01813,F02,P01,true,3,33,4
F01918,F02,P01,true,3,33,4
F01943,F02,P01,true,3,33,4
F01950,F02,P01,true,3,33,4
F01967,F02,P01,true,3,33,4
F01975,F02,P01,true,3,33,4
F01989,F02,P01,true,3,33,4
F02012,F02,P01,true,3,33,4
F02020,F02,P01,true,3,33,4
F02092,F03,P01,true,3,33,4
F02105,F03,P01,true,3,33,4
F02135,F03,P01,true,3,33,4
F02139,F03,P01,true,3,33,4
F02240,F03,P01,true,3,33,4
F02242,F03,P01,true,3,33,4
F02243,F03,P01,true,3,33,4
F02263,F03,P01,true,3,33,4
F02270,F03,P01,true,3,33,4
F02291,F03,P01,true,3,33,4
F02309,F03,P01,true,3,33,4
F02314,F03,P01,true,3,33,4
F02341,F03,P01,true,3,33,4
F02357,F03,P01,true,3,33,4
F02383,F03,P01,true,3,33,4
F02394,F03,P01,true,3,33,4
F02407,F03,P01,true,3,33,4
F02409,F03,P01,true,3,33,4
F02426,F03,P01,true,3,33,4
F02434,F03,P01,true,3,33,4
F02456,F03,P01,true,3,33,4
F02465,F03,P01,true,3,33,4
F02474,F03,P01,true,3,33,4
F02494,F03,P01,true,3,33,4
F02545,F03,P01,true,3,33,4
F02547,F03,P01,true,3,33,4
F02550,F03,P01,true,3,33,4
F02553,F03,P01,true,3,33,4
F02554,F03,P01,true,3,33,4
F02562,F03,P01,true,3,33,4
F02648,F03,P01,true,3,33,4
F02656,F03,P01,true,3,33,4
F02660,F03,P01,true,3,33,4
F02730,F03,P01,true,3,33,4
F02757,F03,P01,true,3,33,4
F02783,F03,P01,true,3,33,4
F02809,F03,P01,true,3,33,4
F02845,F03,P01,true,3,33,4
F02866,F03,P01,true,3,33,4
F02880,F03,P01,true,3,33,4
F02891,F03,P01,true,3,33,4
F02989,F03,P01,true,3,33,4
F03021,F03,P01,true,3,33,4
F03026,F03,P01,true,3,33,4
F03147,F04,P01,true,3,33,4
F03169,F04,P01,true,3,33,4
F03173,F04,P01,true,3,33,4
F03180,F04,P01,true,3,33,4
F03201,F04,P01,true,3,33,4
F03237,F04,P01,true,3,33,4
F03320,F04,P01,true,3,33,4
F03321,F04,P01,true,3,33,4
F03336,F04,P01,true,3,33,4
F03338,F04,P01,true,3,33,4
F03377,F04,P01,true,3,33,4
F03390,F04,P01,true,3,33,4
F03399,F04,P01,true,3,33,4
F03510,F04,P01,true,3,33,4
F03559,F04,P01,true,3,33,4
F03561,F04,P01,true,3,33,4
F03571,F04,P01,true,3,33,4
F03616,F04,P01,true,3,33,4
F03620,F04,P01,true,3,33,4
F03628,F04,P01,true,3,33,4
F03632,F04,P01,true,3,33,4
F03665,F04,P01,true,3,33,4
F03713,F04,P01,true,3,33,4
F03787,F04,P01,true,3,33,4
F03797,F04,P01,true,3,33,4
F03798,F04,P01,true,3,33,4
F03881,F04,P01,true,3,33,4
F03887,F04,P01,true,3,33,4
F03898,F04,P01,true,3,33,4
F03901,F04,P01,true,3,33,4
F03951,F04,P01,true,3,33,4
F03976,F04,P01,true,3,33,4
F04063,F04,P01,true,3,33,4
F04072,F04,P01,true,3,33,4
F04081,F04,P01,true,3,33,4
F04089,F04,P01,true,3,33,4
F04103,F05,P01,true,3,33,4
F04106,F05,P01,true,3,33,4
F04109,F05,P01,true,3,33,4
F04117,F05,P01,true,3,33,4
F04148,F05,P01,true,3,33,4
F04151,F05,P01,true,3,33,4
F04162,F05,P01,true,3,33,4
F04172,F05,P01,true,3,33,4
F04191,F05,P01,true,3,33,4
F04196,F05,P01,true,3,33,4
F04198,F05,P01,true,3,33,4
F04199,F05,P01,true,3,33,4
F04213,F05,P01,true,3,33,4
F04216,F05,P01,true,3,33,4
F04226,F05,P01,true,3,33,4
F04239,F05,P01,true,3,33,4
F04242,F05,P01,true,3,33,4
F04252,F05,P01,true,3,33,4
F04263,F05,P01,true,3,33,4
F04270,F05,P01,true,3,33,4
F04271,F05,P01,true,3,33,4
F04292,F05,P01,true,3,33,4
F04295,F05,P01,true,3,33,4
F04299,F05,P01,true,3,33,4
F04328,F05,P01,true,3,33,4
F04335,F05,P01,true,3,33,4
F04340,F05,P01,true,3,33,4
F04351,F05,P01,true,3,33,4
F04362,F05,P01,true,3,33,4
F04381,F05,P01,true,3,33,4
F04401,F05,P01,true,3,33,4
F04421,F05,P01,true,3,33,4
F04423,F05,P01,true,3,33,4
F04430,F05,P01,true,3,33,4
F04455,F05,P01,true,3,33,4
F04458,F05,P01,true,3,33,4
F04464,F05,P01,true,3,33,4
F04473,F05,P01,true,3,33,4
F04493,F05,P01,true,3,33,4
F04501,F05,P01,true,3,33,4
F04504,F05,P01,true,3,33,4
F04513,F05,P01,true,3,33,4
F04524,F05,P01,true,3,33,4
F04531,F05,P01,true,3,33,4
F04544,F05,P01,true,3,33,4
F04550,F05,P01,true,3,33,4
F04556,F05,P01,true,3,33,4
F04558,F05,P01,true,3,33,4
F04564,F05,P01,true,3,33,4
F04574,F05,P01,true,3,33,4
F04588,F05,P01,true,3,33,4
F04593,F05,P01,true,3,33,4
F04598,F05,P01,true,3,33,4
F04613,F05,P01,true,3,33,4
F04614,F05,P01,true,3,33,4
F04621,F05,P01,true,3,33,4
F04625,F05,P01,true,3,33,4
F04634,F05,P01,true,3,33,4
F04636,F05,P01,true,3,33,4
F04643,F05,P01,true,3,33,4
F04645,F05,P01,true,3,33,4
F04664,F05,P01,true,3,33,4
F04676,F05,P01,true,3,33,4
F04687,F05,P01,true,3,33,4
F04694,F05,P01,true,3,33,4
F04704,F05,P01,true,3,33,4
F04725,F05,P01,true,3,33,4
F04739,F05,P01,true,3,33,4
F04742,F05,P01,true,3,33,4
F04751,F05,P01,true,3,33,4
F04762,F05,P01,true,3,33,4
F04773,F05,P01,true,3,33,4
F04786,F05,P01,true,3,33,4
F04791,F05,P01,true,3,33,4
F04800,F05,P01,true,3,33,4
F04807,F05,P01,true,3,33,4
F04810,F05,P01,true,3,33,4
F04819,F05,P01,true,3,33,4
F04821,F05,P01,true,3,33,4
F04829,F05,P01,true,3,33,4
F04832,F05,P01,true,3,33,4
F04858,F05,P01,true,3,33,4
F04862,F05,P01,true,3,33,4
F04866,F05,P01,true,3,33,4
F04887,F05,P01,true,3,33,4
F04892,F05,P01,true,3,33,4
F04893,F05,P01,true,3,33,4
F04916,F05,P01,true,3,33,4
F04938,F05,P01,true,3,33,4
F04947,F05,P01,true,3,33,4
F04952,F05,P01,true,3,33,4
F05005,F05,P01,true,3,33,4
F05009,F05,P01,true,3,33,4
F05011,F05,P01,true,3,33,4
F05018,F05,P01,true,3,33,4
F05021,F05,P01,true,3,33,4
F05038,F05,P01,true,3,33,4
F05042,F05,P01,true,3,33,4
F05048,F05,P01,true,3,33,4
F05053,F05,P01,true,3,33,4
F05055,F05,P01,true,3,33,4
F05056,F05,P01,true,3,33,4
F05072,F05,P01,true,3,33,4
F05096,F05,P01,true,3,33,4
F05120,F05,P01,true,3,33,4
F05125,F06,P01,true,3,33,4
F05128,F06,P01,true,3,33,4
F05148,F06,P01,true,3,33,4
F05162,F06,P01,true,3,33,4
F05175,F06,P01,true,3,33,4
F05179,F06,P01,true,3,33,4
F05192,F06,P01,true,3,33,4
F05200,F06,P01,true,3,33,4
F05210,F06,P01,true,3,33,4
F05217,F06,P01,true,3,33,4
F05225,F06,P01,true,3,33,4
F05226,F06,P01,true,3,33,4
F05229,F06,P01,true,3,33,4
F05237,F06,P01,true,3,33,4
F05241,F06,P01,true,3,33,4
F05253,F06,P01,true,3,33,4
F05259,F06,P01,true,3,33,4
F05272,F06,P01,true,3,33,4
F05276,F06,P01,true,3,33,4
F05279,F06,P01,true,3,33,4
F05283,F06,P01,true,3,33,4
F05301,F06,P01,true,3,33,4
F05310,F06,P01,true,3,33,4
F05332,F06,P01,true,3,33,4
F05360,F06,P01,true,3,33,4
F05361,F06,P01,true,3,33,4
F05372,F06,P01,true,3,33,4
F05387,F06,P01,true,3,33,4
F05395,F06,P01,true,3,33,4
F05400,F06,P01,true,3,33,4
F05418,F06,P01,true,3,33,4
F05432,F06,P01,true,3,33,4
F05435,F06,P01,true,3,33,4
F05437,F06,P01,true,3,33,4
F05444,F06,P01,true,3,33,4
F05449,F06,P01,true,3,33,4
F05458,F06,P01,true,3,33,4
F05500,F06,P01,true,3,33,4
F05504,F06,P01,true,3,33,4
F05521,F06,P01,true,3,33,4
F05524,F06,P01,true,3,33,4
F05540,F06,P01,true,3,33,4
F05542,F06,P01,true,3,33,4
F05560,F06,P01,true,3,33,4
F05566,F06,P01,true,3,33,4
F05574,F06,P01,true,3,33,4
F05584,F06,P01,true,3,33,4
F05592,F06,P01,true,3,33,4
F05596,F06,P01,true,3,33,4
F05597,F06,P01,true,3,33,4
F05617,F06,P01,true,3,33,4
F05639,F06,P01,true,3,33,4
F05643,F06,P01,true,3,33,4
F05684,F06,P01,true,3,33,4
F05692,F06,P01,true,3,33,4
F05697,F06,P01,true,3,33,4
F05704,F06,P01,true,3,33,4
F05714,F06,P01,true,3,33,4
F05740,F06,P01,true,3,33,4
F05741,F06,P01,true,3,33,4
F05755,F06,P01,true,3,33,4
F05757,F06,P01,true,3,33,4
F05786,F06,P01,true,3,33,4
F05797,F06,P01,true,3,33,4
F05799,F06,P01,true,3,33,4
F05810,F06,P01,true,3,33,4
F05815,F06,P01,true,3,33,4
F05852,F06,P01,true,3,33,4
F05856,F06,P01,true,3,33,4
F05875,F06,P01,true,3,33,4
F05878,F06,P01,true,3,33,4
F05928,F06,P01,true,3,33,4
F05932,F06,P01,true,3,33,4
F05967,F06,P01,true,3,33,4
F05972,F06,P01,true,3,33,4
F05981,F06,P01,true,3,33,4
F05998,F06,P01,true,3,33,4
F06010,F06,P01,true,3,33,4
F06019,F06,P01,true,3,33,4
F06048,F06,P01,true,3,33,4
F06068,F06,P01,true,3,33,4
F06074,F06,P01,true,3,33,4
F06118,F06,P01,true,3,33,4
F06145,F07,P01,true,3,33,4
F06169,F07,P01,true,3,33,4
F06190,F07,P01,true,3,33,4
F06195,F07,P01,true,3,33,4
F06203,F07,P01,true,3,33,4
F06208,F07,P01,true,3,33,4
F06209,F07,P01,true,3,33,4
F06229,F07,P01,true,3,33,4
F06236,F07,P01,true,3,33,4
F06248,F07,P01,true,3,33,4
F06276,F07,P01,true,3,33,4
F06279,F07,P01,true,3,33,4
F06287,F07,P01,true,3,33,4
F06291,F07,P01,true,3,33,4
F06305,F07,P01,true,3,33,4
F06319,F07,P01,true,3,33,4
F06320,F07,P01,true,3,33,4
F06333,F07,P01,true,3,33,4
F06334,F07,P01,true,3,33,4
F06340,F07,P01,true,3,33,4
F06355,F07,P01,true,3,33,4
F06358,F07,P01,true,3,33,4
F06363,F07,P01,true,3,33,4
F06367,F07,P01,true,3,33,4
F06375,F07,P01,true,3,33,4
F06382,F07,P01,true,3,33,4
F06394,F07,P01,true,3,33,4
F06421,F07,P01,true,3,33,4
F06429,F07,P01,true,3,33,4
F06473,F07,P01,true,3,33,4
F06477,F07,P01,true,3,33,4
F06490,F07,P01,true,3,33,4
F06496,F07,P01,true,3,33,4
F06508,F07,P01,true,3,33,4
F06515,F07,P01,true,3,33,4
F06517,F07,P01,true,3,33,4
F06531,F07,P01,true,3,33,4
F06533,F07,P01,true,3,33,4
F06547,F07,P01,true,3,33,4
F06563,F07,P01,true,3,33,4
F06573,F07,P01,true,3,33,4
F06581,F07,P01,true,3,33,4
F06586,F07,P01,true,3,33,4
F06588,F07,P01,true,3,33,4
F06592,F07,P01,true,3,33,4
F06601,F07,P01,true,3,33,4
F06618,F07,P01,true,3,33,4
F06622,F07,P01,true,3,33,4
F06625,F07,P01,true,3,33,4
F06636,F07,P01,true,3,33,4
F06643,F07,P01,true,3,33,4
F06656,F07,P01,true,3,33,4
F06660,F07,P01,true,3,33,4
F06662,F07,P01,true,3,33,4
F06675,F07,P01,true,3,33,4
F06682,F07,P01,true,3,33,4
F06684,F07,P01,true,3,33,4
F06704,F07,P01,true,3,33,4
F06732,F07,P01,true,3,33,4
F06733,F07,P01,true,3,33,4
F06742,F07,P01,true,3,33,4
F06759,F07,P01,true,3,33,4
F06800,F07,P01,true,3,33,4
F06826,F07,P01,true,3,33,4
F06847,F07,P01,true,3,33,4
F06850,F07,P01,true,3,33,4
F06853,F07,P01,true,3,33,4
F06859,F07,P01,true,3,33,4
F06863,F07,P01,true,3,33,4
F06869,F07,P01,true,3,33,4
F06871,F07,P01,true,3,33,4
F06893,F07,P01,true,3,33,4
F06899,F07,P01,true,3,33,4
F06908,F07,P01,true,3,33,4
F06954,F07,P01,true,3,33,4
F06957,F07,P01,true,3,33,4
F06959,F07,P01,true,3,33,4
F06962,F07,P01,true,3,33,4
F06975,F07,P01,true,3,33,4
F06988,F07,P01,true,3,33,4
F07005,F07,P01,true,3,33,4
F07028,F07,P01,true,3,33,4
F07037,F07,P01,true,3,33,4
F07052,F07,P01,true,3,33,4
F07069,F07,P01,true,3,33,4
F07076,F07,P01,true,3,33,4
F07079,F07,P01,true,3,33,4
F07107,F07,P01,true,3,33,4
F07114,F07,P01,true,3,33,4
F07123,F07,P01,true,3,33,4
F07159,F07,P01,true,3,33,4
F07161,F07,P01,true,3,33,4
F07168,F07,P01,true,3,33,4
F07172,F08,P01,true,3,33,4
F07173,F08,P01,true,3,33,4
F07184,F08,P01,true,3,33,4
F07192,F08,P01,true,3,33,4
F07200,F08,P01,true,3,33,4
F07218,F08,P01,true,3,33,4
F07223,F08,P01,true,3,33,4
F07226,F08,P01,true,3,33,4
F07235,F08,P01,true,3,33,4
F07243,F08,P01,true,3,33,4
F07247,F08,P01,true,3,33,4
F07251,F08,P01,true,3,33,4
F07256,F08,P01,true,3,33,4
F07265,F08,P01,true,3,33,4
F07279,F08,P01,true,3,33,4
F07292,F08,P01,true,3,33,4
F07304,F08,P01,true,3,33,4
F07311,F08,P01,true,3,33,4
F07317,F08,P01,true,3,33,4
F07332,F08,P01,true,3,33,4
F07343,F08,P01,true,3,33,4
F07356,F08,P01,true,3,33,4
F07364,F08,P01,true,3,33,4
F07383,F08,P01,true,3,33,4
F07389,F08,P01,true,3,33,4
F07393,F08,P01,true,3,33,4
F07398,F08,P01,true,3,33,4
F07404,F08,P01,true,3,33,4
F07410,F08,P01,true,3,33,4
F07412,F08,P01,true,3,33,4
F07421,F08,P01,true,3,33,4
F07424,F08,P01,true,3,33,4
F07433,F08,P01,true,3,33,4
F07477,F08,P01,true,3,33,4
F07483,F08,P01,true,3,33,4
F07485,F08,P01,true,3,33,4
F07520,F08,P01,true,3,33,4
F07528,F08,P01,true,3,33,4
F07532,F08,P01,true,3,33,4
F07535,F08,P01,true,3,33,4
F07538,F08,P01,true,3,33,4
F07539,F08,P01,true,3,33,4
F07546,F08,P01,true,3,33,4
F07559,F08,P01,true,3,33,4
F07569,F08,P01,true,3,33,4
F07576,F08,P01,true,3,33,4
F07579,F08,P01,true,3,33,4
F07616,F08,P01,true,3,33,4
F07621,F08,P01,true,3,33,4
F07624,F08,P01,true,3,33,4
F07635,F08,P01,true,3,33,4
F07642,F08,P01,true,3,33,4
F07649,F08,P01,true,3,33,4
F07652,F08,P01,true,3,33,4
F07657,F08,P01,true,3,33,4
F07659,F08,P01,true,3,33,4
F07672,F08,P01,true,3,33,4
F07689,F08,P01,true,3,33,4
F07692,F08,P01,true,3,33,4
F07700,F08,P01,true,3,33,4
F07713,F08,P01,true,3,33,4
F07775,F08,P01,true,3,33,4
F07784,F08,P01,true,3,33,4
F07790,F08,P01,true,3,33,4
F07795,F08,P01,true,3,33,4
F07799,F08,P01,true,3,33,4
F07801,F08,P01,true,3,33,4
F07816,F08,P01,true,3,33,4
F07818,F08,P01,true,3,33,4
F07833,F08,P01,true,3,33,4
F07849,F08,P01,true,3,33,4
F07866,F08,P01,true,3,33,4
F07871,F08,P01,true,3,33,4
F07874,F08,P01,true,3,33,4
F07876,F08,P01,true,3,33,4
F07879,F08,P01,true,3,33,4
F07882,F08,P01,true,3,33,4
F07883,F08,P01,true,3,33,4
F07885,F08,P01,true,3,33,4
F07887,F08,P01,true,3,33,4
F07905,F08,P01,true,3,33,4
F07910,F08,P01,true,3,33,4
F07911,F08,P01,true,3,33,4
F07914,F08,P01,true,3,33,4
F07950,F08,P01,true,3,33,4
F07958,F08,P01,true,3,33,4
F07962,F08,P01,true,3,33,4
F08018,F08,P01,true,3,33,4
F08019,F08,P01,true,3,33,4
F08030,F08,P01,true,3,33,4
F08042,F08,P01,true,3,33,4
F08050,F08,P01,true,3,33,4
F08051,F08,P01,true,3,33,4
F08070,F08,P01,true,3,33,4
F08081,F08,P01,true,3,33,4
F08093,F08,P01,true,3,33,4
F08105,F08,P01,true,3,33,4
F08116,F08,P01,true,3,33,4
F08126,F08,P01,true,3,33,4
F08137,F08,P01,true,3,33,4
F08144,F08,P01,true,3,33,4
F08205,F09,P01,true,3,33,4
F08228,F09,P01,true,3,33,4
F08237,F09,P01,true,3,33,4
F08248,F09,P01,true,3,33,4
F08277,F09,P01,true,3,33,4
F08303,F09,P01,true,3,33,4
F08311,F09,P01,true,3,33,4
F08331,F09,P01,true,3,33,4
F08363,F09,P01,true,3,33,4
F08371,F09,P01,true,3,33,4
F08391,F09,P01,true,3,33,4
F08399,F09,P01,true,3,33,4
F08404,F09,P01,true,3,33,4
F08411,F09,P01,true,3,33,4
F08435,F09,P01,true,3,33,4
F08440,F09,P01,true,3,33,4
F08467,F09,P01,true,3,33,4
F08469,F09,P01,true,3,33,4
F08472,F09,P01,true,3,33,4
F08488,F09,P01,true,3,33,4
F08497,F09,P01,true,3,33,4
F08502,F09,P01,true,3,33,4
F08503,F09,P01,true,3,33,4
F08512,F09,P01,true,3,33,4
F08522,F09,P01,true,3,33,4
F08572,F09,P01,true,3,33,4
F08580,F09,P01,true,3,33,4
F08581,F09,P01,true,3,33,4
F08588,F09,P01,true,3,33,4
F08593,F09,P01,true,3,33,4
F08600,F09,P01,true,3,33,4
F08637,F09,P01,true,3,33,4
F08645,F09,P01,true,3,33,4
F08656,F09,P01,true,3,33,4
F08676,F09,P01,true,3,33,4
F08698,F09,P01,true,3,33,4
F08702,F09,P01,true,3,33,4
F08704,F09,P01,true,3,33,4
F08724,F09,P01,true,3,33,4
F08730,F09,P01,true,3,33,4
F08743,F09,P01,true,3,33,4
F08745,F09,P01,true,3,33,4
F08754,F09,P01,true,3,33,4
F08755,F09,P01,true,3,33,4
F08780,F09,P01,true,3,33,4
F08785,F09,P01,true,3,33,4
F08792,F09,P01,true,3,33,4
F08807,F09,P01,true,3,33,4
F08814,F09,P01,true,3,33,4
F08842,F09,P01,true,3,33,4
F08858,F09,P01,true,3,33,4
F08867,F09,P01,true,3,33,4
F08876,F09,P01,true,3,33,4
F08904,F09,P01,true,3,33,4
F08923,F09,P01,true,3,33,4
F08945,F09,P01,true,3,33,4
F08972,F09,P01,true,3,33,4
F08975,F09,P01,true,3,33,4
F08977,F09,P01,true,3,33,4
F08996,F09,P01,true,3,33,4
F08997,F09,P01,true,3,33,4
F09005,F09,P01,true,3,33,4
F09026,F09,P01,true,3,33,4
F09077,F09,P01,true,3,33,4
F09088,F09,P01,true,3,33,4
F09089,F09,P01,true,3,33,4
F09138,F09,P01,true,3,33,4
F09146,F09,P01,true,3,33,4
F09159,F09,P01,true,3,33,4
F09193,F09,P01,true,3,33,4
F09197,F09,P01,true,3,33,4
F09202,F09,P01,true,3,33,4
F09207,F09,P01,true,3,33,4
F09211,F09,P01,true,3,33,4
F09260,F10,P01,true,3,33,4
F09306,F10,P01,true,3,33,4
F09311,F10,P01,true,3,33,4
F09337,F10,P01,true,3,33,4
F09349,F10,P01,true,3,33,4
F09394,F10,P01,true,3,33,4
F09414,F10,P01,true,3,33,4
F09430,F10,P01,true,3,33,4
F09438,F10,P01,true,3,33,4
F09452,F10,P01,true,3,33,4
F09455,F10,P01,true,3,33,4
F09460,F10,P01,true,3,33,4
F09482,F10,P01,true,3,33,4
F09487,F10,P01,true,3,33,4
F09493,F10,P01,true,3,33,4
F09499,F10,P01,true,3,33,4
F09527,F10,P01,true,3,33,4
F09541,F10,P01,true,3,33,4
F09551,F10,P01,true,3,33,4
F09567,F10,P01,true,3,33,4
F09585,F10,P01,true,3,33,4
F09608,F10,P01,true,3,33,4
F09609,F10,P01,true,3,33,4
F09614,F10,P01,true,3,33,4
F09616,F10,P01,true,3,33,4
F09617,F10,P01,true,3,33,4
F09682,F10,P01,true,3,33,4
F09689,F10,P01,true,3,33,4
F09692,F10,P01,true,3,33,4
F09714,F10,P01,true,3,33,4
F09735,F10,P01,true,3,33,4
F09778,F10,P01,true,3,33,4
F09782,F10,P01,true,3,33,4
F09806,F10,P01,true,3,33,4
F09810,F10,P01,true,3,33,4
F09829,F10,P01,true,3,33,4
F09834,F10,P01,true,3,33,4
F09839,F10,P01,true,3,33,4
F09851,F10,P01,true,3,33,4
F09852,F10,P01,true,3,33,4
F09862,F10,P01,true,3,33,4
F09865,F10,P01,true,3,33,4
F09868,F10,P01,true,3,33,4
F09878,F10,P01,true,3,33,4
F09925,F10,P01,true,3,33,4
F09986,F10,P01,true,3,33,4
F10026,F10,P01,true,3,33,4
F10033,F10,P01,true,3,33,4
F10036,F10,P01,true,3,33,4
F10041,F10,P01,true,3,33,4
F10050,F10,P01,true,3,33,4
F10064,F10,P01,true,3,33,4
F10065,F10,P01,true,3,33,4
F10070,F10,P01,true,3,33,4
F10075,F10,P01,true,3,33,4
F10089,F10,P01,true,3,33,4
F10100,F10,P01,true,3,33,4
F10110,F10,P01,true,3,33,4
F10140,F10,P01,true,3,33,4
F10143,F10,P01,true,3,33,4
F10145,F10,P01,true,3,33,4
F10148,F10,P01,true,3,33,4
F10152,F10,P01,true,3,33,4
F10162,F10,P01,true,3,33,4
F10169,F10,P01,true,3,33,4
F10179,F10,P01,true,3,33,4
F10199,F10,P01,true,3,33,4
F10201,F10,P01,true,3,33,4
F10205,F10,P01,true,3,33,4
F10249,F11,P01,true,3,33,4
F10281,F11,P01,true,3,33,4
F10329,F11,P01,true,3,33,4
F10383,F11,P01,true,3,33,4
F10385,F11,P01,true,3,33,4
F10394,F11,P01,true,3,33,4
F10399,F11,P01,true,3,33,4
F10424,F11,P01,true,3,33,4
F10433,F11,P01,true,3,33,4
F10449,F11,P01,true,3,33,4
F10499,F11,P01,true,3,33,4
F10503,F11,P01,true,3,33,4
F10507,F11,P01,true,3,33,4
F10510,F11,P01,true,3,33,4
F10516,F11,P01,true,3,33,4
F10527,F11,P01,true,3,33,4
F10547,F11,P01,true,3,33,4
F10560,F11,P01,true,3,33,4
F10607,F11,P01,true,3,33,4
F10655,F11,P01,true,3,33,4
F10665,F11,P01,true,3,33,4
F10702,F11,P01,true,3,33,4
F10721,F11,P01,true,3,33,4
F10737,F11,P01,true,3,33,4
F10756,F11,P01,true,3,33,4
F10771,F11,P01,true,3,33,4
F10775,F11,P01,true,3,33,4
F10784,F11,P01,true,3,33,4
F10841,F11,P01,true,3,33,4
F10842,F11,P01,true,3,33,4
F10897,F11,P01,true,3,33,4
F10922,F11,P01,true,3,33,4
F10927,F11,P01,true,3,33,4
F10928,F11,P01,true,3,33,4
F10932,F11,P01,true,3,33,4
F10937,F11,P01,true,3,33,4
F10944,F11,P01,true,3,33,4
F10953,F11,P01,true,3,33,4
F10956,F11,P01,true,3,33,4
F10958,F11,P01,true,3,33,4
F10963,F11,P01,true,3,33,4
F10982,F11,P01,true,3,33,4
F10998,F11,P01,true,3,33,4
F11000,F11,P01,true,3,33,4
F11004,F11,P01,true,3,33,4
F11062,F11,P01,true,3,33,4
F11115,F11,P01,true,3,33,4
F11130,F11,P01,true,3,33,4
F11137,F11,P01,true,3,33,4
F11159,F11,P01,true,3,33,4
F11161,F11,P01,true,3,33,4
F11166,F11,P01,true,3,33,4
F11169,F11,P01,true,3,33,4
F11181,F11,P01,true,3,33,4
F11219,F11,P01,true,3,33,4
F11231,F11,P01,true,3,33,4
F11240,F11,P01,true,3,33,4
F11255,F11,P01,true,3,33,4
F11295,F12,P01,true,3,33,4
F11307,F12,P01,true,3,33,4
F11337,F12,P01,true,3,33,4
F11359,F12,P01,true,3,33,4
F11363,F12,P01,true,3,33,4
F11398,F12,P01,true,3,33,4
F11400,F12,P01,true,3,33,4
F11424,F12,P01,true,3,33,4
F11427,F12,P01,true,3,33,4
F11449,F12,P01,true,3,33,4
F11456,F12,P01,true,3,33,4
F11475,F12,P01,true,3,33,4
F11479,F12,P01,true,3,33,4
F11480,F12,P01,true,3,33,4
F11508,F12,P01,true,3,33,4
F11513,F12,P01,true,3,33,4
F11524,F12,P01,true,3,33,4
F11541,F12,P01,true,3,33,4
F11571,F12,P01,true,3,33,4
F11593,F12,P01,true,3,33,4
F11623,F12,P01,true,3,33,4
F11628,F12,P01,true,3,33,4
F11636,F12,P01,true,3,33,4
F11640,F12,P01,true,3,33,4
F11735,F12,P01,true,3,33,4
F11738,F12,P01,true,3,33,4
F11788,F12,P01,true,3,33,4
F11789,F12,P01,true,3,33,4
F11793,F12,P01,true,3,33,4
F11800,F12,P01,true,3,33,4
F11801,F12,P01,true,3,33,4
F11803,F12,P01,true,3,33,4
F11815,F12,P01,true,3,33,4
F11860,F12,P01,true,3,33,4
F11873,F12,P01,true,3,33,4
F11879,F12,P01,true,3,33,4
F11904,F12,P01,true,3,33,4
F11916,F12,P01,true,3,33,4
F11918,F12,P01,true,3,33,4
F11919,F12,P01,true,3,33,4
F11965,F12,P01,true,3,33,4
F11973,F12,P01,true,3,33,4
F11982,F12,P01,true,3,33,4
F11987,F12,P01,true,3,33,4
F12040,F12,P01,true,3,33,4
F12091,F12,P01,true,3,33,4
F12134,F12,P01,true,3,33,4
F12155,F12,P01,true,3,33,4
F12160,F12,P01,true,3,33,4
F12161,F12,P01,true,3,33,4
F12189,F12,P01,true,3,33,4
F12205,F12,P01,true,3,33,4
F12257,F12,P01,true,3,33,4
F12262,F12,P01,true,3,33,4
F12440,F13,P01,true,3,33,4
F12769,F13,P01,true,3,33,4
F13170,F13,P01,true,3,33,4
F13256,F13,P01,true,3,33,4
F13468,F14,P01,true,3,33,4
F13717,F14,P01,true,3,33,4
F13912,F14,P01,true,3,33,4
F13919,F14,P01,true,3,33,4
F14029,F14,P01,true,3,33,4
F14037,F14,P01,true,3,33,4
F14139,F14,P01,true,3,33,4
F14318,F14,P01,true,3,33,4
F14404,F15,P01,true,3,33,4
F14466,F15,P01,true,3,33,4
F14497,F15,P01,true,3,33,4
F14501,F15,P01,true,3,33,4
F14688,F15,P01,true,3,33,4
F14798,F15,P01,true,3,33,4
F14833,F15,P01,true,3,33,4
F14964,F15,P01,true,3,33,4
F14983,F15,P01,true,3,33,4
F14994,F15,P01,true,3,33,4
F15029,F15,P01,true,3,33,4
F15065,F15,P01,true,3,33,4
F15085,F15,P01,true,3,33,4
F15137,F15,P01,true,3,33,4
F15203,F15,P01,true,3,33,4
F15263,F15,P01,true,3,33,4
F15264,F15,P01,true,3,33,4
F15285,F15,P01,true,3,33,4
F15331,F15,P01,true,3,33,4
F15425,F16,P01,true,3,33,4
F15517,F16,P01,true,3,33,4
F15529,F16,P01,true,3,33,4
F15556,F16,P01,true,3,33,4
F15667,F16,P01,true,3,33,4
F15676,F16,P01,true,3,33,4
F15680,F16,P01,true,3,33,4
F15753,F16,P01,true,3,33,4
F15765,F16,P01,true,3,33,4
F15786,F16,P01,true,3,33,4
F15814,F16,P01,true,3,33,4
F15855,F16,P01,true,3,33,4
F15914,F16,P01,true,3,33,4
F15932,F16,P01,true,3,33,4
F15941,F16,P01,true,3,33,4
F15989,F16,P01,true,3,33,4
F16008,F16,P01,true,3,33,4
F16015,F16,P01,true,3,33,4
F16034,F16,P01,true,3,33,4
F16107,F16,P01,true,3,33,4
F16127,F16,P01,true,3,33,4
F16134,F16,P01,true,3,33,4
F16144,F16,P01,true,3,33,4
F16153,F16,P01,true,3,33,4
F16154,F16,P01,true,3,33,4
F16211,F16,P01,true,3,33,4
F16218,F16,P01,true,3,33,4
F16227,F16,P01,true,3,33,4
F16243,F16,P01,true,3,33,4
F16319,F16,P01,true,3,33,4
F16356,F16,P01,true,3,33,4
F16367,F16,P01,true,3,33,4
F16425,F17,P01,true,3,33,4
F16478,F17,P01,true,3,33,4
F16492,F17,P01,true,3,33,4
F16502,F17,P01,true,3,33,4
F16514,F17,P01,true,3,33,4
F16535,F17,P01,true,3,33,4
F16540,F17,P01,true,3,33,4
F16546,F17,P01,true,3,33,4
F16573,F17,P01,true,3,33,4
F16581,F17,P01,true,3,33,4
F16586,F17,P01,true,3,33,4
F16599,F17,P01,true,3,33,4
F16608,F17,P01,true,3,33,4
F16612,F17,P01,true,3,33,4
F16616,F17,P01,true,3,33,4
F16624,F17,P01,true,3,33,4
F16647,F17,P01,true,3,33,4
F16662,F17,P01,true,3,33,4
F16670,F17,P01,true,3,33,4
F16680,F17,P01,true,3,33,4
F16730,F17,P01,true,3,33,4
F16731,F17,P01,true,3,33,4
F16736,F17,P01,true,3,33,4
F16745,F17,P01,true,3,33,4
F16749,F17,P01,true,3,33,4
F16751,F17,P01,true,3,33,4
F16769,F17,P01,true,3,33,4
F16773,F17,P01,true,3,33,4
F16794,F17,P01,true,3,33,4
F16826,F17,P01,true,3,33,4
F16848,F17,P01,true,3,33,4
F16859,F17,P01,true,3,33,4
F16868,F17,P01,true,3,33,4
F16873,F17,P01,true,3,33,4
F16879,F17,P01,true,3,33,4
F16894,F17,P01,true,3,33,4
F16922,F17,P01,true,3,33,4
F16939,F17,P01,true,3,33,4
F16945,F17,P01,true,3,33,4
F16949,F17,P01,true,3,33,4
F16978,F17,P01,true,3,33,4
F16997,F17,P01,true,3,33,4
F17017,F17,P01,true,3,33,4
F17032,F17,P01,true,3,33,4
F17038,F17,P01,true,3,33,4
F17049,F17,P01,true,3,33,4
F17058,F17,P01,true,3,33,4
F17080,F17,P01,true,3,33,4
F17088,F17,P01,true,3,33,4
F17117,F17,P01,true,3,33,4
F17130,F17,P01,true,3,33,4
F17136,F17,P01,true,3,33,4
F17151,F17,P01,true,3,33,4
F17180,F17,P01,true,3,33,4
F17192,F17,P01,true,3,33,4
F17193,F17,P01,true,3,33,4
F17194,F17,P01,true,3,33,4
F17197,F17,P01,true,3,33,4
F17216,F17,P01,true,3,33,4
F17224,F17,P01,true,3,33,4
F17226,F17,P01,true,3,33,4
F17235,F17,P01,true,3,33,4
F17252,F17,P01,true,3,33,4
F17256,F17,P01,true,3,33,4
F17269,F17,P01,true,3,33,4
F17275,F17,P01,true,3,33,4
F17283,F17,P01,true,3,33,4
F17284,F17,P01,true,3,33,4
F17294,F17,P01,true,3,33,4
F17306,F17,P01,true,3,33,4
F17327,F17,P01,true,3,33,4
F17328,F17,P01,true,3,33,4
F17345,F17,P01,true,3,33,4
F17365,F17,P01,true,3,33,4
F17367,F17,P01,true,3,33,4
F17373,F17,P01,true,3,33,4
F17381,F17,P01,true,3,33,4
F17383,F17,P01,true,3,33,4
F17397,F17,P01,true,3,33,4
F17421,F18,P01,true,3,33,4
F17434,F18,P01,true,3,33,4
F17438,F18,P01,true,3,33,4
F17480,F18,P01,true,3,33,4
F17489,F18,P01,true,3,33,4
F17507,F18,P01,true,3,33,4
F17511,F18,P01,true,3,33,4
F17519,F18,P01,true,3,33,4
F17533,F18,P01,true,3,33,4
F17539,F18,P01,true,3,33,4
F17553,F18,P01,true,3,33,4
F17558,F18,P01,true,3,33,4
F17592,F18,P01,true,3,33,4
F17598,F18,P01,true,3,33,4
F17609,F18,P01,true,3,33,4
F17617,F18,P01,true,3,33,4
F17623,F18,P01,true,3,33,4
F17633,F18,P01,true,3,33,4
F17648,F18,P01,true,3,33,4
F17729,F18,P01,true,3,33,4
F17765,F18,P01,true,3,33,4
F17790,F18,P01,true,3,33,4
F17811,F18,P01,true,3,33,4
F17822,F18,P01,true,3,33,4
F17906,F18,P01,true,3,33,4
F17907,F18,P01,true,3,33,4
F17912,F18,P01,true,3,33,4
F17923,F18,P01,true,3,33,4
F17952,F18,P01,true,3,33,4
F17985,F18,P01,true,3,33,4
F17998,F18,P01,true,3,33,4
F18030,F18,P01,true,3,33,4
F18050,F18,P01,true,3,33,4
F18056,F18,P01,true,3,33,4
F18065,F18,P01,true,3,33,4
F18082,F18,P01,true,3,33,4
F18090,F18,P01,true,3,33,4
F18095,F18,P01,true,3,33,4
F18112,F18,P01,true,3,33,4
F18171,F18,P01,true,3,33,4
F18188,F18,P01,true,3,33,4
F18192,F18,P01,true,3,33,4
F18202,F18,P01,true,3,33,4
F18212,F18,P01,true,3,33,4
F18216,F18,P01,true,3,33,4
F18227,F18,P01,true,3,33,4
F18230,F18,P01,true,3,33,4
F18244,F18,P01,true,3,33,4
F18249,F18,P01,true,3,33,4
F18259,F18,P01,true,3,33,4
F18292,F18,P01,true,3,33,4
F18297,F18,P01,true,3,33,4
F18334,F18,P01,true,3,33,4
F18363,F18,P01,true,3,33,4
F18364,F18,P01,true,3,33,4
F18374,F18,P01,true,3,33,4
F18376,F18,P01,true,3,33,4
F18397,F18,P01,true,3,33,4
F18408,F18,P01,true,3,33,4
F18447,F19,P01,true,3,33,4
F18471,F19,P01,true,3,33,4
F18472,F19,P01,true,3,33,4
F18504,F19,P01,true,3,33,4
F18515,F19,P01,true,3,33,4
F18545,F19,P01,true,3,33,4
F18546,F19,P01,true,3,33,4
F18574,F19,P01,true,3,33,4
F18585,F19,P01,true,3,33,4
F18586,F19,P01,true,3,33,4
F18590,F19,P01,true,3,33,4
F18610,F19,P01,true,3,33,4
F18614,F19,P01,true,3,33,4
F18616,F19,P01,true,3,33,4
F18664,F19,P01,true,3,33,4
F18672,F19,P01,true,3,33,4
F18704,F19,P01,true,3,33,4
F18709,F19,P01,true,3,33,4
F18720,F19,P01,true,3,33,4
F18724,F19,P01,true,3,33,4
F18740,F19,P01,true,3,33,4
F18777,F19,P01,true,3,33,4
F18789,F19,P01,true,3,33,4
F18794,F19,P01,true,3,33,4
F18841,F19,P01,true,3,33,4
F18842,F19,P01,true,3,33,4
F18860,F19,P01,true,3,33,4
F18863,F19,P01,true,3,33,4
F18906,F19,P01,true,3,33,4
F18910,F19,P01,true,3,33,4
F18916,F19,P01,true,3,33,4
F18932,F19,P01,true,3,33,4
F18947,F19,P01,true,3,33,4
F18957,F19,P01,true,3,33,4
F18969,F19,P01,true,3,33,4
F18987,F19,P01,true,3,33,4
F19015,F19,P01,true,3,33,4
F19053,F19,P01,true,3,33,4
F19062,F19,P01,true,3,33,4
F19156,F19,P01,true,3,33,4
F19180,F19,P01,true,3,33,4
F19231,F19,P01,true,3,33,4
F19262,F19,P01,true,3,33,4
F19267,F19,P01,true,3,33,4
F19278,F19,P01,true,3,33,4
F19289,F19,P01,true,3,33,4
F19293,F19,P01,true,3,33,4
F19295,F19,P01,true,3,33,4
F19296,F19,P01,true,3,33,4
F19321,F19,P01,true,3,33,4
F19325,F19,P01,true,3,33,4
F19333,F19,P01,true,3,33,4
F19350,F19,P01,true,3,33,4
F19390,F19,P01,true,3,33,4
F19416,F19,P01,true,3,33,4
F19422,F19,P01,true,3,33,4
F19431,F19,P01,true,3,33,4
F19439,F19,P01,true,3,33,4
F19450,F19,P01,true,3,33,4
F19469,F20,P01,true,3,33,4
F19473,F20,P01,true,3,33,4
F19500,F20,P01,true,3,33,4
F19503,F20,P01,true,3,33,4
F19532,F20,P01,true,3,33,4
F19540,F20,P01,true,3,33,4
F19583,F20,P01,true,3,33,4
F19603,F20,P01,true,3,33,4
F19615,F20,P01,true,3,33,4
F19635,F20,P01,true,3,33,4
F19655,F20,P01,true,3,33,4
F19668,F20,P01,true,3,33,4
F19685,F20,P01,true,3,33,4
F19696,F20,P01,true,3,33,4
F19714,F20,P01,true,3,33,4
F19819,F20,P01,true,3,33,4
F19828,F20,P01,true,3,33,4
F19888,F20,P01,true,3,33,4
F19913,F20,P01,true,3,33,4
F19926,F20,P01,true,3,33,4
F19935,F20,P01,true,3,33,4
F19939,F20,P01,true,3,33,4
F19941,F20,P01,true,3,33,4
F19955,F20,P01,true,3,33,4
F19974,F20,P01,true,3,33,4
F19982,F20,P01,true,3,33,4
F19983,F20,P01,true,3,33,4
F19992,F20,P01,true,3,33,4
F19994,F20,P01,true,3,33,4
F20002,F20,P01,true,3,33,4
F20062,F20,P01,true,3,33,4
F20086,F20,P01,true,3,33,4
F20090,F20,P01,true,3,33,4
F20097,F20,P01,true,3,33,4
F20109,F20,P01,true,3,33,4
F20155,F20,P01,true,3,33,4
F20203,F20,P01,true,3,33,4
F20228,F20,P01,true,3,33,4
F20232,F20,P01,true,3,33,4
F20264,F20,P01,true,3,33,4
F20269,F20,P01,true,3,33,4
F20283,F20,P01,true,3,33,4
F20291,F20,P01,true,3,33,4
F20320,F20,P01,true,3,33,4
F20326,F20,P01,true,3,33,4
F20337,F20,P01,true,3,33,4
F20354,F20,P01,true,3,33,4
F20413,F20,P01,true,3,33,4
F20437,F20,P01,true,3,33,4
F20445,F20,P01,true,3,33,4
F20466,F20,P01,true,3,33,4
F20568,F21,P01,true,3,33,4
F20854,F21,P01,true,3,33,4
F20903,F21,P01,true,3,33,4
F20968,F21,P01,true,3,33,4
F21151,F21,P01,true,3,33,4
F21373,F21,P01,true,3,33,4
F21426,F21,P01,true,3,33,4
F21761,F22,P01,true,3,33,4
F21878,F22,P01,true,3,33,4
F21940,F22,P01,true,3,33,4
F21942,F22,P01,true,3,33,4
F22053,F22,P01,true,3,33,4
F22223,F22,P01,true,3,33,4
F22290,F22,P01,true,3,33,4
F22319,F22,P01,true,3,33,4
F22324,F22,P01,true,3,33,4
F22331,F22,P01,true,3,33,4
F22683,F23,P01,true,3,33,4
F22730,F23,P01,true,3,33,4
F22779,F23,P01,true,3,33,4
F22970,F23,P01,true,3,33,4
F23010,F23,P01,true,3,33,4
F23084,F23,P01,true,3,33,4
F23188,F23,P01,true,3,33,4
F23359,F23,P01,true,3,33,4
F23412,F23,P01,true,3,33,4
F23427,F23,P01,true,3,33,4
F23533,F23,P01,true,3,33,4
F23584,F24,P01,true,3,33,4
F23653,F24,P01,true,3,33,4
F23693,F24,P01,true,3,33,4
F23703,F24,P01,true,3,33,4
F23806,F24,P01,true,3,33,4
F23928,F24,P01,true,3,33,4
F23936,F24,P01,true,3,33,4
F23938,F24,P01,true,3,33,4
F23968,F24,P01,true,3,33,4
F24044,F24,P01,true,3,33,4
F24213,F24,P01,true,3,33,4
F24321,F24,P01,true,3,33,4
F24336,F24,P01,true,3,33,4
F24449,F24,P01,true,3,33,4
F24501,F24,P01,true,3,33,4
F24537,F24,P01,true,3,33,4
F24547,F24,P01,true,3,33,4
F24561,F24,P01,true,3,33,4
F00343,F01,P01,true,2,33,4
F00667,F01,P01,true,2,33,4
F01275,F02,P01,true,2,33,4
F01286,F02,P01,true,2,33,4
F01326,F02,P01,true,2,33,4
F01683,F02,P01,true,2,33,4
F02095,F03,P01,true,2,33,4
F02369,F03,P01,true,2,33,4
F02644,F03,P01,true,2,33,4
F02979,F03,P01,true,2,33,4
F03405,F04,P01,true,2,33,4
F03997,F04,P01,true,2,33,4
F04290,F05,P01,true,2,33,4
F04444,F05,P01,true,2,33,4
F04724,F05,P01,true,2,33,4
F04727,F05,P01,true,2,33,4
F04731,F05,P01,true,2,33,4
F04915,F05,P01,true,2,33,4
F05171,F06,P01,true,2,33,4
F05299,F06,P01,true,2,33,4
F05405,F06,P01,true,2,33,4
F05589,F06,P01,true,2,33,4
F05891,F06,P01,true,2,33,4
F05982,F06,P01,true,2,33,4
F06231,F07,P01,true,2,33,4
F06521,F07,P01,true,2,33,4
F06700,F07,P01,true,2,33,4
F06731,F07,P01,true,2,33,4
F06916,F07,P01,true,2,33,4
F06933,F07,P01,true,2,33,4
F07090,F07,P01,true,2,33,4
F07110,F07,P01,true,2,33,4
F07127,F07,P01,true,2,33,4
F07227,F08,P01,true,2,33,4
F07756,F08,P01,true,2,33,4
F07902,F08,P01,true,2,33,4
F08085,F08,P01,true,2,33,4
F08208,F09,P01,true,2,33,4
F08269,F09,P01,true,2,33,4
F08304,F09,P01,true,2,33,4
F08335,F09,P01,true,2,33,4
F08712,F09,P01,true,2,33,4
F08920,F09,P01,true,2,33,4
F09392,F10,P01,true,2,33,4
F09403,F10,P01,true,2,33,4
F09447,F10,P01,true,2,33,4
F09471,F10,P01,true,2,33,4
F09502,F10,P01,true,2,33,4
F09722,F10,P01,true,2,33,4
F09822,F10,P01,true,2,33,4
F10117,F10,P01,true,2,33,4
F10193,F10,P01,true,2,33,4
F10221,F10,P01,true,2,33,4
F10444,F11,P01,true,2,33,4
F11193,F11,P01,true,2,33,4
F11217,F11,P01,true,2,33,4
F11358,F12,P01,true,2,33,4
F11557,F12,P01,true,2,33,4
F11651,F12,P01,true,2,33,4
F12778,F13,P01,true,2,33,4
F13306,F13,P01,true,2,33,4
F14411,F15,P01,true,2,33,4
F14862,F15,P01,true,2,33,4
F15250,F15,P01,true,2,33,4
F15601,F16,P01,true,2,33,4
F15840,F16,P01,true,2,33,4
F15931,F16,P01,true,2,33,4
F15996,F16,P01,true,2,33,4
F16477,F17,P01,true,2,33,4
F16488,F17,P01,true,2,33,4
F16967,F17,P01,true,2,33,4
F17036,F17,P01,true,2,33,4
F17062,F17,P01,true,2,33,4
F17096,F17,P01,true,2,33,4
F17323,F17,P01,true,2,33,4
F17355,F17,P01,true,2,33,4
F18430,F18,P01,true,2,33,4
F18458,F19,P01,true,2,33,4
F18536,F19,P01,true,2,33,4
F19038,F19,P01,true,2,33,4
F19235,F19,P01,true,2,33,4
F19375,F19,P01,true,2,33,4
F19778,F20,P01,true,2,33,4
F19851,F20,P01,true,2,33,4
F20025,F20,P01,true,2,33,4
F20120,F20,P01,true,2,33,4
F20346,F20,P01,true,2,33,4
F21696,F22,P01,true,2,33,4
F22166,F22,P01,true,2,33,4
F22793,F23,P01,true,2,33,4
F22855,F23,P01,true,2,33,4
F23083,F23,P01,true,2,33,4
F23633,F24,P01,true,2,33,4
F24562,F24,P01,true,2,33,4
F02216,F03,P01,true,4,33,3
F02219,F03,P01,true,4,33,3
F02786,F03,P01,true,4,33,3
F02788,F03,P01,true,4,33,3
F02841,F03,P01,true,4,33,3
F02842,F03,P01,true,4,33,3
F03136,F04,P01,true,4,33,3
F03188,F04,P01,true,4,33,3
F03192,F04,P01,true,4,33,3
F03308,F04,P01,true,4,33,3
F03467,F04,P01,true,4,33,3
F03474,F04,P01,true,4,33,3
F03699,F04,P01,true,4,33,3
F03755,F04,P01,true,4,33,3
F03758,F04,P01,true,4,33,3
F03823,F04,P01,true,4,33,3
F03868,F04,P01,true,4,33,3
F03983,F04,P01,true,4,33,3
F04049,F04,P01,true,4,33,3
F10807,F11,P01,true,4,33,3
F11319,F12,P01,true,4,33,3
F11384,F12,P01,true,4,33,3
F11432,F12,P01,true,4,33,3
F11600,F12,P01,true,4,33,3
F11601,F12,P01,true,4,33,3
F11610,F12,P01,true,4,33,3
F11660,F12,P01,true,4,33,3
F11664,F12,P01,true,4,33,3
F11713,F12,P01,true,4,33,3
F11722,F12,P01,true,4,33,3
F11727,F12,P01,true,4,33,3
F11728,F12,P01,true,4,33,3
F11829,F12,P01,true,4,33,3
F11838,F12,P01,true,4,33,3
F11839,F12,P01,true,4,33,3
F11893,F12,P01,true,4,33,3
F11947,F12,P01,true,4,33,3
F11948,F12,P01,true,4,33,3
F11999,F12,P01,true,4,33,3
F12057,F12,P01,true,4,33,3
F12122,F12,P01,true,4,33,3
F12285,F12,P01,true,4,33,3
F19564,F20,P01,true,4,33,3
F19736,F20,P01,true,4,33,3
F19790,F20,P01,true,4,33,3
F20416,F20,P01,true,4,33,3
F20474,F20,P01,true,4,33,3
F20487,F21,P01,true,4,33,3
F20546,F21,P01,true,4,33,3
F20595,F21,P01,true,4,33,3
F20712,F21,P01,true,4,33,3
F20722,F21,P01,true,4,33,3
F20723,F21,P01,true,4,33,3
F20756,F21,P01,true,4,33,3
F20765,F21,P01,true,4,33,3
F20814,F21,P01,true,4,33,3
F20935,F21,P01,true,4,33,3
F20945,F21,P01,true,4,33,3
F20994,F21,P01,true,4,33,3
F21003,F21,P01,true,4,33,3
F21059,F21,P01,true,4,33,3
F21270,F21,P01,true,4,33,3
F21279,F21,P01,true,4,33,3
F21389,F21,P01,true,4,33,3
F21396,F21,P01,true,4,33,3
F21455,F21,P01,true,4,33,3
F21511,F22,P01,true,4,33,3
F21552,F22,P01,true,4,33,3
F21569,F22,P01,true,4,33,3
F21572,F22,P01,true,4,33,3
F21617,F22,P01,true,4,33,3
F21632,F22,P01,true,4,33,3
F21667,F22,P01,true,4,33,3
F21672,F22,P01,true,4,33,3
F21740,F22,P01,true,4,33,3
F21742,F22,P01,true,4,33,3
F21748,F22,P01,true,4,33,3
F21780,F22,P01,true,4,33,3
F21781,F22,P01,true,4,33,3
F21802,F22,P01,true,4,33,3
F21861,F22,P01,true,4,33,3
F21902,F22,P01,true,4,33,3
F21908,F22,P01,true,4,33,3
F22070,F22,P01,true,4,33,3
F22128,F22,P01,true,4,33,3
F22199,F22,P01,true,4,33,3
F22238,F22,P01,true,4,33,3
F22245,F22,P01,true,4,33,3
F22255,F22,P01,true,4,33,3
F22260,F22,P01,true,4,33,3
F22307,F22,P01,true,4,33,3
F22410,F22,P01,true,4,33,3
F22426,F22,P01,true,4,33,3
F22471,F22,P01,true,4,33,3
F22474,F22,P01,true,4,33,3
F22477,F22,P01,true,4,33,3
F22486,F22,P01,true,4,33,3
F22532,F23,P01,true,4,33,3
F22592,F23,P01,true,4,33,3
F22632,F23,P01,true,4,33,3
F22633,F23,P01,true,4,33,3
F22644,F23,P01,true,4,33,3
F22692,F23,P01,true,4,33,3
F22707,F23,P01,true,4,33,3
F22715,F23,P01,true,4,33,3
F22746,F23,P01,true,4,33,3
F22748,F23,P01,true,4,33,3
F22755,F23,P01,true,4,33,3
F22761,F23,P01,true,4,33,3
F22764,F23,P01,true,4,33,3
F22765,F23,P01,true,4,33,3
F22768,F23,P01,true,4,33,3
F22770,F23,P01,true,4,33,3
F22807,F23,P01,true,4,33,3
F22815,F23,P01,true,4,33,3
F22821,F23,P01,true,4,33,3
F22926,F23,P01,true,4,33,3
F22931,F23,P01,true,4,33,3
F22936,F23,P01,true,4,33,3
F23048,F23,P01,true,4,33,3
F23091,F23,P01,true,4,33,3
F23106,F23,P01,true,4,33,3
F23107,F23,P01,true,4,33,3
F23169,F23,P01,true,4,33,3
F23221,F23,P01,true,4,33,3
F23274,F23,P01,true,4,33,3
F23279,F23,P01,true,4,33,3
F23282,F23,P01,true,4,33,3
F23286,F23,P01,true,4,33,3
F23320,F23,P01,true,4,33,3
F23336,F23,P01,true,4,33,3
F23379,F23,P01,true,4,33,3
F23382,F23,P01,true,4,33,3
F23432,F23,P01,true,4,33,3
F23561,F24,P01,true,4,33,3
F23564,F24,P01,true,4,33,3
F23568,F24,P01,true,4,33,3
F23606,F24,P01,true,4,33,3
F23610,F24,P01,true,4,33,3
F23624,F24,P01,true,4,33,3
F23662,F24,P01,true,4,33,3
F23673,F24,P01,true,4,33,3
F23679,F24,P01,true,4,33,3
F23716,F24,P01,true,4,33,3
F23725,F24,P01,true,4,33,3
F23734,F24,P01,true,4,33,3
F23770,F24,P01,true,4,33,3
F23777,F24,P01,true,4,33,3
F23788,F24,P01,true,4,33,3
F23829,F24,P01,true,4,33,3
F23843,F24,P01,true,4,33,3
F23844,F24,P01,true,4,33,3
F23888,F24,P01,true,4,33,3
F23902,F24,P01,true,4,33,3
F23948,F24,P01,true,4,33,3
F23955,F24,P01,true,4,33,3
F23965,F24,P01,true,4,33,3
F24015,F24,P01,true,4,33,3
F24055,F24,P01,true,4,33,3
F24068,F24,P01,true,4,33,3
F24071,F24,P01,true,4,33,3
F24075,F24,P01,true,4,33,3
F24121,F24,P01,true,4,33,3
F24124,F24,P01,true,4,33,3
F24180,F24,P01,true,4,33,3
F24188,F24,P01,true,4,33,3
F24195,F24,P01,true,4,33,3
F24227,F24,P01,true,4,33,3
F24236,F24,P01,true,4,33,3
F24286,F24,P01,true,4,33,3
F24291,F24,P01,true,4,33,3
F24342,F24,P01,true,4,33,3
F24347,F24,P01,true,4,33,3
F24364,F24,P01,true,4,33,3
F24454,F24,P01,true,4,33,3
F24525,F24,P01,true,4,33,3
F24567,F24,P01,true,4,33,3
F24572,F24,P01,true,4,33,3
F24575,F24,P01,true,4,33,3
F02558,F03,P01,true,3,33,3
F03075,F04,P01,true,3,33,3
F03078,F04,P01,true,3,33,3
F03193,F04,P01,true,3,33,3
F03538,F04,P01,true,3,33,3
F03580,F04,P01,true,3,33,3
F03694,F04,P01,true,3,33,3
F03817,F04,P01,true,3,33,3
F03821,F04,P01,true,3,33,3
F04035,F04,P01,true,3,33,3
F04092,F04,P01,true,3,33,3
F04095,F04,P01,true,3,33,3
F10292,F11,P01,true,3,33,3
F10348,F11,P01,true,3,33,3
F10579,F11,P01,true,3,33,3
F10581,F11,P01,true,3,33,3
F10976,F11,P01,true,3,33,3
F11032,F11,P01,true,3,33,3
F11147,F11,P01,true,3,33,3
F11260,F11,P01,true,3,33,3
F11262,F11,P01,true,3,33,3
F11264,F11,P01,true,3,33,3
F11374,F12,P01,true,3,33,3
F11378,F12,P01,true,3,33,3
F11442,F12,P01,true,3,33,3
F11488,F12,P01,true,3,33,3
F11612,F12,P01,true,3,33,3
F11774,F12,P01,true,3,33,3
F11835,F12,P01,true,3,33,3
F11945,F12,P01,true,3,33,3
F11997,F12,P01,true,3,33,3
F12001,F12,P01,true,3,33,3
F12120,F12,P01,true,3,33,3
F12123,F12,P01,true,3,33,3
F12177,F12,P01,true,3,33,3
F12182,F12,P01,true,3,33,3
F12240,F12,P01,true,3,33,3
F19846,F20,P01,true,3,33,3
F19906,F20,P01,true,3,33,3
F19908,F20,P01,true,3,33,3
F20648,F21,P01,true,3,33,3
F20708,F21,P01,true,3,33,3
F20885,F21,P01,true,3,33,3
F21121,F21,P01,true,3,33,3
F21282,F21,P01,true,3,33,3
F21501,F21,P01,true,3,33,3
F21845,F22,P01,true,3,33,3
F21859,F22,P01,true,3,33,3
F21898,F22,P01,true,3,33,3
F21977,F22,P01,true,3,33,3
F22030,F22,P01,true,3,33,3
F22078,F22,P01,true,3,33,3
F22080,F22,P01,true,3,33,3
F22191,F22,P01,true,3,33,3
F22193,F22,P01,true,3,33,3
F22302,F22,P01,true,3,33,3
F22310,F22,P01,true,3,33,3
F22579,F23,P01,true,3,33,3
F22651,F23,P01,true,3,33,3
F22709,F23,P01,true,3,33,3
F22747,F23,P01,true,3,33,3
F22979,F23,P01,true,3,33,3
F22989,F23,P01,true,3,33,3
F23094,F23,P01,true,3,33,3
F23202,F23,P01,true,3,33,3
F23218,F23,P01,true,3,33,3
F23387,F23,P01,true,3,33,3
F23607,F24,P01,true,3,33,3
F23669,F24,P01,true,3,33,3
F23713,F24,P01,true,3,33,3
F23837,F24,P01,true,3,33,3
F23895,F24,P01,true,3,33,3
F24061,F24,P01,true,3,33,3
F24174,F24,P01,true,3,33,3
F24230,F24,P01,true,3,33,3
F24298,F24,P01,true,3,33,3
F24308,F24,P01,true,3,33,3
F24338,F24,P01,true,3,33,3
F24418,F24,P01,true,3,33,3
F24469,F24,P01,true,3,33,3
F21285,F21,P01,true,2,33,3
F23052,F23,P01,true,2,33,3
F23838,F24,P01,true,2,33,3
F00043,F01,P01,true,4,32,4
F00048,F01,P01,true,4,32,4
F00226,F01,P01,true,4,32,4
F00337,F01,P01,true,4,32,4
F00376,F01,P01,true,4,32,4
F00392,F01,P01,true,4,32,4
F00416,F01,P01,true,4,32,4
F00467,F01,P01,true,4,32,4
F00488,F01,P01,true,4,32,4
F00505,F01,P01,true,4,32,4
F00520,F01,P01,true,4,32,4
F00564,F01,P01,true,4,32,4
F00652,F01,P01,true,4,32,4
F00724,F01,P01,true,4,32,4
F00752,F01,P01,true,4,32,4
F00756,F01,P01,true,4,32,4
F00817,F01,P01,true,4,32,4
F00836,F01,P01,true,4,32,4
F00854,F01,P01,true,4,32,4
F00859,F01,P01,true,4,32,4
F00864,F01,P01,true,4,32,4
F00895,F01,P01,true,4,32,4
F00902,F01,P01,true,4,32,4
F00914,F01,P01,true,4,32,4
F00974,F01,P01,true,4,32,4
F01032,F02,P01,true,4,32,4
F01053,F02,P01,true,4,32,4
F01127,F02,P01,true,4,32,4
F01262,F02,P01,true,4,32,4
F01311,F02,P01,true,4,32,4
F01430,F02,P01,true,4,32,4
F01455,F02,P01,true,4,32,4
F01516,F02,P01,true,4,32,4
F01620,F02,P01,true,4,32,4
F01625,F02,P01,true,4,32,4
F01702,F02,P01,true,4,32,4
F01746,F02,P01,true,4,32,4
F01778,F02,P01,true,4,32,4
F01822,F02,P01,true,4,32,4
F01919,F02,P01,true,4,32,4
F01923,F02,P01,true,4,32,4
F01932,F02,P01,true,4,32,4
F01949,F02,P01,true,4,32,4
F01985,F02,P01,true,4,32,4
F02038,F02,P01,true,4,32,4
F02078,F03,P01,true,4,32,4
F02334,F03,P01,true,4,32,4
F02382,F03,P01,true,4,32,4
F02488,F03,P01,true,4,32,4
F02512,F03,P01,true,4,32,4
F02569,F03,P01,true,4,32,4
F02598,F03,P01,true,4,32,4
F02693,F03,P01,true,4,32,4
F02709,F03,P01,true,4,32,4
F02820,F03,P01,true,4,32,4
F02864,F03,P01,true,4,32,4
F03141,F04,P01,true,4,32,4
F03203,F04,P01,true,4,32,4
F03341,F04,P01,true,4,32,4
F03392,F04,P01,true,4,32,4
F03427,F04,P01,true,4,32,4
F03452,F04,P01,true,4,32,4
F03597,F04,P01,true,4,32,4
F03600,F04,P01,true,4,32,4
F03687,F04,P01,true,4,32,4
F03733,F04,P01,true,4,32,4
F03777,F04,P01,true,4,32,4
F03786,F04,P01,true,4,32,4
F03807,F04,P01,true,4,32,4
F03836,F04,P01,true,4,32,4
F03945,F04,P01,true,4,32,4
F04014,F04,P01,true,4,32,4
F04028,F04,P01,true,4,32,4
F04053,F04,P01,true,4,32,4
F04057,F04,P01,true,4,32,4
F04868,F05,P01,true,4,32,4
F04959,F05,P01,true,4,32,4
F05538,F06,P01,true,4,32,4
F06986,F07,P01,true,4,32,4
F07527,F08,P01,true,4,32,4
F07750,F08,P01,true,4,32,4
F08590,F09,P01,true,4,32,4
F08881,F09,P01,true,4,32,4
F09292,F10,P01,true,4,32,4
F09330,F10,P01,true,4,32,4
F09344,F10,P01,true,4,32,4
F09900,F10,P01,true,4,32,4
F09983,F10,P01,true,4,32,4
F10653,F11,P01,true,4,32,4
F11341,F12,P01,true,4,32,4
F11407,F12,P01,true,4,32,4
F11510,F12,P01,true,4,32,4
F12041,F12,P01,true,4,32,4
F12188,F12,P01,true,4,32,4
F12294,F13,P01,true,4,32,4
F12359,F13,P01,true,4,32,4
F12390,F13,P01,true,4,32,4
F12399,F13,P01,true,4,32,4
F12403,F13,P01,true,4,32,4
F12422,F13,P01,true,4,32,4
F12429,F13,P01,true,4,32,4
F12446,F13,P01,true,4,32,4
F12459,F13,P01,true,4,32,4
F12485,F13,P01,true,4,32,4
F12499,F13,P01,true,4,32,4
F12506,F13,P01,true,4,32,4
F12535,F13,P01,true,4,32,4
F12554,F13,P01,true,4,32,4
F12575,F13,P01,true,4,32,4
F12601,F13,P01,true,4,32,4
F12613,F13,P01,true,4,32,4
F12621,F13,P01,true,4,32,4
F12649,F13,P01,true,4,32,4
F12650,F13,P01,true,4,32,4
F12656,F13,P01,true,4,32,4
F12667,F13,P01,true,4,32,4
F12694,F13,P01,true,4,32,4
F12704,F13,P01,true,4,32,4
F12719,F13,P01,true,4,32,4
F12738,F13,P01,true,4,32,4
F12742,F13,P01,true,4,32,4
F12786,F13,P01,true,4,32,4
F12792,F13,P01,true,4,32,4
F12804,F13,P01,true,4,32,4
F12819,F13,P01,true,4,32,4
F12821,F13,P01,true,4,32,4
F12846,F13,P01,true,4,32,4
F12857,F13,P01,true,4,32,4
F12888,F13,P01,true,4,32,4
F12905,F13,P01,true,4,32,4
F12938,F13,P01,true,4,32,4
F12950,F13,P01,true,4,32,4
F12969,F13,P01,true,4,32,4
F13006,F13,P01,true,4,32,4
F13031,F13,P01,true,4,32,4
F13049,F13,P01,true,4,32,4
F13089,F13,P01,true,4,32,4
F13103,F13,P01,true,4,32,4
F13118,F13,P01,true,4,32,4
F13126,F13,P01,true,4,32,4
F13129,F13,P01,true,4,32,4
F13144,F13,P01,true,4,32,4
F13149,F13,P01,true,4,32,4
F13188,F13,P01,true,4,32,4
F13211,F13,P01,true,4,32,4
F13244,F13,P01,true,4,32,4
F13259,F13,P01,true,4,32,4
F13278,F13,P01,true,4,32,4
F13301,F13,P01,true,4,32,4
F13307,F13,P01,true,4,32,4
F13333,F14,P01,true,4,32,4
F13334,F14,P01,true,4,32,4
F13382,F14,P01,true,4,32,4
F13394,F14,P01,true,4,32,4
F13409,F14,P01,true,4,32,4
F13434,F14,P01,true,4,32,4
F13437,F14,P01,true,4,32,4
F13442,F14,P01,true,4,32,4
F13446,F14,P01,true,4,32,4
F13457,F14,P01,true,4,32,4
F13458,F14,P01,true,4,32,4
F13467,F14,P01,true,4,32,4
F13480,F14,P01,true,4,32,4
F13500,F14,P01,true,4,32,4
F13591,F14,P01,true,4,32,4
F13626,F14,P01,true,4,32,4
F13683,F14,P01,true,4,32,4
F13687,F14,P01,true,4,32,4
F13696,F14,P01,true,4,32,4
F13712,F14,P01,true,4,32,4
F13720,F14,P01,true,4,32,4
F13759,F14,P01,true,4,32,4
F13797,F14,P01,true,4,32,4
F13823,F14,P01,true,4,32,4
F13825,F14,P01,true,4,32,4
F13849,F14,P01,true,4,32,4
F13861,F14,P01,true,4,32,4
F13880,F14,P01,true,4,32,4
F13887,F14,P01,true,4,32,4
F13898,F14,P01,true,4,32,4
F13933,F14,P01,true,4,32,4
F13936,F14,P01,true,4,32,4
F13960,F14,P01,true,4,32,4
F13992,F14,P01,true,4,32,4
F13995,F14,P01,true,4,32,4
F14069,F14,P01,true,4,32,4
F14081,F14,P01,true,4,32,4
F14110,F14,P01,true,4,32,4
F14115,F14,P01,true,4,32,4
F14127,F14,P01,true,4,32,4
F14132,F14,P01,true,4,32,4
F14173,F14,P01,true,4,32,4
F14227,F14,P01,true,4,32,4
F14247,F14,P01,true,4,32,4
F14260,F14,P01,true,4,32,4
F14287,F14,P01,true,4,32,4
F14288,F14,P01,true,4,32,4
F14305,F14,P01,true,4,32,4
F14327,F14,P01,true,4,32,4
F14334,F14,P01,true,4,32,4
F14336,F14,P01,true,4,32,4
F14345,F15,P01,true,4,32,4
F14347,F15,P01,true,4,32,4
F14348,F15,P01,true,4,32,4
F14366,F15,P01,true,4,32,4
F14371,F15,P01,true,4,32,4
F14382,F15,P01,true,4,32,4
F14426,F15,P01,true,4,32,4
F14458,F15,P01,true,4,32,4
F14467,F15,P01,true,4,32,4
F14470,F15,P01,true,4,32,4
F14499,F15,P01,true,4,32,4
F14524,F15,P01,true,4,32,4
F14563,F15,P01,true,4,32,4
F14569,F15,P01,true,4,32,4
F14573,F15,P01,true,4,32,4
F14578,F15,P01,true,4,32,4
F14587,F15,P01,true,4,32,4
F14612,F15,P01,true,4,32,4
F14625,F15,P01,true,4,32,4
F14634,F15,P01,true,4,32,4
F14640,F15,P01,true,4,32,4
F14651,F15,P01,true,4,32,4
F14656,F15,P01,true,4,32,4
F14685,F15,P01,true,4,32,4
F14717,F15,P01,true,4,32,4
F14748,F15,P01,true,4,32,4
F14767,F15,P01,true,4,32,4
F14823,F15,P01,true,4,32,4
F14834,F15,P01,true,4,32,4
F14835,F15,P01,true,4,32,4
F14853,F15,P01,true,4,32,4
F14856,F15,P01,true,4,32,4
F14940,F15,P01,true,4,32,4
F14942,F15,P01,true,4,32,4
F14970,F15,P01,true,4,32,4
F15004,F15,P01,true,4,32,4
F15005,F15,P01,true,4,32,4
F15019,F15,P01,true,4,32,4
F15049,F15,P01,true,4,32,4
F15067,F15,P01,true,4,32,4
F15068,F15,P01,true,4,32,4
F15090,F15,P01,true,4,32,4
F15097,F15,P01,true,4,32,4
F15130,F15,P01,true,4,32,4
F15142,F15,P01,true,4,32,4
F15151,F15,P01,true,4,32,4
F15153,F15,P01,true,4,32,4
F15170,F15,P01,true,4,32,4
F15226,F15,P01,true,4,32,4
F15229,F15,P01,true,4,32,4
F15238,F15,P01,true,4,32,4
F15253,F15,P01,true,4,32,4
F15261,F15,P01,true,4,32,4
F15278,F15,P01,true,4,32,4
F15356,F15,P01,true,4,32,4
F15412,F16,P01,true,4,32,4
F15444,F16,P01,true,4,32,4
F15447,F16,P01,true,4,32,4
F15459,F16,P01,true,4,32,4
F15492,F16,P01,true,4,32,4
F15497,F16,P01,true,4,32,4
F15530,F16,P01,true,4,32,4
F15570,F16,P01,true,4,32,4
F15589,F16,P01,true,4,32,4
F15657,F16,P01,true,4,32,4
F15678,F16,P01,true,4,32,4
F15679,F16,P01,true,4,32,4
F15740,F16,P01,true,4,32,4
F15743,F16,P01,true,4,32,4
F15779,F16,P01,true,4,32,4
F15800,F16,P01,true,4,32,4
F15803,F16,P01,true,4,32,4
F15824,F16,P01,true,4,32,4
F15842,F16,P01,true,4,32,4
F15843,F16,P01,true,4,32,4
F15962,F16,P01,true,4,32,4
F16028,F16,P01,true,4,32,4
F16064,F16,P01,true,4,32,4
F16065,F16,P01,true,4,32,4
F16122,F16,P01,true,4,32,4
F16170,F16,P01,true,4,32,4
F16188,F16,P01,true,4,32,4
F16195,F16,P01,true,4,32,4
F16219,F16,P01,true,4,32,4
F16242,F16,P01,true,4,32,4
F16251,F16,P01,true,4,32,4
F16284,F16,P01,true,4,32,4
F16288,F16,P01,true,4,32,4
F16298,F16,P01,true,4,32,4
F16303,F16,P01,true,4,32,4
F16305,F16,P01,true,4,32,4
F16376,F16,P01,true,4,32,4
F16399,F17,P01,true,4,32,4
F16420,F17,P01,true,4,32,4
F16741,F17,P01,true,4,32,4
F16911,F17,P01,true,4,32,4
F16952,F17,P01,true,4,32,4
F16969,F17,P01,true,4,32,4
F17318,F17,P01,true,4,32,4
F17466,F18,P01,true,4,32,4
F17769,F18,P01,true,4,32,4
F18220,F18,P01,true,4,32,4
F18238,F18,P01,true,4,32,4
F18330,F18,P01,true,4,32,4
F18544,F19,P01,true,4,32,4
F18840,F19,P01,true,4,32,4
F19080,F19,P01,true,4,32,4
F19193,F19,P01,true,4,32,4
F19316,F19,P01,true,4,32,4
F19346,F19,P01,true,4,32,4
F19404,F19,P01,true,4,32,4
F19464,F20,P01,true,4,32,4
F19513,F20,P01,true,4,32,4
F19629,F20,P01,true,4,32,4
F19683,F20,P01,true,4,32,4
F19808,F20,P01,true,4,32,4
F20135,F20,P01,true,4,32,4
F20150,F20,P01,true,4,32,4
F20207,F20,P01,true,4,32,4
F20239,F20,P01,true,4,32,4
F20328,F20,P01,true,4,32,4
F20338,F20,P01,true,4,32,4
F20424,F20,P01,true,4,32,4
F20560,F21,P01,true,4,32,4
F20578,F21,P01,true,4,32,4
F20626,F21,P01,true,4,32,4
F20632,F21,P01,true,4,32,4
F20692,F21,P01,true,4,32,4
F20783,F21,P01,true,4,32,4
F20811,F21,P01,true,4,32,4
F20850,F21,P01,true,4,32,4
F20973,F21,P01,true,4,32,4
F21007,F21,P01,true,4,32,4
F21021,F21,P01,true,4,32,4
F21038,F21,P01,true,4,32,4
F21091,F21,P01,true,4,32,4
F21138,F21,P01,true,4,32,4
F21180,F21,P01,true,4,32,4
F21186,F21,P01,true,4,32,4
F21261,F21,P01,true,4,32,4
F21297,F21,P01,true,4,32,4
F21313,F21,P01,true,4,32,4
F21438,F21,P01,true,4,32,4
F21505,F22,P01,true,4,32,4
F21530,F22,P01,true,4,32,4
F21545,F22,P01,true,4,32,4
F21550,F22,P01,true,4,32,4
F21588,F22,P01,true,4,32,4
F21603,F22,P01,true,4,32,4
F21762,F22,P01,true,4,32,4
F21765,F22,P01,true,4,32,4
F21884,F22,P01,true,4,32,4
F21939,F22,P01,true,4,32,4
F21943,F22,P01,true,4,32,4
F21992,F22,P01,true,4,32,4
F22000,F22,P01,true,4,32,4
F22149,F22,P01,true,4,32,4
F22172,F22,P01,true,4,32,4
F22287,F22,P01,true,4,32,4
F22325,F22,P01,true,4,32,4
F22391,F22,P01,true,4,32,4
F22404,F22,P01,true,4,32,4
F22433,F22,P01,true,4,32,4
F22445,F22,P01,true,4,32,4
F22549,F23,P01,true,4,32,4
F22628,F23,P01,true,4,32,4
F22675,F23,P01,true,4,32,4
F22743,F23,P01,true,4,32,4
F22772,F23,P01,true,4,32,4
F22787,F23,P01,true,4,32,4
F22828,F23,P01,true,4,32,4
F22848,F23,P01,true,4,32,4
F23076,F23,P01,true,4,32,4
F23118,F23,P01,true,4,32,4
F23183,F23,P01,true,4,32,4
F23190,F23,P01,true,4,32,4
F23239,F23,P01,true,4,32,4
F23251,F23,P01,true,4,32,4
F23253,F23,P01,true,4,32,4
F23256,F23,P01,true,4,32,4
F23257,F23,P01,true,4,32,4
F23299,F23,P01,true,4,32,4
F23350,F23,P01,true,4,32,4
F23354,F23,P01,true,4,32,4
F23363,F23,P01,true,4,32,4
F23369,F23,P01,true,4,32,4
F23404,F23,P01,true,4,32,4
F23541,F23,P01,true,4,32,4
F23571,F24,P01,true,4,32,4
F23593,F24,P01,true,4,32,4
F23595,F24,P01,true,4,32,4
F23645,F24,P01,true,4,32,4
F23766,F24,P01,true,4,32,4
F23816,F24,P01,true,4,32,4
F23822,F24,P01,true,4,32,4
F23914,F24,P01,true,4,32,4
F23917,F24,P01,true,4,32,4
F23978,F24,P01,true,4,32,4
F23996,F24,P01,true,4,32,4
F24051,F24,P01,true,4,32,4
F24164,F24,P01,true,4,32,4
F24383,F24,P01,true,4,32,4
F24422,F24,P01,true,4,32,4
F24438,F24,P01,true,4,32,4
F24484,F24,P01,true,4,32,4
F24542,F24,P01,true,4,32,4
F00026,F01,P01,true,3,32,4
F00059,F01,P01,true,3,32,4
F00111,F01,P01,true,3,32,4
F00122,F01,P01,true,3,32,4
F00157,F01,P01,true,3,32,4
F00169,F01,P01,true,3,32,4
F00243,F01,P01,true,3,32,4
F00268,F01,P01,true,3,32,4
F00272,F01,P01,true,3,32,4
F00296,F01,P01,true,3,32,4
F00303,F01,P01,true,3,32,4
F00329,F01,P01,true,3,32,4
F00331,F01,P01,true,3,32,4
F00339,F01,P01,true,3,32,4
F00370,F01,P01,true,3,32,4
F00397,F01,P01,true,3,32,4
F00402,F01,P01,true,3,32,4
F00409,F01,P01,true,3,32,4
F00423,F01,P01,true,3,32,4
F00457,F01,P01,true,3,32,4
F00568,F01,P01,true,3,32,4
F00569,F01,P01,true,3,32,4
F00575,F01,P01,true,3,32,4
F00580,F01,P01,true,3,32,4
F00602,F01,P01,true,3,32,4
F00669,F01,P01,true,3,32,4
F00731,F01,P01,true,3,32,4
F00753,F01,P01,true,3,32,4
F00767,F01,P01,true,3,32,4
F00794,F01,P01,true,3,32,4
F00848,F01,P01,true,3,32,4
F00915,F01,P01,true,3,32,4
F00930,F01,P01,true,3,32,4
F00958,F01,P01,true,3,32,4
F00973,F01,P01,true,3,32,4
F01074,F02,P01,true,3,32,4
F01108,F02,P01,true,3,32,4
F01121,F02,P01,true,3,32,4
F01148,F02,P01,true,3,32,4
F01186,F02,P01,true,3,32,4
F01264,F02,P01,true,3,32,4
F01269,F02,P01,true,3,32,4
F01329,F02,P01,true,3,32,4
F01357,F02,P01,true,3,32,4
F01372,F02,P01,true,3,32,4
F01487,F02,P01,true,3,32,4
F01500,F02,P01,true,3,32,4
F01520,F02,P01,true,3,32,4
F01586,F02,P01,true,3,32,4
F01592,F02,P01,true,3,32,4
F01593,F02,P01,true,3,32,4
F01606,F02,P01,true,3,32,4
F01611,F02,P01,true,3,32,4
F01669,F02,P01,true,3,32,4
F01725,F02,P01,true,3,32,4
F01770,F02,P01,true,3,32,4
F01799,F02,P01,true,3,32,4
F01805,F02,P01,true,3,32,4
F01835,F02,P01,true,3,32,4
F01858,F02,P01,true,3,32,4
F01865,F02,P01,true,3,32,4
F01887,F02,P01,true,3,32,4
F01904,F02,P01,true,3,32,4
F02041,F02,P01,true,3,32,4
F02058,F03,P01,true,3,32,4
F02069,F03,P01,true,3,32,4
F02156,F03,P01,true,3,32,4
F02159,F03,P01,true,3,32,4
F02205,F03,P01,true,3,32,4
F02223,F03,P01,true,3,32,4
F02265,F03,P01,true,3,32,4
F02304,F03,P01,true,3,32,4
F02307,F03,P01,true,3,32,4
F02366,F03,P01,true,3,32,4
F02389,F03,P01,true,3,32,4
F02495,F03,P01,true,3,32,4
F02565,F03,P01,true,3,32,4
F02638,F03,P01,true,3,32,4
F02882,F03,P01,true,3,32,4
F02934,F03,P01,true,3,32,4
F02946,F03,P01,true,3,32,4
F03015,F03,P01,true,3,32,4
F03032,F03,P01,true,3,32,4
F03057,F03,P01,true,3,32,4
F03058,F03,P01,true,3,32,4
F03124,F04,P01,true,3,32,4
F03178,F04,P01,true,3,32,4
F03265,F04,P01,true,3,32,4
F03288,F04,P01,true,3,32,4
F03332,F04,P01,true,3,32,4
F03346,F04,P01,true,3,32,4
F03449,F04,P01,true,3,32,4
F03562,F04,P01,true,3,32,4
F03578,F04,P01,true,3,32,4
F03619,F04,P01,true,3,32,4
F03652,F04,P01,true,3,32,4
F03686,F04,P01,true,3,32,4
F03693,F04,P01,true,3,32,4
F03719,F04,P01,true,3,32,4
F03739,F04,P01,true,3,32,4
F03776,F04,P01,true,3,32,4
F03785,F04,P01,true,3,32,4
F03793,F04,P01,true,3,32,4
F03800,F04,P01,true,3,32,4
F03806,F04,P01,true,3,32,4
F03858,F04,P01,true,3,32,4
F03859,F04,P01,true,3,32,4
F03969,F04,P01,true,3,32,4
F04076,F04,P01,true,3,32,4
F04079,F04,P01,true,3,32,4
F04110,F05,P01,true,3,32,4
F04133,F05,P01,true,3,32,4
F04136,F05,P01,true,3,32,4
F04138,F05,P01,true,3,32,4
F04142,F05,P01,true,3,32,4
F04158,F05,P01,true,3,32,4
F04180,F05,P01,true,3,32,4
F04184,F05,P01,true,3,32,4
F04203,F05,P01,true,3,32,4
F04217,F05,P01,true,3,32,4
F04230,F05,P01,true,3,32,4
F04232,F05,P01,true,3,32,4
F04275,F05,P01,true,3,32,4
F04296,F05,P01,true,3,32,4
F04306,F05,P01,true,3,32,4
F04327,F05,P01,true,3,32,4
F04337,F05,P01,true,3,32,4
F04343,F05,P01,true,3,32,4
F04346,F05,P01,true,3,32,4
F04355,F05,P01,true,3,32,4
F04386,F05,P01,true,3,32,4
F04387,F05,P01,true,3,32,4
F04400,F05,P01,true,3,32,4
F04438,F05,P01,true,3,32,4
F04449,F05,P01,true,3,32,4
F04452,F05,P01,true,3,32,4
F04459,F05,P01,true,3,32,4
F04463,F05,P01,true,3,32,4
F04486,F05,P01,true,3,32,4
F04494,F05,P01,true,3,32,4
F04518,F05,P01,true,3,32,4
F04520,F05,P01,true,3,32,4
F04570,F05,P01,true,3,32,4
F04578,F05,P01,true,3,32,4
F04584,F05,P01,true,3,32,4
F04602,F05,P01,true,3,32,4
F04603,F05,P01,true,3,32,4
F04617,F05,P01,true,3,32,4
F04637,F05,P01,true,3,32,4
F04650,F05,P01,true,3,32,4
F04660,F05,P01,true,3,32,4
F04679,F05,P01,true,3,32,4
F04695,F05,P01,true,3,32,4
F04718,F05,P01,true,3,32,4
F04752,F05,P01,true,3,32,4
F04758,F05,P01,true,3,32,4
F04785,F05,P01,true,3,32,4
F04794,F05,P01,true,3,32,4
F04816,F05,P01,true,3,32,4
F04839,F05,P01,true,3,32,4
F04869,F05,P01,true,3,32,4
F04877,F05,P01,true,3,32,4
F04882,F05,P01,true,3,32,4
F04889,F05,P01,true,3,32,4
F04894,F05,P01,true,3,32,4
F04920,F05,P01,true,3,32,4
F04924,F05,P01,true,3,32,4
F04965,F05,P01,true,3,32,4
F04978,F05,P01,true,3,32,4
F04979,F05,P01,true,3,32,4
F04995,F05,P01,true,3,32,4
F04996,F05,P01,true,3,32,4
F05013,F05,P01,true,3,32,4
F05022,F05,P01,true,3,32,4
F05063,F05,P01,true,3,32,4
F05093,F05,P01,true,3,32,4
F05097,F05,P01,true,3,32,4
F05105,F05,P01,true,3,32,4
F05112,F05,P01,true,3,32,4
F05138,F06,P01,true,3,32,4
F05142,F06,P01,true,3,32,4
F05145,F06,P01,true,3,32,4
F05154,F06,P01,true,3,32,4
F05177,F06,P01,true,3,32,4
F05197,F06,P01,true,3,32,4
F05234,F06,P01,true,3,32,4
F05247,F06,P01,true,3,32,4
F05248,F06,P01,true,3,32,4
F05262,F06,P01,true,3,32,4
F05282,F06,P01,true,3,32,4
F05305,F06,P01,true,3,32,4
F05308,F06,P01,true,3,32,4
F05319,F06,P01,true,3,32,4
F05320,F06,P01,true,3,32,4
F05344,F06,P01,true,3,32,4
F05380,F06,P01,true,3,32,4
F05383,F06,P01,true,3,32,4
F05420,F06,P01,true,3,32,4
F05495,F06,P01,true,3,32,4
F05506,F06,P01,true,3,32,4
F05514,F06,P01,true,3,32,4
F05522,F06,P01,true,3,32,4
F05525,F06,P01,true,3,32,4
F05529,F06,P01,true,3,32,4
F05530,F06,P01,true,3,32,4
F05535,F06,P01,true,3,32,4
F05541,F06,P01,true,3,32,4
F05552,F06,P01,true,3,32,4
F05553,F06,P01,true,3,32,4
F05554,F06,P01,true,3,32,4
F05575,F06,P01,true,3,32,4
F05576,F06,P01,true,3,32,4
F05577,F06,P01,true,3,32,4
F05590,F06,P01,true,3,32,4
F05604,F06,P01,true,3,32,4
F05622,F06,P01,true,3,32,4
F05636,F06,P01,true,3,32,4
F05644,F06,P01,true,3,32,4
F05651,F06,P01,true,3,32,4
F05654,F06,P01,true,3,32,4
F05656,F06,P01,true,3,32,4
F05660,F06,P01,true,3,32,4
F05668,F06,P01,true,3,32,4
F05696,F06,P01,true,3,32,4
F05732,F06,P01,true,3,32,4
F05733,F06,P01,true,3,32,4
F05737,F06,P01,true,3,32,4
F05753,F06,P01,true,3,32,4
F05756,F06,P01,true,3,32,4
F05761,F06,P01,true,3,32,4
F05770,F06,P01,true,3,32,4
F05781,F06,P01,true,3,32,4
F05790,F06,P01,true,3,32,4
F05830,F06,P01,true,3,32,4
F05874,F06,P01,true,3,32,4
F05880,F06,P01,true,3,32,4
F05884,F06,P01,true,3,32,4
F05895,F06,P01,true,3,32,4
F05896,F06,P01,true,3,32,4
F05918,F06,P01,true,3,32,4
F05925,F06,P01,true,3,32,4
F05938,F06,P01,true,3,32,4
F05944,F06,P01,true,3,32,4
F06005,F06,P01,true,3,32,4
F06028,F06,P01,true,3,32,4
F06056,F06,P01,true,3,32,4
F06075,F06,P01,true,3,32,4
F06115,F06,P01,true,3,32,4
F06132,F06,P01,true,3,32,4
F06150,F07,P01,true,3,32,4
F06153,F07,P01,true,3,32,4
F06180,F07,P01,true,3,32,4
F06198,F07,P01,true,3,32,4
F06200,F07,P01,true,3,32,4
F06207,F07,P01,true,3,32,4
F06210,F07,P01,true,3,32,4
F06234,F07,P01,true,3,32,4
F06266,F07,P01,true,3,32,4
F06269,F07,P01,true,3,32,4
F06270,F07,P01,true,3,32,4
F06280,F07,P01,true,3,32,4
F06286,F07,P01,true,3,32,4
F06289,F07,P01,true,3,32,4
F06301,F07,P01,true,3,32,4
F06306,F07,P01,true,3,32,4
F06314,F07,P01,true,3,32,4
F06317,F07,P01,true,3,32,4
F06318,F07,P01,true,3,32,4
F06327,F07,P01,true,3,32,4
F06329,F07,P01,true,3,32,4
F06343,F07,P01,true,3,32,4
F06344,F07,P01,true,3,32,4
F06346,F07,P01,true,3,32,4
F06351,F07,P01,true,3,32,4
F06359,F07,P01,true,3,32,4
F06360,F07,P01,true,3,32,4
F06379,F07,P01,true,3,32,4
F06406,F07,P01,true,3,32,4
F06410,F07,P01,true,3,32,4
F06418,F07,P01,true,3,32,4
F06447,F07,P01,true,3,32,4
F06449,F07,P01,true,3,32,4
F06451,F07,P01,true,3,32,4
F06458,F07,P01,true,3,32,4
F06466,F07,P01,true,3,32,4
F06483,F07,P01,true,3,32,4
F06484,F07,P01,true,3,32,4
F06503,F07,P01,true,3,32,4
F06505,F07,P01,true,3,32,4
F06507,F07,P01,true,3,32,4
F06526,F07,P01,true,3,32,4
F06529,F07,P01,true,3,32,4
F06534,F07,P01,true,3,32,4
F06545,F07,P01,true,3,32,4
F06575,F07,P01,true,3,32,4
F06580,F07,P01,true,3,32,4
F06582,F07,P01,true,3,32,4
F06608,F07,P01,true,3,32,4
F06628,F07,P01,true,3,32,4
F06634,F07,P01,true,3,32,4
F06642,F07,P01,true,3,32,4
F06648,F07,P01,true,3,32,4
F06692,F07,P01,true,3,32,4
F06708,F07,P01,true,3,32,4
F06720,F07,P01,true,3,32,4
F06725,F07,P01,true,3,32,4
F06749,F07,P01,true,3,32,4
F06769,F07,P01,true,3,32,4
F06771,F07,P01,true,3,32,4
F06779,F07,P01,true,3,32,4
F06818,F07,P01,true,3,32,4
F06831,F07,P01,true,3,32,4
F06858,F07,P01,true,3,32,4
F06880,F07,P01,true,3,32,4
F06898,F07,P01,true,3,32,4
F06914,F07,P01,true,3,32,4
F06938,F07,P01,true,3,32,4
F06939,F07,P01,true,3,32,4
F06940,F07,P01,true,3,32,4
F06947,F07,P01,true,3,32,4
F06948,F07,P01,true,3,32,4
F06977,F07,P01,true,3,32,4
F07015,F07,P01,true,3,32,4
F07021,F07,P01,true,3,32,4
F07029,F07,P01,true,3,32,4
F07032,F07,P01,true,3,32,4
F07034,F07,P01,true,3,32,4
F07043,F07,P01,true,3,32,4
F07054,F07,P01,true,3,32,4
F07142,F07,P01,true,3,32,4
F07165,F07,P01,true,3,32,4
F07190,F08,P01,true,3,32,4
F07198,F08,P01,true,3,32,4
F07229,F08,P01,true,3,32,4
F07295,F08,P01,true,3,32,4
F07297,F08,P01,true,3,32,4
F07367,F08,P01,true,3,32,4
F07373,F08,P01,true,3,32,4
F07376,F08,P01,true,3,32,4
F07411,F08,P01,true,3,32,4
F07426,F08,P01,true,3,32,4
F07439,F08,P01,true,3,32,4
F07447,F08,P01,true,3,32,4
F07464,F08,P01,true,3,32,4
F07479,F08,P01,true,3,32,4
F07480,F08,P01,true,3,32,4
F07492,F08,P01,true,3,32,4
F07496,F08,P01,true,3,32,4
F07499,F08,P01,true,3,32,4
F07502,F08,P01,true,3,32,4
F07543,F08,P01,true,3,32,4
F07558,F08,P01,true,3,32,4
F07564,F08,P01,true,3,32,4
F07577,F08,P01,true,3,32,4
F07581,F08,P01,true,3,32,4
F07595,F08,P01,true,3,32,4
F07605,F08,P01,true,3,32,4
F07617,F08,P01,true,3,32,4
F07620,F08,P01,true,3,32,4
F07628,F08,P01,true,3,32,4
F07646,F08,P01,true,3,32,4
F07675,F08,P01,true,3,32,4
F07696,F08,P01,true,3,32,4
F07710,F08,P01,true,3,32,4
F07719,F08,P01,true,3,32,4
F07721,F08,P01,true,3,32,4
F07760,F08,P01,true,3,32,4
F07765,F08,P01,true,3,32,4
F07778,F08,P01,true,3,32,4
F07779,F08,P01,true,3,32,4
F07796,F08,P01,true,3,32,4
F07815,F08,P01,true,3,32,4
F07820,F08,P01,true,3,32,4
F07826,F08,P01,true,3,32,4
F07829,F08,P01,true,3,32,4
F07836,F08,P01,true,3,32,4
F07842,F08,P01,true,3,32,4
F07867,F08,P01,true,3,32,4
F07894,F08,P01,true,3,32,4
F07925,F08,P01,true,3,32,4
F07940,F08,P01,true,3,32,4
F07983,F08,P01,true,3,32,4
F07994,F08,P01,true,3,32,4
F07995,F08,P01,true,3,32,4
F08010,F08,P01,true,3,32,4
F08011,F08,P01,true,3,32,4
F08044,F08,P01,true,3,32,4
F08047,F08,P01,true,3,32,4
F08055,F08,P01,true,3,32,4
F08091,F08,P01,true,3,32,4
F08092,F08,P01,true,3,32,4
F08106,F08,P01,true,3,32,4
F08114,F08,P01,true,3,32,4
F08119,F08,P01,true,3,32,4
F08132,F08,P01,true,3,32,4
F08147,F08,P01,true,3,32,4
F08154,F08,P01,true,3,32,4
F08159,F08,P01,true,3,32,4
F08169,F08,P01,true,3,32,4
F08170,F08,P01,true,3,32,4
F08180,F08,P01,true,3,32,4
F08198,F09,P01,true,3,32,4
F08213,F09,P01,true,3,32,4
F08247,F09,P01,true,3,32,4
F08251,F09,P01,true,3,32,4
F08279,F09,P01,true,3,32,4
F08294,F09,P01,true,3,32,4
F08344,F09,P01,true,3,32,4
F08382,F09,P01,true,3,32,4
F08384,F09,P01,true,3,32,4
F08398,F09,P01,true,3,32,4
F08400,F09,P01,true,3,32,4
F08416,F09,P01,true,3,32,4
F08473,F09,P01,true,3,32,4
F08515,F09,P01,true,3,32,4
F08553,F09,P01,true,3,32,4
F08638,F09,P01,true,3,32,4
F08643,F09,P01,true,3,32,4
F08651,F09,P01,true,3,32,4
F08655,F09,P01,true,3,32,4
F08659,F09,P01,true,3,32,4
F08692,F09,P01,true,3,32,4
F08708,F09,P01,true,3,32,4
F08713,F09,P01,true,3,32,4
F08738,F09,P01,true,3,32,4
F08772,F09,P01,true,3,32,4
F08776,F09,P01,true,3,32,4
F08782,F09,P01,true,3,32,4
F08810,F09,P01,true,3,32,4
F08834,F09,P01,true,3,32,4
F08840,F09,P01,true,3,32,4
F08855,F09,P01,true,3,32,4
F08864,F09,P01,true,3,32,4
F08886,F09,P01,true,3,32,4
F08932,F09,P01,true,3,32,4
F08934,F09,P01,true,3,32,4
F08966,F09,P01,true,3,32,4
F08973,F09,P01,true,3,32,4
F09004,F09,P01,true,3,32,4
F09022,F09,P01,true,3,32,4
F09106,F09,P01,true,3,32,4
F09151,F09,P01,true,3,32,4
F09174,F09,P01,true,3,32,4
F09181,F09,P01,true,3,32,4
F09186,F09,P01,true,3,32,4
F09206,F09,P01,true,3,32,4
F09212,F09,P01,true,3,32,4
F09244,F10,P01,true,3,32,4
F09314,F10,P01,true,3,32,4
F09320,F10,P01,true,3,32,4
F09326,F10,P01,true,3,32,4
F09333,F10,P01,true,3,32,4
F09368,F10,P01,true,3,32,4
F09383,F10,P01,true,3,32,4
F09396,F10,P01,true,3,32,4
F09412,F10,P01,true,3,32,4
F09419,F10,P01,true,3,32,4
F09442,F10,P01,true,3,32,4
F09485,F10,P01,true,3,32,4
F09494,F10,P01,true,3,32,4
F09504,F10,P01,true,3,32,4
F09509,F10,P01,true,3,32,4
F09523,F10,P01,true,3,32,4
F09556,F10,P01,true,3,32,4
F09573,F10,P01,true,3,32,4
F09589,F10,P01,true,3,32,4
F09595,F10,P01,true,3,32,4
F09621,F10,P01,true,3,32,4
F09646,F10,P01,true,3,32,4
F09650,F10,P01,true,3,32,4
F09725,F10,P01,true,3,32,4
F09728,F10,P01,true,3,32,4
F09737,F10,P01,true,3,32,4
F09757,F10,P01,true,3,32,4
F09761,F10,P01,true,3,32,4
F09787,F10,P01,true,3,32,4
F09792,F10,P01,true,3,32,4
F09837,F10,P01,true,3,32,4
F09880,F10,P01,true,3,32,4
F09890,F10,P01,true,3,32,4
F09935,F10,P01,true,3,32,4
F09964,F10,P01,true,3,32,4
F09980,F10,P01,true,3,32,4
F09990,F10,P01,true,3,32,4
F09997,F10,P01,true,3,32,4
F10040,F10,P01,true,3,32,4
F10052,F10,P01,true,3,32,4
F10061,F10,P01,true,3,32,4
F10068,F10,P01,true,3,32,4
F10090,F10,P01,true,3,32,4
F10095,F10,P01,true,3,32,4
F10135,F10,P01,true,3,32,4
F10141,F10,P01,true,3,32,4
F10172,F10,P01,true,3,32,4
F10241,F11,P01,true,3,32,4
F10258,F11,P01,true,3,32,4
F10266,F11,P01,true,3,32,4
F10284,F11,P01,true,3,32,4
F10289,F11,P01,true,3,32,4
F10325,F11,P01,true,3,32,4
F10337,F11,P01,true,3,32,4
F10363,F11,P01,true,3,32,4
F10378,F11,P01,true,3,32,4
F10431,F11,P01,true,3,32,4
F10437,F11,P01,true,3,32,4
F10453,F11,P01,true,3,32,4
F10500,F11,P01,true,3,32,4
F10514,F11,P01,true,3,32,4
F10542,F11,P01,true,3,32,4
F10569,F11,P01,true,3,32,4
F10588,F11,P01,true,3,32,4
F10600,F11,P01,true,3,32,4
F10668,F11,P01,true,3,32,4
F10698,F11,P01,true,3,32,4
F10722,F11,P01,true,3,32,4
F10735,F11,P01,true,3,32,4
F10763,F11,P01,true,3,32,4
F10836,F11,P01,true,3,32,4
F10847,F11,P01,true,3,32,4
F10857,F11,P01,true,3,32,4
F10941,F11,P01,true,3,32,4
F10948,F11,P01,true,3,32,4
F10964,F11,P01,true,3,32,4
F10969,F11,P01,true,3,32,4
F10995,F11,P01,true,3,32,4
F11029,F11,P01,true,3,32,4
F11048,F11,P01,true,3,32,4
F11057,F11,P01,true,3,32,4
F11162,F11,P01,true,3,32,4
F11176,F11,P01,true,3,32,4
F11234,F11,P01,true,3,32,4
F11282,F12,P01,true,3,32,4
F11290,F12,P01,true,3,32,4
F11294,F12,P01,true,3,32,4
F11296,F12,P01,true,3,32,4
F11310,F12,P01,true,3,32,4
F11311,F12,P01,true,3,32,4
F11389,F12,P01,true,3,32,4
F11403,F12,P01,true,3,32,4
F11410,F12,P01,true,3,32,4
F11453,F12,P01,true,3,32,4
F11467,F12,P01,true,3,32,4
F11477,F12,P01,true,3,32,4
F11505,F12,P01,true,3,32,4
F11518,F12,P01,true,3,32,4
F11572,F12,P01,true,3,32,4
F11576,F12,P01,true,3,32,4
F11588,F12,P01,true,3,32,4
F11629,F12,P01,true,3,32,4
F11639,F12,P01,true,3,32,4
F11652,F12,P01,true,3,32,4
F11673,F12,P01,true,3,32,4
F11676,F12,P01,true,3,32,4
F11687,F12,P01,true,3,32,4
F11695,F12,P01,true,3,32,4
F11752,F12,P01,true,3,32,4
F11755,F12,P01,true,3,32,4
F11818,F12,P01,true,3,32,4
F11853,F12,P01,true,3,32,4
F11926,F12,P01,true,3,32,4
F11976,F12,P01,true,3,32,4
F12023,F12,P01,true,3,32,4
F12031,F12,P01,true,3,32,4
F12037,F12,P01,true,3,32,4
F12046,F12,P01,true,3,32,4
F12147,F12,P01,true,3,32,4
F12166,F12,P01,true,3,32,4
F12190,F12,P01,true,3,32,4
F12198,F12,P01,true,3,32,4
F12209,F12,P01,true,3,32,4
F12266,F12,P01,true,3,32,4
F12268,F12,P01,true,3,32,4
F12639,F13,P01,true,3,32,4
F12703,F13,P01,true,3,32,4
F12716,F13,P01,true,3,32,4
F13045,F13,P01,true,3,32,4
F13123,F13,P01,true,3,32,4
F13281,F13,P01,true,3,32,4
F13459,F14,P01,true,3,32,4
F13484,F14,P01,true,3,32,4
F13529,F14,P01,true,3,32,4
F13625,F14,P01,true,3,32,4
F13665,F14,P01,true,3,32,4
F13724,F14,P01,true,3,32,4
F13761,F14,P01,true,3,32,4
F14082,F14,P01,true,3,32,4
F14100,F14,P01,true,3,32,4
F14123,F14,P01,true,3,32,4
F14213,F14,P01,true,3,32,4
F14409,F15,P01,true,3,32,4
F14421,F15,P01,true,3,32,4
F14446,F15,P01,true,3,32,4
F14532,F15,P01,true,3,32,4
F14536,F15,P01,true,3,32,4
F14581,F15,P01,true,3,32,4
F14648,F15,P01,true,3,32,4
F14861,F15,P01,true,3,32,4
F14872,F15,P01,true,3,32,4
F14954,F15,P01,true,3,32,4
F14963,F15,P01,true,3,32,4
F15000,F15,P01,true,3,32,4
F15204,F15,P01,true,3,32,4
F15279,F15,P01,true,3,32,4
F15284,F15,P01,true,3,32,4
F15299,F15,P01,true,3,32,4
F15546,F16,P01,true,3,32,4
F15571,F16,P01,true,3,32,4
F15582,F16,P01,true,3,32,4
F15600,F16,P01,true,3,32,4
F15627,F16,P01,true,3,32,4
F15737,F16,P01,true,3,32,4
F15894,F16,P01,true,3,32,4
F15968,F16,P01,true,3,32,4
F16024,F16,P01,true,3,32,4
F16041,F16,P01,true,3,32,4
F16062,F16,P01,true,3,32,4
F16071,F16,P01,true,3,32,4
F16090,F16,P01,true,3,32,4
F16100,F16,P01,true,3,32,4
F16150,F16,P01,true,3,32,4
F16189,F16,P01,true,3,32,4
F16196,F16,P01,true,3,32,4
F16199,F16,P01,true,3,32,4
F16232,F16,P01,true,3,32,4
F16263,F16,P01,true,3,32,4
F16272,F16,P01,true,3,32,4
F16292,F16,P01,true,3,32,4
F16317,F16,P01,true,3,32,4
F16347,F16,P01,true,3,32,4
F16365,F16,P01,true,3,32,4
F16375,F16,P01,true,3,32,4
F16377,F16,P01,true,3,32,4
F16380,F16,P01,true,3,32,4
F16386,F17,P01,true,3,32,4
F16388,F17,P01,true,3,32,4
F16411,F17,P01,true,3,32,4
F16434,F17,P01,true,3,32,4
F16450,F17,P01,true,3,32,4
F16464,F17,P01,true,3,32,4
F16495,F17,P01,true,3,32,4
F16516,F17,P01,true,3,32,4
F16527,F17,P01,true,3,32,4
F16563,F17,P01,true,3,32,4
F16565,F17,P01,true,3,32,4
F16601,F17,P01,true,3,32,4
F16625,F17,P01,true,3,32,4
F16661,F17,P01,true,3,32,4
F16724,F17,P01,true,3,32,4
F16728,F17,P01,true,3,32,4
F16754,F17,P01,true,3,32,4
F16791,F17,P01,true,3,32,4
F16821,F17,P01,true,3,32,4
F16858,F17,P01,true,3,32,4
F16871,F17,P01,true,3,32,4
F16930,F17,P01,true,3,32,4
F16940,F17,P01,true,3,32,4
F16941,F17,P01,true,3,32,4
F16942,F17,P01,true,3,32,4
F16948,F17,P01,true,3,32,4
F16986,F17,P01,true,3,32,4
F16996,F17,P01,true,3,32,4
F16998,F17,P01,true,3,32,4
F17030,F17,P01,true,3,32,4
F17034,F17,P01,true,3,32,4
F17035,F17,P01,true,3,32,4
F17056,F17,P01,true,3,32,4
F17109,F17,P01,true,3,32,4
F17122,F17,P01,true,3,32,4
F17145,F17,P01,true,3,32,4
F17172,F17,P01,true,3,32,4
F17178,F17,P01,true,3,32,4
F17203,F17,P01,true,3,32,4
F17211,F17,P01,true,3,32,4
F17243,F17,P01,true,3,32,4
F17245,F17,P01,true,3,32,4
F17280,F17,P01,true,3,32,4
F17305,F17,P01,true,3,32,4
F17324,F17,P01,true,3,32,4
F17332,F17,P01,true,3,32,4
F17353,F17,P01,true,3,32,4
F17392,F17,P01,true,3,32,4
F17408,F17,P01,true,3,32,4
F17411,F18,P01,true,3,32,4
F17442,F18,P01,true,3,32,4
F17456,F18,P01,true,3,32,4
F17502,F18,P01,true,3,32,4
F17509,F18,P01,true,3,32,4
F17526,F18,P01,true,3,32,4
F17591,F18,P01,true,3,32,4
F17638,F18,P01,true,3,32,4
F17642,F18,P01,true,3,32,4
F17659,F18,P01,true,3,32,4
F17667,F18,P01,true,3,32,4
F17688,F18,P01,true,3,32,4
F17787,F18,P01,true,3,32,4
F17818,F18,P01,true,3,32,4
F17820,F18,P01,true,3,32,4
F17832,F18,P01,true,3,32,4
F17837,F18,P01,true,3,32,4
F17855,F18,P01,true,3,32,4
F17894,F18,P01,true,3,32,4
F17910,F18,P01,true,3,32,4
F17928,F18,P01,true,3,32,4
F17935,F18,P01,true,3,32,4
F17938,F18,P01,true,3,32,4
F17945,F18,P01,true,3,32,4
F17950,F18,P01,true,3,32,4
F17961,F18,P01,true,3,32,4
F18044,F18,P01,true,3,32,4
F18051,F18,P01,true,3,32,4
F18055,F18,P01,true,3,32,4
F18063,F18,P01,true,3,32,4
F18070,F18,P01,true,3,32,4
F18074,F18,P01,true,3,32,4
F18198,F18,P01,true,3,32,4
F18222,F18,P01,true,3,32,4
F18240,F18,P01,true,3,32,4
F18255,F18,P01,true,3,32,4
F18276,F18,P01,true,3,32,4
F18284,F18,P01,true,3,32,4
F18342,F18,P01,true,3,32,4
F18349,F18,P01,true,3,32,4
F18354,F18,P01,true,3,32,4
F18361,F18,P01,true,3,32,4
F18371,F18,P01,true,3,32,4
F18377,F18,P01,true,3,32,4
F18413,F18,P01,true,3,32,4
F18455,F19,P01,true,3,32,4
F18555,F19,P01,true,3,32,4
F18577,F19,P01,true,3,32,4
F18589,F19,P01,true,3,32,4
F18640,F19,P01,true,3,32,4
F18649,F19,P01,true,3,32,4
F18669,F19,P01,true,3,32,4
F18673,F19,P01,true,3,32,4
F18708,F19,P01,true,3,32,4
F18723,F19,P01,true,3,32,4
F18730,F19,P01,true,3,32,4
F18758,F19,P01,true,3,32,4
F18761,F19,P01,true,3,32,4
F18796,F19,P01,true,3,32,4
F18797,F19,P01,true,3,32,4
F18815,F19,P01,true,3,32,4
F18825,F19,P01,true,3,32,4
F18853,F19,P01,true,3,32,4
F18895,F19,P01,true,3,32,4
F18900,F19,P01,true,3,32,4
F18959,F19,P01,true,3,32,4
F18960,F19,P01,true,3,32,4
F18964,F19,P01,true,3,32,4
F18968,F19,P01,true,3,32,4
F18975,F19,P01,true,3,32,4
F19003,F19,P01,true,3,32,4
F19071,F19,P01,true,3,32,4
F19079,F19,P01,true,3,32,4
F19098,F19,P01,true,3,32,4
F19130,F19,P01,true,3,32,4
F19173,F19,P01,true,3,32,4
F19205,F19,P01,true,3,32,4
F19324,F19,P01,true,3,32,4
F19342,F19,P01,true,3,32,4
F19344,F19,P01,true,3,32,4
F19378,F19,P01,true,3,32,4
F19385,F19,P01,true,3,32,4
F19448,F19,P01,true,3,32,4
F19460,F20,P01,true,3,32,4
F19461,F20,P01,true,3,32,4
F19517,F20,P01,true,3,32,4
F19559,F20,P01,true,3,32,4
F19601,F20,P01,true,3,32,4
F19611,F20,P01,true,3,32,4
F19646,F20,P01,true,3,32,4
F19660,F20,P01,true,3,32,4
F19669,F20,P01,true,3,32,4
F19719,F20,P01,true,3,32,4
F19722,F20,P01,true,3,32,4
F19725,F20,P01,true,3,32,4
F19744,F20,P01,true,3,32,4
F19764,F20,P01,true,3,32,4
F19765,F20,P01,true,3,32,4
F19810,F20,P01,true,3,32,4
F19826,F20,P01,true,3,32,4
F19855,F20,P01,true,3,32,4
F19861,F20,P01,true,3,32,4
F19880,F20,P01,true,3,32,4
F19884,F20,P01,true,3,32,4
F19953,F20,P01,true,3,32,4
F20008,F20,P01,true,3,32,4
F20015,F20,P01,true,3,32,4
F20070,F20,P01,true,3,32,4
F20095,F20,P01,true,3,32,4
F20112,F20,P01,true,3,32,4
F20126,F20,P01,true,3,32,4
F20142,F20,P01,true,3,32,4
F20213,F20,P01,true,3,32,4
F20231,F20,P01,true,3,32,4
F20238,F20,P01,true,3,32,4
F20271,F20,P01,true,3,32,4
F20315,F20,P01,true,3,32,4
F20334,F20,P01,true,3,32,4
F20351,F20,P01,true,3,32,4
F20352,F20,P01,true,3,32,4
F20398,F20,P01,true,3,32,4
F20420,F20,P01,true,3,32,4
F20443,F20,P01,true,3,32,4
F20452,F20,P01,true,3,32,4
F20464,F20,P01,true,3,32,4
F20469,F20,P01,true,3,32,4
F20580,F21,P01,true,3,32,4
F20727,F21,P01,true,3,32,4
F20918,F21,P01,true,3,32,4
F20921,F21,P01,true,3,32,4
F21303,F21,P01,true,3,32,4
F21350,F21,P01,true,3,32,4
F21377,F21,P01,true,3,32,4
F21647,F22,P01,true,3,32,4
F21876,F22,P01,true,3,32,4
F22101,F22,P01,true,3,32,4
F22285,F22,P01,true,3,32,4
F22390,F22,P01,true,3,32,4
F22560,F23,P01,true,3,32,4
F22574,F23,P01,true,3,32,4
F22662,F23,P01,true,3,32,4
F22666,F23,P01,true,3,32,4
F22895,F23,P01,true,3,32,4
F22959,F23,P01,true,3,32,4
F23143,F23,P01,true,3,32,4
F23175,F23,P01,true,3,32,4
F23181,F23,P01,true,3,32,4
F23194,F23,P01,true,3,32,4
F23301,F23,P01,true,3,32,4
F23364,F23,P01,true,3,32,4
F23365,F23,P01,true,3,32,4
F23370,F23,P01,true,3,32,4
F23524,F23,P01,true,3,32,4
F23634,F24,P01,true,3,32,4
F23651,F24,P01,true,3,32,4
F23825,F24,P01,true,3,32,4
F23935,F24,P01,true,3,32,4
F24034,F24,P01,true,3,32,4
F24087,F24,P01,true,3,32,4
F24088,F24,P01,true,3,32,4
F24149,F24,P01,true,3,32,4
F24268,F24,P01,true,3,32,4
F24272,F24,P01,true,3,32,4
F24337,F24,P01,true,3,32,4
F24389,F24,P01,true,3,32,4
F00210,F01,P01,true,2,32,4
F01117,F02,P01,true,2,32,4
F01393,F02,P01,true,2,32,4
F02423,F03,P01,true,2,32,4
F02968,F03,P01,true,2,32,4
F03508,F04,P01,true,2,32,4
F04034,F04,P01,true,2,32,4
F04139,F05,P01,true,2,32,4
F04205,F05,P01,true,2,32,4
F04885,F05,P01,true,2,32,4
F04886,F05,P01,true,2,32,4
F04970,F05,P01,true,2,32,4
F05059,F05,P01,true,2,32,4
F05335,F06,P01,true,2,32,4
F05467,F06,P01,true,2,32,4
F05510,F06,P01,true,2,32,4
F05683,F06,P01,true,2,32,4
F05717,F06,P01,true,2,32,4
F05771,F06,P01,true,2,32,4
F05782,F06,P01,true,2,32,4
F05894,F06,P01,true,2,32,4
F05975,F06,P01,true,2,32,4
F06021,F06,P01,true,2,32,4
F06277,F07,P01,true,2,32,4
F06431,F07,P01,true,2,32,4
F06557,F07,P01,true,2,32,4
F06717,F07,P01,true,2,32,4
F06987,F07,P01,true,2,32,4
F07108,F07,P01,true,2,32,4
F07246,F08,P01,true,2,32,4
F07379,F08,P01,true,2,32,4
F07560,F08,P01,true,2,32,4
F07920,F08,P01,true,2,32,4
F07985,F08,P01,true,2,32,4
F07991,F08,P01,true,2,32,4
F08063,F08,P01,true,2,32,4
F08424,F09,P01,true,2,32,4
F09013,F09,P01,true,2,32,4
F09103,F09,P01,true,2,32,4
F09600,F10,P01,true,2,32,4
F09883,F10,P01,true,2,32,4
F10002,F10,P01,true,2,32,4
F11112,F11,P01,true,2,32,4
F11230,F11,P01,true,2,32,4
F11246,F11,P01,true,2,32,4
F11248,F11,P01,true,2,32,4
F11568,F12,P01,true,2,32,4
F11708,F12,P01,true,2,32,4
F11767,F12,P01,true,2,32,4
F12618,F13,P01,true,2,32,4
F14695,F15,P01,true,2,32,4
F15224,F15,P01,true,2,32,4
F15562,F16,P01,true,2,32,4
F16309,F16,P01,true,2,32,4
F16864,F17,P01,true,2,32,4
F17217,F17,P01,true,2,32,4
F17565,F18,P01,true,2,32,4
F17829,F18,P01,true,2,32,4
F18743,F19,P01,true,2,32,4
F18790,F19,P01,true,2,32,4
F18935,F19,P01,true,2,32,4
F19119,F19,P01,true,2,32,4
F19455,F19,P01,true,2,32,4
F19835,F20,P01,true,2,32,4
F19958,F20,P01,true,2,32,4
F20277,F20,P01,true,2,32,4
F20388,F20,P01,true,2,32,4
F20392,F20,P01,true,2,32,4
F20863,F21,P01,true,2,32,4
F22566,F23,P01,true,2,32,4
F02331,F03,P01,true,4,32,3
F02787,F03,P01,true,4,32,3
F03130,F04,P01,true,4,32,3
F03249,F04,P01,true,4,32,3
F03355,F04,P01,true,4,32,3
F03412,F04,P01,true,4,32,3
F03425,F04,P01,true,4,32,3
F03478,F04,P01,true,4,32,3
F03525,F04,P01,true,4,32,3
F03539,F04,P01,true,4,32,3
F03865,F04,P01,true,4,32,3
F04094,F04,P01,true,4,32,3
F10294,F11,P01,true,4,32,3
F10465,F11,P01,true,4,32,3
F10864,F11,P01,true,4,32,3
F11091,F11,P01,true,4,32,3
F11322,F12,P01,true,4,32,3
F11485,F12,P01,true,4,32,3
F11492,F12,P01,true,4,32,3
F11499,F12,P01,true,4,32,3
F11602,F12,P01,true,4,32,3
F11658,F12,P01,true,4,32,3
F11715,F12,P01,true,4,32,3
F11785,F12,P01,true,4,32,3
F11828,F12,P01,true,4,32,3
F11833,F12,P01,true,4,32,3
F11841,F12,P01,true,4,32,3
F11943,F12,P01,true,4,32,3
F12059,F12,P01,true,4,32,3
F12116,F12,P01,true,4,32,3
F12118,F12,P01,true,4,32,3
F12225,F12,P01,true,4,32,3
F12230,F12,P01,true,4,32,3
F12238,F12,P01,true,4,32,3
F12239,F12,P01,true,4,32,3
F12283,F12,P01,true,4,32,3
F19735,F20,P01,true,4,32,3
F19960,F20,P01,true,4,32,3
F20248,F20,P01,true,4,32,3
F20486,F21,P01,true,4,32,3
F20489,F21,P01,true,4,32,3
F20590,F21,P01,true,4,32,3
F20603,F21,P01,true,4,32,3
F20707,F21,P01,true,4,32,3
F20720,F21,P01,true,4,32,3
F20758,F21,P01,true,4,32,3
F20761,F21,P01,true,4,32,3
F20816,F21,P01,true,4,32,3
F20821,F21,P01,true,4,32,3
F20822,F21,P01,true,4,32,3
F20872,F21,P01,true,4,32,3
F20930,F21,P01,true,4,32,3
F20987,F21,P01,true,4,32,3
F20992,F21,P01,true,4,32,3
F21053,F21,P01,true,4,32,3
F21101,F21,P01,true,4,32,3
F21116,F21,P01,true,4,32,3
F21165,F21,P01,true,4,32,3
F21268,F21,P01,true,4,32,3
F21272,F21,P01,true,4,32,3
F21326,F21,P01,true,4,32,3
F21342,F21,P01,true,4,32,3
F21453,F21,P01,true,4,32,3
F21462,F21,P01,true,4,32,3
F21555,F22,P01,true,4,32,3
F21779,F22,P01,true,4,32,3
F21797,F22,P01,true,4,32,3
F21838,F22,P01,true,4,32,3
F21847,F22,P01,true,4,32,3
F21854,F22,P01,true,4,32,3
F21910,F22,P01,true,4,32,3
F21916,F22,P01,true,4,32,3
F21966,F22,P01,true,4,32,3
F21974,F22,P01,true,4,32,3
F22007,F22,P01,true,4,32,3
F22011,F22,P01,true,4,32,3
F22022,F22,P01,true,4,32,3
F22076,F22,P01,true,4,32,3
F22077,F22,P01,true,4,32,3
F22131,F22,P01,true,4,32,3
F22132,F22,P01,true,4,32,3
F22192,F22,P01,true,4,32,3
F22239,F22,P01,true,4,32,3
F22251,F22,P01,true,4,32,3
F22294,F22,P01,true,4,32,3
F22295,F22,P01,true,4,32,3
F22298,F22,P01,true,4,32,3
F22299,F22,P01,true,4,32,3
F22301,F22,P01,true,4,32,3
F22312,F22,P01,true,4,32,3
F22409,F22,P01,true,4,32,3
F22415,F22,P01,true,4,32,3
F22465,F22,P01,true,4,32,3
F22466,F22,P01,true,4,32,3
F22578,F23,P01,true,4,32,3
F22583,F23,P01,true,4,32,3
F22589,F23,P01,true,4,32,3
F22593,F23,P01,true,4,32,3
F22596,F23,P01,true,4,32,3
F22646,F23,P01,true,4,32,3
F22652,F23,P01,true,4,32,3
F22700,F23,P01,true,4,32,3
F22752,F23,P01,true,4,32,3
F22805,F23,P01,true,4,32,3
F22810,F23,P01,true,4,32,3
F22862,F23,P01,true,4,32,3
F22880,F23,P01,true,4,32,3
F22934,F23,P01,true,4,32,3
F22981,F23,P01,true,4,32,3
F23047,F23,P01,true,4,32,3
F23089,F23,P01,true,4,32,3
F23104,F23,P01,true,4,32,3
F23154,F23,P01,true,4,32,3
F23159,F23,P01,true,4,32,3
F23164,F23,P01,true,4,32,3
F23166,F23,P01,true,4,32,3
F23207,F23,P01,true,4,32,3
F23215,F23,P01,true,4,32,3
F23273,F23,P01,true,4,32,3
F23337,F23,P01,true,4,32,3
F23339,F23,P01,true,4,32,3
F23383,F23,P01,true,4,32,3
F23390,F23,P01,true,4,32,3
F23436,F23,P01,true,4,32,3
F23446,F23,P01,true,4,32,3
F23486,F23,P01,true,4,32,3
F23496,F23,P01,true,4,32,3
F23497,F23,P01,true,4,32,3
F23499,F23,P01,true,4,32,3
F23504,F23,P01,true,4,32,3
F23511,F23,P01,true,4,32,3
F23546,F23,P01,true,4,32,3
F23565,F24,P01,true,4,32,3
F23671,F24,P01,true,4,32,3
F23680,F24,P01,true,4,32,3
F23714,F24,P01,true,4,32,3
F23715,F24,P01,true,4,32,3
F23727,F24,P01,true,4,32,3
F23831,F24,P01,true,4,32,3
F23894,F24,P01,true,4,32,3
F23897,F24,P01,true,4,32,3
F23901,F24,P01,true,4,32,3
F23964,F24,P01,true,4,32,3
F24002,F24,P01,true,4,32,3
F24022,F24,P01,true,4,32,3
F24067,F24,P01,true,4,32,3
F24074,F24,P01,true,4,32,3
F24122,F24,P01,true,4,32,3
F24129,F24,P01,true,4,32,3
F24177,F24,P01,true,4,32,3
F24182,F24,P01,true,4,32,3
F24238,F24,P01,true,4,32,3
F24241,F24,P01,true,4,32,3
F24295,F24,P01,true,4,32,3
F24341,F24,P01,true,4,32,3
F24344,F24,P01,true,4,32,3
F24350,F24,P01,true,4,32,3
F24403,F24,P01,true,4,32,3
F24407,F24,P01,true,4,32,3
F24414,F24,P01,true,4,32,3
F24419,F24,P01,true,4,32,3
F24460,F24,P01,true,4,32,3
F24529,F24,P01,true,4,32,3
F24576,F24,P01,true,4,32,3
F03013,F03,P01,true,3,32,3
F03303,F04,P01,true,3,32,3
F03583,F04,P01,true,3,32,3
F04036,F04,P01,true,3,32,3
F10350,F11,P01,true,3,32,3
F10411,F11,P01,true,3,32,3
F10747,F11,P01,true,3,32,3
F10977,F11,P01,true,3,32,3
F10979,F11,P01,true,3,32,3
F11258,F11,P01,true,3,32,3
F11270,F12,P01,true,3,32,3
F11324,F12,P01,true,3,32,3
F11382,F12,P01,true,3,32,3
F11443,F12,P01,true,3,32,3
F11491,F12,P01,true,3,32,3
F11497,F12,P01,true,3,32,3
F11604,F12,P01,true,3,32,3
F11826,F12,P01,true,3,32,3
F11890,F12,P01,true,3,32,3
F19508,F20,P01,true,3,32,3
F19618,F20,P01,true,3,32,3
F20360,F20,P01,true,3,32,3
F20471,F20,P01,true,3,32,3
F20882,F21,P01,true,3,32,3
F20995,F21,P01,true,3,32,3
F21564,F22,P01,true,3,32,3
F21613,F22,P01,true,3,32,3
F21626,F22,P01,true,3,32,3
F21747,F22,P01,true,3,32,3
F21853,F22,P01,true,3,32,3
F22019,F22,P01,true,3,32,3
F22127,F22,P01,true,3,32,3
F22642,F23,P01,true,3,32,3
F23152,F23,P01,true,3,32,3
F23265,F23,P01,true,3,32,3
F23395,F23,P01,true,3,32,3
F23428,F23,P01,true,3,32,3
F23449,F23,P01,true,3,32,3
F23542,F23,P01,true,3,32,3
F23566,F24,P01,true,3,32,3
F23613,F24,P01,true,3,32,3
F23735,F24,P01,true,3,32,3
F23828,F24,P01,true,3,32,3
F23846,F24,P01,true,3,32,3
F23885,F24,P01,true,3,32,3
F24004,F24,P01,true,3,32,3
F24063,F24,P01,true,3,32,3
F24305,F24,P01,true,3,32,3
F24535,F24,P01,true,3,32,3
F10693,F11,P01,true,2,32,3
F11616,F12,P01,true,2,32,3
F11782,F12,P01,true,2,32,3
F20548,F21,P01,true,2,32,3
F21559,F22,P01,true,2,32,3
F22655,F23,P01,true,2,32,3
F00009,F01,P01,true,4,31,4
F00033,F01,P01,true,4,31,4
F00090,F01,P01,true,4,31,4
F00104,F01,P01,true,4,31,4
F00127,F01,P01,true,4,31,4
F00186,F01,P01,true,4,31,4
F00222,F01,P01,true,4,31,4
F00381,F01,P01,true,4,31,4
F00463,F01,P01,true,4,31,4
F00595,F01,P01,true,4,31,4
F00713,F01,P01,true,4,31,4
F00732,F01,P01,true,4,31,4
F00744,F01,P01,true,4,31,4
F00747,F01,P01,true,4,31,4
F00785,F01,P01,true,4,31,4
F00924,F01,P01,true,4,31,4
F00966,F01,P01,true,4,31,4
F00995,F01,P01,true,4,31,4
F01025,F02,P01,true,4,31,4
F01034,F02,P01,true,4,31,4
F01035,F02,P01,true,4,31,4
F01040,F02,P01,true,4,31,4
F01087,F02,P01,true,4,31,4
F01240,F02,P01,true,4,31,4
F01247,F02,P01,true,4,31,4
F01249,F02,P01,true,4,31,4
F01284,F02,P01,true,4,31,4
F01288,F02,P01,true,4,31,4
F01363,F02,P01,true,4,31,4
F01421,F02,P01,true,4,31,4
F01450,F02,P01,true,4,31,4
F01468,F02,P01,true,4,31,4
F01493,F02,P01,true,4,31,4
F01505,F02,P01,true,4,31,4
F01518,F02,P01,true,4,31,4
F01535,F02,P01,true,4,31,4
F01597,F02,P01,true,4,31,4
F01972,F02,P01,true,4,31,4
F01998,F02,P01,true,4,31,4
F02008,F02,P01,true,4,31,4
F02212,F03,P01,true,4,31,4
F02221,F03,P01,true,4,31,4
F02345,F03,P01,true,4,31,4
F02414,F03,P01,true,4,31,4
F02463,F03,P01,true,4,31,4
F02471,F03,P01,true,4,31,4
F02497,F03,P01,true,4,31,4
F02527,F03,P01,true,4,31,4
F02618,F03,P01,true,4,31,4
F02646,F03,P01,true,4,31,4
F02706,F03,P01,true,4,31,4
F02707,F03,P01,true,4,31,4
F02716,F03,P01,true,4,31,4
F02733,F03,P01,true,4,31,4
F02767,F03,P01,true,4,31,4
F02790,F03,P01,true,4,31,4
F02795,F03,P01,true,4,31,4
F02833,F03,P01,true,4,31,4
F02862,F03,P01,true,4,31,4
F02890,F03,P01,true,4,31,4
F02939,F03,P01,true,4,31,4
F02982,F03,P01,true,4,31,4
F03089,F04,P01,true,4,31,4
F03382,F04,P01,true,4,31,4
F03545,F04,P01,true,4,31,4
F03605,F04,P01,true,4,31,4
F03659,F04,P01,true,4,31,4
F03842,F04,P01,true,4,31,4
F03880,F04,P01,true,4,31,4
F03909,F04,P01,true,4,31,4
F03950,F04,P01,true,4,31,4
F04029,F04,P01,true,4,31,4
F04344,F05,P01,true,4,31,4
F04710,F05,P01,true,4,31,4
F05986,F06,P01,true,4,31,4
F05992,F06,P01,true,4,31,4
F07580,F08,P01,true,4,31,4
F07758,F08,P01,true,4,31,4
F08711,F09,P01,true,4,31,4
F08768,F09,P01,true,4,31,4
F08928,F09,P01,true,4,31,4
F09116,F09,P01,true,4,31,4
F09667,F10,P01,true,4,31,4
F09730,F10,P01,true,4,31,4
F10091,F10,P01,true,4,31,4
F10364,F11,P01,true,4,31,4
F10708,F11,P01,true,4,31,4
F11393,F12,P01,true,4,31,4
F11560,F12,P01,true,4,31,4
F11648,F12,P01,true,4,31,4
F11690,F12,P01,true,4,31,4
F12296,F13,P01,true,4,31,4
F12302,F13,P01,true,4,31,4
F12315,F13,P01,true,4,31,4
F12336,F13,P01,true,4,31,4
F12340,F13,P01,true,4,31,4
F12387,F13,P01,true,4,31,4
F12437,F13,P01,true,4,31,4
F12442,F13,P01,true,4,31,4
F12477,F13,P01,true,4,31,4
F12479,F13,P01,true,4,31,4
F12518,F13,P01,true,4,31,4
F12533,F13,P01,true,4,31,4
F12560,F13,P01,true,4,31,4
F12562,F13,P01,true,4,31,4
F12589,F13,P01,true,4,31,4
F12610,F13,P01,true,4,31,4
F12620,F13,P01,true,4,31,4
F12626,F13,P01,true,4,31,4
F12763,F13,P01,true,4,31,4
F12773,F13,P01,true,4,31,4
F12776,F13,P01,true,4,31,4
F12807,F13,P01,true,4,31,4
F12851,F13,P01,true,4,31,4
F12879,F13,P01,true,4,31,4
F12884,F13,P01,true,4,31,4
F12909,F13,P01,true,4,31,4
F12933,F13,P01,true,4,31,4
F12947,F13,P01,true,4,31,4
F12971,F13,P01,true,4,31,4
F12976,F13,P01,true,4,31,4
F13001,F13,P01,true,4,31,4
F13009,F13,P01,true,4,31,4
F13035,F13,P01,true,4,31,4
F13052,F13,P01,true,4,31,4
F13073,F13,P01,true,4,31,4
F13121,F13,P01,true,4,31,4
F13133,F13,P01,true,4,31,4
F13141,F13,P01,true,4,31,4
F13163,F13,P01,true,4,31,4
F13192,F13,P01,true,4,31,4
F13200,F13,P01,true,4,31,4
F13235,F13,P01,true,4,31,4
F13238,F13,P01,true,4,31,4
F13297,F13,P01,true,4,31,4
F13322,F14,P01,true,4,31,4
F13359,F14,P01,true,4,31,4
F13392,F14,P01,true,4,31,4
F13414,F14,P01,true,4,31,4
F13418,F14,P01,true,4,31,4
F13419,F14,P01,true,4,31,4
F13472,F14,P01,true,4,31,4
F13499,F14,P01,true,4,31,4
F13554,F14,P01,true,4,31,4
F13614,F14,P01,true,4,31,4
F13619,F14,P01,true,4,31,4
F13675,F14,P01,true,4,31,4
F13679,F14,P01,true,4,31,4
F13689,F14,P01,true,4,31,4
F13703,F14,P01,true,4,31,4
F13741,F14,P01,true,4,31,4
F13848,F14,P01,true,4,31,4
F13867,F14,P01,true,4,31,4
F13968,F14,P01,true,4,31,4
F14024,F14,P01,true,4,31,4
F14028,F14,P01,true,4,31,4
F14055,F14,P01,true,4,31,4
F14076,F14,P01,true,4,31,4
F14168,F14,P01,true,4,31,4
F14194,F14,P01,true,4,31,4
F14249,F14,P01,true,4,31,4
F14251,F14,P01,true,4,31,4
F14252,F14,P01,true,4,31,4
F14304,F14,P01,true,4,31,4
F14307,F14,P01,true,4,31,4
F14354,F15,P01,true,4,31,4
F14378,F15,P01,true,4,31,4
F14406,F15,P01,true,4,31,4
F14423,F15,P01,true,4,31,4
F14432,F15,P01,true,4,31,4
F14439,F15,P01,true,4,31,4
F14454,F15,P01,true,4,31,4
F14518,F15,P01,true,4,31,4
F14539,F15,P01,true,4,31,4
F14632,F15,P01,true,4,31,4
F14633,F15,P01,true,4,31,4
F14664,F15,P01,true,4,31,4
F14802,F15,P01,true,4,31,4
F14863,F15,P01,true,4,31,4
F14868,F15,P01,true,4,31,4
F14879,F15,P01,true,4,31,4
F14924,F15,P01,true,4,31,4
F14933,F15,P01,true,4,31,4
F14934,F15,P01,true,4,31,4
F14989,F15,P01,true,4,31,4
F15017,F15,P01,true,4,31,4
F15048,F15,P01,true,4,31,4
F15055,F15,P01,true,4,31,4
F15098,F15,P01,true,4,31,4
F15134,F15,P01,true,4,31,4
F15147,F15,P01,true,4,31,4
F15162,F15,P01,true,4,31,4
F15198,F15,P01,true,4,31,4
F15218,F15,P01,true,4,31,4
F15219,F15,P01,true,4,31,4
F15257,F15,P01,true,4,31,4
F15270,F15,P01,true,4,31,4
F15286,F15,P01,true,4,31,4
F15297,F15,P01,true,4,31,4
F15309,F15,P01,true,4,31,4
F15328,F15,P01,true,4,31,4
F15344,F15,P01,true,4,31,4
F15358,F15,P01,true,4,31,4
F15386,F16,P01,true,4,31,4
F15440,F16,P01,true,4,31,4
F15496,F16,P01,true,4,31,4
F15519,F16,P01,true,4,31,4
F15550,F16,P01,true,4,31,4
F15650,F16,P01,true,4,31,4
F15697,F16,P01,true,4,31,4
F15698,F16,P01,true,4,31,4
F15705,F16,P01,true,4,31,4
F15749,F16,P01,true,4,31,4
F15801,F16,P01,true,4,31,4
F15841,F16,P01,true,4,31,4
F15874,F16,P01,true,4,31,4
F15901,F16,P01,true,4,31,4
F15912,F16,P01,true,4,31,4
F15926,F16,P01,true,4,31,4
F15936,F16,P01,true,4,31,4
F15943,F16,P01,true,4,31,4
F15995,F16,P01,true,4,31,4
F16039,F16,P01,true,4,31,4
F16054,F16,P01,true,4,31,4
F16120,F16,P01,true,4,31,4
F16167,F16,P01,true,4,31,4
F16168,F16,P01,true,4,31,4
F16213,F16,P01,true,4,31,4
F16224,F16,P01,true,4,31,4
F16277,F16,P01,true,4,31,4
F16285,F16,P01,true,4,31,4
F16296,F16,P01,true,4,31,4
F16318,F16,P01,true,4,31,4
F16342,F16,P01,true,4,31,4
F16350,F16,P01,true,4,31,4
F16361,F16,P01,true,4,31,4
F16402,F17,P01,true,4,31,4
F16508,F17,P01,true,4,31,4
F16890,F17,P01,true,4,31,4
F17011,F17,P01,true,4,31,4
F17073,F17,P01,true,4,31,4
F17407,F17,P01,true,4,31,4
F17433,F18,P01,true,4,31,4
F17601,F18,P01,true,4,31,4
F17646,F18,P01,true,4,31,4
F17838,F18,P01,true,4,31,4
F17927,F18,P01,true,4,31,4
F17971,F18,P01,true,4,31,4
F18426,F18,P01,true,4,31,4
F18571,F19,P01,true,4,31,4
F18700,F19,P01,true,4,31,4
F18905,F19,P01,true,4,31,4
F18931,F19,P01,true,4,31,4
F19055,F19,P01,true,4,31,4
F19222,F19,P01,true,4,31,4
F19389,F19,P01,true,4,31,4
F19770,F20,P01,true,4,31,4
F19854,F20,P01,true,4,31,4
F19964,F20,P01,true,4,31,4
F19985,F20,P01,true,4,31,4
F20001,F20,P01,true,4,31,4
F20067,F20,P01,true,4,31,4
F20219,F20,P01,true,4,31,4
F20432,F20,P01,true,4,31,4
F20553,F21,P01,true,4,31,4
F20555,F21,P01,true,4,31,4
F20609,F21,P01,true,4,31,4
F20615,F21,P01,true,4,31,4
F20620,F21,P01,true,4,31,4
F20750,F21,P01,true,4,31,4
F20800,F21,P01,true,4,31,4
F20911,F21,P01,true,4,31,4
F20967,F21,P01,true,4,31,4
F20977,F21,P01,true,4,31,4
F21023,F21,P01,true,4,31,4
F21032,F21,P01,true,4,31,4
F21069,F21,P01,true,4,31,4
F21072,F21,P01,true,4,31,4
F21144,F21,P01,true,4,31,4
F21177,F21,P01,true,4,31,4
F21203,F21,P01,true,4,31,4
F21265,F21,P01,true,4,31,4
F21306,F21,P01,true,4,31,4
F21322,F21,P01,true,4,31,4
F21370,F21,P01,true,4,31,4
F21435,F21,P01,true,4,31,4
F21468,F21,P01,true,4,31,4
F21539,F22,P01,true,4,31,4
F21541,F22,P01,true,4,31,4
F21598,F22,P01,true,4,31,4
F21663,F22,P01,true,4,31,4
F21710,F22,P01,true,4,31,4
F21763,F22,P01,true,4,31,4
F21776,F22,P01,true,4,31,4
F21917,F22,P01,true,4,31,4
F21924,F22,P01,true,4,31,4
F21936,F22,P01,true,4,31,4
F21944,F22,P01,true,4,31,4
F21989,F22,P01,true,4,31,4
F21995,F22,P01,true,4,31,4
F22097,F22,P01,true,4,31,4
F22163,F22,P01,true,4,31,4
F22284,F22,P01,true,4,31,4
F22333,F22,P01,true,4,31,4
F22383,F22,P01,true,4,31,4
F22396,F22,P01,true,4,31,4
F22506,F22,P01,true,4,31,4
F22509,F22,P01,true,4,31,4
F22552,F23,P01,true,4,31,4
F22568,F23,P01,true,4,31,4
F22610,F23,P01,true,4,31,4
F22623,F23,P01,true,4,31,4
F22782,F23,P01,true,4,31,4
F22783,F23,P01,true,4,31,4
F22799,F23,P01,true,4,31,4
F22829,F23,P01,true,4,31,4
F22833,F23,P01,true,4,31,4
F22951,F23,P01,true,4,31,4
F23017,F23,P01,true,4,31,4
F23122,F23,P01,true,4,31,4
F23193,F23,P01,true,4,31,4
F23481,F23,P01,true,4,31,4
F23535,F23,P01,true,4,31,4
F23588,F24,P01,true,4,31,4
F23705,F24,P01,true,4,31,4
F23798,F24,P01,true,4,31,4
F24036,F24,P01,true,4,31,4
F24047,F24,P01,true,4,31,4
F24264,F24,P01,true,4,31,4
F24421,F24,P01,true,4,31,4
F24430,F24,P01,true,4,31,4
F24433,F24,P01,true,4,31,4
F24555,F24,P01,true,4,31,4
F00029,F01,P01,true,3,31,4
F00041,F01,P01,true,3,31,4
F00106,F01,P01,true,3,31,4
F00141,F01,P01,true,3,31,4
F00142,F01,P01,true,3,31,4
F00156,F01,P01,true,3,31,4
F00193,F01,P01,true,3,31,4
F00197,F01,P01,true,3,31,4
F00332,F01,P01,true,3,31,4
F00360,F01,P01,true,3,31,4
F00363,F01,P01,true,3,31,4
F00366,F01,P01,true,3,31,4
F00373,F01,P01,true,3,31,4
F00395,F01,P01,true,3,31,4
F00408,F01,P01,true,3,31,4
F00495,F01,P01,true,3,31,4
F00585,F01,P01,true,3,31,4
F00663,F01,P01,true,3,31,4
F00681,F01,P01,true,3,31,4
F00696,F01,P01,true,3,31,4
F00720,F01,P01,true,3,31,4
F00725,F01,P01,true,3,31,4
F00818,F01,P01,true,3,31,4
F00851,F01,P01,true,3,31,4
F00852,F01,P01,true,3,31,4
F00896,F01,P01,true,3,31,4
F01026,F02,P01,true,3,31,4
F01031,F02,P01,true,3,31,4
F01048,F02,P01,true,3,31,4
F01063,F02,P01,true,3,31,4
F01072,F02,P01,true,3,31,4
F01161,F02,P01,true,3,31,4
F01165,F02,P01,true,3,31,4
F01197,F02,P01,true,3,31,4
F01214,F02,P01,true,3,31,4
F01229,F02,P01,true,3,31,4
F01272,F02,P01,true,3,31,4
F01335,F02,P01,true,3,31,4
F01348,F02,P01,true,3,31,4
F01466,F02,P01,true,3,31,4
F01475,F02,P01,true,3,31,4
F01560,F02,P01,true,3,31,4
F01563,F02,P01,true,3,31,4
F01711,F02,P01,true,3,31,4
F01737,F02,P01,true,3,31,4
F01739,F02,P01,true,3,31,4
F01745,F02,P01,true,3,31,4
F01765,F02,P01,true,3,31,4
F01844,F02,P01,true,3,31,4
F01862,F02,P01,true,3,31,4
F01879,F02,P01,true,3,31,4
F01897,F02,P01,true,3,31,4
F01908,F02,P01,true,3,31,4
F01947,F02,P01,true,3,31,4
F01959,F02,P01,true,3,31,4
F01962,F02,P01,true,3,31,4
F01980,F02,P01,true,3,31,4
F02010,F02,P01,true,3,31,4
F02067,F03,P01,true,3,31,4
F02087,F03,P01,true,3,31,4
F02088,F03,P01,true,3,31,4
F02090,F03,P01,true,3,31,4
F02115,F03,P01,true,3,31,4
F02124,F03,P01,true,3,31,4
F02164,F03,P01,true,3,31,4
F02206,F03,P01,true,3,31,4
F02296,F03,P01,true,3,31,4
F02406,F03,P01,true,3,31,4
F02432,F03,P01,true,3,31,4
F02435,F03,P01,true,3,31,4
F02513,F03,P01,true,3,31,4
F02538,F03,P01,true,3,31,4
F02541,F03,P01,true,3,31,4
F02590,F03,P01,true,3,31,4
F02592,F03,P01,true,3,31,4
F02629,F03,P01,true,3,31,4
F02661,F03,P01,true,3,31,4
F02737,F03,P01,true,3,31,4
F02802,F03,P01,true,3,31,4
F02832,F03,P01,true,3,31,4
F02844,F03,P01,true,3,31,4
F02849,F03,P01,true,3,31,4
F02899,F03,P01,true,3,31,4
F02916,F03,P01,true,3,31,4
F02948,F03,P01,true,3,31,4
F02949,F03,P01,true,3,31,4
F02953,F03,P01,true,3,31,4
F02976,F03,P01,true,3,31,4
F03037,F03,P01,true,3,31,4
F03067,F03,P01,true,3,31,4
F03099,F04,P01,true,3,31,4
F03111,F04,P01,true,3,31,4
F03142,F04,P01,true,3,31,4
F03156,F04,P01,true,3,31,4
F03164,F04,P01,true,3,31,4
F03165,F04,P01,true,3,31,4
F03172,F04,P01,true,3,31,4
F03199,F04,P01,true,3,31,4
F03216,F04,P01,true,3,31,4
F03276,F04,P01,true,3,31,4
F03284,F04,P01,true,3,31,4
F03385,F04,P01,true,3,31,4
F03455,F04,P01,true,3,31,4
F03522,F04,P01,true,3,31,4
F03549,F04,P01,true,3,31,4
F03565,F04,P01,true,3,31,4
F03602,F04,P01,true,3,31,4
F03621,F04,P01,true,3,31,4
F03625,F04,P01,true,3,31,4
F03790,F04,P01,true,3,31,4
F03911,F04,P01,true,3,31,4
F04054,F04,P01,true,3,31,4
F04100,F05,P01,true,3,31,4
F04129,F05,P01,true,3,31,4
F04164,F05,P01,true,3,31,4
F04168,F05,P01,true,3,31,4
F04233,F05,P01,true,3,31,4
F04314,F05,P01,true,3,31,4
F04332,F05,P01,true,3,31,4
F04406,F05,P01,true,3,31,4
F04414,F05,P01,true,3,31,4
F04418,F05,P01,true,3,31,4
F04427,F05,P01,true,3,31,4
F04495,F05,P01,true,3,31,4
F04498,F05,P01,true,3,31,4
F04536,F05,P01,true,3,31,4
F04553,F05,P01,true,3,31,4
F04555,F05,P01,true,3,31,4
F04627,F05,P01,true,3,31,4
F04655,F05,P01,true,3,31,4
F04658,F05,P01,true,3,31,4
F04719,F05,P01,true,3,31,4
F04737,F05,P01,true,3,31,4
F04738,F05,P01,true,3,31,4
F04750,F05,P01,true,3,31,4
F04768,F05,P01,true,3,31,4
F04774,F05,P01,true,3,31,4
F04837,F05,P01,true,3,31,4
F04844,F05,P01,true,3,31,4
F04845,F05,P01,true,3,31,4
F04922,F05,P01,true,3,31,4
F04928,F05,P01,true,3,31,4
F04934,F05,P01,true,3,31,4
F04939,F05,P01,true,3,31,4
F04946,F05,P01,true,3,31,4
F04956,F05,P01,true,3,31,4
F04975,F05,P01,true,3,31,4
F04992,F05,P01,true,3,31,4
F04993,F05,P01,true,3,31,4
F05016,F05,P01,true,3,31,4
F05052,F05,P01,true,3,31,4
F05057,F05,P01,true,3,31,4
F05064,F05,P01,true,3,31,4
F05065,F05,P01,true,3,31,4
F05075,F05,P01,true,3,31,4
F05085,F05,P01,true,3,31,4
F05095,F05,P01,true,3,31,4
F05106,F05,P01,true,3,31,4
F05113,F05,P01,true,3,31,4
F05133,F06,P01,true,3,31,4
F05143,F06,P01,true,3,31,4
F05158,F06,P01,true,3,31,4
F05176,F06,P01,true,3,31,4
F05181,F06,P01,true,3,31,4
F05208,F06,P01,true,3,31,4
F05233,F06,P01,true,3,31,4
F05255,F06,P01,true,3,31,4
F05263,F06,P01,true,3,31,4
F05277,F06,P01,true,3,31,4
F05295,F06,P01,true,3,31,4
F05297,F06,P01,true,3,31,4
F05343,F06,P01,true,3,31,4
F05357,F06,P01,true,3,31,4
F05363,F06,P01,true,3,31,4
F05365,F06,P01,true,3,31,4
F05373,F06,P01,true,3,31,4
F05374,F06,P01,true,3,31,4
F05381,F06,P01,true,3,31,4
F05392,F06,P01,true,3,31,4
F05398,F06,P01,true,3,31,4
F05407,F06,P01,true,3,31,4
F05426,F06,P01,true,3,31,4
F05429,F06,P01,true,3,31,4
F05433,F06,P01,true,3,31,4
F05438,F06,P01,true,3,31,4
F05457,F06,P01,true,3,31,4
F05478,F06,P01,true,3,31,4
F05502,F06,P01,true,3,31,4
F05507,F06,P01,true,3,31,4
F05511,F06,P01,true,3,31,4
F05547,F06,P01,true,3,31,4
F05548,F06,P01,true,3,31,4
F05565,F06,P01,true,3,31,4
F05585,F06,P01,true,3,31,4
F05600,F06,P01,true,3,31,4
F05613,F06,P01,true,3,31,4
F05619,F06,P01,true,3,31,4
F05681,F06,P01,true,3,31,4
F05687,F06,P01,true,3,31,4
F05707,F06,P01,true,3,31,4
F05709,F06,P01,true,3,31,4
F05748,F06,P01,true,3,31,4
F05774,F06,P01,true,3,31,4
F05780,F06,P01,true,3,31,4
F05791,F06,P01,true,3,31,4
F05796,F06,P01,true,3,31,4
F05798,F06,P01,true,3,31,4
F05834,F06,P01,true,3,31,4
F05842,F06,P01,true,3,31,4
F05843,F06,P01,true,3,31,4
F05879,F06,P01,true,3,31,4
F05948,F06,P01,true,3,31,4
F05960,F06,P01,true,3,31,4
F05977,F06,P01,true,3,31,4
F05996,F06,P01,true,3,31,4
F06013,F06,P01,true,3,31,4
F06047,F06,P01,true,3,31,4
F06064,F06,P01,true,3,31,4
F06073,F06,P01,true,3,31,4
F06100,F06,P01,true,3,31,4
F06105,F06,P01,true,3,31,4
F06170,F07,P01,true,3,31,4
F06174,F07,P01,true,3,31,4
F06176,F07,P01,true,3,31,4
F06196,F07,P01,true,3,31,4
F06240,F07,P01,true,3,31,4
F06278,F07,P01,true,3,31,4
F06288,F07,P01,true,3,31,4
F06307,F07,P01,true,3,31,4
F06311,F07,P01,true,3,31,4
F06337,F07,P01,true,3,31,4
F06352,F07,P01,true,3,31,4
F06362,F07,P01,true,3,31,4
F06370,F07,P01,true,3,31,4
F06407,F07,P01,true,3,31,4
F06412,F07,P01,true,3,31,4
F06453,F07,P01,true,3,31,4
F06465,F07,P01,true,3,31,4
F06470,F07,P01,true,3,31,4
F06474,F07,P01,true,3,31,4
F06479,F07,P01,true,3,31,4
F06485,F07,P01,true,3,31,4
F06516,F07,P01,true,3,31,4
F06518,F07,P01,true,3,31,4
F06532,F07,P01,true,3,31,4
F06570,F07,P01,true,3,31,4
F06578,F07,P01,true,3,31,4
F06589,F07,P01,true,3,31,4
F06631,F07,P01,true,3,31,4
F06652,F07,P01,true,3,31,4
F06687,F07,P01,true,3,31,4
F06689,F07,P01,true,3,31,4
F06697,F07,P01,true,3,31,4
F06738,F07,P01,true,3,31,4
F06763,F07,P01,true,3,31,4
F06778,F07,P01,true,3,31,4
F06805,F07,P01,true,3,31,4
F06807,F07,P01,true,3,31,4
F06839,F07,P01,true,3,31,4
F06849,F07,P01,true,3,31,4
F06865,F07,P01,true,3,31,4
F06883,F07,P01,true,3,31,4
F06913,F07,P01,true,3,31,4
F06921,F07,P01,true,3,31,4
F06926,F07,P01,true,3,31,4
F06960,F07,P01,true,3,31,4
F06965,F07,P01,true,3,31,4
F07038,F07,P01,true,3,31,4
F07039,F07,P01,true,3,31,4
F07122,F07,P01,true,3,31,4
F07125,F07,P01,true,3,31,4
F07131,F07,P01,true,3,31,4
F07136,F07,P01,true,3,31,4
F07147,F07,P01,true,3,31,4
F07174,F08,P01,true,3,31,4
F07177,F08,P01,true,3,31,4
F07197,F08,P01,true,3,31,4
F07211,F08,P01,true,3,31,4
F07216,F08,P01,true,3,31,4
F07239,F08,P01,true,3,31,4
F07263,F08,P01,true,3,31,4
F07266,F08,P01,true,3,31,4
F07278,F08,P01,true,3,31,4
F07285,F08,P01,true,3,31,4
F07302,F08,P01,true,3,31,4
F07306,F08,P01,true,3,31,4
F07307,F08,P01,true,3,31,4
F07312,F08,P01,true,3,31,4
F07318,F08,P01,true,3,31,4
F07335,F08,P01,true,3,31,4
F07359,F08,P01,true,3,31,4
F07370,F08,P01,true,3,31,4
F07372,F08,P01,true,3,31,4
F07444,F08,P01,true,3,31,4
F07476,F08,P01,true,3,31,4
F07524,F08,P01,true,3,31,4
F07544,F08,P01,true,3,31,4
F07565,F08,P01,true,3,31,4
F07570,F08,P01,true,3,31,4
F07596,F08,P01,true,3,31,4
F07606,F08,P01,true,3,31,4
F07643,F08,P01,true,3,31,4
F07662,F08,P01,true,3,31,4
F07690,F08,P01,true,3,31,4
F07812,F08,P01,true,3,31,4
F07869,F08,P01,true,3,31,4
F07878,F08,P01,true,3,31,4
F07907,F08,P01,true,3,31,4
F07909,F08,P01,true,3,31,4
F07924,F08,P01,true,3,31,4
F07936,F08,P01,true,3,31,4
F07974,F08,P01,true,3,31,4
F07986,F08,P01,true,3,31,4
F07998,F08,P01,true,3,31,4
F08001,F08,P01,true,3,31,4
F08007,F08,P01,true,3,31,4
F08054,F08,P01,true,3,31,4
F08068,F08,P01,true,3,31,4
F08149,F08,P01,true,3,31,4
F08161,F08,P01,true,3,31,4
F08162,F08,P01,true,3,31,4
F08174,F08,P01,true,3,31,4
F08182,F08,P01,true,3,31,4
F08186,F08,P01,true,3,31,4
F08189,F08,P01,true,3,31,4
F08192,F08,P01,true,3,31,4
F08291,F09,P01,true,3,31,4
F08296,F09,P01,true,3,31,4
F08300,F09,P01,true,3,31,4
F08327,F09,P01,true,3,31,4
F08370,F09,P01,true,3,31,4
F08422,F09,P01,true,3,31,4
F08423,F09,P01,true,3,31,4
F08436,F09,P01,true,3,31,4
F08477,F09,P01,true,3,31,4
F08505,F09,P01,true,3,31,4
F08506,F09,P01,true,3,31,4
F08526,F09,P01,true,3,31,4
F08534,F09,P01,true,3,31,4
F08537,F09,P01,true,3,31,4
F08538,F09,P01,true,3,31,4
F08613,F09,P01,true,3,31,4
F08640,F09,P01,true,3,31,4
F08658,F09,P01,true,3,31,4
F08669,F09,P01,true,3,31,4
F08674,F09,P01,true,3,31,4
F08688,F09,P01,true,3,31,4
F08758,F09,P01,true,3,31,4
F08767,F09,P01,true,3,31,4
F08770,F09,P01,true,3,31,4
F08783,F09,P01,true,3,31,4
F08882,F09,P01,true,3,31,4
F08911,F09,P01,true,3,31,4
F08922,F09,P01,true,3,31,4
F08936,F09,P01,true,3,31,4
F08957,F09,P01,true,3,31,4
F08965,F09,P01,true,3,31,4
F08998,F09,P01,true,3,31,4
F09082,F09,P01,true,3,31,4
F09104,F09,P01,true,3,31,4
F09128,F09,P01,true,3,31,4
F09198,F09,P01,true,3,31,4
F09217,F10,P01,true,3,31,4
F09232,F10,P01,true,3,31,4
F09242,F10,P01,true,3,31,4
F09290,F10,P01,true,3,31,4
F09301,F10,P01,true,3,31,4
F09327,F10,P01,true,3,31,4
F09339,F10,P01,true,3,31,4
F09342,F10,P01,true,3,31,4
F09386,F10,P01,true,3,31,4
F09393,F10,P01,true,3,31,4
F09398,F10,P01,true,3,31,4
F09432,F10,P01,true,3,31,4
F09446,F10,P01,true,3,31,4
F09484,F10,P01,true,3,31,4
F09495,F10,P01,true,3,31,4
F09506,F10,P01,true,3,31,4
F09518,F10,P01,true,3,31,4
F09531,F10,P01,true,3,31,4
F09548,F10,P01,true,3,31,4
F09802,F10,P01,true,3,31,4
F09807,F10,P01,true,3,31,4
F09817,F10,P01,true,3,31,4
F09828,F10,P01,true,3,31,4
F09847,F10,P01,true,3,31,4
F09894,F10,P01,true,3,31,4
F09913,F10,P01,true,3,31,4
F09923,F10,P01,true,3,31,4
F09929,F10,P01,true,3,31,4
F09934,F10,P01,true,3,31,4
F09948,F10,P01,true,3,31,4
F09966,F10,P01,true,3,31,4
F09969,F10,P01,true,3,31,4
F09972,F10,P01,true,3,31,4
F09992,F10,P01,true,3,31,4
F10032,F10,P01,true,3,31,4
F10128,F10,P01,true,3,31,4
F10156,F10,P01,true,3,31,4
F10166,F10,P01,true,3,31,4
F10186,F10,P01,true,3,31,4
F10191,F10,P01,true,3,31,4
F10215,F10,P01,true,3,31,4
F10273,F11,P01,true,3,31,4
F10300,F11,P01,true,3,31,4
F10327,F11,P01,true,3,31,4
F10379,F11,P01,true,3,31,4
F10390,F11,P01,true,3,31,4
F10421,F11,P01,true,3,31,4
F10430,F11,P01,true,3,31,4
F10438,F11,P01,true,3,31,4
F10508,F11,P01,true,3,31,4
F10572,F11,P01,true,3,31,4
F10602,F11,P01,true,3,31,4
F10606,F11,P01,true,3,31,4
F10642,F11,P01,true,3,31,4
F10664,F11,P01,true,3,31,4
F10700,F11,P01,true,3,31,4
F10739,F11,P01,true,3,31,4
F10741,F11,P01,true,3,31,4
F10759,F11,P01,true,3,31,4
F10795,F11,P01,true,3,31,4
F10812,F11,P01,true,3,31,4
F10826,F11,P01,true,3,31,4
F10933,F11,P01,true,3,31,4
F10934,F11,P01,true,3,31,4
F10952,F11,P01,true,3,31,4
F11003,F11,P01,true,3,31,4
F11009,F11,P01,true,3,31,4
F11015,F11,P01,true,3,31,4
F11056,F11,P01,true,3,31,4
F11093,F11,P01,true,3,31,4
F11103,F11,P01,true,3,31,4
F11155,F11,P01,true,3,31,4
F11184,F11,P01,true,3,31,4
F11221,F11,P01,true,3,31,4
F11249,F11,P01,true,3,31,4
F11332,F12,P01,true,3,31,4
F11339,F12,P01,true,3,31,4
F11346,F12,P01,true,3,31,4
F11353,F12,P01,true,3,31,4
F11418,F12,P01,true,3,31,4
F11420,F12,P01,true,3,31,4
F11471,F12,P01,true,3,31,4
F11529,F12,P01,true,3,31,4
F11539,F12,P01,true,3,31,4
F11597,F12,P01,true,3,31,4
F11626,F12,P01,true,3,31,4
F11633,F12,P01,true,3,31,4
F11643,F12,P01,true,3,31,4
F11672,F12,P01,true,3,31,4
F11794,F12,P01,true,3,31,4
F11933,F12,P01,true,3,31,4
F12050,F12,P01,true,3,31,4
F12071,F12,P01,true,3,31,4
F12103,F12,P01,true,3,31,4
F12106,F12,P01,true,3,31,4
F12127,F12,P01,true,3,31,4
F12128,F12,P01,true,3,31,4
F12192,F12,P01,true,3,31,4
F12200,F12,P01,true,3,31,4
F12456,F13,P01,true,3,31,4
F12580,F13,P01,true,3,31,4
F12599,F13,P01,true,3,31,4
F13044,F13,P01,true,3,31,4
F13053,F13,P01,true,3,31,4
F13142,F13,P01,true,3,31,4
F13146,F13,P01,true,3,31,4
F13232,F13,P01,true,3,31,4
F13313,F14,P01,true,3,31,4
F13609,F14,P01,true,3,31,4
F13733,F14,P01,true,3,31,4
F13875,F14,P01,true,3,31,4
F13955,F14,P01,true,3,31,4
F14040,F14,P01,true,3,31,4
F14064,F14,P01,true,3,31,4
F14094,F14,P01,true,3,31,4
F14205,F14,P01,true,3,31,4
F14212,F14,P01,true,3,31,4
F14241,F14,P01,true,3,31,4
F14377,F15,P01,true,3,31,4
F14602,F15,P01,true,3,31,4
F14622,F15,P01,true,3,31,4
F14716,F15,P01,true,3,31,4
F14787,F15,P01,true,3,31,4
F14826,F15,P01,true,3,31,4
F14898,F15,P01,true,3,31,4
F15308,F15,P01,true,3,31,4
F15370,F16,P01,true,3,31,4
F15416,F16,P01,true,3,31,4
F15475,F16,P01,true,3,31,4
F15625,F16,P01,true,3,31,4
F15626,F16,P01,true,3,31,4
F15628,F16,P01,true,3,31,4
F15637,F16,P01,true,3,31,4
F15805,F16,P01,true,3,31,4
F15869,F16,P01,true,3,31,4
F16069,F16,P01,true,3,31,4
F16073,F16,P01,true,3,31,4
F16180,F16,P01,true,3,31,4
F16225,F16,P01,true,3,31,4
F16255,F16,P01,true,3,31,4
F16282,F16,P01,true,3,31,4
F16311,F16,P01,true,3,31,4
F16370,F16,P01,true,3,31,4
F16412,F17,P01,true,3,31,4
F16417,F17,P01,true,3,31,4
F16436,F17,P01,true,3,31,4
F16481,F17,P01,true,3,31,4
F16485,F17,P01,true,3,31,4
F16489,F17,P01,true,3,31,4
F16531,F17,P01,true,3,31,4
F16539,F17,P01,true,3,31,4
F16541,F17,P01,true,3,31,4
F16575,F17,P01,true,3,31,4
F16592,F17,P01,true,3,31,4
F16619,F17,P01,true,3,31,4
F16685,F17,P01,true,3,31,4
F16756,F17,P01,true,3,31,4
F16877,F17,P01,true,3,31,4
F16902,F17,P01,true,3,31,4
F16903,F17,P01,true,3,31,4
F16917,F17,P01,true,3,31,4
F16932,F17,P01,true,3,31,4
F16974,F17,P01,true,3,31,4
F16982,F17,P01,true,3,31,4
F17013,F17,P01,true,3,31,4
F17027,F17,P01,true,3,31,4
F17033,F17,P01,true,3,31,4
F17040,F17,P01,true,3,31,4
F17052,F17,P01,true,3,31,4
F17054,F17,P01,true,3,31,4
F17123,F17,P01,true,3,31,4
F17140,F17,P01,true,3,31,4
F17161,F17,P01,true,3,31,4
F17179,F17,P01,true,3,31,4
F17290,F17,P01,true,3,31,4
F17292,F17,P01,true,3,31,4
F17314,F17,P01,true,3,31,4
F17333,F17,P01,true,3,31,4
F17370,F17,P01,true,3,31,4
F17389,F17,P01,true,3,31,4
F17425,F18,P01,true,3,31,4
F17455,F18,P01,true,3,31,4
F17465,F18,P01,true,3,31,4
F17545,F18,P01,true,3,31,4
F17554,F18,P01,true,3,31,4
F17560,F18,P01,true,3,31,4
F17568,F18,P01,true,3,31,4
F17593,F18,P01,true,3,31,4
F17614,F18,P01,true,3,31,4
F17616,F18,P01,true,3,31,4
F17639,F18,P01,true,3,31,4
F17653,F18,P01,true,3,31,4
F17657,F18,P01,true,3,31,4
F17662,F18,P01,true,3,31,4
F17679,F18,P01,true,3,31,4
F17684,F18,P01,true,3,31,4
F17693,F18,P01,true,3,31,4
F17717,F18,P01,true,3,31,4
F17725,F18,P01,true,3,31,4
F17753,F18,P01,true,3,31,4
F17754,F18,P01,true,3,31,4
F17755,F18,P01,true,3,31,4
F17881,F18,P01,true,3,31,4
F17882,F18,P01,true,3,31,4
F17903,F18,P01,true,3,31,4
F17913,F18,P01,true,3,31,4
F17932,F18,P01,true,3,31,4
F17984,F18,P01,true,3,31,4
F17999,F18,P01,true,3,31,4
F18060,F18,P01,true,3,31,4
F18129,F18,P01,true,3,31,4
F18161,F18,P01,true,3,31,4
F18194,F18,P01,true,3,31,4
F18229,F18,P01,true,3,31,4
F18247,F18,P01,true,3,31,4
F18326,F18,P01,true,3,31,4
F18336,F18,P01,true,3,31,4
F18382,F18,P01,true,3,31,4
F18385,F18,P01,true,3,31,4
F18403,F18,P01,true,3,31,4
F18484,F19,P01,true,3,31,4
F18517,F19,P01,true,3,31,4
F18521,F19,P01,true,3,31,4
F18525,F19,P01,true,3,31,4
F18550,F19,P01,true,3,31,4
F18587,F19,P01,true,3,31,4
F18619,F19,P01,true,3,31,4
F18639,F19,P01,true,3,31,4
F18691,F19,P01,true,3,31,4
F18701,F19,P01,true,3,31,4
F18728,F19,P01,true,3,31,4
F18760,F19,P01,true,3,31,4
F18769,F19,P01,true,3,31,4
F18811,F19,P01,true,3,31,4
F18883,F19,P01,true,3,31,4
F18898,F19,P01,true,3,31,4
F18903,F19,P01,true,3,31,4
F18911,F19,P01,true,3,31,4
F18965,F19,P01,true,3,31,4
F18979,F19,P01,true,3,31,4
F18986,F19,P01,true,3,31,4
F18990,F19,P01,true,3,31,4
F18998,F19,P01,true,3,31,4
F19011,F19,P01,true,3,31,4
F19024,F19,P01,true,3,31,4
F19039,F19,P01,true,3,31,4
F19056,F19,P01,true,3,31,4
F19078,F19,P01,true,3,31,4
F19082,F19,P01,true,3,31,4
F19120,F19,P01,true,3,31,4
F19142,F19,P01,true,3,31,4
F19177,F19,P01,true,3,31,4
F19206,F19,P01,true,3,31,4
F19327,F19,P01,true,3,31,4
F19351,F19,P01,true,3,31,4
F19360,F19,P01,true,3,31,4
F19391,F19,P01,true,3,31,4
F19408,F19,P01,true,3,31,4
F19412,F19,P01,true,3,31,4
F19415,F19,P01,true,3,31,4
F19432,F19,P01,true,3,31,4
F19496,F20,P01,true,3,31,4
F19535,F20,P01,true,3,31,4
F19544,F20,P01,true,3,31,4
F19565,F20,P01,true,3,31,4
F19585,F20,P01,true,3,31,4
F19605,F20,P01,true,3,31,4
F19667,F20,P01,true,3,31,4
F19684,F20,P01,true,3,31,4
F19702,F20,P01,true,3,31,4
F19705,F20,P01,true,3,31,4
F19773,F20,P01,true,3,31,4
F19779,F20,P01,true,3,31,4
F19784,F20,P01,true,3,31,4
F19816,F20,P01,true,3,31,4
F19840,F20,P01,true,3,31,4
F19868,F20,P01,true,3,31,4
F19890,F20,P01,true,3,31,4
F19893,F20,P01,true,3,31,4
F19995,F20,P01,true,3,31,4
F20048,F20,P01,true,3,31,4
F20049,F20,P01,true,3,31,4
F20060,F20,P01,true,3,31,4
F20083,F20,P01,true,3,31,4
F20099,F20,P01,true,3,31,4
F20103,F20,P01,true,3,31,4
F20104,F20,P01,true,3,31,4
F20173,F20,P01,true,3,31,4
F20176,F20,P01,true,3,31,4
F20178,F20,P01,true,3,31,4
F20201,F20,P01,true,3,31,4
F20237,F20,P01,true,3,31,4
F20261,F20,P01,true,3,31,4
F20262,F20,P01,true,3,31,4
F20263,F20,P01,true,3,31,4
F20289,F20,P01,true,3,31,4
F20380,F20,P01,true,3,31,4
F20391,F20,P01,true,3,31,4
F20399,F20,P01,true,3,31,4
F20400,F20,P01,true,3,31,4
F20431,F20,P01,true,3,31,4
F20453,F20,P01,true,3,31,4
F20465,F20,P01,true,3,31,4
F20468,F20,P01,true,3,31,4
F20513,F21,P01,true,3,31,4
F20641,F21,P01,true,3,31,4
F20868,F21,P01,true,3,31,4
F20981,F21,P01,true,3,31,4
F21017,F21,P01,true,3,31,4
F21149,F21,P01,true,3,31,4
F21437,F21,P01,true,3,31,4
F21587,F22,P01,true,3,31,4
F21640,F22,P01,true,3,31,4
F21716,F22,P01,true,3,31,4
F21864,F22,P01,true,3,31,4
F21922,F22,P01,true,3,31,4
F22175,F22,P01,true,3,31,4
F22214,F22,P01,true,3,31,4
F22338,F22,P01,true,3,31,4
F22631,F23,P01,true,3,31,4
F22685,F23,P01,true,3,31,4
F22846,F23,P01,true,3,31,4
F23058,F23,P01,true,3,31,4
F23525,F23,P01,true,3,31,4
F23587,F24,P01,true,3,31,4
F23589,F24,P01,true,3,31,4
F23807,F24,P01,true,3,31,4
F23817,F24,P01,true,3,31,4
F23912,F24,P01,true,3,31,4
F23977,F24,P01,true,3,31,4
F24049,F24,P01,true,3,31,4
F24165,F24,P01,true,3,31,4
F24202,F24,P01,true,3,31,4
F24277,F24,P01,true,3,31,4
F24428,F24,P01,true,3,31,4
F24451,F24,P01,true,3,31,4
F24554,F24,P01,true,3,31,4
F02039,F02,P01,true,2,31,4
F02549,F03,P01,true,2,31,4
F02817,F03,P01,true,2,31,4
F02877,F03,P01,true,2,31,4
F03101,F04,P01,true,2,31,4
F03900,F04,P01,true,2,31,4
F04176,F05,P01,true,2,31,4
F04875,F05,P01,true,2,31,4
F05012,F05,P01,true,2,31,4
F06472,F07,P01,true,2,31,4
F06804,F07,P01,true,2,31,4
F07609,F08,P01,true,2,31,4
F07864,F08,P01,true,2,31,4
F07989,F08,P01,true,2,31,4
F08680,F09,P01,true,2,31,4
F08926,F09,P01,true,2,31,4
F09124,F09,P01,true,2,31,4
F09475,F10,P01,true,2,31,4
F10119,F10,P01,true,2,31,4
F10261,F11,P01,true,2,31,4
F10386,F11,P01,true,2,31,4
F10762,F11,P01,true,2,31,4
F11807,F12,P01,true,2,31,4
F15102,F15,P01,true,2,31,4
F15445,F16,P01,true,2,31,4
F16432,F17,P01,true,2,31,4
F16812,F17,P01,true,2,31,4
F18040,F18,P01,true,2,31,4
F20042,F20,P01,true,2,31,4
F22501,F22,P01,true,2,31,4
F03250,F04,P01,true,4,31,3
F03526,F04,P01,true,4,31,3
F03588,F04,P01,true,4,31,3
F03594,F04,P01,true,4,31,3
F03595,F04,P01,true,4,31,3
F03762,F04,P01,true,4,31,3
F03764,F04,P01,true,4,31,3
F03922,F04,P01,true,4,31,3
F03925,F04,P01,true,4,31,3
F04040,F04,P01,true,4,31,3
F04041,F04,P01,true,4,31,3
F10464,F11,P01,true,4,31,3
F10519,F11,P01,true,4,31,3
F10920,F11,P01,true,4,31,3
F10978,F11,P01,true,4,31,3
F11315,F12,P01,true,4,31,3
F11373,F12,P01,true,4,31,3
F11556,F12,P01,true,4,31,3
F11773,F12,P01,true,4,31,3
F12058,F12,P01,true,4,31,3
F12226,F12,P01,true,4,31,3
F19675,F20,P01,true,4,31,3
F19845,F20,P01,true,4,31,3
F20473,F20,P01,true,4,31,3
F20529,F21,P01,true,4,31,3
F20602,F21,P01,true,4,31,3
F20655,F21,P01,true,4,31,3
F20665,F21,P01,true,4,31,3
F20700,F21,P01,true,4,31,3
F20813,F21,P01,true,4,31,3
F20819,F21,P01,true,4,31,3
F20820,F21,P01,true,4,31,3
F20835,F21,P01,true,4,31,3
F20991,F21,P01,true,4,31,3
F21047,F21,P01,true,4,31,3
F21211,F21,P01,true,4,31,3
F21392,F21,P01,true,4,31,3
F21461,F21,P01,true,4,31,3
F21496,F21,P01,true,4,31,3
F21499,F21,P01,true,4,31,3
F21623,F22,P01,true,4,31,3
F21633,F22,P01,true,4,31,3
F21730,F22,P01,true,4,31,3
F21794,F22,P01,true,4,31,3
F21911,F22,P01,true,4,31,3
F21915,F22,P01,true,4,31,3
F21969,F22,P01,true,4,31,3
F22144,F22,P01,true,4,31,3
F22145,F22,P01,true,4,31,3
F22186,F22,P01,true,4,31,3
F22200,F22,P01,true,4,31,3
F22306,F22,P01,true,4,31,3
F22361,F22,P01,true,4,31,3
F22369,F22,P01,true,4,31,3
F22424,F22,P01,true,4,31,3
F22635,F23,P01,true,4,31,3
F22637,F23,P01,true,4,31,3
F22640,F23,P01,true,4,31,3
F22647,F23,P01,true,4,31,3
F22693,F23,P01,true,4,31,3
F22711,F23,P01,true,4,31,3
F22757,F23,P01,true,4,31,3
F22762,F23,P01,true,4,31,3
F22809,F23,P01,true,4,31,3
F22819,F23,P01,true,4,31,3
F22871,F23,P01,true,4,31,3
F22924,F23,P01,true,4,31,3
F22975,F23,P01,true,4,31,3
F23031,F23,P01,true,4,31,3
F23103,F23,P01,true,4,31,3
F23162,F23,P01,true,4,31,3
F23226,F23,P01,true,4,31,3
F23258,F23,P01,true,4,31,3
F23266,F23,P01,true,4,31,3
F23378,F23,P01,true,4,31,3
F23384,F23,P01,true,4,31,3
F23490,F23,P01,true,4,31,3
F23604,F24,P01,true,4,31,3
F23657,F24,P01,true,4,31,3
F23787,F24,P01,true,4,31,3
F23900,F24,P01,true,4,31,3
F23942,F24,P01,true,4,31,3
F23949,F24,P01,true,4,31,3
F23999,F24,P01,true,4,31,3
F24017,F24,P01,true,4,31,3
F24126,F24,P01,true,4,31,3
F24248,F24,P01,true,4,31,3
F24285,F24,P01,true,4,31,3
F24303,F24,P01,true,4,31,3
F24304,F24,P01,true,4,31,3
F24415,F24,P01,true,4,31,3
F24480,F24,P01,true,4,31,3
F24509,F24,P01,true,4,31,3
F24519,F24,P01,true,4,31,3
F24528,F24,P01,true,4,31,3
F02329,F03,P01,true,3,31,3
F03183,F04,P01,true,3,31,3
F03300,F04,P01,true,3,31,3
F03411,F04,P01,true,3,31,3
F03813,F04,P01,true,3,31,3
F03866,F04,P01,true,3,31,3
F03981,F04,P01,true,3,31,3
F10520,F11,P01,true,3,31,3
F10526,F11,P01,true,3,31,3
F10692,F11,P01,true,3,31,3
F11088,F11,P01,true,3,31,3
F11380,F12,P01,true,3,31,3
F11495,F12,P01,true,3,31,3
F11667,F12,P01,true,3,31,3
F11954,F12,P01,true,3,31,3
F12010,F12,P01,true,3,31,3
F12179,F12,P01,true,3,31,3
F20016,F20,P01,true,3,31,3
F20186,F20,P01,true,3,31,3
F20247,F20,P01,true,3,31,3
F20483,F21,P01,true,3,31,3
F20490,F21,P01,true,3,31,3
F21054,F21,P01,true,3,31,3
F21913,F22,P01,true,3,31,3
F21952,F22,P01,true,3,31,3
F22014,F22,P01,true,3,31,3
F22367,F22,P01,true,3,31,3
F22717,F23,P01,true,3,31,3
F22758,F23,P01,true,3,31,3
F22769,F23,P01,true,3,31,3
F22813,F23,P01,true,3,31,3
F23212,F23,P01,true,3,31,3
F23267,F23,P01,true,3,31,3
F23543,F23,P01,true,3,31,3
F23842,F24,P01,true,3,31,3
F24012,F24,P01,true,3,31,3
F24113,F24,P01,true,3,31,3
F24173,F24,P01,true,3,31,3
F24190,F24,P01,true,3,31,3
F24243,F24,P01,true,3,31,3
F24355,F24,P01,true,3,31,3
F24395,F24,P01,true,3,31,3
F10462,F11,P01,true,2,31,3
F22195,F22,P01,true,2,31,3
F03663,F04,P01,true,5,30,4
F00065,F01,P01,true,4,30,4
F00078,F01,P01,true,4,30,4
F00200,F01,P01,true,4,30,4
F00220,F01,P01,true,4,30,4
F00264,F01,P01,true,4,30,4
F00271,F01,P01,true,4,30,4
F00353,F01,P01,true,4,30,4
F00414,F01,P01,true,4,30,4
F00492,F01,P01,true,4,30,4
F00525,F01,P01,true,4,30,4
F00548,F01,P01,true,4,30,4
F00579,F01,P01,true,4,30,4
F00610,F01,P01,true,4,30,4
F00626,F01,P01,true,4,30,4
F00674,F01,P01,true,4,30,4
F00711,F01,P01,true,4,30,4
F00804,F01,P01,true,4,30,4
F00822,F01,P01,true,4,30,4
F00825,F01,P01,true,4,30,4
F00860,F01,P01,true,4,30,4
F00986,F01,P01,true,4,30,4
F01020,F01,P01,true,4,30,4
F01037,F02,P01,true,4,30,4
F01055,F02,P01,true,4,30,4
F01154,F02,P01,true,4,30,4
F01234,F02,P01,true,4,30,4
F01267,F02,P01,true,4,30,4
F01305,F02,P01,true,4,30,4
F01337,F02,P01,true,4,30,4
F01353,F02,P01,true,4,30,4
F01378,F02,P01,true,4,30,4
F01408,F02,P01,true,4,30,4
F01559,F02,P01,true,4,30,4
F01570,F02,P01,true,4,30,4
F01594,F02,P01,true,4,30,4
F01603,F02,P01,true,4,30,4
F01650,F02,P01,true,4,30,4
F01684,F02,P01,true,4,30,4
F01755,F02,P01,true,4,30,4
F01851,F02,P01,true,4,30,4
F01883,F02,P01,true,4,30,4
F01891,F02,P01,true,4,30,4
F01944,F02,P01,true,4,30,4
F01965,F02,P01,true,4,30,4
F02023,F02,P01,true,4,30,4
F02027,F02,P01,true,4,30,4
F02120,F03,P01,true,4,30,4
F02128,F03,P01,true,4,30,4
F02137,F03,P01,true,4,30,4
F02170,F03,P01,true,4,30,4
F02208,F03,P01,true,4,30,4
F02222,F03,P01,true,4,30,4
F02303,F03,P01,true,4,30,4
F02376,F03,P01,true,4,30,4
F02381,F03,P01,true,4,30,4
F02405,F03,P01,true,4,30,4
F02445,F03,P01,true,4,30,4
F02579,F03,P01,true,4,30,4
F02583,F03,P01,true,4,30,4
F02620,F03,P01,true,4,30,4
F02626,F03,P01,true,4,30,4
F02687,F03,P01,true,4,30,4
F02850,F03,P01,true,4,30,4
F02914,F03,P01,true,4,30,4
F02928,F03,P01,true,4,30,4
F02961,F03,P01,true,4,30,4
F02971,F03,P01,true,4,30,4
F03029,F03,P01,true,4,30,4
F03038,F03,P01,true,4,30,4
F03274,F04,P01,true,4,30,4
F03289,F04,P01,true,4,30,4
F03329,F04,P01,true,4,30,4
F03435,F04,P01,true,4,30,4
F03454,F04,P01,true,4,30,4
F03500,F04,P01,true,4,30,4
F03511,F04,P01,true,4,30,4
F03569,F04,P01,true,4,30,4
F03673,F04,P01,true,4,30,4
F03741,F04,P01,true,4,30,4
F03830,F04,P01,true,4,30,4
F03833,F04,P01,true,4,30,4
F03906,F04,P01,true,4,30,4
F03938,F04,P01,true,4,30,4
F04023,F04,P01,true,4,30,4
F04274,F05,P01,true,4,30,4
F04688,F05,P01,true,4,30,4
F05391,F06,P01,true,4,30,4
F05582,F06,P01,true,4,30,4
F06141,F06,P01,true,4,30,4
F06467,F07,P01,true,4,30,4
F06864,F07,P01,true,4,30,4
F06882,F07,P01,true,4,30,4
F07273,F08,P01,true,4,30,4
F07607,F08,P01,true,4,30,4
F07906,F08,P01,true,4,30,4
F08017,F08,P01,true,4,30,4
F08211,F09,P01,true,4,30,4
F08576,F09,P01,true,4,30,4
F08596,F09,P01,true,4,30,4
F09046,F09,P01,true,4,30,4
F09451,F10,P01,true,4,30,4
F09521,F10,P01,true,4,30,4
F09798,F10,P01,true,4,30,4
F09825,F10,P01,true,4,30,4
F09877,F10,P01,true,4,30,4
F10181,F10,P01,true,4,30,4
F10277,F11,P01,true,4,30,4
F10414,F11,P01,true,4,30,4
F10454,F11,P01,true,4,30,4
F10713,F11,P01,true,4,30,4
F11001,F11,P01,true,4,30,4
F11220,F11,P01,true,4,30,4
F11280,F12,P01,true,4,30,4
F11404,F12,P01,true,4,30,4
F11748,F12,P01,true,4,30,4
F12028,F12,P01,true,4,30,4
F12208,F12,P01,true,4,30,4
F12245,F12,P01,true,4,30,4
F12313,F13,P01,true,4,30,4
F12325,F13,P01,true,4,30,4
F12333,F13,P01,true,4,30,4
F12349,F13,P01,true,4,30,4
F12394,F13,P01,true,4,30,4
F12435,F13,P01,true,4,30,4
F12439,F13,P01,true,4,30,4
F12450,F13,P01,true,4,30,4
F12462,F13,P01,true,4,30,4
F12492,F13,P01,true,4,30,4
F12493,F13,P01,true,4,30,4
F12519,F13,P01,true,4,30,4
F12521,F13,P01,true,4,30,4
F12528,F13,P01,true,4,30,4
F12552,F13,P01,true,4,30,4
F12572,F13,P01,true,4,30,4
F12592,F13,P01,true,4,30,4
F12609,F13,P01,true,4,30,4
F12611,F13,P01,true,4,30,4
F12642,F13,P01,true,4,30,4
F12645,F13,P01,true,4,30,4
F12746,F13,P01,true,4,30,4
F12747,F13,P01,true,4,30,4
F12758,F13,P01,true,4,30,4
F12775,F13,P01,true,4,30,4
F12810,F13,P01,true,4,30,4
F12816,F13,P01,true,4,30,4
F12825,F13,P01,true,4,30,4
F12864,F13,P01,true,4,30,4
F12866,F13,P01,true,4,30,4
F12868,F13,P01,true,4,30,4
F12892,F13,P01,true,4,30,4
F12902,F13,P01,true,4,30,4
F12904,F13,P01,true,4,30,4
F12927,F13,P01,true,4,30,4
F12941,F13,P01,true,4,30,4
F12964,F13,P01,true,4,30,4
F12983,F13,P01,true,4,30,4
F12984,F13,P01,true,4,30,4
F13029,F13,P01,true,4,30,4
F13040,F13,P01,true,4,30,4
F13064,F13,P01,true,4,30,4
F13076,F13,P01,true,4,30,4
F13099,F13,P01,true,4,30,4
F13148,F13,P01,true,4,30,4
F13164,F13,P01,true,4,30,4
F13168,F13,P01,true,4,30,4
F13194,F13,P01,true,4,30,4
F13204,F13,P01,true,4,30,4
F13212,F13,P01,true,4,30,4
F13216,F13,P01,true,4,30,4
F13225,F13,P01,true,4,30,4
F13228,F13,P01,true,4,30,4
F13250,F13,P01,true,4,30,4
F13274,F13,P01,true,4,30,4
F13296,F13,P01,true,4,30,4
F13320,F14,P01,true,4,30,4
F13323,F14,P01,true,4,30,4
F13332,F14,P01,true,4,30,4
F13337,F14,P01,true,4,30,4
F13355,F14,P01,true,4,30,4
F13357,F14,P01,true,4,30,4
F13361,F14,P01,true,4,30,4
F13372,F14,P01,true,4,30,4
F13415,F14,P01,true,4,30,4
F13450,F14,P01,true,4,30,4
F13487,F14,P01,true,4,30,4
F13504,F14,P01,true,4,30,4
F13509,F14,P01,true,4,30,4
F13535,F14,P01,true,4,30,4
F13538,F14,P01,true,4,30,4
F13549,F14,P01,true,4,30,4
F13572,F14,P01,true,4,30,4
F13580,F14,P01,true,4,30,4
F13581,F14,P01,true,4,30,4
F13600,F14,P01,true,4,30,4
F13692,F14,P01,true,4,30,4
F13702,F14,P01,true,4,30,4
F13747,F14,P01,true,4,30,4
F13749,F14,P01,true,4,30,4
F13754,F14,P01,true,4,30,4
F13771,F14,P01,true,4,30,4
F13778,F14,P01,true,4,30,4
F13786,F14,P01,true,4,30,4
F13815,F14,P01,true,4,30,4
F13817,F14,P01,true,4,30,4
F13830,F14,P01,true,4,30,4
F13841,F14,P01,true,4,30,4
F13853,F14,P01,true,4,30,4
F13886,F14,P01,true,4,30,4
F13899,F14,P01,true,4,30,4
F13913,F14,P01,true,4,30,4
F13943,F14,P01,true,4,30,4
F13966,F14,P01,true,4,30,4
F13994,F14,P01,true,4,30,4
F13998,F14,P01,true,4,30,4
F14030,F14,P01,true,4,30,4
F14053,F14,P01,true,4,30,4
F14054,F14,P01,true,4,30,4
F14073,F14,P01,true,4,30,4
F14079,F14,P01,true,4,30,4
F14104,F14,P01,true,4,30,4
F14106,F14,P01,true,4,30,4
F14122,F14,P01,true,4,30,4
F14136,F14,P01,true,4,30,4
F14183,F14,P01,true,4,30,4
F14195,F14,P01,true,4,30,4
F14222,F14,P01,true,4,30,4
F14228,F14,P01,true,4,30,4
F14242,F14,P01,true,4,30,4
F14272,F14,P01,true,4,30,4
F14281,F14,P01,true,4,30,4
F14284,F14,P01,true,4,30,4
F14292,F14,P01,true,4,30,4
F14308,F14,P01,true,4,30,4
F14314,F14,P01,true,4,30,4
F14394,F15,P01,true,4,30,4
F14398,F15,P01,true,4,30,4
F14441,F15,P01,true,4,30,4
F14456,F15,P01,true,4,30,4
F14507,F15,P01,true,4,30,4
F14513,F15,P01,true,4,30,4
F14561,F15,P01,true,4,30,4
F14675,F15,P01,true,4,30,4
F14676,F15,P01,true,4,30,4
F14719,F15,P01,true,4,30,4
F14771,F15,P01,true,4,30,4
F14789,F15,P01,true,4,30,4
F14790,F15,P01,true,4,30,4
F14794,F15,P01,true,4,30,4
F14819,F15,P01,true,4,30,4
F14820,F15,P01,true,4,30,4
F14850,F15,P01,true,4,30,4
F14885,F15,P01,true,4,30,4
F14888,F15,P01,true,4,30,4
F14966,F15,P01,true,4,30,4
F14992,F15,P01,true,4,30,4
F15003,F15,P01,true,4,30,4
F15014,F15,P01,true,4,30,4
F15031,F15,P01,true,4,30,4
F15034,F15,P01,true,4,30,4
F15157,F15,P01,true,4,30,4
F15183,F15,P01,true,4,30,4
F15317,F15,P01,true,4,30,4
F15339,F15,P01,true,4,30,4
F15355,F15,P01,true,4,30,4
F15364,F16,P01,true,4,30,4
F15380,F16,P01,true,4,30,4
F15401,F16,P01,true,4,30,4
F15456,F16,P01,true,4,30,4
F15484,F16,P01,true,4,30,4
F15493,F16,P01,true,4,30,4
F15564,F16,P01,true,4,30,4
F15638,F16,P01,true,4,30,4
F15715,F16,P01,true,4,30,4
F15723,F16,P01,true,4,30,4
F15791,F16,P01,true,4,30,4
F15809,F16,P01,true,4,30,4
F15825,F16,P01,true,4,30,4
F15834,F16,P01,true,4,30,4
F15919,F16,P01,true,4,30,4
F15938,F16,P01,true,4,30,4
F15946,F16,P01,true,4,30,4
F15956,F16,P01,true,4,30,4
F15975,F16,P01,true,4,30,4
F16016,F16,P01,true,4,30,4
F16083,F16,P01,true,4,30,4
F16136,F16,P01,true,4,30,4
F16140,F16,P01,true,4,30,4
F16156,F16,P01,true,4,30,4
F16157,F16,P01,true,4,30,4
F16165,F16,P01,true,4,30,4
F16197,F16,P01,true,4,30,4
F16214,F16,P01,true,4,30,4
F16253,F16,P01,true,4,30,4
F16271,F16,P01,true,4,30,4
F16315,F16,P01,true,4,30,4
F16340,F16,P01,true,4,30,4
F16372,F16,P01,true,4,30,4
F16378,F16,P01,true,4,30,4
F16622,F17,P01,true,4,30,4
F16676,F17,P01,true,4,30,4
F16789,F17,P01,true,4,30,4
F17106,F17,P01,true,4,30,4
F17173,F17,P01,true,4,30,4
F17347,F17,P01,true,4,30,4
F17718,F18,P01,true,4,30,4
F18754,F19,P01,true,4,30,4
F18812,F19,P01,true,4,30,4
F18887,F19,P01,true,4,30,4
F19100,F19,P01,true,4,30,4
F19159,F19,P01,true,4,30,4
F19510,F20,P01,true,4,30,4
F19518,F20,P01,true,4,30,4
F19574,F20,P01,true,4,30,4
F19802,F20,P01,true,4,30,4
F19967,F20,P01,true,4,30,4
F20030,F20,P01,true,4,30,4
F20051,F20,P01,true,4,30,4
F20179,F20,P01,true,4,30,4
F20427,F20,P01,true,4,30,4
F20518,F21,P01,true,4,30,4
F20574,F21,P01,true,4,30,4
F20677,F21,P01,true,4,30,4
F20690,F21,P01,true,4,30,4
F20696,F21,P01,true,4,30,4
F20728,F21,P01,true,4,30,4
F20752,F21,P01,true,4,30,4
F20788,F21,P01,true,4,30,4
F20842,F21,P01,true,4,30,4
F20846,F21,P01,true,4,30,4
F20910,F21,P01,true,4,30,4
F20914,F21,P01,true,4,30,4
F20922,F21,P01,true,4,30,4
F20961,F21,P01,true,4,30,4
F20964,F21,P01,true,4,30,4
F21006,F21,P01,true,4,30,4
F21029,F21,P01,true,4,30,4
F21040,F21,P01,true,4,30,4
F21064,F21,P01,true,4,30,4
F21120,F21,P01,true,4,30,4
F21143,F21,P01,true,4,30,4
F21147,F21,P01,true,4,30,4
F21246,F21,P01,true,4,30,4
F21247,F21,P01,true,4,30,4
F21264,F21,P01,true,4,30,4
F21295,F21,P01,true,4,30,4
F21305,F21,P01,true,4,30,4
F21316,F21,P01,true,4,30,4
F21357,F21,P01,true,4,30,4
F21372,F21,P01,true,4,30,4
F21422,F21,P01,true,4,30,4
F21430,F21,P01,true,4,30,4
F21523,F22,P01,true,4,30,4
F21584,F22,P01,true,4,30,4
F21653,F22,P01,true,4,30,4
F21705,F22,P01,true,4,30,4
F21775,F22,P01,true,4,30,4
F21934,F22,P01,true,4,30,4
F21986,F22,P01,true,4,30,4
F22043,F22,P01,true,4,30,4
F22060,F22,P01,true,4,30,4
F22114,F22,P01,true,4,30,4
F22152,F22,P01,true,4,30,4
F22176,F22,P01,true,4,30,4
F22267,F22,P01,true,4,30,4
F22272,F22,P01,true,4,30,4
F22320,F22,P01,true,4,30,4
F22329,F22,P01,true,4,30,4
F22335,F22,P01,true,4,30,4
F22341,F22,P01,true,4,30,4
F22379,F22,P01,true,4,30,4
F22444,F22,P01,true,4,30,4
F22447,F22,P01,true,4,30,4
F22450,F22,P01,true,4,30,4
F22498,F22,P01,true,4,30,4
F22558,F23,P01,true,4,30,4
F22608,F23,P01,true,4,30,4
F22618,F23,P01,true,4,30,4
F22673,F23,P01,true,4,30,4
F22728,F23,P01,true,4,30,4
F22739,F23,P01,true,4,30,4
F22745,F23,P01,true,4,30,4
F22786,F23,P01,true,4,30,4
F22796,F23,P01,true,4,30,4
F22801,F23,P01,true,4,30,4
F22898,F23,P01,true,4,30,4
F22960,F23,P01,true,4,30,4
F22964,F23,P01,true,4,30,4
F23015,F23,P01,true,4,30,4
F23022,F23,P01,true,4,30,4
F23062,F23,P01,true,4,30,4
F23065,F23,P01,true,4,30,4
F23128,F23,P01,true,4,30,4
F23136,F23,P01,true,4,30,4
F23298,F23,P01,true,4,30,4
F23349,F23,P01,true,4,30,4
F23368,F23,P01,true,4,30,4
F23414,F23,P01,true,4,30,4
F23418,F23,P01,true,4,30,4
F23520,F23,P01,true,4,30,4
F23581,F24,P01,true,4,30,4
F23697,F24,P01,true,4,30,4
F23808,F24,P01,true,4,30,4
F23811,F24,P01,true,4,30,4
F23820,F24,P01,true,4,30,4
F23821,F24,P01,true,4,30,4
F23877,F24,P01,true,4,30,4
F23985,F24,P01,true,4,30,4
F23992,F24,P01,true,4,30,4
F24037,F24,P01,true,4,30,4
F24038,F24,P01,true,4,30,4
F24097,F24,P01,true,4,30,4
F24108,F24,P01,true,4,30,4
F24138,F24,P01,true,4,30,4
F24140,F24,P01,true,4,30,4
F24196,F24,P01,true,4,30,4
F24256,F24,P01,true,4,30,4
F24261,F24,P01,true,4,30,4
F24262,F24,P01,true,4,30,4
F24274,F24,P01,true,4,30,4
F24322,F24,P01,true,4,30,4
F24423,F24,P01,true,4,30,4
F00001,F01,P01,true,3,30,4
F00056,F01,P01,true,3,30,4
F00071,F01,P01,true,3,30,4
F00103,F01,P01,true,3,30,4
F00126,F01,P01,true,3,30,4
F00149,F01,P01,true,3,30,4
F00176,F01,P01,true,3,30,4
F00190,F01,P01,true,3,30,4
F00205,F01,P01,true,3,30,4
F00213,F01,P01,true,3,30,4
F00267,F01,P01,true,3,30,4
F00275,F01,P01,true,3,30,4
F00277,F01,P01,true,3,30,4
F00344,F01,P01,true,3,30,4
F00410,F01,P01,true,3,30,4
F00419,F01,P01,true,3,30,4
F00432,F01,P01,true,3,30,4
F00453,F01,P01,true,3,30,4
F00490,F01,P01,true,3,30,4
F00512,F01,P01,true,3,30,4
F00570,F01,P01,true,3,30,4
F00581,F01,P01,true,3,30,4
F00592,F01,P01,true,3,30,4
F00599,F01,P01,true,3,30,4
F00614,F01,P01,true,3,30,4
F00646,F01,P01,true,3,30,4
F00766,F01,P01,true,3,30,4
F00802,F01,P01,true,3,30,4
F00810,F01,P01,true,3,30,4
F00823,F01,P01,true,3,30,4
F00853,F01,P01,true,3,30,4
F00889,F01,P01,true,3,30,4
F00893,F01,P01,true,3,30,4
F00916,F01,P01,true,3,30,4
F00920,F01,P01,true,3,30,4
F00979,F01,P01,true,3,30,4
F01018,F01,P01,true,3,30,4
F01044,F02,P01,true,3,30,4
F01089,F02,P01,true,3,30,4
F01102,F02,P01,true,3,30,4
F01109,F02,P01,true,3,30,4
F01128,F02,P01,true,3,30,4
F01147,F02,P01,true,3,30,4
F01203,F02,P01,true,3,30,4
F01208,F02,P01,true,3,30,4
F01246,F02,P01,true,3,30,4
F01257,F02,P01,true,3,30,4
F01259,F02,P01,true,3,30,4
F01273,F02,P01,true,3,30,4
F01312,F02,P01,true,3,30,4
F01327,F02,P01,true,3,30,4
F01331,F02,P01,true,3,30,4
F01377,F02,P01,true,3,30,4
F01464,F02,P01,true,3,30,4
F01507,F02,P01,true,3,30,4
F01529,F02,P01,true,3,30,4
F01548,F02,P01,true,3,30,4
F01600,F02,P01,true,3,30,4
F01644,F02,P01,true,3,30,4
F01821,F02,P01,true,3,30,4
F01888,F02,P01,true,3,30,4
F01910,F02,P01,true,3,30,4
F01912,F02,P01,true,3,30,4
F01926,F02,P01,true,3,30,4
F01977,F02,P01,true,3,30,4
F02016,F02,P01,true,3,30,4
F02053,F03,P01,true,3,30,4
F02061,F03,P01,true,3,30,4
F02100,F03,P01,true,3,30,4
F02111,F03,P01,true,3,30,4
F02183,F03,P01,true,3,30,4
F02207,F03,P01,true,3,30,4
F02224,F03,P01,true,3,30,4
F02253,F03,P01,true,3,30,4
F02325,F03,P01,true,3,30,4
F02337,F03,P01,true,3,30,4
F02412,F03,P01,true,3,30,4
F02413,F03,P01,true,3,30,4
F02427,F03,P01,true,3,30,4
F02448,F03,P01,true,3,30,4
F02461,F03,P01,true,3,30,4
F02510,F03,P01,true,3,30,4
F02552,F03,P01,true,3,30,4
F02603,F03,P01,true,3,30,4
F02622,F03,P01,true,3,30,4
F02665,F03,P01,true,3,30,4
F02705,F03,P01,true,3,30,4
F02724,F03,P01,true,3,30,4
F02765,F03,P01,true,3,30,4
F02769,F03,P01,true,3,30,4
F02792,F03,P01,true,3,30,4
F02818,F03,P01,true,3,30,4
F02883,F03,P01,true,3,30,4
F02886,F03,P01,true,3,30,4
F02912,F03,P01,true,3,30,4
F03226,F04,P01,true,3,30,4
F03230,F04,P01,true,3,30,4
F03259,F04,P01,true,3,30,4
F03337,F04,P01,true,3,30,4
F03349,F04,P01,true,3,30,4
F03436,F04,P01,true,3,30,4
F03446,F04,P01,true,3,30,4
F03490,F04,P01,true,3,30,4
F03493,F04,P01,true,3,30,4
F03505,F04,P01,true,3,30,4
F03548,F04,P01,true,3,30,4
F03607,F04,P01,true,3,30,4
F03614,F04,P01,true,3,30,4
F03618,F04,P01,true,3,30,4
F03635,F04,P01,true,3,30,4
F03717,F04,P01,true,3,30,4
F03740,F04,P01,true,3,30,4
F03888,F04,P01,true,3,30,4
F03893,F04,P01,true,3,30,4
F03910,F04,P01,true,3,30,4
F03916,F04,P01,true,3,30,4
F03952,F04,P01,true,3,30,4
F03962,F04,P01,true,3,30,4
F04114,F05,P01,true,3,30,4
F04223,F05,P01,true,3,30,4
F04251,F05,P01,true,3,30,4
F04261,F05,P01,true,3,30,4
F04307,F05,P01,true,3,30,4
F04322,F05,P01,true,3,30,4
F04329,F05,P01,true,3,30,4
F04333,F05,P01,true,3,30,4
F04334,F05,P01,true,3,30,4
F04342,F05,P01,true,3,30,4
F04348,F05,P01,true,3,30,4
F04359,F05,P01,true,3,30,4
F04364,F05,P01,true,3,30,4
F04373,F05,P01,true,3,30,4
F04393,F05,P01,true,3,30,4
F04395,F05,P01,true,3,30,4
F04422,F05,P01,true,3,30,4
F04431,F05,P01,true,3,30,4
F04441,F05,P01,true,3,30,4
F04456,F05,P01,true,3,30,4
F04468,F05,P01,true,3,30,4
F04472,F05,P01,true,3,30,4
F04482,F05,P01,true,3,30,4
F04509,F05,P01,true,3,30,4
F04537,F05,P01,true,3,30,4
F04540,F05,P01,true,3,30,4
F04547,F05,P01,true,3,30,4
F04594,F05,P01,true,3,30,4
F04629,F05,P01,true,3,30,4
F04633,F05,P01,true,3,30,4
F04652,F05,P01,true,3,30,4
F04697,F05,P01,true,3,30,4
F04755,F05,P01,true,3,30,4
F04776,F05,P01,true,3,30,4
F04781,F05,P01,true,3,30,4
F04826,F05,P01,true,3,30,4
F04833,F05,P01,true,3,30,4
F04843,F05,P01,true,3,30,4
F04851,F05,P01,true,3,30,4
F04861,F05,P01,true,3,30,4
F04867,F05,P01,true,3,30,4
F04870,F05,P01,true,3,30,4
F04872,F05,P01,true,3,30,4
F04874,F05,P01,true,3,30,4
F04900,F05,P01,true,3,30,4
F04908,F05,P01,true,3,30,4
F04941,F05,P01,true,3,30,4
F04942,F05,P01,true,3,30,4
F04960,F05,P01,true,3,30,4
F05023,F05,P01,true,3,30,4
F05066,F05,P01,true,3,30,4
F05078,F05,P01,true,3,30,4
F05109,F05,P01,true,3,30,4
F05117,F05,P01,true,3,30,4
F05151,F06,P01,true,3,30,4
F05152,F06,P01,true,3,30,4
F05166,F06,P01,true,3,30,4
F05184,F06,P01,true,3,30,4
F05188,F06,P01,true,3,30,4
F05231,F06,P01,true,3,30,4
F05238,F06,P01,true,3,30,4
F05265,F06,P01,true,3,30,4
F05287,F06,P01,true,3,30,4
F05309,F06,P01,true,3,30,4
F05326,F06,P01,true,3,30,4
F05411,F06,P01,true,3,30,4
F05414,F06,P01,true,3,30,4
F05468,F06,P01,true,3,30,4
F05472,F06,P01,true,3,30,4
F05491,F06,P01,true,3,30,4
F05537,F06,P01,true,3,30,4
F05556,F06,P01,true,3,30,4
F05629,F06,P01,true,3,30,4
F05633,F06,P01,true,3,30,4
F05650,F06,P01,true,3,30,4
F05679,F06,P01,true,3,30,4
F05861,F06,P01,true,3,30,4
F05898,F06,P01,true,3,30,4
F05942,F06,P01,true,3,30,4
F05943,F06,P01,true,3,30,4
F05971,F06,P01,true,3,30,4
F06071,F06,P01,true,3,30,4
F06078,F06,P01,true,3,30,4
F06090,F06,P01,true,3,30,4
F06099,F06,P01,true,3,30,4
F06121,F06,P01,true,3,30,4
F06122,F06,P01,true,3,30,4
F06205,F07,P01,true,3,30,4
F06226,F07,P01,true,3,30,4
F06228,F07,P01,true,3,30,4
F06232,F07,P01,true,3,30,4
F06258,F07,P01,true,3,30,4
F06294,F07,P01,true,3,30,4
F06296,F07,P01,true,3,30,4
F06330,F07,P01,true,3,30,4
F06335,F07,P01,true,3,30,4
F06372,F07,P01,true,3,30,4
F06374,F07,P01,true,3,30,4
F06420,F07,P01,true,3,30,4
F06422,F07,P01,true,3,30,4
F06430,F07,P01,true,3,30,4
F06436,F07,P01,true,3,30,4
F06487,F07,P01,true,3,30,4
F06492,F07,P01,true,3,30,4
F06539,F07,P01,true,3,30,4
F06546,F07,P01,true,3,30,4
F06553,F07,P01,true,3,30,4
F06554,F07,P01,true,3,30,4
F06571,F07,P01,true,3,30,4
F06576,F07,P01,true,3,30,4
F06600,F07,P01,true,3,30,4
F06605,F07,P01,true,3,30,4
F06611,F07,P01,true,3,30,4
F06626,F07,P01,true,3,30,4
F06640,F07,P01,true,3,30,4
F06658,F07,P01,true,3,30,4
F06663,F07,P01,true,3,30,4
F06678,F07,P01,true,3,30,4
F06694,F07,P01,true,3,30,4
F06695,F07,P01,true,3,30,4
F06703,F07,P01,true,3,30,4
F06711,F07,P01,true,3,30,4
F06729,F07,P01,true,3,30,4
F06753,F07,P01,true,3,30,4
F06755,F07,P01,true,3,30,4
F06801,F07,P01,true,3,30,4
F06838,F07,P01,true,3,30,4
F06852,F07,P01,true,3,30,4
F06856,F07,P01,true,3,30,4
F06870,F07,P01,true,3,30,4
F06895,F07,P01,true,3,30,4
F06909,F07,P01,true,3,30,4
F06995,F07,P01,true,3,30,4
F07000,F07,P01,true,3,30,4
F07006,F07,P01,true,3,30,4
F07017,F07,P01,true,3,30,4
F07062,F07,P01,true,3,30,4
F07128,F07,P01,true,3,30,4
F07133,F07,P01,true,3,30,4
F07176,F08,P01,true,3,30,4
F07291,F08,P01,true,3,30,4
F07298,F08,P01,true,3,30,4
F07300,F08,P01,true,3,30,4
F07309,F08,P01,true,3,30,4
F07314,F08,P01,true,3,30,4
F07326,F08,P01,true,3,30,4
F07329,F08,P01,true,3,30,4
F07353,F08,P01,true,3,30,4
F07392,F08,P01,true,3,30,4
F07401,F08,P01,true,3,30,4
F07427,F08,P01,true,3,30,4
F07437,F08,P01,true,3,30,4
F07446,F08,P01,true,3,30,4
F07504,F08,P01,true,3,30,4
F07513,F08,P01,true,3,30,4
F07533,F08,P01,true,3,30,4
F07645,F08,P01,true,3,30,4
F07668,F08,P01,true,3,30,4
F07704,F08,P01,true,3,30,4
F07751,F08,P01,true,3,30,4
F07767,F08,P01,true,3,30,4
F07771,F08,P01,true,3,30,4
F07824,F08,P01,true,3,30,4
F07827,F08,P01,true,3,30,4
F07868,F08,P01,true,3,30,4
F07888,F08,P01,true,3,30,4
F07898,F08,P01,true,3,30,4
F07908,F08,P01,true,3,30,4
F07916,F08,P01,true,3,30,4
F07922,F08,P01,true,3,30,4
F07947,F08,P01,true,3,30,4
F07965,F08,P01,true,3,30,4
F08034,F08,P01,true,3,30,4
F08071,F08,P01,true,3,30,4
F08111,F08,P01,true,3,30,4
F08124,F08,P01,true,3,30,4
F08128,F08,P01,true,3,30,4
F08171,F08,P01,true,3,30,4
F08175,F08,P01,true,3,30,4
F08202,F09,P01,true,3,30,4
F08204,F09,P01,true,3,30,4
F08206,F09,P01,true,3,30,4
F08232,F09,P01,true,3,30,4
F08246,F09,P01,true,3,30,4
F08260,F09,P01,true,3,30,4
F08263,F09,P01,true,3,30,4
F08288,F09,P01,true,3,30,4
F08302,F09,P01,true,3,30,4
F08353,F09,P01,true,3,30,4
F08369,F09,P01,true,3,30,4
F08374,F09,P01,true,3,30,4
F08394,F09,P01,true,3,30,4
F08413,F09,P01,true,3,30,4
F08417,F09,P01,true,3,30,4
F08460,F09,P01,true,3,30,4
F08471,F09,P01,true,3,30,4
F08486,F09,P01,true,3,30,4
F08495,F09,P01,true,3,30,4
F08525,F09,P01,true,3,30,4
F08574,F09,P01,true,3,30,4
F08577,F09,P01,true,3,30,4
F08605,F09,P01,true,3,30,4
F08631,F09,P01,true,3,30,4
F08632,F09,P01,true,3,30,4
F08657,F09,P01,true,3,30,4
F08666,F09,P01,true,3,30,4
F08673,F09,P01,true,3,30,4
F08733,F09,P01,true,3,30,4
F08759,F09,P01,true,3,30,4
F08764,F09,P01,true,3,30,4
F08766,F09,P01,true,3,30,4
F08788,F09,P01,true,3,30,4
F08791,F09,P01,true,3,30,4
F08818,F09,P01,true,3,30,4
F08877,F09,P01,true,3,30,4
F08880,F09,P01,true,3,30,4
F08885,F09,P01,true,3,30,4
F08892,F09,P01,true,3,30,4
F08898,F09,P01,true,3,30,4
F08903,F09,P01,true,3,30,4
F08909,F09,P01,true,3,30,4
F08942,F09,P01,true,3,30,4
F08954,F09,P01,true,3,30,4
F08958,F09,P01,true,3,30,4
F08971,F09,P01,true,3,30,4
F08984,F09,P01,true,3,30,4
F09002,F09,P01,true,3,30,4
F09020,F09,P01,true,3,30,4
F09023,F09,P01,true,3,30,4
F09044,F09,P01,true,3,30,4
F09045,F09,P01,true,3,30,4
F09051,F09,P01,true,3,30,4
F09062,F09,P01,true,3,30,4
F09079,F09,P01,true,3,30,4
F09093,F09,P01,true,3,30,4
F09149,F09,P01,true,3,30,4
F09175,F09,P01,true,3,30,4
F09187,F09,P01,true,3,30,4
F09219,F10,P01,true,3,30,4
F09220,F10,P01,true,3,30,4
F09253,F10,P01,true,3,30,4
F09264,F10,P01,true,3,30,4
F09283,F10,P01,true,3,30,4
F09284,F10,P01,true,3,30,4
F09328,F10,P01,true,3,30,4
F09360,F10,P01,true,3,30,4
F09362,F10,P01,true,3,30,4
F09402,F10,P01,true,3,30,4
F09413,F10,P01,true,3,30,4
F09417,F10,P01,true,3,30,4
F09420,F10,P01,true,3,30,4
F09425,F10,P01,true,3,30,4
F09433,F10,P01,true,3,30,4
F09453,F10,P01,true,3,30,4
F09462,F10,P01,true,3,30,4
F09483,F10,P01,true,3,30,4
F09508,F10,P01,true,3,30,4
F09511,F10,P01,true,3,30,4
F09515,F10,P01,true,3,30,4
F09532,F10,P01,true,3,30,4
F09546,F10,P01,true,3,30,4
F09550,F10,P01,true,3,30,4
F09562,F10,P01,true,3,30,4
F09603,F10,P01,true,3,30,4
F09622,F10,P01,true,3,30,4
F09648,F10,P01,true,3,30,4
F09660,F10,P01,true,3,30,4
F09670,F10,P01,true,3,30,4
F09711,F10,P01,true,3,30,4
F09746,F10,P01,true,3,30,4
F09747,F10,P01,true,3,30,4
F09770,F10,P01,true,3,30,4
F09781,F10,P01,true,3,30,4
F09790,F10,P01,true,3,30,4
F09815,F10,P01,true,3,30,4
F09830,F10,P01,true,3,30,4
F09832,F10,P01,true,3,30,4
F09897,F10,P01,true,3,30,4
F09922,F10,P01,true,3,30,4
F09961,F10,P01,true,3,30,4
F10006,F10,P01,true,3,30,4
F10020,F10,P01,true,3,30,4
F10024,F10,P01,true,3,30,4
F10035,F10,P01,true,3,30,4
F10046,F10,P01,true,3,30,4
F10049,F10,P01,true,3,30,4
F10059,F10,P01,true,3,30,4
F10083,F10,P01,true,3,30,4
F10093,F10,P01,true,3,30,4
F10121,F10,P01,true,3,30,4
F10133,F10,P01,true,3,30,4
F10136,F10,P01,true,3,30,4
F10188,F10,P01,true,3,30,4
F10207,F10,P01,true,3,30,4
F10240,F10,P01,true,3,30,4
F10263,F11,P01,true,3,30,4
F10279,F11,P01,true,3,30,4
F10282,F11,P01,true,3,30,4
F10301,F11,P01,true,3,30,4
F10338,F11,P01,true,3,30,4
F10354,F11,P01,true,3,30,4
F10389,F11,P01,true,3,30,4
F10422,F11,P01,true,3,30,4
F10434,F11,P01,true,3,30,4
F10486,F11,P01,true,3,30,4
F10488,F11,P01,true,3,30,4
F10502,F11,P01,true,3,30,4
F10518,F11,P01,true,3,30,4
F10534,F11,P01,true,3,30,4
F10596,F11,P01,true,3,30,4
F10618,F11,P01,true,3,30,4
F10624,F11,P01,true,3,30,4
F10666,F11,P01,true,3,30,4
F10711,F11,P01,true,3,30,4
F10745,F11,P01,true,3,30,4
F10817,F11,P01,true,3,30,4
F10822,F11,P01,true,3,30,4
F10828,F11,P01,true,3,30,4
F10830,F11,P01,true,3,30,4
F10853,F11,P01,true,3,30,4
F10858,F11,P01,true,3,30,4
F10882,F11,P01,true,3,30,4
F10896,F11,P01,true,3,30,4
F10957,F11,P01,true,3,30,4
F10967,F11,P01,true,3,30,4
F11012,F11,P01,true,3,30,4
F11018,F11,P01,true,3,30,4
F11060,F11,P01,true,3,30,4
F11084,F11,P01,true,3,30,4
F11101,F11,P01,true,3,30,4
F11132,F11,P01,true,3,30,4
F11186,F11,P01,true,3,30,4
F11211,F11,P01,true,3,30,4
F11222,F11,P01,true,3,30,4
F11283,F12,P01,true,3,30,4
F11399,F12,P01,true,3,30,4
F11448,F12,P01,true,3,30,4
F11523,F12,P01,true,3,30,4
F11570,F12,P01,true,3,30,4
F11621,F12,P01,true,3,30,4
F11706,F12,P01,true,3,30,4
F11739,F12,P01,true,3,30,4
F11747,F12,P01,true,3,30,4
F11750,F12,P01,true,3,30,4
F11756,F12,P01,true,3,30,4
F11760,F12,P01,true,3,30,4
F11762,F12,P01,true,3,30,4
F11816,F12,P01,true,3,30,4
F11871,F12,P01,true,3,30,4
F11913,F12,P01,true,3,30,4
F11932,F12,P01,true,3,30,4
F11935,F12,P01,true,3,30,4
F11972,F12,P01,true,3,30,4
F12082,F12,P01,true,3,30,4
F12087,F12,P01,true,3,30,4
F12095,F12,P01,true,3,30,4
F12142,F12,P01,true,3,30,4
F12158,F12,P01,true,3,30,4
F12162,F12,P01,true,3,30,4
F12204,F12,P01,true,3,30,4
F12247,F12,P01,true,3,30,4
F12264,F12,P01,true,3,30,4
F12270,F12,P01,true,3,30,4
F12334,F13,P01,true,3,30,4
F12360,F13,P01,true,3,30,4
F12455,F13,P01,true,3,30,4
F12494,F13,P01,true,3,30,4
F12529,F13,P01,true,3,30,4
F12754,F13,P01,true,3,30,4
F12795,F13,P01,true,3,30,4
F13105,F13,P01,true,3,30,4
F13124,F13,P01,true,3,30,4
F13180,F13,P01,true,3,30,4
F13197,F13,P01,true,3,30,4
F13367,F14,P01,true,3,30,4
F13435,F14,P01,true,3,30,4
F13616,F14,P01,true,3,30,4
F13654,F14,P01,true,3,30,4
F13996,F14,P01,true,3,30,4
F14047,F14,P01,true,3,30,4
F14143,F14,P01,true,3,30,4
F14230,F14,P01,true,3,30,4
F14631,F15,P01,true,3,30,4
F14743,F15,P01,true,3,30,4
F14805,F15,P01,true,3,30,4
F15121,F15,P01,true,3,30,4
F15129,F15,P01,true,3,30,4
F15205,F15,P01,true,3,30,4
F15365,F16,P01,true,3,30,4
F15470,F16,P01,true,3,30,4
F15701,F16,P01,true,3,30,4
F15775,F16,P01,true,3,30,4
F15868,F16,P01,true,3,30,4
F15904,F16,P01,true,3,30,4
F15942,F16,P01,true,3,30,4
F16033,F16,P01,true,3,30,4
F16045,F16,P01,true,3,30,4
F16051,F16,P01,true,3,30,4
F16093,F16,P01,true,3,30,4
F16162,F16,P01,true,3,30,4
F16210,F16,P01,true,3,30,4
F16222,F16,P01,true,3,30,4
F16297,F16,P01,true,3,30,4
F16338,F16,P01,true,3,30,4
F16355,F16,P01,true,3,30,4
F16383,F16,P01,true,3,30,4
F16419,F17,P01,true,3,30,4
F16435,F17,P01,true,3,30,4
F16437,F17,P01,true,3,30,4
F16441,F17,P01,true,3,30,4
F16446,F17,P01,true,3,30,4
F16474,F17,P01,true,3,30,4
F16501,F17,P01,true,3,30,4
F16515,F17,P01,true,3,30,4
F16557,F17,P01,true,3,30,4
F16602,F17,P01,true,3,30,4
F16610,F17,P01,true,3,30,4
F16678,F17,P01,true,3,30,4
F16688,F17,P01,true,3,30,4
F16708,F17,P01,true,3,30,4
F16714,F17,P01,true,3,30,4
F16733,F17,P01,true,3,30,4
F16735,F17,P01,true,3,30,4
F16747,F17,P01,true,3,30,4
F16750,F17,P01,true,3,30,4
F16764,F17,P01,true,3,30,4
F16782,F17,P01,true,3,30,4
F16806,F17,P01,true,3,30,4
F16829,F17,P01,true,3,30,4
F16856,F17,P01,true,3,30,4
F16884,F17,P01,true,3,30,4
F16887,F17,P01,true,3,30,4
F16904,F17,P01,true,3,30,4
F16927,F17,P01,true,3,30,4
F16960,F17,P01,true,3,30,4
F16964,F17,P01,true,3,30,4
F16977,F17,P01,true,3,30,4
F17010,F17,P01,true,3,30,4
F17015,F17,P01,true,3,30,4
F17028,F17,P01,true,3,30,4
F17031,F17,P01,true,3,30,4
F17069,F17,P01,true,3,30,4
F17093,F17,P01,true,3,30,4
F17124,F17,P01,true,3,30,4
F17132,F17,P01,true,3,30,4
F17150,F17,P01,true,3,30,4
F17163,F17,P01,true,3,30,4
F17191,F17,P01,true,3,30,4
F17206,F17,P01,true,3,30,4
F17232,F17,P01,true,3,30,4
F17247,F17,P01,true,3,30,4
F17249,F17,P01,true,3,30,4
F17271,F17,P01,true,3,30,4
F17298,F17,P01,true,3,30,4
F17299,F17,P01,true,3,30,4
F17342,F17,P01,true,3,30,4
F17406,F17,P01,true,3,30,4
F17422,F18,P01,true,3,30,4
F17423,F18,P01,true,3,30,4
F17428,F18,P01,true,3,30,4
F17452,F18,P01,true,3,30,4
F17460,F18,P01,true,3,30,4
F17485,F18,P01,true,3,30,4
F17490,F18,P01,true,3,30,4
F17514,F18,P01,true,3,30,4
F17536,F18,P01,true,3,30,4
F17562,F18,P01,true,3,30,4
F17602,F18,P01,true,3,30,4
F17607,F18,P01,true,3,30,4
F17612,F18,P01,true,3,30,4
F17615,F18,P01,true,3,30,4
F17625,F18,P01,true,3,30,4
F17631,F18,P01,true,3,30,4
F17644,F18,P01,true,3,30,4
F17675,F18,P01,true,3,30,4
F17683,F18,P01,true,3,30,4
F17686,F18,P01,true,3,30,4
F17690,F18,P01,true,3,30,4
F17704,F18,P01,true,3,30,4
F17783,F18,P01,true,3,30,4
F17800,F18,P01,true,3,30,4
F17804,F18,P01,true,3,30,4
F17835,F18,P01,true,3,30,4
F17858,F18,P01,true,3,30,4
F17873,F18,P01,true,3,30,4
F17878,F18,P01,true,3,30,4
F17891,F18,P01,true,3,30,4
F17897,F18,P01,true,3,30,4
F17914,F18,P01,true,3,30,4
F17922,F18,P01,true,3,30,4
F17937,F18,P01,true,3,30,4
F17940,F18,P01,true,3,30,4
F17953,F18,P01,true,3,30,4
F17957,F18,P01,true,3,30,4
F17967,F18,P01,true,3,30,4
F17983,F18,P01,true,3,30,4
F18005,F18,P01,true,3,30,4
F18031,F18,P01,true,3,30,4
F18036,F18,P01,true,3,30,4
F18042,F18,P01,true,3,30,4
F18053,F18,P01,true,3,30,4
F18069,F18,P01,true,3,30,4
F18157,F18,P01,true,3,30,4
F18196,F18,P01,true,3,30,4
F18270,F18,P01,true,3,30,4
F18288,F18,P01,true,3,30,4
F18291,F18,P01,true,3,30,4
F18294,F18,P01,true,3,30,4
F18302,F18,P01,true,3,30,4
F18332,F18,P01,true,3,30,4
F18356,F18,P01,true,3,30,4
F18406,F18,P01,true,3,30,4
F18409,F18,P01,true,3,30,4
F18428,F18,P01,true,3,30,4
F18442,F19,P01,true,3,30,4
F18443,F19,P01,true,3,30,4
F18445,F19,P01,true,3,30,4
F18482,F19,P01,true,3,30,4
F18497,F19,P01,true,3,30,4
F18499,F19,P01,true,3,30,4
F18505,F19,P01,true,3,30,4
F18542,F19,P01,true,3,30,4
F18561,F19,P01,true,3,30,4
F18566,F19,P01,true,3,30,4
F18613,F19,P01,true,3,30,4
F18623,F19,P01,true,3,30,4
F18626,F19,P01,true,3,30,4
F18634,F19,P01,true,3,30,4
F18643,F19,P01,true,3,30,4
F18652,F19,P01,true,3,30,4
F18660,F19,P01,true,3,30,4
F18662,F19,P01,true,3,30,4
F18712,F19,P01,true,3,30,4
F18744,F19,P01,true,3,30,4
F18756,F19,P01,true,3,30,4
F18767,F19,P01,true,3,30,4
F18793,F19,P01,true,3,30,4
F18817,F19,P01,true,3,30,4
F18845,F19,P01,true,3,30,4
F18877,F19,P01,true,3,30,4
F18880,F19,P01,true,3,30,4
F18888,F19,P01,true,3,30,4
F18896,F19,P01,true,3,30,4
F18908,F19,P01,true,3,30,4
F18926,F19,P01,true,3,30,4
F18929,F19,P01,true,3,30,4
F18970,F19,P01,true,3,30,4
F18971,F19,P01,true,3,30,4
F18996,F19,P01,true,3,30,4
F18997,F19,P01,true,3,30,4
F19002,F19,P01,true,3,30,4
F19009,F19,P01,true,3,30,4
F19022,F19,P01,true,3,30,4
F19048,F19,P01,true,3,30,4
F19084,F19,P01,true,3,30,4
F19094,F19,P01,true,3,30,4
F19132,F19,P01,true,3,30,4
F19133,F19,P01,true,3,30,4
F19157,F19,P01,true,3,30,4
F19160,F19,P01,true,3,30,4
F19166,F19,P01,true,3,30,4
F19201,F19,P01,true,3,30,4
F19233,F19,P01,true,3,30,4
F19241,F19,P01,true,3,30,4
F19252,F19,P01,true,3,30,4
F19307,F19,P01,true,3,30,4
F19312,F19,P01,true,3,30,4
F19326,F19,P01,true,3,30,4
F19345,F19,P01,true,3,30,4
F19356,F19,P01,true,3,30,4
F19394,F19,P01,true,3,30,4
F19395,F19,P01,true,3,30,4
F19491,F20,P01,true,3,30,4
F19526,F20,P01,true,3,30,4
F19551,F20,P01,true,3,30,4
F19557,F20,P01,true,3,30,4
F19578,F20,P01,true,3,30,4
F19610,F20,P01,true,3,30,4
F19632,F20,P01,true,3,30,4
F19637,F20,P01,true,3,30,4
F19688,F20,P01,true,3,30,4
F19689,F20,P01,true,3,30,4
F19704,F20,P01,true,3,30,4
F19715,F20,P01,true,3,30,4
F19720,F20,P01,true,3,30,4
F19745,F20,P01,true,3,30,4
F19755,F20,P01,true,3,30,4
F19771,F20,P01,true,3,30,4
F19783,F20,P01,true,3,30,4
F19800,F20,P01,true,3,30,4
F19825,F20,P01,true,3,30,4
F19834,F20,P01,true,3,30,4
F19836,F20,P01,true,3,30,4
F19887,F20,P01,true,3,30,4
F19914,F20,P01,true,3,30,4
F19923,F20,P01,true,3,30,4
F19933,F20,P01,true,3,30,4
F20043,F20,P01,true,3,30,4
F20096,F20,P01,true,3,30,4
F20158,F20,P01,true,3,30,4
F20160,F20,P01,true,3,30,4
F20171,F20,P01,true,3,30,4
F20180,F20,P01,true,3,30,4
F20184,F20,P01,true,3,30,4
F20199,F20,P01,true,3,30,4
F20230,F20,P01,true,3,30,4
F20280,F20,P01,true,3,30,4
F20284,F20,P01,true,3,30,4
F20299,F20,P01,true,3,30,4
F20327,F20,P01,true,3,30,4
F20336,F20,P01,true,3,30,4
F20345,F20,P01,true,3,30,4
F20348,F20,P01,true,3,30,4
F20350,F20,P01,true,3,30,4
F20397,F20,P01,true,3,30,4
F20404,F20,P01,true,3,30,4
F20426,F20,P01,true,3,30,4
F20441,F20,P01,true,3,30,4
F20457,F20,P01,true,3,30,4
F20838,F21,P01,true,3,30,4
F21124,F21,P01,true,3,30,4
F21380,F21,P01,true,3,30,4
F21535,F22,P01,true,3,30,4
F21540,F22,P01,true,3,30,4
F21607,F22,P01,true,3,30,4
F21638,F22,P01,true,3,30,4
F21820,F22,P01,true,3,30,4
F21874,F22,P01,true,3,30,4
F22003,F22,P01,true,3,30,4
F22062,F22,P01,true,3,30,4
F22113,F22,P01,true,3,30,4
F22116,F22,P01,true,3,30,4
F22381,F22,P01,true,3,30,4
F22382,F22,P01,true,3,30,4
F22394,F22,P01,true,3,30,4
F22398,F22,P01,true,3,30,4
F22565,F23,P01,true,3,30,4
F22572,F23,P01,true,3,30,4
F22672,F23,P01,true,3,30,4
F22677,F23,P01,true,3,30,4
F22911,F23,P01,true,3,30,4
F23075,F23,P01,true,3,30,4
F23309,F23,P01,true,3,30,4
F23351,F23,P01,true,3,30,4
F23590,F24,P01,true,3,30,4
F23626,F24,P01,true,3,30,4
F23636,F24,P01,true,3,30,4
F23698,F24,P01,true,3,30,4
F23760,F24,P01,true,3,30,4
F24028,F24,P01,true,3,30,4
F24093,F24,P01,true,3,30,4
F24273,F24,P01,true,3,30,4
F24375,F24,P01,true,3,30,4
F24507,F24,P01,true,3,30,4
F00184,F01,P01,true,2,30,4
F00938,F01,P01,true,2,30,4
F00954,F01,P01,true,2,30,4
F01449,F02,P01,true,2,30,4
F01506,F02,P01,true,2,30,4
F01580,F02,P01,true,2,30,4
F02014,F02,P01,true,2,30,4
F02080,F03,P01,true,2,30,4
F02466,F03,P01,true,2,30,4
F02582,F03,P01,true,2,30,4
F02702,F03,P01,true,2,30,4
F02717,F03,P01,true,2,30,4
F04573,F05,P01,true,2,30,4
F04609,F05,P01,true,2,30,4
F05071,F05,P01,true,2,30,4
F05330,F06,P01,true,2,30,4
F05337,F06,P01,true,2,30,4
F05632,F06,P01,true,2,30,4
F05803,F06,P01,true,2,30,4
F06080,F06,P01,true,2,30,4
F06435,F07,P01,true,2,30,4
F06615,F07,P01,true,2,30,4
F06723,F07,P01,true,2,30,4
F07841,F08,P01,true,2,30,4
F07844,F08,P01,true,2,30,4
F07901,F08,P01,true,2,30,4
F07904,F08,P01,true,2,30,4
F07932,F08,P01,true,2,30,4
F08334,F09,P01,true,2,30,4
F08406,F09,P01,true,2,30,4
F08456,F09,P01,true,2,30,4
F08498,F09,P01,true,2,30,4
F09209,F09,P01,true,2,30,4
F09421,F10,P01,true,2,30,4
F09754,F10,P01,true,2,30,4
F10080,F10,P01,true,2,30,4
F10322,F11,P01,true,2,30,4
F10397,F11,P01,true,2,30,4
F11066,F11,P01,true,2,30,4
F11705,F12,P01,true,2,30,4
F12025,F12,P01,true,2,30,4
F13561,F14,P01,true,2,30,4
F15313,F15,P01,true,2,30,4
F17645,F18,P01,true,2,30,4
F17713,F18,P01,true,2,30,4
F18314,F18,P01,true,2,30,4
F18345,F18,P01,true,2,30,4
F18355,F18,P01,true,2,30,4
F18625,F19,P01,true,2,30,4
F18918,F19,P01,true,2,30,4
F20154,F20,P01,true,2,30,4
F20619,F21,P01,true,2,30,4
F22103,F22,P01,true,2,30,4
F03126,F04,P01,true,4,30,3
F03185,F04,P01,true,4,30,3
F03310,F04,P01,true,4,30,3
F03363,F04,P01,true,4,30,3
F03696,F04,P01,true,4,30,3
F03873,F04,P01,true,4,30,3
F11551,F12,P01,true,4,30,3
F11953,F12,P01,true,4,30,3
F12061,F12,P01,true,4,30,3
F19905,F20,P01,true,4,30,3
F20017,F20,P01,true,4,30,3
F20073,F20,P01,true,4,30,3
F20543,F21,P01,true,4,30,3
F20592,F21,P01,true,4,30,3
F20600,F21,P01,true,4,30,3
F20657,F21,P01,true,4,30,3
F20702,F21,P01,true,4,30,3
F20721,F21,P01,true,4,30,3
F20764,F21,P01,true,4,30,3
F20770,F21,P01,true,4,30,3
F20771,F21,P01,true,4,30,3
F20887,F21,P01,true,4,30,3
F21045,F21,P01,true,4,30,3
F21055,F21,P01,true,4,30,3
F21118,F21,P01,true,4,30,3
F21163,F21,P01,true,4,30,3
F21166,F21,P01,true,4,30,3
F21278,F21,P01,true,4,30,3
F21280,F21,P01,true,4,30,3
F21292,F21,P01,true,4,30,3
F21330,F21,P01,true,4,30,3
F21503,F21,P01,true,4,30,3
F21621,F22,P01,true,4,30,3
F21622,F22,P01,true,4,30,3
F21671,F22,P01,true,4,30,3
F21674,F22,P01,true,4,30,3
F21680,F22,P01,true,4,30,3
F21683,F22,P01,true,4,30,3
F21686,F22,P01,true,4,30,3
F21688,F22,P01,true,4,30,3
F21725,F22,P01,true,4,30,3
F21731,F22,P01,true,4,30,3
F21846,F22,P01,true,4,30,3
F21849,F22,P01,true,4,30,3
F21895,F22,P01,true,4,30,3
F21958,F22,P01,true,4,30,3
F22021,F22,P01,true,4,30,3
F22068,F22,P01,true,4,30,3
F22180,F22,P01,true,4,30,3
F22318,F22,P01,true,4,30,3
F22356,F22,P01,true,4,30,3
F22368,F22,P01,true,4,30,3
F22413,F22,P01,true,4,30,3
F22420,F22,P01,true,4,30,3
F22588,F23,P01,true,4,30,3
F22600,F23,P01,true,4,30,3
F22754,F23,P01,true,4,30,3
F22767,F23,P01,true,4,30,3
F22771,F23,P01,true,4,30,3
F22884,F23,P01,true,4,30,3
F23037,F23,P01,true,4,30,3
F23051,F23,P01,true,4,30,3
F23053,F23,P01,true,4,30,3
F23098,F23,P01,true,4,30,3
F23111,F23,P01,true,4,30,3
F23163,F23,P01,true,4,30,3
F23214,F23,P01,true,4,30,3
F23324,F23,P01,true,4,30,3
F23617,F24,P01,true,4,30,3
F23619,F24,P01,true,4,30,3
F23849,F24,P01,true,4,30,3
F23953,F24,P01,true,4,30,3
F23963,F24,P01,true,4,30,3
F24135,F24,P01,true,4,30,3
F24302,F24,P01,true,4,30,3
F24348,F24,P01,true,4,30,3
F24412,F24,P01,true,4,30,3
F24471,F24,P01,true,4,30,3
F24474,F24,P01,true,4,30,3
F24521,F24,P01,true,4,30,3
F24532,F24,P01,true,4,30,3
F02386,F03,P01,true,3,30,3
F03242,F04,P01,true,3,30,3
F03819,F04,P01,true,3,30,3
F10295,F11,P01,true,3,30,3
F10633,F11,P01,true,3,30,3
F10690,F11,P01,true,3,30,3
F10806,F11,P01,true,3,30,3
F10861,F11,P01,true,3,30,3
F10919,F11,P01,true,3,30,3
F10981,F11,P01,true,3,30,3
F11325,F12,P01,true,3,30,3
F11431,F12,P01,true,3,30,3
F11489,F12,P01,true,3,30,3
F11671,F12,P01,true,3,30,3
F11718,F12,P01,true,3,30,3
F12171,F12,P01,true,3,30,3
F19561,F20,P01,true,3,30,3
F20078,F20,P01,true,3,30,3
F20357,F20,P01,true,3,30,3
F20664,F21,P01,true,3,30,3
F20890,F21,P01,true,3,30,3
F21002,F21,P01,true,3,30,3
F21048,F21,P01,true,3,30,3
F21446,F21,P01,true,3,30,3
F22243,F22,P01,true,3,30,3
F22300,F22,P01,true,3,30,3
F22750,F23,P01,true,3,30,3
F22982,F23,P01,true,3,30,3
F23157,F23,P01,true,3,30,3
F23205,F23,P01,true,3,30,3
F23549,F23,P01,true,3,30,3
F23658,F24,P01,true,3,30,3
F23733,F24,P01,true,3,30,3
F23782,F24,P01,true,3,30,3
F23830,F24,P01,true,3,30,3
F24010,F24,P01,true,3,30,3
F11439,F12,P01,true,2,30,3
F23099,F23,P01,true,2,30,3
F24111,F24,P01,true,2,30,3
F00088,F01,P01,true,4,29,4
F00129,F01,P01,true,4,29,4
F00147,F01,P01,true,4,29,4
F00161,F01,P01,true,4,29,4
F00164,F01,P01,true,4,29,4
F00171,F01,P01,true,4,29,4
F00195,F01,P01,true,4,29,4
F00211,F01,P01,true,4,29,4
F00251,F01,P01,true,4,29,4
F00299,F01,P01,true,4,29,4
F00308,F01,P01,true,4,29,4
F00334,F01,P01,true,4,29,4
F00403,F01,P01,true,4,29,4
F00425,F01,P01,true,4,29,4
F00446,F01,P01,true,4,29,4
F00455,F01,P01,true,4,29,4
F00501,F01,P01,true,4,29,4
F00513,F01,P01,true,4,29,4
F00516,F01,P01,true,4,29,4
F00517,F01,P01,true,4,29,4
F00544,F01,P01,true,4,29,4
F00625,F01,P01,true,4,29,4
F00662,F01,P01,true,4,29,4
F00666,F01,P01,true,4,29,4
F00670,F01,P01,true,4,29,4
F00687,F01,P01,true,4,29,4
F00765,F01,P01,true,4,29,4
F00811,F01,P01,true,4,29,4
F00847,F01,P01,true,4,29,4
F00876,F01,P01,true,4,29,4
F00941,F01,P01,true,4,29,4
F00994,F01,P01,true,4,29,4
F01047,F02,P01,true,4,29,4
F01071,F02,P01,true,4,29,4
F01098,F02,P01,true,4,29,4
F01105,F02,P01,true,4,29,4
F01175,F02,P01,true,4,29,4
F01201,F02,P01,true,4,29,4
F01243,F02,P01,true,4,29,4
F01252,F02,P01,true,4,29,4
F01465,F02,P01,true,4,29,4
F01477,F02,P01,true,4,29,4
F01544,F02,P01,true,4,29,4
F01551,F02,P01,true,4,29,4
F01573,F02,P01,true,4,29,4
F01584,F02,P01,true,4,29,4
F01668,F02,P01,true,4,29,4
F01681,F02,P01,true,4,29,4
F01707,F02,P01,true,4,29,4
F01723,F02,P01,true,4,29,4
F01763,F02,P01,true,4,29,4
F01833,F02,P01,true,4,29,4
F01860,F02,P01,true,4,29,4
F01901,F02,P01,true,4,29,4
F01971,F02,P01,true,4,29,4
F02022,F02,P01,true,4,29,4
F02082,F03,P01,true,4,29,4
F02086,F03,P01,true,4,29,4
F02106,F03,P01,true,4,29,4
F02122,F03,P01,true,4,29,4
F02154,F03,P01,true,4,29,4
F02163,F03,P01,true,4,29,4
F02166,F03,P01,true,4,29,4
F02172,F03,P01,true,4,29,4
F02225,F03,P01,true,4,29,4
F02249,F03,P01,true,4,29,4
F02264,F03,P01,true,4,29,4
F02320,F03,P01,true,4,29,4
F02438,F03,P01,true,4,29,4
F02450,F03,P01,true,4,29,4
F02506,F03,P01,true,4,29,4
F02515,F03,P01,true,4,29,4
F02564,F03,P01,true,4,29,4
F02567,F03,P01,true,4,29,4
F02568,F03,P01,true,4,29,4
F02619,F03,P01,true,4,29,4
F02627,F03,P01,true,4,29,4
F02639,F03,P01,true,4,29,4
F02658,F03,P01,true,4,29,4
F02721,F03,P01,true,4,29,4
F02898,F03,P01,true,4,29,4
F02901,F03,P01,true,4,29,4
F02921,F03,P01,true,4,29,4
F02943,F03,P01,true,4,29,4
F02977,F03,P01,true,4,29,4
F02984,F03,P01,true,4,29,4
F03040,F03,P01,true,4,29,4
F03285,F04,P01,true,4,29,4
F03431,F04,P01,true,4,29,4
F03456,F04,P01,true,4,29,4
F03484,F04,P01,true,4,29,4
F03488,F04,P01,true,4,29,4
F03554,F04,P01,true,4,29,4
F03574,F04,P01,true,4,29,4
F03845,F04,P01,true,4,29,4
F03884,F04,P01,true,4,29,4
F03885,F04,P01,true,4,29,4
F03954,F04,P01,true,4,29,4
F04013,F04,P01,true,4,29,4
F04901,F05,P01,true,4,29,4
F04943,F05,P01,true,4,29,4
F04949,F05,P01,true,4,29,4
F04990,F05,P01,true,4,29,4
F05019,F05,P01,true,4,29,4
F05047,F05,P01,true,4,29,4
F05050,F05,P01,true,4,29,4
F05204,F06,P01,true,4,29,4
F05466,F06,P01,true,4,29,4
F05694,F06,P01,true,4,29,4
F06034,F06,P01,true,4,29,4
F06155,F07,P01,true,4,29,4
F07081,F07,P01,true,4,29,4
F07135,F07,P01,true,4,29,4
F07253,F08,P01,true,4,29,4
F07357,F08,P01,true,4,29,4
F07445,F08,P01,true,4,29,4
F07463,F08,P01,true,4,29,4
F07467,F08,P01,true,4,29,4
F07475,F08,P01,true,4,29,4
F07536,F08,P01,true,4,29,4
F07731,F08,P01,true,4,29,4
F07803,F08,P01,true,4,29,4
F07877,F08,P01,true,4,29,4
F07938,F08,P01,true,4,29,4
F07957,F08,P01,true,4,29,4
F08076,F08,P01,true,4,29,4
F08172,F08,P01,true,4,29,4
F08199,F09,P01,true,4,29,4
F08312,F09,P01,true,4,29,4
F08318,F09,P01,true,4,29,4
F08321,F09,P01,true,4,29,4
F08426,F09,P01,true,4,29,4
F08434,F09,P01,true,4,29,4
F08565,F09,P01,true,4,29,4
F08710,F09,P01,true,4,29,4
F08726,F09,P01,true,4,29,4
F08732,F09,P01,true,4,29,4
F08801,F09,P01,true,4,29,4
F08992,F09,P01,true,4,29,4
F09123,F09,P01,true,4,29,4
F09177,F09,P01,true,4,29,4
F09188,F09,P01,true,4,29,4
F09221,F10,P01,true,4,29,4
F10196,F10,P01,true,4,29,4
F10245,F11,P01,true,4,29,4
F10307,F11,P01,true,4,29,4
F10478,F11,P01,true,4,29,4
F10552,F11,P01,true,4,29,4
F10942,F11,P01,true,4,29,4
F11114,F11,P01,true,4,29,4
F11395,F12,P01,true,4,29,4
F11462,F12,P01,true,4,29,4
F11567,F12,P01,true,4,29,4
F11575,F12,P01,true,4,29,4
F11742,F12,P01,true,4,29,4
F11909,F12,P01,true,4,29,4
F12088,F12,P01,true,4,29,4
F12187,F12,P01,true,4,29,4
F12303,F13,P01,true,4,29,4
F12365,F13,P01,true,4,29,4
F12420,F13,P01,true,4,29,4
F12423,F13,P01,true,4,29,4
F12468,F13,P01,true,4,29,4
F12469,F13,P01,true,4,29,4
F12509,F13,P01,true,4,29,4
F12531,F13,P01,true,4,29,4
F12545,F13,P01,true,4,29,4
F12573,F13,P01,true,4,29,4
F12574,F13,P01,true,4,29,4
F12632,F13,P01,true,4,29,4
F12641,F13,P01,true,4,29,4
F12668,F13,P01,true,4,29,4
F12670,F13,P01,true,4,29,4
F12745,F13,P01,true,4,29,4
F12755,F13,P01,true,4,29,4
F12768,F13,P01,true,4,29,4
F12785,F13,P01,true,4,29,4
F12811,F13,P01,true,4,29,4
F12822,F13,P01,true,4,29,4
F12838,F13,P01,true,4,29,4
F12844,F13,P01,true,4,29,4
F12865,F13,P01,true,4,29,4
F12869,F13,P01,true,4,29,4
F12883,F13,P01,true,4,29,4
F12908,F13,P01,true,4,29,4
F12912,F13,P01,true,4,29,4
F12915,F13,P01,true,4,29,4
F12942,F13,P01,true,4,29,4
F12978,F13,P01,true,4,29,4
F13027,F13,P01,true,4,29,4
F13028,F13,P01,true,4,29,4
F13037,F13,P01,true,4,29,4
F13069,F13,P01,true,4,29,4
F13101,F13,P01,true,4,29,4
F13106,F13,P01,true,4,29,4
F13108,F13,P01,true,4,29,4
F13127,F13,P01,true,4,29,4
F13130,F13,P01,true,4,29,4
F13135,F13,P01,true,4,29,4
F13137,F13,P01,true,4,29,4
F13183,F13,P01,true,4,29,4
F13185,F13,P01,true,4,29,4
F13231,F13,P01,true,4,29,4
F13270,F13,P01,true,4,29,4
F13292,F13,P01,true,4,29,4
F13383,F14,P01,true,4,29,4
F13399,F14,P01,true,4,29,4
F13410,F14,P01,true,4,29,4
F13469,F14,P01,true,4,29,4
F13474,F14,P01,true,4,29,4
F13486,F14,P01,true,4,29,4
F13488,F14,P01,true,4,29,4
F13489,F14,P01,true,4,29,4
F13567,F14,P01,true,4,29,4
F13583,F14,P01,true,4,29,4
F13652,F14,P01,true,4,29,4
F13662,F14,P01,true,4,29,4
F13672,F14,P01,true,4,29,4
F13673,F14,P01,true,4,29,4
F13707,F14,P01,true,4,29,4
F13722,F14,P01,true,4,29,4
F13727,F14,P01,true,4,29,4
F13756,F14,P01,true,4,29,4
F13767,F14,P01,true,4,29,4
F13787,F14,P01,true,4,29,4
F13788,F14,P01,true,4,29,4
F13789,F14,P01,true,4,29,4
F13795,F14,P01,true,4,29,4
F13813,F14,P01,true,4,29,4
F13814,F14,P01,true,4,29,4
F13822,F14,P01,true,4,29,4
F13857,F14,P01,true,4,29,4
F13890,F14,P01,true,4,29,4
F13908,F14,P01,true,4,29,4
F13925,F14,P01,true,4,29,4
F13934,F14,P01,true,4,29,4
F13937,F14,P01,true,4,29,4
F13944,F14,P01,true,4,29,4
F13951,F14,P01,true,4,29,4
F13956,F14,P01,true,4,29,4
F13959,F14,P01,true,4,29,4
F13971,F14,P01,true,4,29,4
F13991,F14,P01,true,4,29,4
F14072,F14,P01,true,4,29,4
F14086,F14,P01,true,4,29,4
F14101,F14,P01,true,4,29,4
F14107,F14,P01,true,4,29,4
F14112,F14,P01,true,4,29,4
F14117,F14,P01,true,4,29,4
F14131,F14,P01,true,4,29,4
F14134,F14,P01,true,4,29,4
F14167,F14,P01,true,4,29,4
F14177,F14,P01,true,4,29,4
F14180,F14,P01,true,4,29,4
F14198,F14,P01,true,4,29,4
F14238,F14,P01,true,4,29,4
F14240,F14,P01,true,4,29,4
F14246,F14,P01,true,4,29,4
F14253,F14,P01,true,4,29,4
F14283,F14,P01,true,4,29,4
F14298,F14,P01,true,4,29,4
F14310,F14,P01,true,4,29,4
F14317,F14,P01,true,4,29,4
F14340,F15,P01,true,4,29,4
F14349,F15,P01,true,4,29,4
F14437,F15,P01,true,4,29,4
F14440,F15,P01,true,4,29,4
F14473,F15,P01,true,4,29,4
F14487,F15,P01,true,4,29,4
F14490,F15,P01,true,4,29,4
F14491,F15,P01,true,4,29,4
F14544,F15,P01,true,4,29,4
F14554,F15,P01,true,4,29,4
F14572,F15,P01,true,4,29,4
F14580,F15,P01,true,4,29,4
F14627,F15,P01,true,4,29,4
F14636,F15,P01,true,4,29,4
F14642,F15,P01,true,4,29,4
F14650,F15,P01,true,4,29,4
F14679,F15,P01,true,4,29,4
F14687,F15,P01,true,4,29,4
F14700,F15,P01,true,4,29,4
F14710,F15,P01,true,4,29,4
F14713,F15,P01,true,4,29,4
F14720,F15,P01,true,4,29,4
F14738,F15,P01,true,4,29,4
F14740,F15,P01,true,4,29,4
F14751,F15,P01,true,4,29,4
F14757,F15,P01,true,4,29,4
F14781,F15,P01,true,4,29,4
F14792,F15,P01,true,4,29,4
F14795,F15,P01,true,4,29,4
F14808,F15,P01,true,4,29,4
F14822,F15,P01,true,4,29,4
F14831,F15,P01,true,4,29,4
F14832,F15,P01,true,4,29,4
F14864,F15,P01,true,4,29,4
F14889,F15,P01,true,4,29,4
F14895,F15,P01,true,4,29,4
F14896,F15,P01,true,4,29,4
F14960,F15,P01,true,4,29,4
F14968,F15,P01,true,4,29,4
F14980,F15,P01,true,4,29,4
F14981,F15,P01,true,4,29,4
F14986,F15,P01,true,4,29,4
F15002,F15,P01,true,4,29,4
F15012,F15,P01,true,4,29,4
F15026,F15,P01,true,4,29,4
F15032,F15,P01,true,4,29,4
F15062,F15,P01,true,4,29,4
F15111,F15,P01,true,4,29,4
F15113,F15,P01,true,4,29,4
F15146,F15,P01,true,4,29,4
F15150,F15,P01,true,4,29,4
F15171,F15,P01,true,4,29,4
F15189,F15,P01,true,4,29,4
F15196,F15,P01,true,4,29,4
F15209,F15,P01,true,4,29,4
F15220,F15,P01,true,4,29,4
F15249,F15,P01,true,4,29,4
F15295,F15,P01,true,4,29,4
F15334,F15,P01,true,4,29,4
F15394,F16,P01,true,4,29,4
F15429,F16,P01,true,4,29,4
F15448,F16,P01,true,4,29,4
F15449,F16,P01,true,4,29,4
F15450,F16,P01,true,4,29,4
F15505,F16,P01,true,4,29,4
F15509,F16,P01,true,4,29,4
F15549,F16,P01,true,4,29,4
F15576,F16,P01,true,4,29,4
F15593,F16,P01,true,4,29,4
F15606,F16,P01,true,4,29,4
F15612,F16,P01,true,4,29,4
F15641,F16,P01,true,4,29,4
F15649,F16,P01,true,4,29,4
F15653,F16,P01,true,4,29,4
F15663,F16,P01,true,4,29,4
F15706,F16,P01,true,4,29,4
F15759,F16,P01,true,4,29,4
F15782,F16,P01,true,4,29,4
F15944,F16,P01,true,4,29,4
F15949,F16,P01,true,4,29,4
F15997,F16,P01,true,4,29,4
F16013,F16,P01,true,4,29,4
F16018,F16,P01,true,4,29,4
F16044,F16,P01,true,4,29,4
F16049,F16,P01,true,4,29,4
F16074,F16,P01,true,4,29,4
F16087,F16,P01,true,4,29,4
F16099,F16,P01,true,4,29,4
F16101,F16,P01,true,4,29,4
F16115,F16,P01,true,4,29,4
F16142,F16,P01,true,4,29,4
F16174,F16,P01,true,4,29,4
F16206,F16,P01,true,4,29,4
F16250,F16,P01,true,4,29,4
F16266,F16,P01,true,4,29,4
F16280,F16,P01,true,4,29,4
F16334,F16,P01,true,4,29,4
F16360,F16,P01,true,4,29,4
F16403,F17,P01,true,4,29,4
F16658,F17,P01,true,4,29,4
F16778,F17,P01,true,4,29,4
F16919,F17,P01,true,4,29,4
F17144,F17,P01,true,4,29,4
F17219,F17,P01,true,4,29,4
F17462,F18,P01,true,4,29,4
F17475,F18,P01,true,4,29,4
F17573,F18,P01,true,4,29,4
F17576,F18,P01,true,4,29,4
F17640,F18,P01,true,4,29,4
F17702,F18,P01,true,4,29,4
F17826,F18,P01,true,4,29,4
F18264,F18,P01,true,4,29,4
F18386,F18,P01,true,4,29,4
F18503,F19,P01,true,4,29,4
F18637,F19,P01,true,4,29,4
F18716,F19,P01,true,4,29,4
F18785,F19,P01,true,4,29,4
F18939,F19,P01,true,4,29,4
F18994,F19,P01,true,4,29,4
F19108,F19,P01,true,4,29,4
F19113,F19,P01,true,4,29,4
F19122,F19,P01,true,4,29,4
F19125,F19,P01,true,4,29,4
F19343,F19,P01,true,4,29,4
F19494,F20,P01,true,4,29,4
F19520,F20,P01,true,4,29,4
F20031,F20,P01,true,4,29,4
F20125,F20,P01,true,4,29,4
F20159,F20,P01,true,4,29,4
F20257,F20,P01,true,4,29,4
F20506,F21,P01,true,4,29,4
F20510,F21,P01,true,4,29,4
F20512,F21,P01,true,4,29,4
F20528,F21,P01,true,4,29,4
F20610,F21,P01,true,4,29,4
F20621,F21,P01,true,4,29,4
F20637,F21,P01,true,4,29,4
F20668,F21,P01,true,4,29,4
F20679,F21,P01,true,4,29,4
F20774,F21,P01,true,4,29,4
F20780,F21,P01,true,4,29,4
F20784,F21,P01,true,4,29,4
F20785,F21,P01,true,4,29,4
F20786,F21,P01,true,4,29,4
F20804,F21,P01,true,4,29,4
F20841,F21,P01,true,4,29,4
F20916,F21,P01,true,4,29,4
F21068,F21,P01,true,4,29,4
F21071,F21,P01,true,4,29,4
F21141,F21,P01,true,4,29,4
F21182,F21,P01,true,4,29,4
F21187,F21,P01,true,4,29,4
F21254,F21,P01,true,4,29,4
F21290,F21,P01,true,4,29,4
F21293,F21,P01,true,4,29,4
F21311,F21,P01,true,4,29,4
F21312,F21,P01,true,4,29,4
F21353,F21,P01,true,4,29,4
F21376,F21,P01,true,4,29,4
F21421,F21,P01,true,4,29,4
F21460,F21,P01,true,4,29,4
F21467,F21,P01,true,4,29,4
F21469,F21,P01,true,4,29,4
F21490,F21,P01,true,4,29,4
F21538,F22,P01,true,4,29,4
F21547,F22,P01,true,4,29,4
F21601,F22,P01,true,4,29,4
F21636,F22,P01,true,4,29,4
F21643,F22,P01,true,4,29,4
F21650,F22,P01,true,4,29,4
F21654,F22,P01,true,4,29,4
F21695,F22,P01,true,4,29,4
F21701,F22,P01,true,4,29,4
F21774,F22,P01,true,4,29,4
F21805,F22,P01,true,4,29,4
F21817,F22,P01,true,4,29,4
F21882,F22,P01,true,4,29,4
F21885,F22,P01,true,4,29,4
F21886,F22,P01,true,4,29,4
F21889,F22,P01,true,4,29,4
F21921,F22,P01,true,4,29,4
F21941,F22,P01,true,4,29,4
F21949,F22,P01,true,4,29,4
F21991,F22,P01,true,4,29,4
F21997,F22,P01,true,4,29,4
F22041,F22,P01,true,4,29,4
F22102,F22,P01,true,4,29,4
F22108,F22,P01,true,4,29,4
F22177,F22,P01,true,4,29,4
F22215,F22,P01,true,4,29,4
F22225,F22,P01,true,4,29,4
F22274,F22,P01,true,4,29,4
F22385,F22,P01,true,4,29,4
F22389,F22,P01,true,4,29,4
F22397,F22,P01,true,4,29,4
F22400,F22,P01,true,4,29,4
F22402,F22,P01,true,4,29,4
F22455,F22,P01,true,4,29,4
F22457,F22,P01,true,4,29,4
F22495,F22,P01,true,4,29,4
F22499,F22,P01,true,4,29,4
F22503,F22,P01,true,4,29,4
F22547,F23,P01,true,4,29,4
F22555,F23,P01,true,4,29,4
F22556,F23,P01,true,4,29,4
F22567,F23,P01,true,4,29,4
F22604,F23,P01,true,4,29,4
F22627,F23,P01,true,4,29,4
F22684,F23,P01,true,4,29,4
F22735,F23,P01,true,4,29,4
F22791,F23,P01,true,4,29,4
F22834,F23,P01,true,4,29,4
F22905,F23,P01,true,4,29,4
F22912,F23,P01,true,4,29,4
F22944,F23,P01,true,4,29,4
F22948,F23,P01,true,4,29,4
F22952,F23,P01,true,4,29,4
F22955,F23,P01,true,4,29,4
F22966,F23,P01,true,4,29,4
F23063,F23,P01,true,4,29,4
F23066,F23,P01,true,4,29,4
F23116,F23,P01,true,4,29,4
F23140,F23,P01,true,4,29,4
F23142,F23,P01,true,4,29,4
F23180,F23,P01,true,4,29,4
F23189,F23,P01,true,4,29,4
F23228,F23,P01,true,4,29,4
F23234,F23,P01,true,4,29,4
F23242,F23,P01,true,4,29,4
F23249,F23,P01,true,4,29,4
F23290,F23,P01,true,4,29,4
F23398,F23,P01,true,4,29,4
F23410,F23,P01,true,4,29,4
F23411,F23,P01,true,4,29,4
F23457,F23,P01,true,4,29,4
F23522,F23,P01,true,4,29,4
F23540,F23,P01,true,4,29,4
F23572,F24,P01,true,4,29,4
F23583,F24,P01,true,4,29,4
F23646,F24,P01,true,4,29,4
F23689,F24,P01,true,4,29,4
F23758,F24,P01,true,4,29,4
F23767,F24,P01,true,4,29,4
F23799,F24,P01,true,4,29,4
F23860,F24,P01,true,4,29,4
F23867,F24,P01,true,4,29,4
F23925,F24,P01,true,4,29,4
F23981,F24,P01,true,4,29,4
F23983,F24,P01,true,4,29,4
F23984,F24,P01,true,4,29,4
F24032,F24,P01,true,4,29,4
F24092,F24,P01,true,4,29,4
F24094,F24,P01,true,4,29,4
F24098,F24,P01,true,4,29,4
F24099,F24,P01,true,4,29,4
F24145,F24,P01,true,4,29,4
F24147,F24,P01,true,4,29,4
F24148,F24,P01,true,4,29,4
F24166,F24,P01,true,4,29,4
F24223,F24,P01,true,4,29,4
F24314,F24,P01,true,4,29,4
F24328,F24,P01,true,4,29,4
F24372,F24,P01,true,4,29,4
F24373,F24,P01,true,4,29,4
F24380,F24,P01,true,4,29,4
F00013,F01,P01,true,3,29,4
F00016,F01,P01,true,3,29,4
F00049,F01,P01,true,3,29,4
F00075,F01,P01,true,3,29,4
F00085,F01,P01,true,3,29,4
F00138,F01,P01,true,3,29,4
F00173,F01,P01,true,3,29,4
F00178,F01,P01,true,3,29,4
F00218,F01,P01,true,3,29,4
F00285,F01,P01,true,3,29,4
F00286,F01,P01,true,3,29,4
F00312,F01,P01,true,3,29,4
F00362,F01,P01,true,3,29,4
F00411,F01,P01,true,3,29,4
F00447,F01,P01,true,3,29,4
F00475,F01,P01,true,3,29,4
F00500,F01,P01,true,3,29,4
F00527,F01,P01,true,3,29,4
F00543,F01,P01,true,3,29,4
F00584,F01,P01,true,3,29,4
F00586,F01,P01,true,3,29,4
F00635,F01,P01,true,3,29,4
F00659,F01,P01,true,3,29,4
F00683,F01,P01,true,3,29,4
F00728,F01,P01,true,3,29,4
F00746,F01,P01,true,3,29,4
F00772,F01,P01,true,3,29,4
F00776,F01,P01,true,3,29,4
F00787,F01,P01,true,3,29,4
F00788,F01,P01,true,3,29,4
F00881,F01,P01,true,3,29,4
F00905,F01,P01,true,3,29,4
F00939,F01,P01,true,3,29,4
F00950,F01,P01,true,3,29,4
F00978,F01,P01,true,3,29,4
F01023,F01,P01,true,3,29,4
F01066,F02,P01,true,3,29,4
F01081,F02,P01,true,3,29,4
F01101,F02,P01,true,3,29,4
F01132,F02,P01,true,3,29,4
F01146,F02,P01,true,3,29,4
F01191,F02,P01,true,3,29,4
F01210,F02,P01,true,3,29,4
F01237,F02,P01,true,3,29,4
F01258,F02,P01,true,3,29,4
F01268,F02,P01,true,3,29,4
F01352,F02,P01,true,3,29,4
F01371,F02,P01,true,3,29,4
F01390,F02,P01,true,3,29,4
F01395,F02,P01,true,3,29,4
F01401,F02,P01,true,3,29,4
F01441,F02,P01,true,3,29,4
F01470,F02,P01,true,3,29,4
F01532,F02,P01,true,3,29,4
F01542,F02,P01,true,3,29,4
F01612,F02,P01,true,3,29,4
F01626,F02,P01,true,3,29,4
F01667,F02,P01,true,3,29,4
F01670,F02,P01,true,3,29,4
F01686,F02,P01,true,3,29,4
F01717,F02,P01,true,3,29,4
F01740,F02,P01,true,3,29,4
F01756,F02,P01,true,3,29,4
F01806,F02,P01,true,3,29,4
F01838,F02,P01,true,3,29,4
F01840,F02,P01,true,3,29,4
F01845,F02,P01,true,3,29,4
F01867,F02,P01,true,3,29,4
F01875,F02,P01,true,3,29,4
F01884,F02,P01,true,3,29,4
F01895,F02,P01,true,3,29,4
F01928,F02,P01,true,3,29,4
F01929,F02,P01,true,3,29,4
F01938,F02,P01,true,3,29,4
F01994,F02,P01,true,3,29,4
F02002,F02,P01,true,3,29,4
F02040,F02,P01,true,3,29,4
F02048,F02,P01,true,3,29,4
F02083,F03,P01,true,3,29,4
F02098,F03,P01,true,3,29,4
F02141,F03,P01,true,3,29,4
F02143,F03,P01,true,3,29,4
F02153,F03,P01,true,3,29,4
F02158,F03,P01,true,3,29,4
F02169,F03,P01,true,3,29,4
F02231,F03,P01,true,3,29,4
F02299,F03,P01,true,3,29,4
F02322,F03,P01,true,3,29,4
F02360,F03,P01,true,3,29,4
F02393,F03,P01,true,3,29,4
F02408,F03,P01,true,3,29,4
F02424,F03,P01,true,3,29,4
F02440,F03,P01,true,3,29,4
F02470,F03,P01,true,3,29,4
F02477,F03,P01,true,3,29,4
F02485,F03,P01,true,3,29,4
F02499,F03,P01,true,3,29,4
F02540,F03,P01,true,3,29,4
F02591,F03,P01,true,3,29,4
F02597,F03,P01,true,3,29,4
F02600,F03,P01,true,3,29,4
F02612,F03,P01,true,3,29,4
F02632,F03,P01,true,3,29,4
F02654,F03,P01,true,3,29,4
F02659,F03,P01,true,3,29,4
F02683,F03,P01,true,3,29,4
F02711,F03,P01,true,3,29,4
F02714,F03,P01,true,3,29,4
F02719,F03,P01,true,3,29,4
F02744,F03,P01,true,3,29,4
F02755,F03,P01,true,3,29,4
F02760,F03,P01,true,3,29,4
F02780,F03,P01,true,3,29,4
F02801,F03,P01,true,3,29,4
F02861,F03,P01,true,3,29,4
F02900,F03,P01,true,3,29,4
F02988,F03,P01,true,3,29,4
F02996,F03,P01,true,3,29,4
F02997,F03,P01,true,3,29,4
F03042,F03,P01,true,3,29,4
F03044,F03,P01,true,3,29,4
F03051,F03,P01,true,3,29,4
F03064,F03,P01,true,3,29,4
F03151,F04,P01,true,3,29,4
F03159,F04,P01,true,3,29,4
F03160,F04,P01,true,3,29,4
F03170,F04,P01,true,3,29,4
F03171,F04,P01,true,3,29,4
F03174,F04,P01,true,3,29,4
F03212,F04,P01,true,3,29,4
F03225,F04,P01,true,3,29,4
F03263,F04,P01,true,3,29,4
F03269,F04,P01,true,3,29,4
F03295,F04,P01,true,3,29,4
F03315,F04,P01,true,3,29,4
F03319,F04,P01,true,3,29,4
F03426,F04,P01,true,3,29,4
F03442,F04,P01,true,3,29,4
F03509,F04,P01,true,3,29,4
F03626,F04,P01,true,3,29,4
F03662,F04,P01,true,3,29,4
F03675,F04,P01,true,3,29,4
F03714,F04,P01,true,3,29,4
F03726,F04,P01,true,3,29,4
F03778,F04,P01,true,3,29,4
F03779,F04,P01,true,3,29,4
F03796,F04,P01,true,3,29,4
F03899,F04,P01,true,3,29,4
F03904,F04,P01,true,3,29,4
F03964,F04,P01,true,3,29,4
F03967,F04,P01,true,3,29,4
F03968,F04,P01,true,3,29,4
F03970,F04,P01,true,3,29,4
F04010,F04,P01,true,3,29,4
F04082,F04,P01,true,3,29,4
F04105,F05,P01,true,3,29,4
F04150,F05,P01,true,3,29,4
F04170,F05,P01,true,3,29,4
F04174,F05,P01,true,3,29,4
F04193,F05,P01,true,3,29,4
F04194,F05,P01,true,3,29,4
F04211,F05,P01,true,3,29,4
F04215,F05,P01,true,3,29,4
F04236,F05,P01,true,3,29,4
F04238,F05,P01,true,3,29,4
F04259,F05,P01,true,3,29,4
F04267,F05,P01,true,3,29,4
F04281,F05,P01,true,3,29,4
F04287,F05,P01,true,3,29,4
F04301,F05,P01,true,3,29,4
F04311,F05,P01,true,3,29,4
F04338,F05,P01,true,3,29,4
F04339,F05,P01,true,3,29,4
F04352,F05,P01,true,3,29,4
F04360,F05,P01,true,3,29,4
F04361,F05,P01,true,3,29,4
F04363,F05,P01,true,3,29,4
F04388,F05,P01,true,3,29,4
F04408,F05,P01,true,3,29,4
F04416,F05,P01,true,3,29,4
F04434,F05,P01,true,3,29,4
F04470,F05,P01,true,3,29,4
F04483,F05,P01,true,3,29,4
F04489,F05,P01,true,3,29,4
F04503,F05,P01,true,3,29,4
F04506,F05,P01,true,3,29,4
F04507,F05,P01,true,3,29,4
F04561,F05,P01,true,3,29,4
F04565,F05,P01,true,3,29,4
F04566,F05,P01,true,3,29,4
F04567,F05,P01,true,3,29,4
F04576,F05,P01,true,3,29,4
F04582,F05,P01,true,3,29,4
F04597,F05,P01,true,3,29,4
F04606,F05,P01,true,3,29,4
F04608,F05,P01,true,3,29,4
F04657,F05,P01,true,3,29,4
F04691,F05,P01,true,3,29,4
F04700,F05,P01,true,3,29,4
F04715,F05,P01,true,3,29,4
F04720,F05,P01,true,3,29,4
F04721,F05,P01,true,3,29,4
F04736,F05,P01,true,3,29,4
F04784,F05,P01,true,3,29,4
F04803,F05,P01,true,3,29,4
F04838,F05,P01,true,3,29,4
F04841,F05,P01,true,3,29,4
F04853,F05,P01,true,3,29,4
F04854,F05,P01,true,3,29,4
F04890,F05,P01,true,3,29,4
F04909,F05,P01,true,3,29,4
F04999,F05,P01,true,3,29,4
F05029,F05,P01,true,3,29,4
F05034,F05,P01,true,3,29,4
F05036,F05,P01,true,3,29,4
F05049,F05,P01,true,3,29,4
F05061,F05,P01,true,3,29,4
F05091,F05,P01,true,3,29,4
F05116,F05,P01,true,3,29,4
F05141,F06,P01,true,3,29,4
F05150,F06,P01,true,3,29,4
F05155,F06,P01,true,3,29,4
F05172,F06,P01,true,3,29,4
F05182,F06,P01,true,3,29,4
F05199,F06,P01,true,3,29,4
F05227,F06,P01,true,3,29,4
F05239,F06,P01,true,3,29,4
F05242,F06,P01,true,3,29,4
F05269,F06,P01,true,3,29,4
F05274,F06,P01,true,3,29,4
F05289,F06,P01,true,3,29,4
F05292,F06,P01,true,3,29,4
F05294,F06,P01,true,3,29,4
F05296,F06,P01,true,3,29,4
F05303,F06,P01,true,3,29,4
F05307,F06,P01,true,3,29,4
F05322,F06,P01,true,3,29,4
F05324,F06,P01,true,3,29,4
F05331,F06,P01,true,3,29,4
F05339,F06,P01,true,3,29,4
F05352,F06,P01,true,3,29,4
F05390,F06,P01,true,3,29,4
F05399,F06,P01,true,3,29,4
F05415,F06,P01,true,3,29,4
F05416,F06,P01,true,3,29,4
F05473,F06,P01,true,3,29,4
F05476,F06,P01,true,3,29,4
F05488,F06,P01,true,3,29,4
F05515,F06,P01,true,3,29,4
F05539,F06,P01,true,3,29,4
F05558,F06,P01,true,3,29,4
F05564,F06,P01,true,3,29,4
F05568,F06,P01,true,3,29,4
F05595,F06,P01,true,3,29,4
F05616,F06,P01,true,3,29,4
F05640,F06,P01,true,3,29,4
F05649,F06,P01,true,3,29,4
F05653,F06,P01,true,3,29,4
F05655,F06,P01,true,3,29,4
F05667,F06,P01,true,3,29,4
F05711,F06,P01,true,3,29,4
F05715,F06,P01,true,3,29,4
F05718,F06,P01,true,3,29,4
F05731,F06,P01,true,3,29,4
F05749,F06,P01,true,3,29,4
F05759,F06,P01,true,3,29,4
F05777,F06,P01,true,3,29,4
F05841,F06,P01,true,3,29,4
F05860,F06,P01,true,3,29,4
F05868,F06,P01,true,3,29,4
F05900,F06,P01,true,3,29,4
F05905,F06,P01,true,3,29,4
F05908,F06,P01,true,3,29,4
F06014,F06,P01,true,3,29,4
F06018,F06,P01,true,3,29,4
F06038,F06,P01,true,3,29,4
F06058,F06,P01,true,3,29,4
F06065,F06,P01,true,3,29,4
F06077,F06,P01,true,3,29,4
F06159,F07,P01,true,3,29,4
F06175,F07,P01,true,3,29,4
F06183,F07,P01,true,3,29,4
F06185,F07,P01,true,3,29,4
F06187,F07,P01,true,3,29,4
F06192,F07,P01,true,3,29,4
F06219,F07,P01,true,3,29,4
F06233,F07,P01,true,3,29,4
F06267,F07,P01,true,3,29,4
F06271,F07,P01,true,3,29,4
F06283,F07,P01,true,3,29,4
F06300,F07,P01,true,3,29,4
F06302,F07,P01,true,3,29,4
F06322,F07,P01,true,3,29,4
F06336,F07,P01,true,3,29,4
F06353,F07,P01,true,3,29,4
F06366,F07,P01,true,3,29,4
F06390,F07,P01,true,3,29,4
F06400,F07,P01,true,3,29,4
F06404,F07,P01,true,3,29,4
F06409,F07,P01,true,3,29,4
F06414,F07,P01,true,3,29,4
F06424,F07,P01,true,3,29,4
F06428,F07,P01,true,3,29,4
F06445,F07,P01,true,3,29,4
F06463,F07,P01,true,3,29,4
F06481,F07,P01,true,3,29,4
F06488,F07,P01,true,3,29,4
F06494,F07,P01,true,3,29,4
F06519,F07,P01,true,3,29,4
F06523,F07,P01,true,3,29,4
F06543,F07,P01,true,3,29,4
F06544,F07,P01,true,3,29,4
F06564,F07,P01,true,3,29,4
F06566,F07,P01,true,3,29,4
F06568,F07,P01,true,3,29,4
F06593,F07,P01,true,3,29,4
F06604,F07,P01,true,3,29,4
F06609,F07,P01,true,3,29,4
F06629,F07,P01,true,3,29,4
F06632,F07,P01,true,3,29,4
F06638,F07,P01,true,3,29,4
F06654,F07,P01,true,3,29,4
F06665,F07,P01,true,3,29,4
F06676,F07,P01,true,3,29,4
F06686,F07,P01,true,3,29,4
F06691,F07,P01,true,3,29,4
F06702,F07,P01,true,3,29,4
F06727,F07,P01,true,3,29,4
F06762,F07,P01,true,3,29,4
F06770,F07,P01,true,3,29,4
F06806,F07,P01,true,3,29,4
F06828,F07,P01,true,3,29,4
F06841,F07,P01,true,3,29,4
F06845,F07,P01,true,3,29,4
F06860,F07,P01,true,3,29,4
F06866,F07,P01,true,3,29,4
F06919,F07,P01,true,3,29,4
F06980,F07,P01,true,3,29,4
F07002,F07,P01,true,3,29,4
F07003,F07,P01,true,3,29,4
F07010,F07,P01,true,3,29,4
F07035,F07,P01,true,3,29,4
F07040,F07,P01,true,3,29,4
F07044,F07,P01,true,3,29,4
F07063,F07,P01,true,3,29,4
F07082,F07,P01,true,3,29,4
F07085,F07,P01,true,3,29,4
F07100,F07,P01,true,3,29,4
F07118,F07,P01,true,3,29,4
F07132,F07,P01,true,3,29,4
F07148,F07,P01,true,3,29,4
F07149,F07,P01,true,3,29,4
F07169,F08,P01,true,3,29,4
F07210,F08,P01,true,3,29,4
F07214,F08,P01,true,3,29,4
F07222,F08,P01,true,3,29,4
F07255,F08,P01,true,3,29,4
F07259,F08,P01,true,3,29,4
F07281,F08,P01,true,3,29,4
F07282,F08,P01,true,3,29,4
F07303,F08,P01,true,3,29,4
F07315,F08,P01,true,3,29,4
F07339,F08,P01,true,3,29,4
F07347,F08,P01,true,3,29,4
F07368,F08,P01,true,3,29,4
F07375,F08,P01,true,3,29,4
F07397,F08,P01,true,3,29,4
F07400,F08,P01,true,3,29,4
F07406,F08,P01,true,3,29,4
F07438,F08,P01,true,3,29,4
F07490,F08,P01,true,3,29,4
F07497,F08,P01,true,3,29,4
F07509,F08,P01,true,3,29,4
F07531,F08,P01,true,3,29,4
F07540,F08,P01,true,3,29,4
F07551,F08,P01,true,3,29,4
F07561,F08,P01,true,3,29,4
F07572,F08,P01,true,3,29,4
F07575,F08,P01,true,3,29,4
F07598,F08,P01,true,3,29,4
F07613,F08,P01,true,3,29,4
F07636,F08,P01,true,3,29,4
F07656,F08,P01,true,3,29,4
F07666,F08,P01,true,3,29,4
F07678,F08,P01,true,3,29,4
F07681,F08,P01,true,3,29,4
F07682,F08,P01,true,3,29,4
F07717,F08,P01,true,3,29,4
F07734,F08,P01,true,3,29,4
F07735,F08,P01,true,3,29,4
F07737,F08,P01,true,3,29,4
F07770,F08,P01,true,3,29,4
F07830,F08,P01,true,3,29,4
F07835,F08,P01,true,3,29,4
F07848,F08,P01,true,3,29,4
F07851,F08,P01,true,3,29,4
F07875,F08,P01,true,3,29,4
F07889,F08,P01,true,3,29,4
F07891,F08,P01,true,3,29,4
F07937,F08,P01,true,3,29,4
F07949,F08,P01,true,3,29,4
F07963,F08,P01,true,3,29,4
F07964,F08,P01,true,3,29,4
F07975,F08,P01,true,3,29,4
F08006,F08,P01,true,3,29,4
F08022,F08,P01,true,3,29,4
F08024,F08,P01,true,3,29,4
F08032,F08,P01,true,3,29,4
F08036,F08,P01,true,3,29,4
F08052,F08,P01,true,3,29,4
F08074,F08,P01,true,3,29,4
F08075,F08,P01,true,3,29,4
F08079,F08,P01,true,3,29,4
F08098,F08,P01,true,3,29,4
F08102,F08,P01,true,3,29,4
F08122,F08,P01,true,3,29,4
F08133,F08,P01,true,3,29,4
F08141,F08,P01,true,3,29,4
F08152,F08,P01,true,3,29,4
F08188,F08,P01,true,3,29,4
F08203,F09,P01,true,3,29,4
F08223,F09,P01,true,3,29,4
F08244,F09,P01,true,3,29,4
F08285,F09,P01,true,3,29,4
F08297,F09,P01,true,3,29,4
F08336,F09,P01,true,3,29,4
F08351,F09,P01,true,3,29,4
F08358,F09,P01,true,3,29,4
F08381,F09,P01,true,3,29,4
F08397,F09,P01,true,3,29,4
F08415,F09,P01,true,3,29,4
F08448,F09,P01,true,3,29,4
F08463,F09,P01,true,3,29,4
F08466,F09,P01,true,3,29,4
F08468,F09,P01,true,3,29,4
F08481,F09,P01,true,3,29,4
F08482,F09,P01,true,3,29,4
F08489,F09,P01,true,3,29,4
F08527,F09,P01,true,3,29,4
F08532,F09,P01,true,3,29,4
F08535,F09,P01,true,3,29,4
F08541,F09,P01,true,3,29,4
F08556,F09,P01,true,3,29,4
F08562,F09,P01,true,3,29,4
F08585,F09,P01,true,3,29,4
F08610,F09,P01,true,3,29,4
F08611,F09,P01,true,3,29,4
F08615,F09,P01,true,3,29,4
F08672,F09,P01,true,3,29,4
F08697,F09,P01,true,3,29,4
F08700,F09,P01,true,3,29,4
F08716,F09,P01,true,3,29,4
F08723,F09,P01,true,3,29,4
F08740,F09,P01,true,3,29,4
F08760,F09,P01,true,3,29,4
F08799,F09,P01,true,3,29,4
F08804,F09,P01,true,3,29,4
F08811,F09,P01,true,3,29,4
F08852,F09,P01,true,3,29,4
F08869,F09,P01,true,3,29,4
F08917,F09,P01,true,3,29,4
F08927,F09,P01,true,3,29,4
F08949,F09,P01,true,3,29,4
F08963,F09,P01,true,3,29,4
F08964,F09,P01,true,3,29,4
F08968,F09,P01,true,3,29,4
F08969,F09,P01,true,3,29,4
F09000,F09,P01,true,3,29,4
F09007,F09,P01,true,3,29,4
F09019,F09,P01,true,3,29,4
F09027,F09,P01,true,3,29,4
F09035,F09,P01,true,3,29,4
F09057,F09,P01,true,3,29,4
F09060,F09,P01,true,3,29,4
F09073,F09,P01,true,3,29,4
F09074,F09,P01,true,3,29,4
F09080,F09,P01,true,3,29,4
F09090,F09,P01,true,3,29,4
F09091,F09,P01,true,3,29,4
F09094,F09,P01,true,3,29,4
F09096,F09,P01,true,3,29,4
F09130,F09,P01,true,3,29,4
F09132,F09,P01,true,3,29,4
F09153,F09,P01,true,3,29,4
F09161,F09,P01,true,3,29,4
F09162,F09,P01,true,3,29,4
F09167,F09,P01,true,3,29,4
F09171,F09,P01,true,3,29,4
F09183,F09,P01,true,3,29,4
F09190,F09,P01,true,3,29,4
F09191,F09,P01,true,3,29,4
F09194,F09,P01,true,3,29,4
F09208,F09,P01,true,3,29,4
F09228,F10,P01,true,3,29,4
F09246,F10,P01,true,3,29,4
F09255,F10,P01,true,3,29,4
F09257,F10,P01,true,3,29,4
F09265,F10,P01,true,3,29,4
F09287,F10,P01,true,3,29,4
F09289,F10,P01,true,3,29,4
F09302,F10,P01,true,3,29,4
F09304,F10,P01,true,3,29,4
F09308,F10,P01,true,3,29,4
F09335,F10,P01,true,3,29,4
F09351,F10,P01,true,3,29,4
F09358,F10,P01,true,3,29,4
F09361,F10,P01,true,3,29,4
F09365,F10,P01,true,3,29,4
F09401,F10,P01,true,3,29,4
F09410,F10,P01,true,3,29,4
F09416,F10,P01,true,3,29,4
F09466,F10,P01,true,3,29,4
F09479,F10,P01,true,3,29,4
F09486,F10,P01,true,3,29,4
F09492,F10,P01,true,3,29,4
F09498,F10,P01,true,3,29,4
F09501,F10,P01,true,3,29,4
F09503,F10,P01,true,3,29,4
F09534,F10,P01,true,3,29,4
F09539,F10,P01,true,3,29,4
F09568,F10,P01,true,3,29,4
F09576,F10,P01,true,3,29,4
F09612,F10,P01,true,3,29,4
F09624,F10,P01,true,3,29,4
F09625,F10,P01,true,3,29,4
F09632,F10,P01,true,3,29,4
F09659,F10,P01,true,3,29,4
F09673,F10,P01,true,3,29,4
F09675,F10,P01,true,3,29,4
F09679,F10,P01,true,3,29,4
F09723,F10,P01,true,3,29,4
F09740,F10,P01,true,3,29,4
F09749,F10,P01,true,3,29,4
F09773,F10,P01,true,3,29,4
F09774,F10,P01,true,3,29,4
F09783,F10,P01,true,3,29,4
F09793,F10,P01,true,3,29,4
F09811,F10,P01,true,3,29,4
F09813,F10,P01,true,3,29,4
F09816,F10,P01,true,3,29,4
F09849,F10,P01,true,3,29,4
F09859,F10,P01,true,3,29,4
F09860,F10,P01,true,3,29,4
F09872,F10,P01,true,3,29,4
F09874,F10,P01,true,3,29,4
F09881,F10,P01,true,3,29,4
F09921,F10,P01,true,3,29,4
F09926,F10,P01,true,3,29,4
F09931,F10,P01,true,3,29,4
F09944,F10,P01,true,3,29,4
F09947,F10,P01,true,3,29,4
F09951,F10,P01,true,3,29,4
F09973,F10,P01,true,3,29,4
F09977,F10,P01,true,3,29,4
F09979,F10,P01,true,3,29,4
F09981,F10,P01,true,3,29,4
F09984,F10,P01,true,3,29,4
F10005,F10,P01,true,3,29,4
F10012,F10,P01,true,3,29,4
F10019,F10,P01,true,3,29,4
F10056,F10,P01,true,3,29,4
F10105,F10,P01,true,3,29,4
F10114,F10,P01,true,3,29,4
F10138,F10,P01,true,3,29,4
F10155,F10,P01,true,3,29,4
F10160,F10,P01,true,3,29,4
F10173,F10,P01,true,3,29,4
F10206,F10,P01,true,3,29,4
F10229,F10,P01,true,3,29,4
F10251,F11,P01,true,3,29,4
F10255,F11,P01,true,3,29,4
F10262,F11,P01,true,3,29,4
F10270,F11,P01,true,3,29,4
F10308,F11,P01,true,3,29,4
F10319,F11,P01,true,3,29,4
F10328,F11,P01,true,3,29,4
F10345,F11,P01,true,3,29,4
F10372,F11,P01,true,3,29,4
F10380,F11,P01,true,3,29,4
F10384,F11,P01,true,3,29,4
F10402,F11,P01,true,3,29,4
F10404,F11,P01,true,3,29,4
F10413,F11,P01,true,3,29,4
F10435,F11,P01,true,3,29,4
F10442,F11,P01,true,3,29,4
F10446,F11,P01,true,3,29,4
F10451,F11,P01,true,3,29,4
F10470,F11,P01,true,3,29,4
F10479,F11,P01,true,3,29,4
F10491,F11,P01,true,3,29,4
F10498,F11,P01,true,3,29,4
F10509,F11,P01,true,3,29,4
F10531,F11,P01,true,3,29,4
F10540,F11,P01,true,3,29,4
F10553,F11,P01,true,3,29,4
F10559,F11,P01,true,3,29,4
F10591,F11,P01,true,3,29,4
F10597,F11,P01,true,3,29,4
F10601,F11,P01,true,3,29,4
F10604,F11,P01,true,3,29,4
F10623,F11,P01,true,3,29,4
F10640,F11,P01,true,3,29,4
F10647,F11,P01,true,3,29,4
F10678,F11,P01,true,3,29,4
F10699,F11,P01,true,3,29,4
F10701,F11,P01,true,3,29,4
F10743,F11,P01,true,3,29,4
F10752,F11,P01,true,3,29,4
F10774,F11,P01,true,3,29,4
F10777,F11,P01,true,3,29,4
F10786,F11,P01,true,3,29,4
F10796,F11,P01,true,3,29,4
F10845,F11,P01,true,3,29,4
F10852,F11,P01,true,3,29,4
F10891,F11,P01,true,3,29,4
F10947,F11,P01,true,3,29,4
F10949,F11,P01,true,3,29,4
F10960,F11,P01,true,3,29,4
F10986,F11,P01,true,3,29,4
F10991,F11,P01,true,3,29,4
F11021,F11,P01,true,3,29,4
F11053,F11,P01,true,3,29,4
F11072,F11,P01,true,3,29,4
F11075,F11,P01,true,3,29,4
F11096,F11,P01,true,3,29,4
F11106,F11,P01,true,3,29,4
F11118,F11,P01,true,3,29,4
F11140,F11,P01,true,3,29,4
F11158,F11,P01,true,3,29,4
F11164,F11,P01,true,3,29,4
F11171,F11,P01,true,3,29,4
F11192,F11,P01,true,3,29,4
F11208,F11,P01,true,3,29,4
F11232,F11,P01,true,3,29,4
F11237,F11,P01,true,3,29,4
F11257,F11,P01,true,3,29,4
F11277,F12,P01,true,3,29,4
F11299,F12,P01,true,3,29,4
F11333,F12,P01,true,3,29,4
F11350,F12,P01,true,3,29,4
F11354,F12,P01,true,3,29,4
F11370,F12,P01,true,3,29,4
F11402,F12,P01,true,3,29,4
F11413,F12,P01,true,3,29,4
F11454,F12,P01,true,3,29,4
F11474,F12,P01,true,3,29,4
F11535,F12,P01,true,3,29,4
F11591,F12,P01,true,3,29,4
F11595,F12,P01,true,3,29,4
F11655,F12,P01,true,3,29,4
F11678,F12,P01,true,3,29,4
F11704,F12,P01,true,3,29,4
F11734,F12,P01,true,3,29,4
F11745,F12,P01,true,3,29,4
F11765,F12,P01,true,3,29,4
F11797,F12,P01,true,3,29,4
F11824,F12,P01,true,3,29,4
F11856,F12,P01,true,3,29,4
F11917,F12,P01,true,3,29,4
F11959,F12,P01,true,3,29,4
F11969,F12,P01,true,3,29,4
F11978,F12,P01,true,3,29,4
F11980,F12,P01,true,3,29,4
F12027,F12,P01,true,3,29,4
F12047,F12,P01,true,3,29,4
F12100,F12,P01,true,3,29,4
F12159,F12,P01,true,3,29,4
F12212,F12,P01,true,3,29,4
F12255,F12,P01,true,3,29,4
F12404,F13,P01,true,3,29,4
F12557,F13,P01,true,3,29,4
F12607,F13,P01,true,3,29,4
F12688,F13,P01,true,3,29,4
F12808,F13,P01,true,3,29,4
F12813,F13,P01,true,3,29,4
F12841,F13,P01,true,3,29,4
F12880,F13,P01,true,3,29,4
F12885,F13,P01,true,3,29,4
F12886,F13,P01,true,3,29,4
F13097,F13,P01,true,3,29,4
F13190,F13,P01,true,3,29,4
F13275,F13,P01,true,3,29,4
F13342,F14,P01,true,3,29,4
F13525,F14,P01,true,3,29,4
F13613,F14,P01,true,3,29,4
F13630,F14,P01,true,3,29,4
F13663,F14,P01,true,3,29,4
F13684,F14,P01,true,3,29,4
F13818,F14,P01,true,3,29,4
F13846,F14,P01,true,3,29,4
F13897,F14,P01,true,3,29,4
F13942,F14,P01,true,3,29,4
F14026,F14,P01,true,3,29,4
F14051,F14,P01,true,3,29,4
F14276,F14,P01,true,3,29,4
F14457,F15,P01,true,3,29,4
F14522,F15,P01,true,3,29,4
F14589,F15,P01,true,3,29,4
F14880,F15,P01,true,3,29,4
F14935,F15,P01,true,3,29,4
F14946,F15,P01,true,3,29,4
F15001,F15,P01,true,3,29,4
F15077,F15,P01,true,3,29,4
F15094,F15,P01,true,3,29,4
F15140,F15,P01,true,3,29,4
F15179,F15,P01,true,3,29,4
F15184,F15,P01,true,3,29,4
F15276,F15,P01,true,3,29,4
F15290,F15,P01,true,3,29,4
F15350,F15,P01,true,3,29,4
F15453,F16,P01,true,3,29,4
F15499,F16,P01,true,3,29,4
F15591,F16,P01,true,3,29,4
F15656,F16,P01,true,3,29,4
F15674,F16,P01,true,3,29,4
F15692,F16,P01,true,3,29,4
F15703,F16,P01,true,3,29,4
F15739,F16,P01,true,3,29,4
F15766,F16,P01,true,3,29,4
F15795,F16,P01,true,3,29,4
F15822,F16,P01,true,3,29,4
F15849,F16,P01,true,3,29,4
F15876,F16,P01,true,3,29,4
F15903,F16,P01,true,3,29,4
F15980,F16,P01,true,3,29,4
F16203,F16,P01,true,3,29,4
F16217,F16,P01,true,3,29,4
F16274,F16,P01,true,3,29,4
F16294,F16,P01,true,3,29,4
F16357,F16,P01,true,3,29,4
F16391,F17,P01,true,3,29,4
F16393,F17,P01,true,3,29,4
F16395,F17,P01,true,3,29,4
F16396,F17,P01,true,3,29,4
F16447,F17,P01,true,3,29,4
F16451,F17,P01,true,3,29,4
F16453,F17,P01,true,3,29,4
F16454,F17,P01,true,3,29,4
F16455,F17,P01,true,3,29,4
F16460,F17,P01,true,3,29,4
F16510,F17,P01,true,3,29,4
F16550,F17,P01,true,3,29,4
F16560,F17,P01,true,3,29,4
F16626,F17,P01,true,3,29,4
F16630,F17,P01,true,3,29,4
F16687,F17,P01,true,3,29,4
F16699,F17,P01,true,3,29,4
F16707,F17,P01,true,3,29,4
F16729,F17,P01,true,3,29,4
F16744,F17,P01,true,3,29,4
F16783,F17,P01,true,3,29,4
F16817,F17,P01,true,3,29,4
F16837,F17,P01,true,3,29,4
F16886,F17,P01,true,3,29,4
F16912,F17,P01,true,3,29,4
F16920,F17,P01,true,3,29,4
F16937,F17,P01,true,3,29,4
F16984,F17,P01,true,3,29,4
F17004,F17,P01,true,3,29,4
F17025,F17,P01,true,3,29,4
F17043,F17,P01,true,3,29,4
F17045,F17,P01,true,3,29,4
F17067,F17,P01,true,3,29,4
F17072,F17,P01,true,3,29,4
F17102,F17,P01,true,3,29,4
F17103,F17,P01,true,3,29,4
F17104,F17,P01,true,3,29,4
F17108,F17,P01,true,3,29,4
F17110,F17,P01,true,3,29,4
F17128,F17,P01,true,3,29,4
F17141,F17,P01,true,3,29,4
F17157,F17,P01,true,3,29,4
F17207,F17,P01,true,3,29,4
F17209,F17,P01,true,3,29,4
F17264,F17,P01,true,3,29,4
F17268,F17,P01,true,3,29,4
F17270,F17,P01,true,3,29,4
F17272,F17,P01,true,3,29,4
F17277,F17,P01,true,3,29,4
F17317,F17,P01,true,3,29,4
F17326,F17,P01,true,3,29,4
F17348,F17,P01,true,3,29,4
F17350,F17,P01,true,3,29,4
F17354,F17,P01,true,3,29,4
F17384,F17,P01,true,3,29,4
F17386,F17,P01,true,3,29,4
F17427,F18,P01,true,3,29,4
F17436,F18,P01,true,3,29,4
F17441,F18,P01,true,3,29,4
F17447,F18,P01,true,3,29,4
F17461,F18,P01,true,3,29,4
F17468,F18,P01,true,3,29,4
F17501,F18,P01,true,3,29,4
F17503,F18,P01,true,3,29,4
F17564,F18,P01,true,3,29,4
F17570,F18,P01,true,3,29,4
F17577,F18,P01,true,3,29,4
F17594,F18,P01,true,3,29,4
F17647,F18,P01,true,3,29,4
F17649,F18,P01,true,3,29,4
F17654,F18,P01,true,3,29,4
F17670,F18,P01,true,3,29,4
F17676,F18,P01,true,3,29,4
F17698,F18,P01,true,3,29,4
F17706,F18,P01,true,3,29,4
F17719,F18,P01,true,3,29,4
F17721,F18,P01,true,3,29,4
F17722,F18,P01,true,3,29,4
F17723,F18,P01,true,3,29,4
F17735,F18,P01,true,3,29,4
F17760,F18,P01,true,3,29,4
F17779,F18,P01,true,3,29,4
F17807,F18,P01,true,3,29,4
F17815,F18,P01,true,3,29,4
F17816,F18,P01,true,3,29,4
F17833,F18,P01,true,3,29,4
F17898,F18,P01,true,3,29,4
F17899,F18,P01,true,3,29,4
F17916,F18,P01,true,3,29,4
F17939,F18,P01,true,3,29,4
F17956,F18,P01,true,3,29,4
F17965,F18,P01,true,3,29,4
F17966,F18,P01,true,3,29,4
F17986,F18,P01,true,3,29,4
F17989,F18,P01,true,3,29,4
F17990,F18,P01,true,3,29,4
F17996,F18,P01,true,3,29,4
F18003,F18,P01,true,3,29,4
F18004,F18,P01,true,3,29,4
F18023,F18,P01,true,3,29,4
F18035,F18,P01,true,3,29,4
F18045,F18,P01,true,3,29,4
F18061,F18,P01,true,3,29,4
F18092,F18,P01,true,3,29,4
F18096,F18,P01,true,3,29,4
F18100,F18,P01,true,3,29,4
F18122,F18,P01,true,3,29,4
F18132,F18,P01,true,3,29,4
F18135,F18,P01,true,3,29,4
F18190,F18,P01,true,3,29,4
F18223,F18,P01,true,3,29,4
F18226,F18,P01,true,3,29,4
F18231,F18,P01,true,3,29,4
F18241,F18,P01,true,3,29,4
F18283,F18,P01,true,3,29,4
F18285,F18,P01,true,3,29,4
F18293,F18,P01,true,3,29,4
F18301,F18,P01,true,3,29,4
F18324,F18,P01,true,3,29,4
F18331,F18,P01,true,3,29,4
F18358,F18,P01,true,3,29,4
F18367,F18,P01,true,3,29,4
F18392,F18,P01,true,3,29,4
F18396,F18,P01,true,3,29,4
F18402,F18,P01,true,3,29,4
F18417,F18,P01,true,3,29,4
F18449,F19,P01,true,3,29,4
F18486,F19,P01,true,3,29,4
F18531,F19,P01,true,3,29,4
F18552,F19,P01,true,3,29,4
F18558,F19,P01,true,3,29,4
F18559,F19,P01,true,3,29,4
F18581,F19,P01,true,3,29,4
F18593,F19,P01,true,3,29,4
F18594,F19,P01,true,3,29,4
F18618,F19,P01,true,3,29,4
F18620,F19,P01,true,3,29,4
F18622,F19,P01,true,3,29,4
F18632,F19,P01,true,3,29,4
F18642,F19,P01,true,3,29,4
F18663,F19,P01,true,3,29,4
F18671,F19,P01,true,3,29,4
F18714,F19,P01,true,3,29,4
F18741,F19,P01,true,3,29,4
F18787,F19,P01,true,3,29,4
F18802,F19,P01,true,3,29,4
F18806,F19,P01,true,3,29,4
F18826,F19,P01,true,3,29,4
F18870,F19,P01,true,3,29,4
F18874,F19,P01,true,3,29,4
F18915,F19,P01,true,3,29,4
F18923,F19,P01,true,3,29,4
F18930,F19,P01,true,3,29,4
F18933,F19,P01,true,3,29,4
F18936,F19,P01,true,3,29,4
F18937,F19,P01,true,3,29,4
F18938,F19,P01,true,3,29,4
F18950,F19,P01,true,3,29,4
F18952,F19,P01,true,3,29,4
F18955,F19,P01,true,3,29,4
F18962,F19,P01,true,3,29,4
F18966,F19,P01,true,3,29,4
F18989,F19,P01,true,3,29,4
F18991,F19,P01,true,3,29,4
F19005,F19,P01,true,3,29,4
F19018,F19,P01,true,3,29,4
F19027,F19,P01,true,3,29,4
F19031,F19,P01,true,3,29,4
F19051,F19,P01,true,3,29,4
F19076,F19,P01,true,3,29,4
F19085,F19,P01,true,3,29,4
F19091,F19,P01,true,3,29,4
F19093,F19,P01,true,3,29,4
F19102,F19,P01,true,3,29,4
F19105,F19,P01,true,3,29,4
F19124,F19,P01,true,3,29,4
F19129,F19,P01,true,3,29,4
F19143,F19,P01,true,3,29,4
F19174,F19,P01,true,3,29,4
F19184,F19,P01,true,3,29,4
F19200,F19,P01,true,3,29,4
F19202,F19,P01,true,3,29,4
F19203,F19,P01,true,3,29,4
F19211,F19,P01,true,3,29,4
F19229,F19,P01,true,3,29,4
F19250,F19,P01,true,3,29,4
F19254,F19,P01,true,3,29,4
F19265,F19,P01,true,3,29,4
F19266,F19,P01,true,3,29,4
F19269,F19,P01,true,3,29,4
F19273,F19,P01,true,3,29,4
F19275,F19,P01,true,3,29,4
F19292,F19,P01,true,3,29,4
F19308,F19,P01,true,3,29,4
F19314,F19,P01,true,3,29,4
F19334,F19,P01,true,3,29,4
F19336,F19,P01,true,3,29,4
F19369,F19,P01,true,3,29,4
F19386,F19,P01,true,3,29,4
F19403,F19,P01,true,3,29,4
F19423,F19,P01,true,3,29,4
F19446,F19,P01,true,3,29,4
F19454,F19,P01,true,3,29,4
F19482,F20,P01,true,3,29,4
F19522,F20,P01,true,3,29,4
F19560,F20,P01,true,3,29,4
F19630,F20,P01,true,3,29,4
F19643,F20,P01,true,3,29,4
F19656,F20,P01,true,3,29,4
F19706,F20,P01,true,3,29,4
F19708,F20,P01,true,3,29,4
F19813,F20,P01,true,3,29,4
F19839,F20,P01,true,3,29,4
F19862,F20,P01,true,3,29,4
F19864,F20,P01,true,3,29,4
F19881,F20,P01,true,3,29,4
F19921,F20,P01,true,3,29,4
F19931,F20,P01,true,3,29,4
F19943,F20,P01,true,3,29,4
F19957,F20,P01,true,3,29,4
F19984,F20,P01,true,3,29,4
F19998,F20,P01,true,3,29,4
F20000,F20,P01,true,3,29,4
F20005,F20,P01,true,3,29,4
F20040,F20,P01,true,3,29,4
F20053,F20,P01,true,3,29,4
F20106,F20,P01,true,3,29,4
F20108,F20,P01,true,3,29,4
F20119,F20,P01,true,3,29,4
F20140,F20,P01,true,3,29,4
F20161,F20,P01,true,3,29,4
F20170,F20,P01,true,3,29,4
F20196,F20,P01,true,3,29,4
F20202,F20,P01,true,3,29,4
F20254,F20,P01,true,3,29,4
F20281,F20,P01,true,3,29,4
F20287,F20,P01,true,3,29,4
F20318,F20,P01,true,3,29,4
F20349,F20,P01,true,3,29,4
F20355,F20,P01,true,3,29,4
F20422,F20,P01,true,3,29,4
F20456,F20,P01,true,3,29,4
F20462,F20,P01,true,3,29,4
F20477,F20,P01,true,3,29,4
F20836,F21,P01,true,3,29,4
F21016,F21,P01,true,3,29,4
F21034,F21,P01,true,3,29,4
F21202,F21,P01,true,3,29,4
F21347,F21,P01,true,3,29,4
F21379,F21,P01,true,3,29,4
F21417,F21,P01,true,3,29,4
F21473,F21,P01,true,3,29,4
F21475,F21,P01,true,3,29,4
F21692,F22,P01,true,3,29,4
F21703,F22,P01,true,3,29,4
F21933,F22,P01,true,3,29,4
F21990,F22,P01,true,3,29,4
F22227,F22,P01,true,3,29,4
F22510,F22,P01,true,3,29,4
F22515,F22,P01,true,3,29,4
F22888,F23,P01,true,3,29,4
F23025,F23,P01,true,3,29,4
F23135,F23,P01,true,3,29,4
F23297,F23,P01,true,3,29,4
F23424,F23,P01,true,3,29,4
F23749,F24,P01,true,3,29,4
F23754,F24,P01,true,3,29,4
F23873,F24,P01,true,3,29,4
F23924,F24,P01,true,3,29,4
F24043,F24,P01,true,3,29,4
F24222,F24,P01,true,3,29,4
F24267,F24,P01,true,3,29,4
F24392,F24,P01,true,3,29,4
F24486,F24,P01,true,3,29,4
F24497,F24,P01,true,3,29,4
F24558,F24,P01,true,3,29,4
F00052,F01,P01,true,2,29,4
F00070,F01,P01,true,2,29,4
F00624,F01,P01,true,2,29,4
F02692,F03,P01,true,2,29,4
F03783,F04,P01,true,2,29,4
F04323,F05,P01,true,2,29,4
F04686,F05,P01,true,2,29,4
F05251,F06,P01,true,2,29,4
F06657,F07,P01,true,2,29,4
F07078,F07,P01,true,2,29,4
F07193,F08,P01,true,2,29,4
F07206,F08,P01,true,2,29,4
F07556,F08,P01,true,2,29,4
F07763,F08,P01,true,2,29,4
F08234,F09,P01,true,2,29,4
F08307,F09,P01,true,2,29,4
F08979,F09,P01,true,2,29,4
F09056,F09,P01,true,2,29,4
F09102,F09,P01,true,2,29,4
F09148,F09,P01,true,2,29,4
F09156,F09,P01,true,2,29,4
F09665,F10,P01,true,2,29,4
F09736,F10,P01,true,2,29,4
F09748,F10,P01,true,2,29,4
F10203,F10,P01,true,2,29,4
F10259,F11,P01,true,2,29,4
F10362,F11,P01,true,2,29,4
F10427,F11,P01,true,2,29,4
F10680,F11,P01,true,2,29,4
F10787,F11,P01,true,2,29,4
F10885,F11,P01,true,2,29,4
F11054,F11,P01,true,2,29,4
F11076,F11,P01,true,2,29,4
F12153,F12,P01,true,2,29,4
F12638,F13,P01,true,2,29,4
F12689,F13,P01,true,2,29,4
F13571,F14,P01,true,2,29,4
F14538,F15,P01,true,2,29,4
F14797,F15,P01,true,2,29,4
F16349,F16,P01,true,2,29,4
F16915,F17,P01,true,2,29,4
F17360,F17,P01,true,2,29,4
F17730,F18,P01,true,2,29,4
F18383,F18,P01,true,2,29,4
F18705,F19,P01,true,2,29,4
F18917,F19,P01,true,2,29,4
F19380,F19,P01,true,2,29,4
F19997,F20,P01,true,2,29,4
F20089,F20,P01,true,2,29,4
F20390,F20,P01,true,2,29,4
F22516,F22,P01,true,2,29,4
F23652,F24,P01,true,2,29,4
F02388,F03,P01,true,4,29,3
F03076,F04,P01,true,4,29,3
F03077,F04,P01,true,4,29,3
F03187,F04,P01,true,4,29,3
F03189,F04,P01,true,4,29,3
F03195,F04,P01,true,4,29,3
F03296,F04,P01,true,4,29,3
F03358,F04,P01,true,4,29,3
F03417,F04,P01,true,4,29,3
F03532,F04,P01,true,4,29,3
F03814,F04,P01,true,4,29,3
F03877,F04,P01,true,4,29,3
F03924,F04,P01,true,4,29,3
F03932,F04,P01,true,4,29,3
F10296,F11,P01,true,4,29,3
F11314,F12,P01,true,4,29,3
F11609,F12,P01,true,4,29,3
F11717,F12,P01,true,4,29,3
F12055,F12,P01,true,4,29,3
F12068,F12,P01,true,4,29,3
F12169,F12,P01,true,4,29,3
F12178,F12,P01,true,4,29,3
F12287,F12,P01,true,4,29,3
F19504,F20,P01,true,4,29,3
F19738,F20,P01,true,4,29,3
F20532,F21,P01,true,4,29,3
F20596,F21,P01,true,4,29,3
F20597,F21,P01,true,4,29,3
F20834,F21,P01,true,4,29,3
F20937,F21,P01,true,4,29,3
F21001,F21,P01,true,4,29,3
F21062,F21,P01,true,4,29,3
F21102,F21,P01,true,4,29,3
F21214,F21,P01,true,4,29,3
F21229,F21,P01,true,4,29,3
F21288,F21,P01,true,4,29,3
F21325,F21,P01,true,4,29,3
F21447,F21,P01,true,4,29,3
F21458,F21,P01,true,4,29,3
F21500,F21,P01,true,4,29,3
F21631,F22,P01,true,4,29,3
F21678,F22,P01,true,4,29,3
F21726,F22,P01,true,4,29,3
F21795,F22,P01,true,4,29,3
F21801,F22,P01,true,4,29,3
F21840,F22,P01,true,4,29,3
F21858,F22,P01,true,4,29,3
F21862,F22,P01,true,4,29,3
F21912,F22,P01,true,4,29,3
F21964,F22,P01,true,4,29,3
F21970,F22,P01,true,4,29,3
F22018,F22,P01,true,4,29,3
F22024,F22,P01,true,4,29,3
F22079,F22,P01,true,4,29,3
F22181,F22,P01,true,4,29,3
F22242,F22,P01,true,4,29,3
F22253,F22,P01,true,4,29,3
F22355,F22,P01,true,4,29,3
F22407,F22,P01,true,4,29,3
F22470,F22,P01,true,4,29,3
F22522,F22,P01,true,4,29,3
F22698,F23,P01,true,4,29,3
F22714,F23,P01,true,4,29,3
F22804,F23,P01,true,4,29,3
F22806,F23,P01,true,4,29,3
F22882,F23,P01,true,4,29,3
F22920,F23,P01,true,4,29,3
F22927,F23,P01,true,4,29,3
F22930,F23,P01,true,4,29,3
F22987,F23,P01,true,4,29,3
F22988,F23,P01,true,4,29,3
F23034,F23,P01,true,4,29,3
F23054,F23,P01,true,4,29,3
F23261,F23,P01,true,4,29,3
F23280,F23,P01,true,4,29,3
F23327,F23,P01,true,4,29,3
F23334,F23,P01,true,4,29,3
F23385,F23,P01,true,4,29,3
F23393,F23,P01,true,4,29,3
F23552,F23,P01,true,4,29,3
F23569,F24,P01,true,4,29,3
F23661,F24,P01,true,4,29,3
F23667,F24,P01,true,4,29,3
F23681,F24,P01,true,4,29,3
F23732,F24,P01,true,4,29,3
F23891,F24,P01,true,4,29,3
F23962,F24,P01,true,4,29,3
F24013,F24,P01,true,4,29,3
F24134,F24,P01,true,4,29,3
F24183,F24,P01,true,4,29,3
F24189,F24,P01,true,4,29,3
F24192,F24,P01,true,4,29,3
F24244,F24,P01,true,4,29,3
F24282,F24,P01,true,4,29,3
F24468,F24,P01,true,4,29,3
F24534,F24,P01,true,4,29,3
F03587,F04,P01,true,3,29,3
F03705,F04,P01,true,3,29,3
F03756,F04,P01,true,3,29,3
F03878,F04,P01,true,3,29,3
F10578,F11,P01,true,3,29,3
F10803,F11,P01,true,3,29,3
F10862,F11,P01,true,3,29,3
F10918,F11,P01,true,3,29,3
F11145,F11,P01,true,3,29,3
F11381,F12,P01,true,3,29,3
F11656,F12,P01,true,3,29,3
F11719,F12,P01,true,3,29,3
F11897,F12,P01,true,3,29,3
F11949,F12,P01,true,3,29,3
F12008,F12,P01,true,3,29,3
F12067,F12,P01,true,3,29,3
F12168,F12,P01,true,3,29,3
F12170,F12,P01,true,3,29,3
F12183,F12,P01,true,3,29,3
F12186,F12,P01,true,3,29,3
F12229,F12,P01,true,3,29,3
F12286,F12,P01,true,3,29,3
F19903,F20,P01,true,3,29,3
F20304,F20,P01,true,3,29,3
F20307,F20,P01,true,3,29,3
F20539,F21,P01,true,3,29,3
F20715,F21,P01,true,3,29,3
F20815,F21,P01,true,3,29,3
F20986,F21,P01,true,3,29,3
F21230,F21,P01,true,3,29,3
F21276,F21,P01,true,3,29,3
F21497,F21,P01,true,3,29,3
F22636,F23,P01,true,3,29,3
F22706,F23,P01,true,3,29,3
F23100,F23,P01,true,3,29,3
F23373,F23,P01,true,3,29,3
F23500,F23,P01,true,3,29,3
F23678,F24,P01,true,3,29,3
F23941,F24,P01,true,3,29,3
F24007,F24,P01,true,3,29,3
F24078,F24,P01,true,3,29,3
F24297,F24,P01,true,3,29,3
F24352,F24,P01,true,3,29,3
F24397,F24,P01,true,3,29,3
F24458,F24,P01,true,3,29,3
F11275,F12,P01,true,2,29,3
F22877,F23,P01,true,2,29,3
F24185,F24,P01,true,2,29,3
F00024,F01,P01,true,4,28,4
F00027,F01,P01,true,4,28,4
F00063,F01,P01,true,4,28,4
F00199,F01,P01,true,4,28,4
F00234,F01,P01,true,4,28,4
F00401,F01,P01,true,4,28,4
F00484,F01,P01,true,4,28,4
F00510,F01,P01,true,4,28,4
F00519,F01,P01,true,4,28,4
F00593,F01,P01,true,4,28,4
F00650,F01,P01,true,4,28,4
F00664,F01,P01,true,4,28,4
F00712,F01,P01,true,4,28,4
F00762,F01,P01,true,4,28,4
F00809,F01,P01,true,4,28,4
F00813,F01,P01,true,4,28,4
F00970,F01,P01,true,4,28,4
F00982,F01,P01,true,4,28,4
F01012,F01,P01,true,4,28,4
F01064,F02,P01,true,4,28,4
F01104,F02,P01,true,4,28,4
F01172,F02,P01,true,4,28,4
F01215,F02,P01,true,4,28,4
F01223,F02,P01,true,4,28,4
F01291,F02,P01,true,4,28,4
F01330,F02,P01,true,4,28,4
F01367,F02,P01,true,4,28,4
F01388,F02,P01,true,4,28,4
F01392,F02,P01,true,4,28,4
F01447,F02,P01,true,4,28,4
F01479,F02,P01,true,4,28,4
F01504,F02,P01,true,4,28,4
F01624,F02,P01,true,4,28,4
F01693,F02,P01,true,4,28,4
F01700,F02,P01,true,4,28,4
F01718,F02,P01,true,4,28,4
F01997,F02,P01,true,4,28,4
F02073,F03,P01,true,4,28,4
F02126,F03,P01,true,4,28,4
F02167,F03,P01,true,4,28,4
F02189,F03,P01,true,4,28,4
F02233,F03,P01,true,4,28,4
F02237,F03,P01,true,4,28,4
F02300,F03,P01,true,4,28,4
F02346,F03,P01,true,4,28,4
F02395,F03,P01,true,4,28,4
F02468,F03,P01,true,4,28,4
F02577,F03,P01,true,4,28,4
F02616,F03,P01,true,4,28,4
F02653,F03,P01,true,4,28,4
F02685,F03,P01,true,4,28,4
F02696,F03,P01,true,4,28,4
F02722,F03,P01,true,4,28,4
F02749,F03,P01,true,4,28,4
F02759,F03,P01,true,4,28,4
F02797,F03,P01,true,4,28,4
F02836,F03,P01,true,4,28,4
F02858,F03,P01,true,4,28,4
F02868,F03,P01,true,4,28,4
F02904,F03,P01,true,4,28,4
F03028,F03,P01,true,4,28,4
F03030,F03,P01,true,4,28,4
F03036,F03,P01,true,4,28,4
F03041,F03,P01,true,4,28,4
F03094,F04,P01,true,4,28,4
F03157,F04,P01,true,4,28,4
F03158,F04,P01,true,4,28,4
F03175,F04,P01,true,4,28,4
F03200,F04,P01,true,4,28,4
F03218,F04,P01,true,4,28,4
F03271,F04,P01,true,4,28,4
F03372,F04,P01,true,4,28,4
F03438,F04,P01,true,4,28,4
F03492,F04,P01,true,4,28,4
F03541,F04,P01,true,4,28,4
F03547,F04,P01,true,4,28,4
F03560,F04,P01,true,4,28,4
F03576,F04,P01,true,4,28,4
F03606,F04,P01,true,4,28,4
F03666,F04,P01,true,4,28,4
F03735,F04,P01,true,4,28,4
F03742,F04,P01,true,4,28,4
F03746,F04,P01,true,4,28,4
F03802,F04,P01,true,4,28,4
F03850,F04,P01,true,4,28,4
F04033,F04,P01,true,4,28,4
F04069,F04,P01,true,4,28,4
F04104,F05,P01,true,4,28,4
F04586,F05,P01,true,4,28,4
F04659,F05,P01,true,4,28,4
F04859,F05,P01,true,4,28,4
F04876,F05,P01,true,4,28,4
F05168,F06,P01,true,4,28,4
F05215,F06,P01,true,4,28,4
F05817,F06,P01,true,4,28,4
F05906,F06,P01,true,4,28,4
F05974,F06,P01,true,4,28,4
F05978,F06,P01,true,4,28,4
F06063,F06,P01,true,4,28,4
F06265,F07,P01,true,4,28,4
F06401,F07,P01,true,4,28,4
F06764,F07,P01,true,4,28,4
F06803,F07,P01,true,4,28,4
F06820,F07,P01,true,4,28,4
F07465,F08,P01,true,4,28,4
F07593,F08,P01,true,4,28,4
F07724,F08,P01,true,4,28,4
F07759,F08,P01,true,4,28,4
F07780,F08,P01,true,4,28,4
F07831,F08,P01,true,4,28,4
F07915,F08,P01,true,4,28,4
F08040,F08,P01,true,4,28,4
F08057,F08,P01,true,4,28,4
F08062,F08,P01,true,4,28,4
F08103,F08,P01,true,4,28,4
F08164,F08,P01,true,4,28,4
F08177,F08,P01,true,4,28,4
F08360,F09,P01,true,4,28,4
F08815,F09,P01,true,4,28,4
F08883,F09,P01,true,4,28,4
F09615,F10,P01,true,4,28,4
F10125,F10,P01,true,4,28,4
F10299,F11,P01,true,4,28,4
F10538,F11,P01,true,4,28,4
F10643,F11,P01,true,4,28,4
F10654,F11,P01,true,4,28,4
F10658,F11,P01,true,4,28,4
F11108,F11,P01,true,4,28,4
F11649,F12,P01,true,4,28,4
F12316,F13,P01,true,4,28,4
F12318,F13,P01,true,4,28,4
F12321,F13,P01,true,4,28,4
F12330,F13,P01,true,4,28,4
F12345,F13,P01,true,4,28,4
F12355,F13,P01,true,4,28,4
F12358,F13,P01,true,4,28,4
F12364,F13,P01,true,4,28,4
F12374,F13,P01,true,4,28,4
F12381,F13,P01,true,4,28,4
F12384,F13,P01,true,4,28,4
F12391,F13,P01,true,4,28,4
F12396,F13,P01,true,4,28,4
F12405,F13,P01,true,4,28,4
F12411,F13,P01,true,4,28,4
F12414,F13,P01,true,4,28,4
F12416,F13,P01,true,4,28,4
F12432,F13,P01,true,4,28,4
F12433,F13,P01,true,4,28,4
F12495,F13,P01,true,4,28,4
F12512,F13,P01,true,4,28,4
F12520,F13,P01,true,4,28,4
F12525,F13,P01,true,4,28,4
F12567,F13,P01,true,4,28,4
F12571,F13,P01,true,4,28,4
F12577,F13,P01,true,4,28,4
F12603,F13,P01,true,4,28,4
F12608,F13,P01,true,4,28,4
F12612,F13,P01,true,4,28,4
F12623,F13,P01,true,4,28,4
F12640,F13,P01,true,4,28,4
F12648,F13,P01,true,4,28,4
F12721,F13,P01,true,4,28,4
F12724,F13,P01,true,4,28,4
F12730,F13,P01,true,4,28,4
F12750,F13,P01,true,4,28,4
F12779,F13,P01,true,4,28,4
F12826,F13,P01,true,4,28,4
F12832,F13,P01,true,4,28,4
F12833,F13,P01,true,4,28,4
F12835,F13,P01,true,4,28,4
F12836,F13,P01,true,4,28,4
F12863,F13,P01,true,4,28,4
F12873,F13,P01,true,4,28,4
F12928,F13,P01,true,4,28,4
F12952,F13,P01,true,4,28,4
F12957,F13,P01,true,4,28,4
F12968,F13,P01,true,4,28,4
F12979,F13,P01,true,4,28,4
F12982,F13,P01,true,4,28,4
F13007,F13,P01,true,4,28,4
F13010,F13,P01,true,4,28,4
F13034,F13,P01,true,4,28,4
F13038,F13,P01,true,4,28,4
F13055,F13,P01,true,4,28,4
F13092,F13,P01,true,4,28,4
F13112,F13,P01,true,4,28,4
F13154,F13,P01,true,4,28,4
F13178,F13,P01,true,4,28,4
F13182,F13,P01,true,4,28,4
F13186,F13,P01,true,4,28,4
F13189,F13,P01,true,4,28,4
F13249,F13,P01,true,4,28,4
F13258,F13,P01,true,4,28,4
F13260,F13,P01,true,4,28,4
F13289,F13,P01,true,4,28,4
F13304,F13,P01,true,4,28,4
F13379,F14,P01,true,4,28,4
F13402,F14,P01,true,4,28,4
F13428,F14,P01,true,4,28,4
F13431,F14,P01,true,4,28,4
F13470,F14,P01,true,4,28,4
F13473,F14,P01,true,4,28,4
F13481,F14,P01,true,4,28,4
F13584,F14,P01,true,4,28,4
F13595,F14,P01,true,4,28,4
F13634,F14,P01,true,4,28,4
F13637,F14,P01,true,4,28,4
F13639,F14,P01,true,4,28,4
F13716,F14,P01,true,4,28,4
F13743,F14,P01,true,4,28,4
F13752,F14,P01,true,4,28,4
F13764,F14,P01,true,4,28,4
F13780,F14,P01,true,4,28,4
F13801,F14,P01,true,4,28,4
F13855,F14,P01,true,4,28,4
F13888,F14,P01,true,4,28,4
F13901,F14,P01,true,4,28,4
F13906,F14,P01,true,4,28,4
F13917,F14,P01,true,4,28,4
F13970,F14,P01,true,4,28,4
F13983,F14,P01,true,4,28,4
F13987,F14,P01,true,4,28,4
F14044,F14,P01,true,4,28,4
F14061,F14,P01,true,4,28,4
F14083,F14,P01,true,4,28,4
F14089,F14,P01,true,4,28,4
F14090,F14,P01,true,4,28,4
F14095,F14,P01,true,4,28,4
F14097,F14,P01,true,4,28,4
F14119,F14,P01,true,4,28,4
F14144,F14,P01,true,4,28,4
F14153,F14,P01,true,4,28,4
F14159,F14,P01,true,4,28,4
F14186,F14,P01,true,4,28,4
F14200,F14,P01,true,4,28,4
F14203,F14,P01,true,4,28,4
F14224,F14,P01,true,4,28,4
F14257,F14,P01,true,4,28,4
F14267,F14,P01,true,4,28,4
F14341,F15,P01,true,4,28,4
F14343,F15,P01,true,4,28,4
F14361,F15,P01,true,4,28,4
F14396,F15,P01,true,4,28,4
F14416,F15,P01,true,4,28,4
F14428,F15,P01,true,4,28,4
F14448,F15,P01,true,4,28,4
F14451,F15,P01,true,4,28,4
F14519,F15,P01,true,4,28,4
F14537,F15,P01,true,4,28,4
F14556,F15,P01,true,4,28,4
F14575,F15,P01,true,4,28,4
F14590,F15,P01,true,4,28,4
F14592,F15,P01,true,4,28,4
F14601,F15,P01,true,4,28,4
F14607,F15,P01,true,4,28,4
F14619,F15,P01,true,4,28,4
F14629,F15,P01,true,4,28,4
F14652,F15,P01,true,4,28,4
F14665,F15,P01,true,4,28,4
F14681,F15,P01,true,4,28,4
F14683,F15,P01,true,4,28,4
F14736,F15,P01,true,4,28,4
F14755,F15,P01,true,4,28,4
F14774,F15,P01,true,4,28,4
F14788,F15,P01,true,4,28,4
F14858,F15,P01,true,4,28,4
F14859,F15,P01,true,4,28,4
F14876,F15,P01,true,4,28,4
F14884,F15,P01,true,4,28,4
F14897,F15,P01,true,4,28,4
F14909,F15,P01,true,4,28,4
F14912,F15,P01,true,4,28,4
F14920,F15,P01,true,4,28,4
F14921,F15,P01,true,4,28,4
F14928,F15,P01,true,4,28,4
F14937,F15,P01,true,4,28,4
F14955,F15,P01,true,4,28,4
F15030,F15,P01,true,4,28,4
F15066,F15,P01,true,4,28,4
F15082,F15,P01,true,4,28,4
F15084,F15,P01,true,4,28,4
F15087,F15,P01,true,4,28,4
F15123,F15,P01,true,4,28,4
F15132,F15,P01,true,4,28,4
F15172,F15,P01,true,4,28,4
F15180,F15,P01,true,4,28,4
F15210,F15,P01,true,4,28,4
F15237,F15,P01,true,4,28,4
F15241,F15,P01,true,4,28,4
F15247,F15,P01,true,4,28,4
F15248,F15,P01,true,4,28,4
F15265,F15,P01,true,4,28,4
F15274,F15,P01,true,4,28,4
F15291,F15,P01,true,4,28,4
F15306,F15,P01,true,4,28,4
F15320,F15,P01,true,4,28,4
F15330,F15,P01,true,4,28,4
F15342,F15,P01,true,4,28,4
F15357,F15,P01,true,4,28,4
F15439,F16,P01,true,4,28,4
F15474,F16,P01,true,4,28,4
F15478,F16,P01,true,4,28,4
F15506,F16,P01,true,4,28,4
F15510,F16,P01,true,4,28,4
F15541,F16,P01,true,4,28,4
F15547,F16,P01,true,4,28,4
F15548,F16,P01,true,4,28,4
F15552,F16,P01,true,4,28,4
F15575,F16,P01,true,4,28,4
F15624,F16,P01,true,4,28,4
F15629,F16,P01,true,4,28,4
F15634,F16,P01,true,4,28,4
F15642,F16,P01,true,4,28,4
F15688,F16,P01,true,4,28,4
F15709,F16,P01,true,4,28,4
F15755,F16,P01,true,4,28,4
F15769,F16,P01,true,4,28,4
F15773,F16,P01,true,4,28,4
F15790,F16,P01,true,4,28,4
F15815,F16,P01,true,4,28,4
F15819,F16,P01,true,4,28,4
F15837,F16,P01,true,4,28,4
F15871,F16,P01,true,4,28,4
F15911,F16,P01,true,4,28,4
F15939,F16,P01,true,4,28,4
F15958,F16,P01,true,4,28,4
F15965,F16,P01,true,4,28,4
F15966,F16,P01,true,4,28,4
F15984,F16,P01,true,4,28,4
F16017,F16,P01,true,4,28,4
F16056,F16,P01,true,4,28,4
F16057,F16,P01,true,4,28,4
F16058,F16,P01,true,4,28,4
F16075,F16,P01,true,4,28,4
F16112,F16,P01,true,4,28,4
F16114,F16,P01,true,4,28,4
F16131,F16,P01,true,4,28,4
F16175,F16,P01,true,4,28,4
F16220,F16,P01,true,4,28,4
F16259,F16,P01,true,4,28,4
F16278,F16,P01,true,4,28,4
F16295,F16,P01,true,4,28,4
F16299,F16,P01,true,4,28,4
F16331,F16,P01,true,4,28,4
F16353,F16,P01,true,4,28,4
F16359,F16,P01,true,4,28,4
F16368,F16,P01,true,4,28,4
F16486,F17,P01,true,4,28,4
F16775,F17,P01,true,4,28,4
F16901,F17,P01,true,4,28,4
F17133,F17,P01,true,4,28,4
F17195,F17,P01,true,4,28,4
F17599,F18,P01,true,4,28,4
F17803,F18,P01,true,4,28,4
F17845,F18,P01,true,4,28,4
F17948,F18,P01,true,4,28,4
F17980,F18,P01,true,4,28,4
F18039,F18,P01,true,4,28,4
F18146,F18,P01,true,4,28,4
F18191,F18,P01,true,4,28,4
F18200,F18,P01,true,4,28,4
F18575,F19,P01,true,4,28,4
F18646,F19,P01,true,4,28,4
F18757,F19,P01,true,4,28,4
F18899,F19,P01,true,4,28,4
F19163,F19,P01,true,4,28,4
F19224,F19,P01,true,4,28,4
F19302,F19,P01,true,4,28,4
F19397,F19,P01,true,4,28,4
F19486,F20,P01,true,4,28,4
F19624,F20,P01,true,4,28,4
F19777,F20,P01,true,4,28,4
F19948,F20,P01,true,4,28,4
F19952,F20,P01,true,4,28,4
F20054,F20,P01,true,4,28,4
F20141,F20,P01,true,4,28,4
F20222,F20,P01,true,4,28,4
F20274,F20,P01,true,4,28,4
F20419,F20,P01,true,4,28,4
F20500,F21,P01,true,4,28,4
F20525,F21,P01,true,4,28,4
F20569,F21,P01,true,4,28,4
F20629,F21,P01,true,4,28,4
F20640,F21,P01,true,4,28,4
F20675,F21,P01,true,4,28,4
F20691,F21,P01,true,4,28,4
F20733,F21,P01,true,4,28,4
F20748,F21,P01,true,4,28,4
F20776,F21,P01,true,4,28,4
F20844,F21,P01,true,4,28,4
F20859,F21,P01,true,4,28,4
F20865,F21,P01,true,4,28,4
F20970,F21,P01,true,4,28,4
F20982,F21,P01,true,4,28,4
F21067,F21,P01,true,4,28,4
F21088,F21,P01,true,4,28,4
F21208,F21,P01,true,4,28,4
F21209,F21,P01,true,4,28,4
F21314,F21,P01,true,4,28,4
F21354,F21,P01,true,4,28,4
F21429,F21,P01,true,4,28,4
F21432,F21,P01,true,4,28,4
F21433,F21,P01,true,4,28,4
F21484,F21,P01,true,4,28,4
F21521,F22,P01,true,4,28,4
F21533,F22,P01,true,4,28,4
F21544,F22,P01,true,4,28,4
F21583,F22,P01,true,4,28,4
F21590,F22,P01,true,4,28,4
F21648,F22,P01,true,4,28,4
F21814,F22,P01,true,4,28,4
F21818,F22,P01,true,4,28,4
F21930,F22,P01,true,4,28,4
F21945,F22,P01,true,4,28,4
F21980,F22,P01,true,4,28,4
F22005,F22,P01,true,4,28,4
F22150,F22,P01,true,4,28,4
F22157,F22,P01,true,4,28,4
F22169,F22,P01,true,4,28,4
F22208,F22,P01,true,4,28,4
F22220,F22,P01,true,4,28,4
F22232,F22,P01,true,4,28,4
F22263,F22,P01,true,4,28,4
F22399,F22,P01,true,4,28,4
F22439,F22,P01,true,4,28,4
F22451,F22,P01,true,4,28,4
F22605,F23,P01,true,4,28,4
F22625,F23,P01,true,4,28,4
F22626,F23,P01,true,4,28,4
F22722,F23,P01,true,4,28,4
F22794,F23,P01,true,4,28,4
F22902,F23,P01,true,4,28,4
F23003,F23,P01,true,4,28,4
F23012,F23,P01,true,4,28,4
F23121,F23,P01,true,4,28,4
F23125,F23,P01,true,4,28,4
F23243,F23,P01,true,4,28,4
F23247,F23,P01,true,4,28,4
F23293,F23,P01,true,4,28,4
F23304,F23,P01,true,4,28,4
F23307,F23,P01,true,4,28,4
F23401,F23,P01,true,4,28,4
F23415,F23,P01,true,4,28,4
F23425,F23,P01,true,4,28,4
F23513,F23,P01,true,4,28,4
F23515,F23,P01,true,4,28,4
F23532,F23,P01,true,4,28,4
F23575,F24,P01,true,4,28,4
F23709,F24,P01,true,4,28,4
F23740,F24,P01,true,4,28,4
F23743,F24,P01,true,4,28,4
F23823,F24,P01,true,4,28,4
F23862,F24,P01,true,4,28,4
F23872,F24,P01,true,4,28,4
F23919,F24,P01,true,4,28,4
F23934,F24,P01,true,4,28,4
F24104,F24,P01,true,4,28,4
F24139,F24,P01,true,4,28,4
F24141,F24,P01,true,4,28,4
F24146,F24,P01,true,4,28,4
F24253,F24,P01,true,4,28,4
F24265,F24,P01,true,4,28,4
F24311,F24,P01,true,4,28,4
F24426,F24,P01,true,4,28,4
F24508,F24,P01,true,4,28,4
F24538,F24,P01,true,4,28,4
F24539,F24,P01,true,4,28,4
F24541,F24,P01,true,4,28,4
F24551,F24,P01,true,4,28,4
F00006,F01,P01,true,3,28,4
F00036,F01,P01,true,3,28,4
F00072,F01,P01,true,3,28,4
F00093,F01,P01,true,3,28,4
F00187,F01,P01,true,3,28,4
F00203,F01,P01,true,3,28,4
F00204,F01,P01,true,3,28,4
F00253,F01,P01,true,3,28,4
F00257,F01,P01,true,3,28,4
F00280,F01,P01,true,3,28,4
F00310,F01,P01,true,3,28,4
F00311,F01,P01,true,3,28,4
F00323,F01,P01,true,3,28,4
F00326,F01,P01,true,3,28,4
F00328,F01,P01,true,3,28,4
F00338,F01,P01,true,3,28,4
F00354,F01,P01,true,3,28,4
F00364,F01,P01,true,3,28,4
F00379,F01,P01,true,3,28,4
F00398,F01,P01,true,3,28,4
F00441,F01,P01,true,3,28,4
F00502,F01,P01,true,3,28,4
F00641,F01,P01,true,3,28,4
F00648,F01,P01,true,3,28,4
F00722,F01,P01,true,3,28,4
F00729,F01,P01,true,3,28,4
F00736,F01,P01,true,3,28,4
F00812,F01,P01,true,3,28,4
F00831,F01,P01,true,3,28,4
F00841,F01,P01,true,3,28,4
F00843,F01,P01,true,3,28,4
F00874,F01,P01,true,3,28,4
F00899,F01,P01,true,3,28,4
F00922,F01,P01,true,3,28,4
F00947,F01,P01,true,3,28,4
F00990,F01,P01,true,3,28,4
F00998,F01,P01,true,3,28,4
F00999,F01,P01,true,3,28,4
F01033,F02,P01,true,3,28,4
F01050,F02,P01,true,3,28,4
F01083,F02,P01,true,3,28,4
F01088,F02,P01,true,3,28,4
F01090,F02,P01,true,3,28,4
F01097,F02,P01,true,3,28,4
F01163,F02,P01,true,3,28,4
F01166,F02,P01,true,3,28,4
F01355,F02,P01,true,3,28,4
F01376,F02,P01,true,3,28,4
F01411,F02,P01,true,3,28,4
F01485,F02,P01,true,3,28,4
F01610,F02,P01,true,3,28,4
F01632,F02,P01,true,3,28,4
F01679,F02,P01,true,3,28,4
F01692,F02,P01,true,3,28,4
F01760,F02,P01,true,3,28,4
F01762,F02,P01,true,3,28,4
F01768,F02,P01,true,3,28,4
F01853,F02,P01,true,3,28,4
F01876,F02,P01,true,3,28,4
F01905,F02,P01,true,3,28,4
F01937,F02,P01,true,3,28,4
F01941,F02,P01,true,3,28,4
F01976,F02,P01,true,3,28,4
F01981,F02,P01,true,3,28,4
F02013,F02,P01,true,3,28,4
F02032,F02,P01,true,3,28,4
F02034,F02,P01,true,3,28,4
F02043,F02,P01,true,3,28,4
F02064,F03,P01,true,3,28,4
F02072,F03,P01,true,3,28,4
F02127,F03,P01,true,3,28,4
F02134,F03,P01,true,3,28,4
F02175,F03,P01,true,3,28,4
F02228,F03,P01,true,3,28,4
F02268,F03,P01,true,3,28,4
F02340,F03,P01,true,3,28,4
F02354,F03,P01,true,3,28,4
F02384,F03,P01,true,3,28,4
F02429,F03,P01,true,3,28,4
F02486,F03,P01,true,3,28,4
F02534,F03,P01,true,3,28,4
F02581,F03,P01,true,3,28,4
F02601,F03,P01,true,3,28,4
F02663,F03,P01,true,3,28,4
F02771,F03,P01,true,3,28,4
F02840,F03,P01,true,3,28,4
F02854,F03,P01,true,3,28,4
F02871,F03,P01,true,3,28,4
F02885,F03,P01,true,3,28,4
F03007,F03,P01,true,3,28,4
F03050,F03,P01,true,3,28,4
F03054,F03,P01,true,3,28,4
F03068,F03,P01,true,3,28,4
F03081,F04,P01,true,3,28,4
F03092,F04,P01,true,3,28,4
F03100,F04,P01,true,3,28,4
F03224,F04,P01,true,3,28,4
F03264,F04,P01,true,3,28,4
F03287,F04,P01,true,3,28,4
F03290,F04,P01,true,3,28,4
F03317,F04,P01,true,3,28,4
F03322,F04,P01,true,3,28,4
F03331,F04,P01,true,3,28,4
F03344,F04,P01,true,3,28,4
F03352,F04,P01,true,3,28,4
F03395,F04,P01,true,3,28,4
F03448,F04,P01,true,3,28,4
F03459,F04,P01,true,3,28,4
F03487,F04,P01,true,3,28,4
F03507,F04,P01,true,3,28,4
F03634,F04,P01,true,3,28,4
F03864,F04,P01,true,3,28,4
F03891,F04,P01,true,3,28,4
F03894,F04,P01,true,3,28,4
F03963,F04,P01,true,3,28,4
F04009,F04,P01,true,3,28,4
F04086,F04,P01,true,3,28,4
F04118,F05,P01,true,3,28,4
F04131,F05,P01,true,3,28,4
F04141,F05,P01,true,3,28,4
F04152,F05,P01,true,3,28,4
F04155,F05,P01,true,3,28,4
F04165,F05,P01,true,3,28,4
F04178,F05,P01,true,3,28,4
F04201,F05,P01,true,3,28,4
F04208,F05,P01,true,3,28,4
F04227,F05,P01,true,3,28,4
F04247,F05,P01,true,3,28,4
F04258,F05,P01,true,3,28,4
F04280,F05,P01,true,3,28,4
F04297,F05,P01,true,3,28,4
F04309,F05,P01,true,3,28,4
F04320,F05,P01,true,3,28,4
F04376,F05,P01,true,3,28,4
F04378,F05,P01,true,3,28,4
F04389,F05,P01,true,3,28,4
F04397,F05,P01,true,3,28,4
F04405,F05,P01,true,3,28,4
F04407,F05,P01,true,3,28,4
F04448,F05,P01,true,3,28,4
F04460,F05,P01,true,3,28,4
F04505,F05,P01,true,3,28,4
F04516,F05,P01,true,3,28,4
F04517,F05,P01,true,3,28,4
F04546,F05,P01,true,3,28,4
F04548,F05,P01,true,3,28,4
F04552,F05,P01,true,3,28,4
F04554,F05,P01,true,3,28,4
F04575,F05,P01,true,3,28,4
F04577,F05,P01,true,3,28,4
F04587,F05,P01,true,3,28,4
F04590,F05,P01,true,3,28,4
F04595,F05,P01,true,3,28,4
F04605,F05,P01,true,3,28,4
F04618,F05,P01,true,3,28,4
F04626,F05,P01,true,3,28,4
F04666,F05,P01,true,3,28,4
F04681,F05,P01,true,3,28,4
F04683,F05,P01,true,3,28,4
F04732,F05,P01,true,3,28,4
F04756,F05,P01,true,3,28,4
F04798,F05,P01,true,3,28,4
F04802,F05,P01,true,3,28,4
F04817,F05,P01,true,3,28,4
F04849,F05,P01,true,3,28,4
F04852,F05,P01,true,3,28,4
F04878,F05,P01,true,3,28,4
F04879,F05,P01,true,3,28,4
F04933,F05,P01,true,3,28,4
F04935,F05,P01,true,3,28,4
F04973,F05,P01,true,3,28,4
F04977,F05,P01,true,3,28,4
F05033,F05,P01,true,3,28,4
F05046,F05,P01,true,3,28,4
F05060,F05,P01,true,3,28,4
F05062,F05,P01,true,3,28,4
F05086,F05,P01,true,3,28,4
F05103,F05,P01,true,3,28,4
F05127,F06,P01,true,3,28,4
F05131,F06,P01,true,3,28,4
F05167,F06,P01,true,3,28,4
F05180,F06,P01,true,3,28,4
F05187,F06,P01,true,3,28,4
F05195,F06,P01,true,3,28,4
F05203,F06,P01,true,3,28,4
F05235,F06,P01,true,3,28,4
F05240,F06,P01,true,3,28,4
F05249,F06,P01,true,3,28,4
F05250,F06,P01,true,3,28,4
F05271,F06,P01,true,3,28,4
F05300,F06,P01,true,3,28,4
F05342,F06,P01,true,3,28,4
F05350,F06,P01,true,3,28,4
F05439,F06,P01,true,3,28,4
F05464,F06,P01,true,3,28,4
F05479,F06,P01,true,3,28,4
F05481,F06,P01,true,3,28,4
F05482,F06,P01,true,3,28,4
F05484,F06,P01,true,3,28,4
F05486,F06,P01,true,3,28,4
F05492,F06,P01,true,3,28,4
F05493,F06,P01,true,3,28,4
F05519,F06,P01,true,3,28,4
F05526,F06,P01,true,3,28,4
F05533,F06,P01,true,3,28,4
F05561,F06,P01,true,3,28,4
F05581,F06,P01,true,3,28,4
F05601,F06,P01,true,3,28,4
F05663,F06,P01,true,3,28,4
F05664,F06,P01,true,3,28,4
F05691,F06,P01,true,3,28,4
F05702,F06,P01,true,3,28,4
F05723,F06,P01,true,3,28,4
F05765,F06,P01,true,3,28,4
F05767,F06,P01,true,3,28,4
F05784,F06,P01,true,3,28,4
F05787,F06,P01,true,3,28,4
F05794,F06,P01,true,3,28,4
F05806,F06,P01,true,3,28,4
F05816,F06,P01,true,3,28,4
F05839,F06,P01,true,3,28,4
F05865,F06,P01,true,3,28,4
F05882,F06,P01,true,3,28,4
F05919,F06,P01,true,3,28,4
F05935,F06,P01,true,3,28,4
F05946,F06,P01,true,3,28,4
F05947,F06,P01,true,3,28,4
F05952,F06,P01,true,3,28,4
F05958,F06,P01,true,3,28,4
F06007,F06,P01,true,3,28,4
F06055,F06,P01,true,3,28,4
F06059,F06,P01,true,3,28,4
F06062,F06,P01,true,3,28,4
F06076,F06,P01,true,3,28,4
F06086,F06,P01,true,3,28,4
F06091,F06,P01,true,3,28,4
F06093,F06,P01,true,3,28,4
F06102,F06,P01,true,3,28,4
F06107,F06,P01,true,3,28,4
F06109,F06,P01,true,3,28,4
F06131,F06,P01,true,3,28,4
F06136,F06,P01,true,3,28,4
F06160,F07,P01,true,3,28,4
F06178,F07,P01,true,3,28,4
F06189,F07,P01,true,3,28,4
F06212,F07,P01,true,3,28,4
F06214,F07,P01,true,3,28,4
F06222,F07,P01,true,3,28,4
F06224,F07,P01,true,3,28,4
F06312,F07,P01,true,3,28,4
F06323,F07,P01,true,3,28,4
F06354,F07,P01,true,3,28,4
F06371,F07,P01,true,3,28,4
F06402,F07,P01,true,3,28,4
F06455,F07,P01,true,3,28,4
F06457,F07,P01,true,3,28,4
F06460,F07,P01,true,3,28,4
F06489,F07,P01,true,3,28,4
F06509,F07,P01,true,3,28,4
F06513,F07,P01,true,3,28,4
F06556,F07,P01,true,3,28,4
F06577,F07,P01,true,3,28,4
F06646,F07,P01,true,3,28,4
F06664,F07,P01,true,3,28,4
F06670,F07,P01,true,3,28,4
F06672,F07,P01,true,3,28,4
F06688,F07,P01,true,3,28,4
F06705,F07,P01,true,3,28,4
F06714,F07,P01,true,3,28,4
F06718,F07,P01,true,3,28,4
F06721,F07,P01,true,3,28,4
F06722,F07,P01,true,3,28,4
F06728,F07,P01,true,3,28,4
F06741,F07,P01,true,3,28,4
F06792,F07,P01,true,3,28,4
F06793,F07,P01,true,3,28,4
F06830,F07,P01,true,3,28,4
F06833,F07,P01,true,3,28,4
F06836,F07,P01,true,3,28,4
F06844,F07,P01,true,3,28,4
F06846,F07,P01,true,3,28,4
F06855,F07,P01,true,3,28,4
F06923,F07,P01,true,3,28,4
F06941,F07,P01,true,3,28,4
F06945,F07,P01,true,3,28,4
F06946,F07,P01,true,3,28,4
F06978,F07,P01,true,3,28,4
F06979,F07,P01,true,3,28,4
F06998,F07,P01,true,3,28,4
F07008,F07,P01,true,3,28,4
F07014,F07,P01,true,3,28,4
F07031,F07,P01,true,3,28,4
F07141,F07,P01,true,3,28,4
F07151,F07,P01,true,3,28,4
F07164,F07,P01,true,3,28,4
F07183,F08,P01,true,3,28,4
F07187,F08,P01,true,3,28,4
F07233,F08,P01,true,3,28,4
F07257,F08,P01,true,3,28,4
F07287,F08,P01,true,3,28,4
F07288,F08,P01,true,3,28,4
F07296,F08,P01,true,3,28,4
F07321,F08,P01,true,3,28,4
F07330,F08,P01,true,3,28,4
F07338,F08,P01,true,3,28,4
F07346,F08,P01,true,3,28,4
F07391,F08,P01,true,3,28,4
F07432,F08,P01,true,3,28,4
F07449,F08,P01,true,3,28,4
F07456,F08,P01,true,3,28,4
F07484,F08,P01,true,3,28,4
F07488,F08,P01,true,3,28,4
F07494,F08,P01,true,3,28,4
F07518,F08,P01,true,3,28,4
F07550,F08,P01,true,3,28,4
F07553,F08,P01,true,3,28,4
F07562,F08,P01,true,3,28,4
F07563,F08,P01,true,3,28,4
F07608,F08,P01,true,3,28,4
F07618,F08,P01,true,3,28,4
F07693,F08,P01,true,3,28,4
F07701,F08,P01,true,3,28,4
F07709,F08,P01,true,3,28,4
F07716,F08,P01,true,3,28,4
F07783,F08,P01,true,3,28,4
F07806,F08,P01,true,3,28,4
F07828,F08,P01,true,3,28,4
F07834,F08,P01,true,3,28,4
F07843,F08,P01,true,3,28,4
F07846,F08,P01,true,3,28,4
F07847,F08,P01,true,3,28,4
F07900,F08,P01,true,3,28,4
F07912,F08,P01,true,3,28,4
F07917,F08,P01,true,3,28,4
F07927,F08,P01,true,3,28,4
F07941,F08,P01,true,3,28,4
F07956,F08,P01,true,3,28,4
F07959,F08,P01,true,3,28,4
F07966,F08,P01,true,3,28,4
F07978,F08,P01,true,3,28,4
F07993,F08,P01,true,3,28,4
F08021,F08,P01,true,3,28,4
F08088,F08,P01,true,3,28,4
F08101,F08,P01,true,3,28,4
F08107,F08,P01,true,3,28,4
F08112,F08,P01,true,3,28,4
F08117,F08,P01,true,3,28,4
F08142,F08,P01,true,3,28,4
F08168,F08,P01,true,3,28,4
F08178,F08,P01,true,3,28,4
F08216,F09,P01,true,3,28,4
F08220,F09,P01,true,3,28,4
F08240,F09,P01,true,3,28,4
F08254,F09,P01,true,3,28,4
F08267,F09,P01,true,3,28,4
F08287,F09,P01,true,3,28,4
F08293,F09,P01,true,3,28,4
F08301,F09,P01,true,3,28,4
F08306,F09,P01,true,3,28,4
F08315,F09,P01,true,3,28,4
F08340,F09,P01,true,3,28,4
F08356,F09,P01,true,3,28,4
F08359,F09,P01,true,3,28,4
F08402,F09,P01,true,3,28,4
F08414,F09,P01,true,3,28,4
F08459,F09,P01,true,3,28,4
F08483,F09,P01,true,3,28,4
F08487,F09,P01,true,3,28,4
F08519,F09,P01,true,3,28,4
F08550,F09,P01,true,3,28,4
F08564,F09,P01,true,3,28,4
F08591,F09,P01,true,3,28,4
F08608,F09,P01,true,3,28,4
F08623,F09,P01,true,3,28,4
F08653,F09,P01,true,3,28,4
F08665,F09,P01,true,3,28,4
F08699,F09,P01,true,3,28,4
F08717,F09,P01,true,3,28,4
F08720,F09,P01,true,3,28,4
F08763,F09,P01,true,3,28,4
F08777,F09,P01,true,3,28,4
F08805,F09,P01,true,3,28,4
F08816,F09,P01,true,3,28,4
F08841,F09,P01,true,3,28,4
F08844,F09,P01,true,3,28,4
F08847,F09,P01,true,3,28,4
F08849,F09,P01,true,3,28,4
F08851,F09,P01,true,3,28,4
F08871,F09,P01,true,3,28,4
F08905,F09,P01,true,3,28,4
F08925,F09,P01,true,3,28,4
F08978,F09,P01,true,3,28,4
F08980,F09,P01,true,3,28,4
F08981,F09,P01,true,3,28,4
F08999,F09,P01,true,3,28,4
F09003,F09,P01,true,3,28,4
F09006,F09,P01,true,3,28,4
F09015,F09,P01,true,3,28,4
F09024,F09,P01,true,3,28,4
F09025,F09,P01,true,3,28,4
F09028,F09,P01,true,3,28,4
F09049,F09,P01,true,3,28,4
F09070,F09,P01,true,3,28,4
F09140,F09,P01,true,3,28,4
F09166,F09,P01,true,3,28,4
F09168,F09,P01,true,3,28,4
F09182,F09,P01,true,3,28,4
F09185,F09,P01,true,3,28,4
F09233,F10,P01,true,3,28,4
F09240,F10,P01,true,3,28,4
F09288,F10,P01,true,3,28,4
F09303,F10,P01,true,3,28,4
F09355,F10,P01,true,3,28,4
F09375,F10,P01,true,3,28,4
F09415,F10,P01,true,3,28,4
F09422,F10,P01,true,3,28,4
F09450,F10,P01,true,3,28,4
F09468,F10,P01,true,3,28,4
F09470,F10,P01,true,3,28,4
F09476,F10,P01,true,3,28,4
F09545,F10,P01,true,3,28,4
F09564,F10,P01,true,3,28,4
F09571,F10,P01,true,3,28,4
F09590,F10,P01,true,3,28,4
F09592,F10,P01,true,3,28,4
F09606,F10,P01,true,3,28,4
F09618,F10,P01,true,3,28,4
F09628,F10,P01,true,3,28,4
F09629,F10,P01,true,3,28,4
F09642,F10,P01,true,3,28,4
F09653,F10,P01,true,3,28,4
F09654,F10,P01,true,3,28,4
F09658,F10,P01,true,3,28,4
F09663,F10,P01,true,3,28,4
F09669,F10,P01,true,3,28,4
F09706,F10,P01,true,3,28,4
F09753,F10,P01,true,3,28,4
F09755,F10,P01,true,3,28,4
F09762,F10,P01,true,3,28,4
F09820,F10,P01,true,3,28,4
F09827,F10,P01,true,3,28,4
F09845,F10,P01,true,3,28,4
F09856,F10,P01,true,3,28,4
F09857,F10,P01,true,3,28,4
F09882,F10,P01,true,3,28,4
F09895,F10,P01,true,3,28,4
F09903,F10,P01,true,3,28,4
F09908,F10,P01,true,3,28,4
F09943,F10,P01,true,3,28,4
F09946,F10,P01,true,3,28,4
F09949,F10,P01,true,3,28,4
F09953,F10,P01,true,3,28,4
F09955,F10,P01,true,3,28,4
F09995,F10,P01,true,3,28,4
F09998,F10,P01,true,3,28,4
F10008,F10,P01,true,3,28,4
F10016,F10,P01,true,3,28,4
F10047,F10,P01,true,3,28,4
F10051,F10,P01,true,3,28,4
F10053,F10,P01,true,3,28,4
F10058,F10,P01,true,3,28,4
F10060,F10,P01,true,3,28,4
F10115,F10,P01,true,3,28,4
F10126,F10,P01,true,3,28,4
F10158,F10,P01,true,3,28,4
F10159,F10,P01,true,3,28,4
F10214,F10,P01,true,3,28,4
F10233,F10,P01,true,3,28,4
F10242,F11,P01,true,3,28,4
F10310,F11,P01,true,3,28,4
F10323,F11,P01,true,3,28,4
F10460,F11,P01,true,3,28,4
F10474,F11,P01,true,3,28,4
F10481,F11,P01,true,3,28,4
F10493,F11,P01,true,3,28,4
F10494,F11,P01,true,3,28,4
F10506,F11,P01,true,3,28,4
F10537,F11,P01,true,3,28,4
F10539,F11,P01,true,3,28,4
F10558,F11,P01,true,3,28,4
F10583,F11,P01,true,3,28,4
F10598,F11,P01,true,3,28,4
F10646,F11,P01,true,3,28,4
F10648,F11,P01,true,3,28,4
F10656,F11,P01,true,3,28,4
F10667,F11,P01,true,3,28,4
F10715,F11,P01,true,3,28,4
F10729,F11,P01,true,3,28,4
F10766,F11,P01,true,3,28,4
F10783,F11,P01,true,3,28,4
F10789,F11,P01,true,3,28,4
F10794,F11,P01,true,3,28,4
F10811,F11,P01,true,3,28,4
F10815,F11,P01,true,3,28,4
F10819,F11,P01,true,3,28,4
F10821,F11,P01,true,3,28,4
F10823,F11,P01,true,3,28,4
F10839,F11,P01,true,3,28,4
F10854,F11,P01,true,3,28,4
F10869,F11,P01,true,3,28,4
F10908,F11,P01,true,3,28,4
F10929,F11,P01,true,3,28,4
F10938,F11,P01,true,3,28,4
F10945,F11,P01,true,3,28,4
F10951,F11,P01,true,3,28,4
F11017,F11,P01,true,3,28,4
F11019,F11,P01,true,3,28,4
F11027,F11,P01,true,3,28,4
F11174,F11,P01,true,3,28,4
F11175,F11,P01,true,3,28,4
F11194,F11,P01,true,3,28,4
F11206,F11,P01,true,3,28,4
F11233,F11,P01,true,3,28,4
F11236,F11,P01,true,3,28,4
F11243,F11,P01,true,3,28,4
F11245,F11,P01,true,3,28,4
F11247,F11,P01,true,3,28,4
F11251,F11,P01,true,3,28,4
F11284,F12,P01,true,3,28,4
F11285,F12,P01,true,3,28,4
F11289,F12,P01,true,3,28,4
F11356,F12,P01,true,3,28,4
F11394,F12,P01,true,3,28,4
F11408,F12,P01,true,3,28,4
F11473,F12,P01,true,3,28,4
F11481,F12,P01,true,3,28,4
F11503,F12,P01,true,3,28,4
F11507,F12,P01,true,3,28,4
F11533,F12,P01,true,3,28,4
F11596,F12,P01,true,3,28,4
F11625,F12,P01,true,3,28,4
F11674,F12,P01,true,3,28,4
F11685,F12,P01,true,3,28,4
F11688,F12,P01,true,3,28,4
F11707,F12,P01,true,3,28,4
F11758,F12,P01,true,3,28,4
F11764,F12,P01,true,3,28,4
F11804,F12,P01,true,3,28,4
F11822,F12,P01,true,3,28,4
F11849,F12,P01,true,3,28,4
F11867,F12,P01,true,3,28,4
F11931,F12,P01,true,3,28,4
F11936,F12,P01,true,3,28,4
F11939,F12,P01,true,3,28,4
F11963,F12,P01,true,3,28,4
F11994,F12,P01,true,3,28,4
F11996,F12,P01,true,3,28,4
F12016,F12,P01,true,3,28,4
F12036,F12,P01,true,3,28,4
F12045,F12,P01,true,3,28,4
F12083,F12,P01,true,3,28,4
F12102,F12,P01,true,3,28,4
F12109,F12,P01,true,3,28,4
F12195,F12,P01,true,3,28,4
F12203,F12,P01,true,3,28,4
F12206,F12,P01,true,3,28,4
F12213,F12,P01,true,3,28,4
F12216,F12,P01,true,3,28,4
F12220,F12,P01,true,3,28,4
F12248,F12,P01,true,3,28,4
F12263,F12,P01,true,3,28,4
F12275,F12,P01,true,3,28,4
F12309,F13,P01,true,3,28,4
F12351,F13,P01,true,3,28,4
F12401,F13,P01,true,3,28,4
F12406,F13,P01,true,3,28,4
F12421,F13,P01,true,3,28,4
F12476,F13,P01,true,3,28,4
F12483,F13,P01,true,3,28,4
F12625,F13,P01,true,3,28,4
F12627,F13,P01,true,3,28,4
F12669,F13,P01,true,3,28,4
F12806,F13,P01,true,3,28,4
F12972,F13,P01,true,3,28,4
F12997,F13,P01,true,3,28,4
F13002,F13,P01,true,3,28,4
F13018,F13,P01,true,3,28,4
F13090,F13,P01,true,3,28,4
F13110,F13,P01,true,3,28,4
F13157,F13,P01,true,3,28,4
F13166,F13,P01,true,3,28,4
F13348,F14,P01,true,3,28,4
F13438,F14,P01,true,3,28,4
F13440,F14,P01,true,3,28,4
F13461,F14,P01,true,3,28,4
F13534,F14,P01,true,3,28,4
F13582,F14,P01,true,3,28,4
F13617,F14,P01,true,3,28,4
F13699,F14,P01,true,3,28,4
F13738,F14,P01,true,3,28,4
F13850,F14,P01,true,3,28,4
F13864,F14,P01,true,3,28,4
F13981,F14,P01,true,3,28,4
F14034,F14,P01,true,3,28,4
F14335,F14,P01,true,3,28,4
F14464,F15,P01,true,3,28,4
F14577,F15,P01,true,3,28,4
F14630,F15,P01,true,3,28,4
F14686,F15,P01,true,3,28,4
F14773,F15,P01,true,3,28,4
F14891,F15,P01,true,3,28,4
F14953,F15,P01,true,3,28,4
F15028,F15,P01,true,3,28,4
F15047,F15,P01,true,3,28,4
F15078,F15,P01,true,3,28,4
F15315,F15,P01,true,3,28,4
F15374,F16,P01,true,3,28,4
F15378,F16,P01,true,3,28,4
F15398,F16,P01,true,3,28,4
F15424,F16,P01,true,3,28,4
F15452,F16,P01,true,3,28,4
F15489,F16,P01,true,3,28,4
F15502,F16,P01,true,3,28,4
F15527,F16,P01,true,3,28,4
F15767,F16,P01,true,3,28,4
F15813,F16,P01,true,3,28,4
F15838,F16,P01,true,3,28,4
F15877,F16,P01,true,3,28,4
F15887,F16,P01,true,3,28,4
F15888,F16,P01,true,3,28,4
F15933,F16,P01,true,3,28,4
F15951,F16,P01,true,3,28,4
F16046,F16,P01,true,3,28,4
F16060,F16,P01,true,3,28,4
F16079,F16,P01,true,3,28,4
F16137,F16,P01,true,3,28,4
F16172,F16,P01,true,3,28,4
F16229,F16,P01,true,3,28,4
F16260,F16,P01,true,3,28,4
F16384,F16,P01,true,3,28,4
F16414,F17,P01,true,3,28,4
F16482,F17,P01,true,3,28,4
F16567,F17,P01,true,3,28,4
F16572,F17,P01,true,3,28,4
F16578,F17,P01,true,3,28,4
F16587,F17,P01,true,3,28,4
F16603,F17,P01,true,3,28,4
F16669,F17,P01,true,3,28,4
F16689,F17,P01,true,3,28,4
F16706,F17,P01,true,3,28,4
F16758,F17,P01,true,3,28,4
F16759,F17,P01,true,3,28,4
F16762,F17,P01,true,3,28,4
F16786,F17,P01,true,3,28,4
F16811,F17,P01,true,3,28,4
F16839,F17,P01,true,3,28,4
F16842,F17,P01,true,3,28,4
F16844,F17,P01,true,3,28,4
F16909,F17,P01,true,3,28,4
F16933,F17,P01,true,3,28,4
F16947,F17,P01,true,3,28,4
F16957,F17,P01,true,3,28,4
F16989,F17,P01,true,3,28,4
F16994,F17,P01,true,3,28,4
F17037,F17,P01,true,3,28,4
F17047,F17,P01,true,3,28,4
F17065,F17,P01,true,3,28,4
F17095,F17,P01,true,3,28,4
F17105,F17,P01,true,3,28,4
F17143,F17,P01,true,3,28,4
F17167,F17,P01,true,3,28,4
F17170,F17,P01,true,3,28,4
F17174,F17,P01,true,3,28,4
F17202,F17,P01,true,3,28,4
F17218,F17,P01,true,3,28,4
F17238,F17,P01,true,3,28,4
F17265,F17,P01,true,3,28,4
F17296,F17,P01,true,3,28,4
F17325,F17,P01,true,3,28,4
F17346,F17,P01,true,3,28,4
F17405,F17,P01,true,3,28,4
F17418,F18,P01,true,3,28,4
F17432,F18,P01,true,3,28,4
F17435,F18,P01,true,3,28,4
F17469,F18,P01,true,3,28,4
F17500,F18,P01,true,3,28,4
F17516,F18,P01,true,3,28,4
F17544,F18,P01,true,3,28,4
F17547,F18,P01,true,3,28,4
F17569,F18,P01,true,3,28,4
F17596,F18,P01,true,3,28,4
F17606,F18,P01,true,3,28,4
F17627,F18,P01,true,3,28,4
F17660,F18,P01,true,3,28,4
F17678,F18,P01,true,3,28,4
F17685,F18,P01,true,3,28,4
F17695,F18,P01,true,3,28,4
F17736,F18,P01,true,3,28,4
F17741,F18,P01,true,3,28,4
F17745,F18,P01,true,3,28,4
F17764,F18,P01,true,3,28,4
F17784,F18,P01,true,3,28,4
F17805,F18,P01,true,3,28,4
F17856,F18,P01,true,3,28,4
F17864,F18,P01,true,3,28,4
F17884,F18,P01,true,3,28,4
F17888,F18,P01,true,3,28,4
F17936,F18,P01,true,3,28,4
F17968,F18,P01,true,3,28,4
F17978,F18,P01,true,3,28,4
F18013,F18,P01,true,3,28,4
F18025,F18,P01,true,3,28,4
F18027,F18,P01,true,3,28,4
F18048,F18,P01,true,3,28,4
F18057,F18,P01,true,3,28,4
F18072,F18,P01,true,3,28,4
F18086,F18,P01,true,3,28,4
F18089,F18,P01,true,3,28,4
F18097,F18,P01,true,3,28,4
F18117,F18,P01,true,3,28,4
F18118,F18,P01,true,3,28,4
F18123,F18,P01,true,3,28,4
F18168,F18,P01,true,3,28,4
F18182,F18,P01,true,3,28,4
F18186,F18,P01,true,3,28,4
F18199,F18,P01,true,3,28,4
F18214,F18,P01,true,3,28,4
F18221,F18,P01,true,3,28,4
F18278,F18,P01,true,3,28,4
F18320,F18,P01,true,3,28,4
F18346,F18,P01,true,3,28,4
F18347,F18,P01,true,3,28,4
F18370,F18,P01,true,3,28,4
F18425,F18,P01,true,3,28,4
F18431,F18,P01,true,3,28,4
F18440,F19,P01,true,3,28,4
F18451,F19,P01,true,3,28,4
F18468,F19,P01,true,3,28,4
F18491,F19,P01,true,3,28,4
F18494,F19,P01,true,3,28,4
F18513,F19,P01,true,3,28,4
F18523,F19,P01,true,3,28,4
F18528,F19,P01,true,3,28,4
F18567,F19,P01,true,3,28,4
F18647,F19,P01,true,3,28,4
F18750,F19,P01,true,3,28,4
F18768,F19,P01,true,3,28,4
F18770,F19,P01,true,3,28,4
F18828,F19,P01,true,3,28,4
F18851,F19,P01,true,3,28,4
F18881,F19,P01,true,3,28,4
F18912,F19,P01,true,3,28,4
F18942,F19,P01,true,3,28,4
F18978,F19,P01,true,3,28,4
F18981,F19,P01,true,3,28,4
F19021,F19,P01,true,3,28,4
F19042,F19,P01,true,3,28,4
F19049,F19,P01,true,3,28,4
F19170,F19,P01,true,3,28,4
F19172,F19,P01,true,3,28,4
F19189,F19,P01,true,3,28,4
F19207,F19,P01,true,3,28,4
F19245,F19,P01,true,3,28,4
F19246,F19,P01,true,3,28,4
F19258,F19,P01,true,3,28,4
F19294,F19,P01,true,3,28,4
F19297,F19,P01,true,3,28,4
F19329,F19,P01,true,3,28,4
F19341,F19,P01,true,3,28,4
F19366,F19,P01,true,3,28,4
F19376,F19,P01,true,3,28,4
F19392,F19,P01,true,3,28,4
F19393,F19,P01,true,3,28,4
F19405,F19,P01,true,3,28,4
F19466,F20,P01,true,3,28,4
F19479,F20,P01,true,3,28,4
F19514,F20,P01,true,3,28,4
F19524,F20,P01,true,3,28,4
F19546,F20,P01,true,3,28,4
F19550,F20,P01,true,3,28,4
F19558,F20,P01,true,3,28,4
F19582,F20,P01,true,3,28,4
F19584,F20,P01,true,3,28,4
F19589,F20,P01,true,3,28,4
F19593,F20,P01,true,3,28,4
F19633,F20,P01,true,3,28,4
F19644,F20,P01,true,3,28,4
F19658,F20,P01,true,3,28,4
F19671,F20,P01,true,3,28,4
F19698,F20,P01,true,3,28,4
F19729,F20,P01,true,3,28,4
F19743,F20,P01,true,3,28,4
F19751,F20,P01,true,3,28,4
F19753,F20,P01,true,3,28,4
F19785,F20,P01,true,3,28,4
F19797,F20,P01,true,3,28,4
F19814,F20,P01,true,3,28,4
F19815,F20,P01,true,3,28,4
F19827,F20,P01,true,3,28,4
F19838,F20,P01,true,3,28,4
F19841,F20,P01,true,3,28,4
F19843,F20,P01,true,3,28,4
F19865,F20,P01,true,3,28,4
F19891,F20,P01,true,3,28,4
F19900,F20,P01,true,3,28,4
F19916,F20,P01,true,3,28,4
F19945,F20,P01,true,3,28,4
F19954,F20,P01,true,3,28,4
F19976,F20,P01,true,3,28,4
F19989,F20,P01,true,3,28,4
F20012,F20,P01,true,3,28,4
F20057,F20,P01,true,3,28,4
F20063,F20,P01,true,3,28,4
F20085,F20,P01,true,3,28,4
F20107,F20,P01,true,3,28,4
F20157,F20,P01,true,3,28,4
F20165,F20,P01,true,3,28,4
F20174,F20,P01,true,3,28,4
F20197,F20,P01,true,3,28,4
F20265,F20,P01,true,3,28,4
F20268,F20,P01,true,3,28,4
F20275,F20,P01,true,3,28,4
F20312,F20,P01,true,3,28,4
F20316,F20,P01,true,3,28,4
F20325,F20,P01,true,3,28,4
F20379,F20,P01,true,3,28,4
F20384,F20,P01,true,3,28,4
F20387,F20,P01,true,3,28,4
F20393,F20,P01,true,3,28,4
F20410,F20,P01,true,3,28,4
F20448,F20,P01,true,3,28,4
F20449,F20,P01,true,3,28,4
F20671,F21,P01,true,3,28,4
F20925,F21,P01,true,3,28,4
F21022,F21,P01,true,3,28,4
F21128,F21,P01,true,3,28,4
F21260,F21,P01,true,3,28,4
F21374,F21,P01,true,3,28,4
F21483,F21,P01,true,3,28,4
F21494,F21,P01,true,3,28,4
F21532,F22,P01,true,3,28,4
F21579,F22,P01,true,3,28,4
F21581,F22,P01,true,3,28,4
F21655,F22,P01,true,3,28,4
F21764,F22,P01,true,3,28,4
F21812,F22,P01,true,3,28,4
F22454,F22,P01,true,3,28,4
F22507,F22,P01,true,3,28,4
F22612,F23,P01,true,3,28,4
F22620,F23,P01,true,3,28,4
F23014,F23,P01,true,3,28,4
F23023,F23,P01,true,3,28,4
F23028,F23,P01,true,3,28,4
F23233,F23,P01,true,3,28,4
F23461,F23,P01,true,3,28,4
F23473,F23,P01,true,3,28,4
F23553,F24,P01,true,3,28,4
F23592,F24,P01,true,3,28,4
F23641,F24,P01,true,3,28,4
F23706,F24,P01,true,3,28,4
F23746,F24,P01,true,3,28,4
F23751,F24,P01,true,3,28,4
F23854,F24,P01,true,3,28,4
F23876,F24,P01,true,3,28,4
F24083,F24,P01,true,3,28,4
F24100,F24,P01,true,3,28,4
F24105,F24,P01,true,3,28,4
F24211,F24,P01,true,3,28,4
F24260,F24,P01,true,3,28,4
F24280,F24,P01,true,3,28,4
F24312,F24,P01,true,3,28,4
F24490,F24,P01,true,3,28,4
F00130,F01,P01,true,2,28,4
F00577,F01,P01,true,2,28,4
F02305,F03,P01,true,2,28,4
F02584,F03,P01,true,2,28,4
F02640,F03,P01,true,2,28,4
F03973,F04,P01,true,2,28,4
F04167,F05,P01,true,2,28,4
F04279,F05,P01,true,2,28,4
F04390,F05,P01,true,2,28,4
F04476,F05,P01,true,2,28,4
F04511,F05,P01,true,2,28,4
F04746,F05,P01,true,2,28,4
F04905,F05,P01,true,2,28,4
F05364,F06,P01,true,2,28,4
F05789,F06,P01,true,2,28,4
F05823,F06,P01,true,2,28,4
F06748,F07,P01,true,2,28,4
F06867,F07,P01,true,2,28,4
F06928,F07,P01,true,2,28,4
F07385,F08,P01,true,2,28,4
F07519,F08,P01,true,2,28,4
F07996,F08,P01,true,2,28,4
F08226,F09,P01,true,2,28,4
F08756,F09,P01,true,2,28,4
F09041,F09,P01,true,2,28,4
F09316,F10,P01,true,2,28,4
F09317,F10,P01,true,2,28,4
F09391,F10,P01,true,2,28,4
F09639,F10,P01,true,2,28,4
F09769,F10,P01,true,2,28,4
F09876,F10,P01,true,2,28,4
F10054,F10,P01,true,2,28,4
F10161,F10,P01,true,2,28,4
F10672,F11,P01,true,2,28,4
F11937,F12,P01,true,2,28,4
F11967,F12,P01,true,2,28,4
F13082,F13,P01,true,2,28,4
F13330,F14,P01,true,2,28,4
F14949,F15,P01,true,2,28,4
F15011,F15,P01,true,2,28,4
F15118,F15,P01,true,2,28,4
F15488,F16,P01,true,2,28,4
F16525,F17,P01,true,2,28,4
F16774,F17,P01,true,2,28,4
F16788,F17,P01,true,2,28,4
F16881,F17,P01,true,2,28,4
F17401,F17,P01,true,2,28,4
F17671,F18,P01,true,2,28,4
F18102,F18,P01,true,2,28,4
F18453,F19,P01,true,2,28,4
F18621,F19,P01,true,2,28,4
F19000,F19,P01,true,2,28,4
F19008,F19,P01,true,2,28,4
F19165,F19,P01,true,2,28,4
F19498,F20,P01,true,2,28,4
F19774,F20,P01,true,2,28,4
F19892,F20,P01,true,2,28,4
F19965,F20,P01,true,2,28,4
F19986,F20,P01,true,2,28,4
F20175,F20,P01,true,2,28,4
F21352,F21,P01,true,2,28,4
F21760,F22,P01,true,2,28,4
F22613,F23,P01,true,2,28,4
F22958,F23,P01,true,2,28,4
F23177,F23,P01,true,2,28,4
F02333,F03,P01,true,4,28,3
F02671,F03,P01,true,4,28,3
F02672,F03,P01,true,4,28,3
F03071,F03,P01,true,4,28,3
F03131,F04,P01,true,4,28,3
F03244,F04,P01,true,4,28,3
F03299,F04,P01,true,4,28,3
F03306,F04,P01,true,4,28,3
F03466,F04,P01,true,4,28,3
F03706,F04,P01,true,4,28,3
F03710,F04,P01,true,4,28,3
F03751,F04,P01,true,4,28,3
F03754,F04,P01,true,4,28,3
F03761,F04,P01,true,4,28,3
F03818,F04,P01,true,4,28,3
F03869,F04,P01,true,4,28,3
F04043,F04,P01,true,4,28,3
F04047,F04,P01,true,4,28,3
F10634,F11,P01,true,4,28,3
F10746,F11,P01,true,4,28,3
F11089,F11,P01,true,4,28,3
F11271,F12,P01,true,4,28,3
F11317,F12,P01,true,4,28,3
F11371,F12,P01,true,4,28,3
F11383,F12,P01,true,4,28,3
F11440,F12,P01,true,4,28,3
F11444,F12,P01,true,4,28,3
F11547,F12,P01,true,4,28,3
F11611,F12,P01,true,4,28,3
F12011,F12,P01,true,4,28,3
F12063,F12,P01,true,4,28,3
F12115,F12,P01,true,4,28,3
F12174,F12,P01,true,4,28,3
F19562,F20,P01,true,4,28,3
F19731,F20,P01,true,4,28,3
F19904,F20,P01,true,4,28,3
F20243,F20,P01,true,4,28,3
F20359,F20,P01,true,4,28,3
F20362,F20,P01,true,4,28,3
F20534,F21,P01,true,4,28,3
F20537,F21,P01,true,4,28,3
F20585,F21,P01,true,4,28,3
F20588,F21,P01,true,4,28,3
F20591,F21,P01,true,4,28,3
F20594,F21,P01,true,4,28,3
F20645,F21,P01,true,4,28,3
F20663,F21,P01,true,4,28,3
F20704,F21,P01,true,4,28,3
F20818,F21,P01,true,4,28,3
F20870,F21,P01,true,4,28,3
F20886,F21,P01,true,4,28,3
F20940,F21,P01,true,4,28,3
F20941,F21,P01,true,4,28,3
F20944,F21,P01,true,4,28,3
F20950,F21,P01,true,4,28,3
F20993,F21,P01,true,4,28,3
F21050,F21,P01,true,4,28,3
F21057,F21,P01,true,4,28,3
F21058,F21,P01,true,4,28,3
F21100,F21,P01,true,4,28,3
F21103,F21,P01,true,4,28,3
F21115,F21,P01,true,4,28,3
F21157,F21,P01,true,4,28,3
F21173,F21,P01,true,4,28,3
F21271,F21,P01,true,4,28,3
F21277,F21,P01,true,4,28,3
F21329,F21,P01,true,4,28,3
F21395,F21,P01,true,4,28,3
F21439,F21,P01,true,4,28,3
F21441,F21,P01,true,4,28,3
F21504,F21,P01,true,4,28,3
F21508,F22,P01,true,4,28,3
F21561,F22,P01,true,4,28,3
F21609,F22,P01,true,4,28,3
F21616,F22,P01,true,4,28,3
F21624,F22,P01,true,4,28,3
F21628,F22,P01,true,4,28,3
F21690,F22,P01,true,4,28,3
F21729,F22,P01,true,4,28,3
F21745,F22,P01,true,4,28,3
F21786,F22,P01,true,4,28,3
F21850,F22,P01,true,4,28,3
F21896,F22,P01,true,4,28,3
F21972,F22,P01,true,4,28,3
F22016,F22,P01,true,4,28,3
F22025,F22,P01,true,4,28,3
F22065,F22,P01,true,4,28,3
F22126,F22,P01,true,4,28,3
F22133,F22,P01,true,4,28,3
F22236,F22,P01,true,4,28,3
F22240,F22,P01,true,4,28,3
F22316,F22,P01,true,4,28,3
F22352,F22,P01,true,4,28,3
F22357,F22,P01,true,4,28,3
F22363,F22,P01,true,4,28,3
F22414,F22,P01,true,4,28,3
F22423,F22,P01,true,4,28,3
F22480,F22,P01,true,4,28,3
F22533,F23,P01,true,4,28,3
F22599,F23,P01,true,4,28,3
F22697,F23,P01,true,4,28,3
F22708,F23,P01,true,4,28,3
F22760,F23,P01,true,4,28,3
F22766,F23,P01,true,4,28,3
F22826,F23,P01,true,4,28,3
F22876,F23,P01,true,4,28,3
F22916,F23,P01,true,4,28,3
F22996,F23,P01,true,4,28,3
F23046,F23,P01,true,4,28,3
F23149,F23,P01,true,4,28,3
F23155,F23,P01,true,4,28,3
F23168,F23,P01,true,4,28,3
F23208,F23,P01,true,4,28,3
F23219,F23,P01,true,4,28,3
F23222,F23,P01,true,4,28,3
F23271,F23,P01,true,4,28,3
F23317,F23,P01,true,4,28,3
F23322,F23,P01,true,4,28,3
F23372,F23,P01,true,4,28,3
F23433,F23,P01,true,4,28,3
F23439,F23,P01,true,4,28,3
F23488,F23,P01,true,4,28,3
F23495,F23,P01,true,4,28,3
F23508,F23,P01,true,4,28,3
F23512,F23,P01,true,4,28,3
F23545,F23,P01,true,4,28,3
F23556,F24,P01,true,4,28,3
F23562,F24,P01,true,4,28,3
F23625,F24,P01,true,4,28,3
F23664,F24,P01,true,4,28,3
F23729,F24,P01,true,4,28,3
F23776,F24,P01,true,4,28,3
F23832,F24,P01,true,4,28,3
F23835,F24,P01,true,4,28,3
F23839,F24,P01,true,4,28,3
F23887,F24,P01,true,4,28,3
F23957,F24,P01,true,4,28,3
F24023,F24,P01,true,4,28,3
F24026,F24,P01,true,4,28,3
F24080,F24,P01,true,4,28,3
F24112,F24,P01,true,4,28,3
F24114,F24,P01,true,4,28,3
F24125,F24,P01,true,4,28,3
F24169,F24,P01,true,4,28,3
F24224,F24,P01,true,4,28,3
F24246,F24,P01,true,4,28,3
F24356,F24,P01,true,4,28,3
F24358,F24,P01,true,4,28,3
F24408,F24,P01,true,4,28,3
F24410,F24,P01,true,4,28,3
F24513,F24,P01,true,4,28,3
F24533,F24,P01,true,4,28,3
F02957,F03,P01,true,3,28,3
F03182,F04,P01,true,3,28,3
F03305,F04,P01,true,3,28,3
F03309,F04,P01,true,3,28,3
F03354,F04,P01,true,3,28,3
F03524,F04,P01,true,3,28,3
F03530,F04,P01,true,3,28,3
F03640,F04,P01,true,3,28,3
F03994,F04,P01,true,3,28,3
F10408,F11,P01,true,3,28,3
F10582,F11,P01,true,3,28,3
F10689,F11,P01,true,3,28,3
F10804,F11,P01,true,3,28,3
F10866,F11,P01,true,3,28,3
F10975,F11,P01,true,3,28,3
F11033,F11,P01,true,3,28,3
F11034,F11,P01,true,3,28,3
F11090,F11,P01,true,3,28,3
F11151,F11,P01,true,3,28,3
F11500,F12,P01,true,3,28,3
F11545,F12,P01,true,3,28,3
F11603,F12,P01,true,3,28,3
F11657,F12,P01,true,3,28,3
F11669,F12,P01,true,3,28,3
F11731,F12,P01,true,3,28,3
F11783,F12,P01,true,3,28,3
F11840,F12,P01,true,3,28,3
F11894,F12,P01,true,3,28,3
F12004,F12,P01,true,3,28,3
F12009,F12,P01,true,3,28,3
F12069,F12,P01,true,3,28,3
F12112,F12,P01,true,3,28,3
F12125,F12,P01,true,3,28,3
F20189,F20,P01,true,3,28,3
F21042,F21,P01,true,3,28,3
F21046,F21,P01,true,3,28,3
F21402,F21,P01,true,3,28,3
F21448,F21,P01,true,3,28,3
F21562,F22,P01,true,3,28,3
F21573,F22,P01,true,3,28,3
F21679,F22,P01,true,3,28,3
F21967,F22,P01,true,3,28,3
F22023,F22,P01,true,3,28,3
F22073,F22,P01,true,3,28,3
F22136,F22,P01,true,3,28,3
F22194,F22,P01,true,3,28,3
F22244,F22,P01,true,3,28,3
F22257,F22,P01,true,3,28,3
F22526,F22,P01,true,3,28,3
F22695,F23,P01,true,3,28,3
F22878,F23,P01,true,3,28,3
F22929,F23,P01,true,3,28,3
F22940,F23,P01,true,3,28,3
F23109,F23,P01,true,3,28,3
F23429,F23,P01,true,3,28,3
F23487,F23,P01,true,3,28,3
F23778,F24,P01,true,3,28,3
F23945,F24,P01,true,3,28,3
F23952,F24,P01,true,3,28,3
F24232,F24,P01,true,3,28,3
F24281,F24,P01,true,3,28,3
F24284,F24,P01,true,3,28,3
F24523,F24,P01,true,3,28,3
F00032,F01,P01,true,4,27,4
F00133,F01,P01,true,4,27,4
F00305,F01,P01,true,4,27,4
F00307,F01,P01,true,4,27,4
F00387,F01,P01,true,4,27,4
F00496,F01,P01,true,4,27,4
F00506,F01,P01,true,4,27,4
F00643,F01,P01,true,4,27,4
F00651,F01,P01,true,4,27,4
F00933,F01,P01,true,4,27,4
F00980,F01,P01,true,4,27,4
F01068,F02,P01,true,4,27,4
F01224,F02,P01,true,4,27,4
F01251,F02,P01,true,4,27,4
F01381,F02,P01,true,4,27,4
F01539,F02,P01,true,4,27,4
F01614,F02,P01,true,4,27,4
F01689,F02,P01,true,4,27,4
F01710,F02,P01,true,4,27,4
F01771,F02,P01,true,4,27,4
F01801,F02,P01,true,4,27,4
F01841,F02,P01,true,4,27,4
F01953,F02,P01,true,4,27,4
F02147,F03,P01,true,4,27,4
F02152,F03,P01,true,4,27,4
F02229,F03,P01,true,4,27,4
F02282,F03,P01,true,4,27,4
F02351,F03,P01,true,4,27,4
F02373,F03,P01,true,4,27,4
F02532,F03,P01,true,4,27,4
F02574,F03,P01,true,4,27,4
F02697,F03,P01,true,4,27,4
F02756,F03,P01,true,4,27,4
F02779,F03,P01,true,4,27,4
F02826,F03,P01,true,4,27,4
F02920,F03,P01,true,4,27,4
F02962,F03,P01,true,4,27,4
F02970,F03,P01,true,4,27,4
F02986,F03,P01,true,4,27,4
F03023,F03,P01,true,4,27,4
F03106,F04,P01,true,4,27,4
F03143,F04,P01,true,4,27,4
F03163,F04,P01,true,4,27,4
F03236,F04,P01,true,4,27,4
F03314,F04,P01,true,4,27,4
F03381,F04,P01,true,4,27,4
F03654,F04,P01,true,4,27,4
F03729,F04,P01,true,4,27,4
F03829,F04,P01,true,4,27,4
F03849,F04,P01,true,4,27,4
F04132,F05,P01,true,4,27,4
F04189,F05,P01,true,4,27,4
F04398,F05,P01,true,4,27,4
F04488,F05,P01,true,4,27,4
F04508,F05,P01,true,4,27,4
F04592,F05,P01,true,4,27,4
F04830,F05,P01,true,4,27,4
F04974,F05,P01,true,4,27,4
F05157,F06,P01,true,4,27,4
F05445,F06,P01,true,4,27,4
F05550,F06,P01,true,4,27,4
F05607,F06,P01,true,4,27,4
F05754,F06,P01,true,4,27,4
F05826,F06,P01,true,4,27,4
F06821,F07,P01,true,4,27,4
F07042,F07,P01,true,4,27,4
F07324,F08,P01,true,4,27,4
F07419,F08,P01,true,4,27,4
F07651,F08,P01,true,4,27,4
F07729,F08,P01,true,4,27,4
F07788,F08,P01,true,4,27,4
F07861,F08,P01,true,4,27,4
F08837,F09,P01,true,4,27,4
F09145,F09,P01,true,4,27,4
F09215,F09,P01,true,4,27,4
F09334,F10,P01,true,4,27,4
F09418,F10,P01,true,4,27,4
F09611,F10,P01,true,4,27,4
F09630,F10,P01,true,4,27,4
F09671,F10,P01,true,4,27,4
F10209,F10,P01,true,4,27,4
F10890,F11,P01,true,4,27,4
F11037,F11,P01,true,4,27,4
F11930,F12,P01,true,4,27,4
F12217,F12,P01,true,4,27,4
F12308,F13,P01,true,4,27,4
F12328,F13,P01,true,4,27,4
F12356,F13,P01,true,4,27,4
F12370,F13,P01,true,4,27,4
F12379,F13,P01,true,4,27,4
F12430,F13,P01,true,4,27,4
F12453,F13,P01,true,4,27,4
F12481,F13,P01,true,4,27,4
F12498,F13,P01,true,4,27,4
F12522,F13,P01,true,4,27,4
F12556,F13,P01,true,4,27,4
F12600,F13,P01,true,4,27,4
F12647,F13,P01,true,4,27,4
F12708,F13,P01,true,4,27,4
F12734,F13,P01,true,4,27,4
F12767,F13,P01,true,4,27,4
F12771,F13,P01,true,4,27,4
F12824,F13,P01,true,4,27,4
F12849,F13,P01,true,4,27,4
F12889,F13,P01,true,4,27,4
F12963,F13,P01,true,4,27,4
F12995,F13,P01,true,4,27,4
F13098,F13,P01,true,4,27,4
F13116,F13,P01,true,4,27,4
F13236,F13,P01,true,4,27,4
F13293,F13,P01,true,4,27,4
F13315,F14,P01,true,4,27,4
F13331,F14,P01,true,4,27,4
F13338,F14,P01,true,4,27,4
F13345,F14,P01,true,4,27,4
F13346,F14,P01,true,4,27,4
F13360,F14,P01,true,4,27,4
F13460,F14,P01,true,4,27,4
F13471,F14,P01,true,4,27,4
F13476,F14,P01,true,4,27,4
F13495,F14,P01,true,4,27,4
F13579,F14,P01,true,4,27,4
F13624,F14,P01,true,4,27,4
F13635,F14,P01,true,4,27,4
F13664,F14,P01,true,4,27,4
F13681,F14,P01,true,4,27,4
F13737,F14,P01,true,4,27,4
F13835,F14,P01,true,4,27,4
F13923,F14,P01,true,4,27,4
F13930,F14,P01,true,4,27,4
F13946,F14,P01,true,4,27,4
F14012,F14,P01,true,4,27,4
F14015,F14,P01,true,4,27,4
F14017,F14,P01,true,4,27,4
F14046,F14,P01,true,4,27,4
F14074,F14,P01,true,4,27,4
F14077,F14,P01,true,4,27,4
F14130,F14,P01,true,4,27,4
F14147,F14,P01,true,4,27,4
F14188,F14,P01,true,4,27,4
F14225,F14,P01,true,4,27,4
F14245,F14,P01,true,4,27,4
F14248,F14,P01,true,4,27,4
F14261,F14,P01,true,4,27,4
F14290,F14,P01,true,4,27,4
F14312,F14,P01,true,4,27,4
F14316,F14,P01,true,4,27,4
F14350,F15,P01,true,4,27,4
F14376,F15,P01,true,4,27,4
F14379,F15,P01,true,4,27,4
F14395,F15,P01,true,4,27,4
F14414,F15,P01,true,4,27,4
F14415,F15,P01,true,4,27,4
F14425,F15,P01,true,4,27,4
F14478,F15,P01,true,4,27,4
F14534,F15,P01,true,4,27,4
F14609,F15,P01,true,4,27,4
F14635,F15,P01,true,4,27,4
F14701,F15,P01,true,4,27,4
F14775,F15,P01,true,4,27,4
F14784,F15,P01,true,4,27,4
F14791,F15,P01,true,4,27,4
F14800,F15,P01,true,4,27,4
F14877,F15,P01,true,4,27,4
F14902,F15,P01,true,4,27,4
F14943,F15,P01,true,4,27,4
F14974,F15,P01,true,4,27,4
F15016,F15,P01,true,4,27,4
F15107,F15,P01,true,4,27,4
F15163,F15,P01,true,4,27,4
F15173,F15,P01,true,4,27,4
F15197,F15,P01,true,4,27,4
F15216,F15,P01,true,4,27,4
F15223,F15,P01,true,4,27,4
F15246,F15,P01,true,4,27,4
F15260,F15,P01,true,4,27,4
F15262,F15,P01,true,4,27,4
F15272,F15,P01,true,4,27,4
F15318,F15,P01,true,4,27,4
F15333,F15,P01,true,4,27,4
F15428,F16,P01,true,4,27,4
F15524,F16,P01,true,4,27,4
F15543,F16,P01,true,4,27,4
F15639,F16,P01,true,4,27,4
F15918,F16,P01,true,4,27,4
F15945,F16,P01,true,4,27,4
F15955,F16,P01,true,4,27,4
F15963,F16,P01,true,4,27,4
F15990,F16,P01,true,4,27,4
F16026,F16,P01,true,4,27,4
F16030,F16,P01,true,4,27,4
F16152,F16,P01,true,4,27,4
F16186,F16,P01,true,4,27,4
F16205,F16,P01,true,4,27,4
F16275,F16,P01,true,4,27,4
F16302,F16,P01,true,4,27,4
F16316,F16,P01,true,4,27,4
F16908,F17,P01,true,4,27,4
F16916,F17,P01,true,4,27,4
F17262,F17,P01,true,4,27,4
F17529,F18,P01,true,4,27,4
F17635,F18,P01,true,4,27,4
F18144,F18,P01,true,4,27,4
F18432,F18,P01,true,4,27,4
F18985,F19,P01,true,4,27,4
F19476,F20,P01,true,4,27,4
F19763,F20,P01,true,4,27,4
F20038,F20,P01,true,4,27,4
F20285,F20,P01,true,4,27,4
F20670,F21,P01,true,4,27,4
F20739,F21,P01,true,4,27,4
F20798,F21,P01,true,4,27,4
F20896,F21,P01,true,4,27,4
F21011,F21,P01,true,4,27,4
F21073,F21,P01,true,4,27,4
F21087,F21,P01,true,4,27,4
F21094,F21,P01,true,4,27,4
F21096,F21,P01,true,4,27,4
F21142,F21,P01,true,4,27,4
F21183,F21,P01,true,4,27,4
F21189,F21,P01,true,4,27,4
F21241,F21,P01,true,4,27,4
F21308,F21,P01,true,4,27,4
F21368,F21,P01,true,4,27,4
F21378,F21,P01,true,4,27,4
F21419,F21,P01,true,4,27,4
F21425,F21,P01,true,4,27,4
F21427,F21,P01,true,4,27,4
F21471,F21,P01,true,4,27,4
F21477,F21,P01,true,4,27,4
F21478,F21,P01,true,4,27,4
F21493,F21,P01,true,4,27,4
F21528,F22,P01,true,4,27,4
F21599,F22,P01,true,4,27,4
F21635,F22,P01,true,4,27,4
F21641,F22,P01,true,4,27,4
F21702,F22,P01,true,4,27,4
F21704,F22,P01,true,4,27,4
F21719,F22,P01,true,4,27,4
F21803,F22,P01,true,4,27,4
F21935,F22,P01,true,4,27,4
F21996,F22,P01,true,4,27,4
F21999,F22,P01,true,4,27,4
F22046,F22,P01,true,4,27,4
F22049,F22,P01,true,4,27,4
F22104,F22,P01,true,4,27,4
F22118,F22,P01,true,4,27,4
F22266,F22,P01,true,4,27,4
F22322,F22,P01,true,4,27,4
F22392,F22,P01,true,4,27,4
F22504,F22,P01,true,4,27,4
F22606,F23,P01,true,4,27,4
F22660,F23,P01,true,4,27,4
F22678,F23,P01,true,4,27,4
F22777,F23,P01,true,4,27,4
F22835,F23,P01,true,4,27,4
F22956,F23,P01,true,4,27,4
F23005,F23,P01,true,4,27,4
F23018,F23,P01,true,4,27,4
F23068,F23,P01,true,4,27,4
F23137,F23,P01,true,4,27,4
F23191,F23,P01,true,4,27,4
F23235,F23,P01,true,4,27,4
F23250,F23,P01,true,4,27,4
F23291,F23,P01,true,4,27,4
F23426,F23,P01,true,4,27,4
F23467,F23,P01,true,4,27,4
F23538,F23,P01,true,4,27,4
F23597,F24,P01,true,4,27,4
F23809,F24,P01,true,4,27,4
F23856,F24,P01,true,4,27,4
F23933,F24,P01,true,4,27,4
F23969,F24,P01,true,4,27,4
F23970,F24,P01,true,4,27,4
F23975,F24,P01,true,4,27,4
F23991,F24,P01,true,4,27,4
F24204,F24,P01,true,4,27,4
F24369,F24,P01,true,4,27,4
F24437,F24,P01,true,4,27,4
F24439,F24,P01,true,4,27,4
F00012,F01,P01,true,3,27,4
F00037,F01,P01,true,3,27,4
F00098,F01,P01,true,3,27,4
F00155,F01,P01,true,3,27,4
F00177,F01,P01,true,3,27,4
F00179,F01,P01,true,3,27,4
F00191,F01,P01,true,3,27,4
F00241,F01,P01,true,3,27,4
F00259,F01,P01,true,3,27,4
F00262,F01,P01,true,3,27,4
F00288,F01,P01,true,3,27,4
F00359,F01,P01,true,3,27,4
F00388,F01,P01,true,3,27,4
F00394,F01,P01,true,3,27,4
F00396,F01,P01,true,3,27,4
F00428,F01,P01,true,3,27,4
F00465,F01,P01,true,3,27,4
F00482,F01,P01,true,3,27,4
F00562,F01,P01,true,3,27,4
F00567,F01,P01,true,3,27,4
F00606,F01,P01,true,3,27,4
F00636,F01,P01,true,3,27,4
F00679,F01,P01,true,3,27,4
F00695,F01,P01,true,3,27,4
F00701,F01,P01,true,3,27,4
F00702,F01,P01,true,3,27,4
F00723,F01,P01,true,3,27,4
F00730,F01,P01,true,3,27,4
F00838,F01,P01,true,3,27,4
F00839,F01,P01,true,3,27,4
F00865,F01,P01,true,3,27,4
F00946,F01,P01,true,3,27,4
F01030,F02,P01,true,3,27,4
F01130,F02,P01,true,3,27,4
F01137,F02,P01,true,3,27,4
F01152,F02,P01,true,3,27,4
F01155,F02,P01,true,3,27,4
F01173,F02,P01,true,3,27,4
F01178,F02,P01,true,3,27,4
F01185,F02,P01,true,3,27,4
F01196,F02,P01,true,3,27,4
F01204,F02,P01,true,3,27,4
F01271,F02,P01,true,3,27,4
F01293,F02,P01,true,3,27,4
F01301,F02,P01,true,3,27,4
F01398,F02,P01,true,3,27,4
F01643,F02,P01,true,3,27,4
F01647,F02,P01,true,3,27,4
F01653,F02,P01,true,3,27,4
F01655,F02,P01,true,3,27,4
F01703,F02,P01,true,3,27,4
F01721,F02,P01,true,3,27,4
F01730,F02,P01,true,3,27,4
F01742,F02,P01,true,3,27,4
F01823,F02,P01,true,3,27,4
F01859,F02,P01,true,3,27,4
F01882,F02,P01,true,3,27,4
F01903,F02,P01,true,3,27,4
F01957,F02,P01,true,3,27,4
F01982,F02,P01,true,3,27,4
F02033,F02,P01,true,3,27,4
F02044,F02,P01,true,3,27,4
F02079,F03,P01,true,3,27,4
F02109,F03,P01,true,3,27,4
F02146,F03,P01,true,3,27,4
F02259,F03,P01,true,3,27,4
F02269,F03,P01,true,3,27,4
F02275,F03,P01,true,3,27,4
F02326,F03,P01,true,3,27,4
F02349,F03,P01,true,3,27,4
F02403,F03,P01,true,3,27,4
F02478,F03,P01,true,3,27,4
F02484,F03,P01,true,3,27,4
F02530,F03,P01,true,3,27,4
F02537,F03,P01,true,3,27,4
F02548,F03,P01,true,3,27,4
F02580,F03,P01,true,3,27,4
F02588,F03,P01,true,3,27,4
F02595,F03,P01,true,3,27,4
F02596,F03,P01,true,3,27,4
F02610,F03,P01,true,3,27,4
F02651,F03,P01,true,3,27,4
F02670,F03,P01,true,3,27,4
F02712,F03,P01,true,3,27,4
F02839,F03,P01,true,3,27,4
F02853,F03,P01,true,3,27,4
F02875,F03,P01,true,3,27,4
F02879,F03,P01,true,3,27,4
F02907,F03,P01,true,3,27,4
F02964,F03,P01,true,3,27,4
F02990,F03,P01,true,3,27,4
F03006,F03,P01,true,3,27,4
F03046,F03,P01,true,3,27,4
F03096,F04,P01,true,3,27,4
F03115,F04,P01,true,3,27,4
F03198,F04,P01,true,3,27,4
F03233,F04,P01,true,3,27,4
F03260,F04,P01,true,3,27,4
F03348,F04,P01,true,3,27,4
F03406,F04,P01,true,3,27,4
F03457,F04,P01,true,3,27,4
F03550,F04,P01,true,3,27,4
F03579,F04,P01,true,3,27,4
F03624,F04,P01,true,3,27,4
F03630,F04,P01,true,3,27,4
F03722,F04,P01,true,3,27,4
F03725,F04,P01,true,3,27,4
F03805,F04,P01,true,3,27,4
F03835,F04,P01,true,3,27,4
F03851,F04,P01,true,3,27,4
F03972,F04,P01,true,3,27,4
F04007,F04,P01,true,3,27,4
F04019,F04,P01,true,3,27,4
F04027,F04,P01,true,3,27,4
F04126,F05,P01,true,3,27,4
F04134,F05,P01,true,3,27,4
F04135,F05,P01,true,3,27,4
F04144,F05,P01,true,3,27,4
F04166,F05,P01,true,3,27,4
F04177,F05,P01,true,3,27,4
F04187,F05,P01,true,3,27,4
F04210,F05,P01,true,3,27,4
F04221,F05,P01,true,3,27,4
F04245,F05,P01,true,3,27,4
F04248,F05,P01,true,3,27,4
F04282,F05,P01,true,3,27,4
F04308,F05,P01,true,3,27,4
F04313,F05,P01,true,3,27,4
F04345,F05,P01,true,3,27,4
F04371,F05,P01,true,3,27,4
F04377,F05,P01,true,3,27,4
F04379,F05,P01,true,3,27,4
F04394,F05,P01,true,3,27,4
F04419,F05,P01,true,3,27,4
F04502,F05,P01,true,3,27,4
F04532,F05,P01,true,3,27,4
F04543,F05,P01,true,3,27,4
F04557,F05,P01,true,3,27,4
F04563,F05,P01,true,3,27,4
F04571,F05,P01,true,3,27,4
F04572,F05,P01,true,3,27,4
F04615,F05,P01,true,3,27,4
F04624,F05,P01,true,3,27,4
F04631,F05,P01,true,3,27,4
F04649,F05,P01,true,3,27,4
F04671,F05,P01,true,3,27,4
F04678,F05,P01,true,3,27,4
F04698,F05,P01,true,3,27,4
F04706,F05,P01,true,3,27,4
F04712,F05,P01,true,3,27,4
F04723,F05,P01,true,3,27,4
F04771,F05,P01,true,3,27,4
F04775,F05,P01,true,3,27,4
F04790,F05,P01,true,3,27,4
F04847,F05,P01,true,3,27,4
F04857,F05,P01,true,3,27,4
F04860,F05,P01,true,3,27,4
F04863,F05,P01,true,3,27,4
F04873,F05,P01,true,3,27,4
F04881,F05,P01,true,3,27,4
F04888,F05,P01,true,3,27,4
F04912,F05,P01,true,3,27,4
F04914,F05,P01,true,3,27,4
F04917,F05,P01,true,3,27,4
F04951,F05,P01,true,3,27,4
F04983,F05,P01,true,3,27,4
F05006,F05,P01,true,3,27,4
F05014,F05,P01,true,3,27,4
F05067,F05,P01,true,3,27,4
F05087,F05,P01,true,3,27,4
F05102,F05,P01,true,3,27,4
F05104,F05,P01,true,3,27,4
F05108,F05,P01,true,3,27,4
F05110,F05,P01,true,3,27,4
F05121,F06,P01,true,3,27,4
F05144,F06,P01,true,3,27,4
F05149,F06,P01,true,3,27,4
F05159,F06,P01,true,3,27,4
F05164,F06,P01,true,3,27,4
F05174,F06,P01,true,3,27,4
F05193,F06,P01,true,3,27,4
F05198,F06,P01,true,3,27,4
F05201,F06,P01,true,3,27,4
F05209,F06,P01,true,3,27,4
F05211,F06,P01,true,3,27,4
F05258,F06,P01,true,3,27,4
F05267,F06,P01,true,3,27,4
F05313,F06,P01,true,3,27,4
F05334,F06,P01,true,3,27,4
F05347,F06,P01,true,3,27,4
F05362,F06,P01,true,3,27,4
F05393,F06,P01,true,3,27,4
F05413,F06,P01,true,3,27,4
F05421,F06,P01,true,3,27,4
F05436,F06,P01,true,3,27,4
F05456,F06,P01,true,3,27,4
F05465,F06,P01,true,3,27,4
F05477,F06,P01,true,3,27,4
F05480,F06,P01,true,3,27,4
F05483,F06,P01,true,3,27,4
F05494,F06,P01,true,3,27,4
F05498,F06,P01,true,3,27,4
F05520,F06,P01,true,3,27,4
F05580,F06,P01,true,3,27,4
F05602,F06,P01,true,3,27,4
F05611,F06,P01,true,3,27,4
F05615,F06,P01,true,3,27,4
F05626,F06,P01,true,3,27,4
F05637,F06,P01,true,3,27,4
F05641,F06,P01,true,3,27,4
F05652,F06,P01,true,3,27,4
F05686,F06,P01,true,3,27,4
F05688,F06,P01,true,3,27,4
F05703,F06,P01,true,3,27,4
F05726,F06,P01,true,3,27,4
F05738,F06,P01,true,3,27,4
F05743,F06,P01,true,3,27,4
F05744,F06,P01,true,3,27,4
F05752,F06,P01,true,3,27,4
F05779,F06,P01,true,3,27,4
F05788,F06,P01,true,3,27,4
F05819,F06,P01,true,3,27,4
F05820,F06,P01,true,3,27,4
F05845,F06,P01,true,3,27,4
F05926,F06,P01,true,3,27,4
F05957,F06,P01,true,3,27,4
F05964,F06,P01,true,3,27,4
F05966,F06,P01,true,3,27,4
F05970,F06,P01,true,3,27,4
F06008,F06,P01,true,3,27,4
F06042,F06,P01,true,3,27,4
F06049,F06,P01,true,3,27,4
F06060,F06,P01,true,3,27,4
F06061,F06,P01,true,3,27,4
F06070,F06,P01,true,3,27,4
F06108,F06,P01,true,3,27,4
F06113,F06,P01,true,3,27,4
F06134,F06,P01,true,3,27,4
F06143,F06,P01,true,3,27,4
F06151,F07,P01,true,3,27,4
F06182,F07,P01,true,3,27,4
F06191,F07,P01,true,3,27,4
F06194,F07,P01,true,3,27,4
F06206,F07,P01,true,3,27,4
F06254,F07,P01,true,3,27,4
F06257,F07,P01,true,3,27,4
F06292,F07,P01,true,3,27,4
F06332,F07,P01,true,3,27,4
F06425,F07,P01,true,3,27,4
F06441,F07,P01,true,3,27,4
F06471,F07,P01,true,3,27,4
F06475,F07,P01,true,3,27,4
F06520,F07,P01,true,3,27,4
F06524,F07,P01,true,3,27,4
F06535,F07,P01,true,3,27,4
F06567,F07,P01,true,3,27,4
F06607,F07,P01,true,3,27,4
F06624,F07,P01,true,3,27,4
F06633,F07,P01,true,3,27,4
F06644,F07,P01,true,3,27,4
F06699,F07,P01,true,3,27,4
F06746,F07,P01,true,3,27,4
F06761,F07,P01,true,3,27,4
F06777,F07,P01,true,3,27,4
F06796,F07,P01,true,3,27,4
F06797,F07,P01,true,3,27,4
F06799,F07,P01,true,3,27,4
F06816,F07,P01,true,3,27,4
F06824,F07,P01,true,3,27,4
F06848,F07,P01,true,3,27,4
F06884,F07,P01,true,3,27,4
F06896,F07,P01,true,3,27,4
F06924,F07,P01,true,3,27,4
F06952,F07,P01,true,3,27,4
F06968,F07,P01,true,3,27,4
F06991,F07,P01,true,3,27,4
F06993,F07,P01,true,3,27,4
F07004,F07,P01,true,3,27,4
F07009,F07,P01,true,3,27,4
F07041,F07,P01,true,3,27,4
F07046,F07,P01,true,3,27,4
F07047,F07,P01,true,3,27,4
F07065,F07,P01,true,3,27,4
F07074,F07,P01,true,3,27,4
F07087,F07,P01,true,3,27,4
F07104,F07,P01,true,3,27,4
F07112,F07,P01,true,3,27,4
F07117,F07,P01,true,3,27,4
F07155,F07,P01,true,3,27,4
F07160,F07,P01,true,3,27,4
F07162,F07,P01,true,3,27,4
F07201,F08,P01,true,3,27,4
F07224,F08,P01,true,3,27,4
F07231,F08,P01,true,3,27,4
F07250,F08,P01,true,3,27,4
F07272,F08,P01,true,3,27,4
F07289,F08,P01,true,3,27,4
F07310,F08,P01,true,3,27,4
F07340,F08,P01,true,3,27,4
F07344,F08,P01,true,3,27,4
F07351,F08,P01,true,3,27,4
F07352,F08,P01,true,3,27,4
F07355,F08,P01,true,3,27,4
F07448,F08,P01,true,3,27,4
F07452,F08,P01,true,3,27,4
F07489,F08,P01,true,3,27,4
F07548,F08,P01,true,3,27,4
F07568,F08,P01,true,3,27,4
F07590,F08,P01,true,3,27,4
F07683,F08,P01,true,3,27,4
F07699,F08,P01,true,3,27,4
F07711,F08,P01,true,3,27,4
F07712,F08,P01,true,3,27,4
F07714,F08,P01,true,3,27,4
F07746,F08,P01,true,3,27,4
F07748,F08,P01,true,3,27,4
F07749,F08,P01,true,3,27,4
F07761,F08,P01,true,3,27,4
F07781,F08,P01,true,3,27,4
F07839,F08,P01,true,3,27,4
F07856,F08,P01,true,3,27,4
F07893,F08,P01,true,3,27,4
F07923,F08,P01,true,3,27,4
F07952,F08,P01,true,3,27,4
F07984,F08,P01,true,3,27,4
F08025,F08,P01,true,3,27,4
F08056,F08,P01,true,3,27,4
F08059,F08,P01,true,3,27,4
F08061,F08,P01,true,3,27,4
F08066,F08,P01,true,3,27,4
F08067,F08,P01,true,3,27,4
F08140,F08,P01,true,3,27,4
F08173,F08,P01,true,3,27,4
F08227,F09,P01,true,3,27,4
F08252,F09,P01,true,3,27,4
F08271,F09,P01,true,3,27,4
F08274,F09,P01,true,3,27,4
F08309,F09,P01,true,3,27,4
F08324,F09,P01,true,3,27,4
F08332,F09,P01,true,3,27,4
F08350,F09,P01,true,3,27,4
F08366,F09,P01,true,3,27,4
F08368,F09,P01,true,3,27,4
F08396,F09,P01,true,3,27,4
F08403,F09,P01,true,3,27,4
F08499,F09,P01,true,3,27,4
F08521,F09,P01,true,3,27,4
F08557,F09,P01,true,3,27,4
F08575,F09,P01,true,3,27,4
F08597,F09,P01,true,3,27,4
F08627,F09,P01,true,3,27,4
F08630,F09,P01,true,3,27,4
F08639,F09,P01,true,3,27,4
F08644,F09,P01,true,3,27,4
F08646,F09,P01,true,3,27,4
F08679,F09,P01,true,3,27,4
F08719,F09,P01,true,3,27,4
F08753,F09,P01,true,3,27,4
F08762,F09,P01,true,3,27,4
F08773,F09,P01,true,3,27,4
F08823,F09,P01,true,3,27,4
F08913,F09,P01,true,3,27,4
F08929,F09,P01,true,3,27,4
F09012,F09,P01,true,3,27,4
F09061,F09,P01,true,3,27,4
F09111,F09,P01,true,3,27,4
F09112,F09,P01,true,3,27,4
F09154,F09,P01,true,3,27,4
F09158,F09,P01,true,3,27,4
F09184,F09,P01,true,3,27,4
F09189,F09,P01,true,3,27,4
F09223,F10,P01,true,3,27,4
F09236,F10,P01,true,3,27,4
F09247,F10,P01,true,3,27,4
F09267,F10,P01,true,3,27,4
F09323,F10,P01,true,3,27,4
F09400,F10,P01,true,3,27,4
F09467,F10,P01,true,3,27,4
F09489,F10,P01,true,3,27,4
F09561,F10,P01,true,3,27,4
F09572,F10,P01,true,3,27,4
F09579,F10,P01,true,3,27,4
F09598,F10,P01,true,3,27,4
F09613,F10,P01,true,3,27,4
F09686,F10,P01,true,3,27,4
F09690,F10,P01,true,3,27,4
F09707,F10,P01,true,3,27,4
F09738,F10,P01,true,3,27,4
F09833,F10,P01,true,3,27,4
F09846,F10,P01,true,3,27,4
F09893,F10,P01,true,3,27,4
F09918,F10,P01,true,3,27,4
F09959,F10,P01,true,3,27,4
F09976,F10,P01,true,3,27,4
F10023,F10,P01,true,3,27,4
F10034,F10,P01,true,3,27,4
F10037,F10,P01,true,3,27,4
F10076,F10,P01,true,3,27,4
F10113,F10,P01,true,3,27,4
F10238,F10,P01,true,3,27,4
F10246,F11,P01,true,3,27,4
F10252,F11,P01,true,3,27,4
F10256,F11,P01,true,3,27,4
F10335,F11,P01,true,3,27,4
F10347,F11,P01,true,3,27,4
F10366,F11,P01,true,3,27,4
F10377,F11,P01,true,3,27,4
F10381,F11,P01,true,3,27,4
F10387,F11,P01,true,3,27,4
F10428,F11,P01,true,3,27,4
F10450,F11,P01,true,3,27,4
F10458,F11,P01,true,3,27,4
F10605,F11,P01,true,3,27,4
F10611,F11,P01,true,3,27,4
F10621,F11,P01,true,3,27,4
F10622,F11,P01,true,3,27,4
F10704,F11,P01,true,3,27,4
F10714,F11,P01,true,3,27,4
F10717,F11,P01,true,3,27,4
F10781,F11,P01,true,3,27,4
F10797,F11,P01,true,3,27,4
F10800,F11,P01,true,3,27,4
F10827,F11,P01,true,3,27,4
F10835,F11,P01,true,3,27,4
F10878,F11,P01,true,3,27,4
F10907,F11,P01,true,3,27,4
F11005,F11,P01,true,3,27,4
F11028,F11,P01,true,3,27,4
F11041,F11,P01,true,3,27,4
F11047,F11,P01,true,3,27,4
F11071,F11,P01,true,3,27,4
F11080,F11,P01,true,3,27,4
F11102,F11,P01,true,3,27,4
F11104,F11,P01,true,3,27,4
F11109,F11,P01,true,3,27,4
F11125,F11,P01,true,3,27,4
F11138,F11,P01,true,3,27,4
F11200,F11,P01,true,3,27,4
F11244,F11,P01,true,3,27,4
F11250,F11,P01,true,3,27,4
F11254,F11,P01,true,3,27,4
F11281,F12,P01,true,3,27,4
F11292,F12,P01,true,3,27,4
F11301,F12,P01,true,3,27,4
F11304,F12,P01,true,3,27,4
F11342,F12,P01,true,3,27,4
F11348,F12,P01,true,3,27,4
F11470,F12,P01,true,3,27,4
F11511,F12,P01,true,3,27,4
F11519,F12,P01,true,3,27,4
F11526,F12,P01,true,3,27,4
F11531,F12,P01,true,3,27,4
F11540,F12,P01,true,3,27,4
F11558,F12,P01,true,3,27,4
F11574,F12,P01,true,3,27,4
F11581,F12,P01,true,3,27,4
F11634,F12,P01,true,3,27,4
F11642,F12,P01,true,3,27,4
F11675,F12,P01,true,3,27,4
F11787,F12,P01,true,3,27,4
F11806,F12,P01,true,3,27,4
F11850,F12,P01,true,3,27,4
F11861,F12,P01,true,3,27,4
F11863,F12,P01,true,3,27,4
F11869,F12,P01,true,3,27,4
F11877,F12,P01,true,3,27,4
F11920,F12,P01,true,3,27,4
F11979,F12,P01,true,3,27,4
F11986,F12,P01,true,3,27,4
F11995,F12,P01,true,3,27,4
F12038,F12,P01,true,3,27,4
F12098,F12,P01,true,3,27,4
F12105,F12,P01,true,3,27,4
F12167,F12,P01,true,3,27,4
F12196,F12,P01,true,3,27,4
F12253,F12,P01,true,3,27,4
F12260,F12,P01,true,3,27,4
F12438,F13,P01,true,3,27,4
F12441,F13,P01,true,3,27,4
F12590,F13,P01,true,3,27,4
F12652,F13,P01,true,3,27,4
F12796,F13,P01,true,3,27,4
F12818,F13,P01,true,3,27,4
F12900,F13,P01,true,3,27,4
F13036,F13,P01,true,3,27,4
F13072,F13,P01,true,3,27,4
F13150,F13,P01,true,3,27,4
F13201,F13,P01,true,3,27,4
F13272,F13,P01,true,3,27,4
F13380,F14,P01,true,3,27,4
F13551,F14,P01,true,3,27,4
F13693,F14,P01,true,3,27,4
F13728,F14,P01,true,3,27,4
F13773,F14,P01,true,3,27,4
F13781,F14,P01,true,3,27,4
F13940,F14,P01,true,3,27,4
F14060,F14,P01,true,3,27,4
F14239,F14,P01,true,3,27,4
F14328,F14,P01,true,3,27,4
F14369,F15,P01,true,3,27,4
F14389,F15,P01,true,3,27,4
F14496,F15,P01,true,3,27,4
F14508,F15,P01,true,3,27,4
F14566,F15,P01,true,3,27,4
F14594,F15,P01,true,3,27,4
F14705,F15,P01,true,3,27,4
F14741,F15,P01,true,3,27,4
F14973,F15,P01,true,3,27,4
F15039,F15,P01,true,3,27,4
F15117,F15,P01,true,3,27,4
F15176,F15,P01,true,3,27,4
F15322,F15,P01,true,3,27,4
F15345,F15,P01,true,3,27,4
F15415,F16,P01,true,3,27,4
F15482,F16,P01,true,3,27,4
F15508,F16,P01,true,3,27,4
F15646,F16,P01,true,3,27,4
F15664,F16,P01,true,3,27,4
F15682,F16,P01,true,3,27,4
F15691,F16,P01,true,3,27,4
F15774,F16,P01,true,3,27,4
F15804,F16,P01,true,3,27,4
F15821,F16,P01,true,3,27,4
F16192,F16,P01,true,3,27,4
F16256,F16,P01,true,3,27,4
F16314,F16,P01,true,3,27,4
F16374,F16,P01,true,3,27,4
F16401,F17,P01,true,3,27,4
F16410,F17,P01,true,3,27,4
F16449,F17,P01,true,3,27,4
F16473,F17,P01,true,3,27,4
F16479,F17,P01,true,3,27,4
F16497,F17,P01,true,3,27,4
F16506,F17,P01,true,3,27,4
F16518,F17,P01,true,3,27,4
F16532,F17,P01,true,3,27,4
F16554,F17,P01,true,3,27,4
F16574,F17,P01,true,3,27,4
F16600,F17,P01,true,3,27,4
F16627,F17,P01,true,3,27,4
F16651,F17,P01,true,3,27,4
F16691,F17,P01,true,3,27,4
F16692,F17,P01,true,3,27,4
F16760,F17,P01,true,3,27,4
F16766,F17,P01,true,3,27,4
F16827,F17,P01,true,3,27,4
F16851,F17,P01,true,3,27,4
F16891,F17,P01,true,3,27,4
F17007,F17,P01,true,3,27,4
F17014,F17,P01,true,3,27,4
F17063,F17,P01,true,3,27,4
F17131,F17,P01,true,3,27,4
F17142,F17,P01,true,3,27,4
F17146,F17,P01,true,3,27,4
F17199,F17,P01,true,3,27,4
F17304,F17,P01,true,3,27,4
F17309,F17,P01,true,3,27,4
F17336,F17,P01,true,3,27,4
F17361,F17,P01,true,3,27,4
F17368,F17,P01,true,3,27,4
F17416,F18,P01,true,3,27,4
F17439,F18,P01,true,3,27,4
F17446,F18,P01,true,3,27,4
F17483,F18,P01,true,3,27,4
F17497,F18,P01,true,3,27,4
F17528,F18,P01,true,3,27,4
F17543,F18,P01,true,3,27,4
F17595,F18,P01,true,3,27,4
F17610,F18,P01,true,3,27,4
F17613,F18,P01,true,3,27,4
F17637,F18,P01,true,3,27,4
F17643,F18,P01,true,3,27,4
F17720,F18,P01,true,3,27,4
F17731,F18,P01,true,3,27,4
F17738,F18,P01,true,3,27,4
F17746,F18,P01,true,3,27,4
F17758,F18,P01,true,3,27,4
F17951,F18,P01,true,3,27,4
F17973,F18,P01,true,3,27,4
F18021,F18,P01,true,3,27,4
F18028,F18,P01,true,3,27,4
F18037,F18,P01,true,3,27,4
F18049,F18,P01,true,3,27,4
F18062,F18,P01,true,3,27,4
F18107,F18,P01,true,3,27,4
F18252,F18,P01,true,3,27,4
F18282,F18,P01,true,3,27,4
F18307,F18,P01,true,3,27,4
F18317,F18,P01,true,3,27,4
F18362,F18,P01,true,3,27,4
F18391,F18,P01,true,3,27,4
F18412,F18,P01,true,3,27,4
F18462,F19,P01,true,3,27,4
F18489,F19,P01,true,3,27,4
F18498,F19,P01,true,3,27,4
F18537,F19,P01,true,3,27,4
F18551,F19,P01,true,3,27,4
F18560,F19,P01,true,3,27,4
F18572,F19,P01,true,3,27,4
F18604,F19,P01,true,3,27,4
F18606,F19,P01,true,3,27,4
F18633,F19,P01,true,3,27,4
F18648,F19,P01,true,3,27,4
F18659,F19,P01,true,3,27,4
F18710,F19,P01,true,3,27,4
F18755,F19,P01,true,3,27,4
F18772,F19,P01,true,3,27,4
F18775,F19,P01,true,3,27,4
F18816,F19,P01,true,3,27,4
F18836,F19,P01,true,3,27,4
F18862,F19,P01,true,3,27,4
F18897,F19,P01,true,3,27,4
F18901,F19,P01,true,3,27,4
F18954,F19,P01,true,3,27,4
F18976,F19,P01,true,3,27,4
F18993,F19,P01,true,3,27,4
F19004,F19,P01,true,3,27,4
F19014,F19,P01,true,3,27,4
F19068,F19,P01,true,3,27,4
F19086,F19,P01,true,3,27,4
F19088,F19,P01,true,3,27,4
F19110,F19,P01,true,3,27,4
F19151,F19,P01,true,3,27,4
F19161,F19,P01,true,3,27,4
F19175,F19,P01,true,3,27,4
F19213,F19,P01,true,3,27,4
F19304,F19,P01,true,3,27,4
F19311,F19,P01,true,3,27,4
F19372,F19,P01,true,3,27,4
F19396,F19,P01,true,3,27,4
F19442,F19,P01,true,3,27,4
F19449,F19,P01,true,3,27,4
F19477,F20,P01,true,3,27,4
F19478,F20,P01,true,3,27,4
F19512,F20,P01,true,3,27,4
F19529,F20,P01,true,3,27,4
F19538,F20,P01,true,3,27,4
F19549,F20,P01,true,3,27,4
F19554,F20,P01,true,3,27,4
F19576,F20,P01,true,3,27,4
F19590,F20,P01,true,3,27,4
F19591,F20,P01,true,3,27,4
F19631,F20,P01,true,3,27,4
F19642,F20,P01,true,3,27,4
F19647,F20,P01,true,3,27,4
F19695,F20,P01,true,3,27,4
F19728,F20,P01,true,3,27,4
F19752,F20,P01,true,3,27,4
F19780,F20,P01,true,3,27,4
F19844,F20,P01,true,3,27,4
F19860,F20,P01,true,3,27,4
F19894,F20,P01,true,3,27,4
F20029,F20,P01,true,3,27,4
F20044,F20,P01,true,3,27,4
F20061,F20,P01,true,3,27,4
F20064,F20,P01,true,3,27,4
F20105,F20,P01,true,3,27,4
F20153,F20,P01,true,3,27,4
F20282,F20,P01,true,3,27,4
F20290,F20,P01,true,3,27,4
F20329,F20,P01,true,3,27,4
F20406,F20,P01,true,3,27,4
F20425,F20,P01,true,3,27,4
F20497,F21,P01,true,3,27,4
F20792,F21,P01,true,3,27,4
F21030,F21,P01,true,3,27,4
F21129,F21,P01,true,3,27,4
F21356,F21,P01,true,3,27,4
F21664,F22,P01,true,3,27,4
F21749,F22,P01,true,3,27,4
F22095,F22,P01,true,3,27,4
F22148,F22,P01,true,3,27,4
F22230,F22,P01,true,3,27,4
F22277,F22,P01,true,3,27,4
F22376,F22,P01,true,3,27,4
F22388,F22,P01,true,3,27,4
F22497,F22,P01,true,3,27,4
F22564,F23,P01,true,3,27,4
F22674,F23,P01,true,3,27,4
F22734,F23,P01,true,3,27,4
F23027,F23,P01,true,3,27,4
F23195,F23,P01,true,3,27,4
F23292,F23,P01,true,3,27,4
F23295,F23,P01,true,3,27,4
F23306,F23,P01,true,3,27,4
F23465,F23,P01,true,3,27,4
F23805,F24,P01,true,3,27,4
F23812,F24,P01,true,3,27,4
F23939,F24,P01,true,3,27,4
F24156,F24,P01,true,3,27,4
F24201,F24,P01,true,3,27,4
F24219,F24,P01,true,3,27,4
F24279,F24,P01,true,3,27,4
F00143,F01,P01,true,2,27,4
F00623,F01,P01,true,2,27,4
F00846,F01,P01,true,2,27,4
F00901,F01,P01,true,2,27,4
F01581,F02,P01,true,2,27,4
F01776,F02,P01,true,2,27,4
F02316,F03,P01,true,2,27,4
F02415,F03,P01,true,2,27,4
F02675,F03,P01,true,2,27,4
F02691,F03,P01,true,2,27,4
F02752,F03,P01,true,2,27,4
F03152,F04,P01,true,2,27,4
F03232,F04,P01,true,2,27,4
F03567,F04,P01,true,2,27,4
F04403,F05,P01,true,2,27,4
F04526,F05,P01,true,2,27,4
F04730,F05,P01,true,2,27,4
F05119,F05,P01,true,2,27,4
F07036,F07,P01,true,2,27,4
F07522,F08,P01,true,2,27,4
F07600,F08,P01,true,2,27,4
F07855,F08,P01,true,2,27,4
F07870,F08,P01,true,2,27,4
F07930,F08,P01,true,2,27,4
F08432,F09,P01,true,2,27,4
F08897,F09,P01,true,2,27,4
F09204,F09,P01,true,2,27,4
F09496,F10,P01,true,2,27,4
F10275,F11,P01,true,2,27,4
F10566,F11,P01,true,2,27,4
F11476,F12,P01,true,2,27,4
F11569,F12,P01,true,2,27,4
F11683,F12,P01,true,2,27,4
F11790,F12,P01,true,2,27,4
F11805,F12,P01,true,2,27,4
F14531,F15,P01,true,2,27,4
F15518,F16,P01,true,2,27,4
F16717,F17,P01,true,2,27,4
F17212,F17,P01,true,2,27,4
F18388,F18,P01,true,2,27,4
F18485,F19,P01,true,2,27,4
F18564,F19,P01,true,2,27,4
F19249,F19,P01,true,2,27,4
F20240,F20,P01,true,2,27,4
F20295,F20,P01,true,2,27,4
F20368,F20,P01,true,2,27,4
F23878,F24,P01,true,2,27,4
F02502,F03,P01,true,4,27,3
F02785,F03,P01,true,4,27,3
F03137,F04,P01,true,4,27,3
F03643,F04,P01,true,4,27,3
F03649,F04,P01,true,4,27,3
F03753,F04,P01,true,4,27,3
F03759,F04,P01,true,4,27,3
F03926,F04,P01,true,4,27,3
F11274,F12,P01,true,4,27,3
F11379,F12,P01,true,4,27,3
F11430,F12,P01,true,4,27,3
F11494,F12,P01,true,4,27,3
F11666,F12,P01,true,4,27,3
F11723,F12,P01,true,4,27,3
F11830,F12,P01,true,4,27,3
F12054,F12,P01,true,4,27,3
F12236,F12,P01,true,4,27,3
F19792,F20,P01,true,4,27,3
F19847,F20,P01,true,4,27,3
F19962,F20,P01,true,4,27,3
F20132,F20,P01,true,4,27,3
F20302,F20,P01,true,4,27,3
F20550,F21,P01,true,4,27,3
F20646,F21,P01,true,4,27,3
F20654,F21,P01,true,4,27,3
F20661,F21,P01,true,4,27,3
F20710,F21,P01,true,4,27,3
F20719,F21,P01,true,4,27,3
F20766,F21,P01,true,4,27,3
F20773,F21,P01,true,4,27,3
F20775,F21,P01,true,4,27,3
F20817,F21,P01,true,4,27,3
F20878,F21,P01,true,4,27,3
F20879,F21,P01,true,4,27,3
F20893,F21,P01,true,4,27,3
F20928,F21,P01,true,4,27,3
F20936,F21,P01,true,4,27,3
F20942,F21,P01,true,4,27,3
F20996,F21,P01,true,4,27,3
F20998,F21,P01,true,4,27,3
F21104,F21,P01,true,4,27,3
F21162,F21,P01,true,4,27,3
F21213,F21,P01,true,4,27,3
F21233,F21,P01,true,4,27,3
F21237,F21,P01,true,4,27,3
F21269,F21,P01,true,4,27,3
F21283,F21,P01,true,4,27,3
F21331,F21,P01,true,4,27,3
F21341,F21,P01,true,4,27,3
F21393,F21,P01,true,4,27,3
F21452,F21,P01,true,4,27,3
F21610,F22,P01,true,4,27,3
F21684,F22,P01,true,4,27,3
F21723,F22,P01,true,4,27,3
F21737,F22,P01,true,4,27,3
F21788,F22,P01,true,4,27,3
F21909,F22,P01,true,4,27,3
F21953,F22,P01,true,4,27,3
F21956,F22,P01,true,4,27,3
F21961,F22,P01,true,4,27,3
F21965,F22,P01,true,4,27,3
F21968,F22,P01,true,4,27,3
F22066,F22,P01,true,4,27,3
F22074,F22,P01,true,4,27,3
F22081,F22,P01,true,4,27,3
F22123,F22,P01,true,4,27,3
F22354,F22,P01,true,4,27,3
F22422,F22,P01,true,4,27,3
F22427,F22,P01,true,4,27,3
F22429,F22,P01,true,4,27,3
F22469,F22,P01,true,4,27,3
F22531,F23,P01,true,4,27,3
F22577,F23,P01,true,4,27,3
F22694,F23,P01,true,4,27,3
F22820,F23,P01,true,4,27,3
F22860,F23,P01,true,4,27,3
F22873,F23,P01,true,4,27,3
F22883,F23,P01,true,4,27,3
F22886,F23,P01,true,4,27,3
F22928,F23,P01,true,4,27,3
F23042,F23,P01,true,4,27,3
F23090,F23,P01,true,4,27,3
F23096,F23,P01,true,4,27,3
F23150,F23,P01,true,4,27,3
F23224,F23,P01,true,4,27,3
F23272,F23,P01,true,4,27,3
F23330,F23,P01,true,4,27,3
F23331,F23,P01,true,4,27,3
F23443,F23,P01,true,4,27,3
F23489,F23,P01,true,4,27,3
F23509,F23,P01,true,4,27,3
F23602,F24,P01,true,4,27,3
F23603,F24,P01,true,4,27,3
F23616,F24,P01,true,4,27,3
F23720,F24,P01,true,4,27,3
F23728,F24,P01,true,4,27,3
F23738,F24,P01,true,4,27,3
F23779,F24,P01,true,4,27,3
F23833,F24,P01,true,4,27,3
F23836,F24,P01,true,4,27,3
F23898,F24,P01,true,4,27,3
F23950,F24,P01,true,4,27,3
F23998,F24,P01,true,4,27,3
F24077,F24,P01,true,4,27,3
F24187,F24,P01,true,4,27,3
F24193,F24,P01,true,4,27,3
F24228,F24,P01,true,4,27,3
F24231,F24,P01,true,4,27,3
F24234,F24,P01,true,4,27,3
F24242,F24,P01,true,4,27,3
F24245,F24,P01,true,4,27,3
F24309,F24,P01,true,4,27,3
F24345,F24,P01,true,4,27,3
F24357,F24,P01,true,4,27,3
F24464,F24,P01,true,4,27,3
F24470,F24,P01,true,4,27,3
F24478,F24,P01,true,4,27,3
F24527,F24,P01,true,4,27,3
F02217,F03,P01,true,3,27,3
F02273,F03,P01,true,3,27,3
F03072,F03,P01,true,3,27,3
F03252,F04,P01,true,3,27,3
F03871,F04,P01,true,3,27,3
F10291,F11,P01,true,3,27,3
F10351,F11,P01,true,3,27,3
F10352,F11,P01,true,3,27,3
F10635,F11,P01,true,3,27,3
F10750,F11,P01,true,3,27,3
F11031,F11,P01,true,3,27,3
F11204,F11,P01,true,3,27,3
F11614,F12,P01,true,3,27,3
F12119,F12,P01,true,3,27,3
F12173,F12,P01,true,3,27,3
F12232,F12,P01,true,3,27,3
F19619,F20,P01,true,3,27,3
F19733,F20,P01,true,3,27,3
F19737,F20,P01,true,3,27,3
F19959,F20,P01,true,3,27,3
F20303,F20,P01,true,3,27,3
F20651,F21,P01,true,3,27,3
F20662,F21,P01,true,3,27,3
F20718,F21,P01,true,3,27,3
F21043,F21,P01,true,3,27,3
F21174,F21,P01,true,3,27,3
F21851,F22,P01,true,3,27,3
F22026,F22,P01,true,3,27,3
F22027,F22,P01,true,3,27,3
F22256,F22,P01,true,3,27,3
F22259,F22,P01,true,3,27,3
F22350,F22,P01,true,3,27,3
F22475,F22,P01,true,3,27,3
F22976,F23,P01,true,3,27,3
F23035,F23,P01,true,3,27,3
F23092,F23,P01,true,3,27,3
F23447,F23,P01,true,3,27,3
F23455,F23,P01,true,3,27,3
F23896,F24,P01,true,3,27,3
F24133,F24,P01,true,3,27,3
F24229,F24,P01,true,3,27,3
F24417,F24,P01,true,3,27,3
F24462,F24,P01,true,3,27,3
F24514,F24,P01,true,3,27,3
F11779,F12,P01,true,2,27,3
F00004,F01,P01,true,4,26,4
F00087,F01,P01,true,4,26,4
F00256,F01,P01,true,4,26,4
F00287,F01,P01,true,4,26,4
F00321,F01,P01,true,4,26,4
F00534,F01,P01,true,4,26,4
F00554,F01,P01,true,4,26,4
F00845,F01,P01,true,4,26,4
F00913,F01,P01,true,4,26,4
F01028,F02,P01,true,4,26,4
F01142,F02,P01,true,4,26,4
F01144,F02,P01,true,4,26,4
F01382,F02,P01,true,4,26,4
F01488,F02,P01,true,4,26,4
F01490,F02,P01,true,4,26,4
F01509,F02,P01,true,4,26,4
F01621,F02,P01,true,4,26,4
F01722,F02,P01,true,4,26,4
F01724,F02,P01,true,4,26,4
F01728,F02,P01,true,4,26,4
F01766,F02,P01,true,4,26,4
F01788,F02,P01,true,4,26,4
F01792,F02,P01,true,4,26,4
F02004,F02,P01,true,4,26,4
F02244,F03,P01,true,4,26,4
F02372,F03,P01,true,4,26,4
F02404,F03,P01,true,4,26,4
F02436,F03,P01,true,4,26,4
F02467,F03,P01,true,4,26,4
F02690,F03,P01,true,4,26,4
F02980,F03,P01,true,4,26,4
F03014,F03,P01,true,4,26,4
F03016,F03,P01,true,4,26,4
F03671,F04,P01,true,4,26,4
F03712,F04,P01,true,4,26,4
F03738,F04,P01,true,4,26,4
F03918,F04,P01,true,4,26,4
F04098,F05,P01,true,4,26,4
F04474,F05,P01,true,4,26,4
F04777,F05,P01,true,4,26,4
F05028,F05,P01,true,4,26,4
F05236,F06,P01,true,4,26,4
F06268,F07,P01,true,4,26,4
F06434,F07,P01,true,4,26,4
F06808,F07,P01,true,4,26,4
F06834,F07,P01,true,4,26,4
F06944,F07,P01,true,4,26,4
F07129,F07,P01,true,4,26,4
F07158,F07,P01,true,4,26,4
F07178,F08,P01,true,4,26,4
F07394,F08,P01,true,4,26,4
F07506,F08,P01,true,4,26,4
F07517,F08,P01,true,4,26,4
F07611,F08,P01,true,4,26,4
F07631,F08,P01,true,4,26,4
F07979,F08,P01,true,4,26,4
F08210,F09,P01,true,4,26,4
F08250,F09,P01,true,4,26,4
F08484,F09,P01,true,4,26,4
F09724,F10,P01,true,4,26,4
F09795,F10,P01,true,4,26,4
F10087,F10,P01,true,4,26,4
F10226,F10,P01,true,4,26,4
F11618,F12,P01,true,4,26,4
F11680,F12,P01,true,4,26,4
F12079,F12,P01,true,4,26,4
F12304,F13,P01,true,4,26,4
F12305,F13,P01,true,4,26,4
F12311,F13,P01,true,4,26,4
F12342,F13,P01,true,4,26,4
F12348,F13,P01,true,4,26,4
F12373,F13,P01,true,4,26,4
F12408,F13,P01,true,4,26,4
F12419,F13,P01,true,4,26,4
F12478,F13,P01,true,4,26,4
F12496,F13,P01,true,4,26,4
F12513,F13,P01,true,4,26,4
F12576,F13,P01,true,4,26,4
F12593,F13,P01,true,4,26,4
F12622,F13,P01,true,4,26,4
F12674,F13,P01,true,4,26,4
F12707,F13,P01,true,4,26,4
F12711,F13,P01,true,4,26,4
F12739,F13,P01,true,4,26,4
F12756,F13,P01,true,4,26,4
F12790,F13,P01,true,4,26,4
F12802,F13,P01,true,4,26,4
F12874,F13,P01,true,4,26,4
F12916,F13,P01,true,4,26,4
F12917,F13,P01,true,4,26,4
F12929,F13,P01,true,4,26,4
F12939,F13,P01,true,4,26,4
F12951,F13,P01,true,4,26,4
F12953,F13,P01,true,4,26,4
F12959,F13,P01,true,4,26,4
F12990,F13,P01,true,4,26,4
F13016,F13,P01,true,4,26,4
F13041,F13,P01,true,4,26,4
F13043,F13,P01,true,4,26,4
F13079,F13,P01,true,4,26,4
F13102,F13,P01,true,4,26,4
F13115,F13,P01,true,4,26,4
F13151,F13,P01,true,4,26,4
F13222,F13,P01,true,4,26,4
F13370,F14,P01,true,4,26,4
F13373,F14,P01,true,4,26,4
F13400,F14,P01,true,4,26,4
F13422,F14,P01,true,4,26,4
F13540,F14,P01,true,4,26,4
F13556,F14,P01,true,4,26,4
F13576,F14,P01,true,4,26,4
F13587,F14,P01,true,4,26,4
F13598,F14,P01,true,4,26,4
F13658,F14,P01,true,4,26,4
F13704,F14,P01,true,4,26,4
F13723,F14,P01,true,4,26,4
F13730,F14,P01,true,4,26,4
F13791,F14,P01,true,4,26,4
F13905,F14,P01,true,4,26,4
F13922,F14,P01,true,4,26,4
F13953,F14,P01,true,4,26,4
F13974,F14,P01,true,4,26,4
F14038,F14,P01,true,4,26,4
F14093,F14,P01,true,4,26,4
F14128,F14,P01,true,4,26,4
F14135,F14,P01,true,4,26,4
F14233,F14,P01,true,4,26,4
F14338,F15,P01,true,4,26,4
F14365,F15,P01,true,4,26,4
F14433,F15,P01,true,4,26,4
F14445,F15,P01,true,4,26,4
F14468,F15,P01,true,4,26,4
F14555,F15,P01,true,4,26,4
F14574,F15,P01,true,4,26,4
F14593,F15,P01,true,4,26,4
F14603,F15,P01,true,4,26,4
F14637,F15,P01,true,4,26,4
F14684,F15,P01,true,4,26,4
F14712,F15,P01,true,4,26,4
F14768,F15,P01,true,4,26,4
F14782,F15,P01,true,4,26,4
F14786,F15,P01,true,4,26,4
F14827,F15,P01,true,4,26,4
F15042,F15,P01,true,4,26,4
F15043,F15,P01,true,4,26,4
F15054,F15,P01,true,4,26,4
F15057,F15,P01,true,4,26,4
F15063,F15,P01,true,4,26,4
F15105,F15,P01,true,4,26,4
F15127,F15,P01,true,4,26,4
F15178,F15,P01,true,4,26,4
F15207,F15,P01,true,4,26,4
F15222,F15,P01,true,4,26,4
F15256,F15,P01,true,4,26,4
F15283,F15,P01,true,4,26,4
F15347,F15,P01,true,4,26,4
F15354,F15,P01,true,4,26,4
F15501,F16,P01,true,4,26,4
F15513,F16,P01,true,4,26,4
F15569,F16,P01,true,4,26,4
F15699,F16,P01,true,4,26,4
F15716,F16,P01,true,4,26,4
F15727,F16,P01,true,4,26,4
F15752,F16,P01,true,4,26,4
F15777,F16,P01,true,4,26,4
F15846,F16,P01,true,4,26,4
F15850,F16,P01,true,4,26,4
F15864,F16,P01,true,4,26,4
F15889,F16,P01,true,4,26,4
F15983,F16,P01,true,4,26,4
F16010,F16,P01,true,4,26,4
F16022,F16,P01,true,4,26,4
F16032,F16,P01,true,4,26,4
F16094,F16,P01,true,4,26,4
F16118,F16,P01,true,4,26,4
F16145,F16,P01,true,4,26,4
F16164,F16,P01,true,4,26,4
F16184,F16,P01,true,4,26,4
F16185,F16,P01,true,4,26,4
F16204,F16,P01,true,4,26,4
F16306,F16,P01,true,4,26,4
F16801,F17,P01,true,4,26,4
F17162,F17,P01,true,4,26,4
F17244,F17,P01,true,4,26,4
F17254,F17,P01,true,4,26,4
F17479,F18,P01,true,4,26,4
F17710,F18,P01,true,4,26,4
F17809,F18,P01,true,4,26,4
F18261,F18,P01,true,4,26,4
F18686,F19,P01,true,4,26,4
F18694,F19,P01,true,4,26,4
F19186,F19,P01,true,4,26,4
F19859,F20,P01,true,4,26,4
F19871,F20,P01,true,4,26,4
F20080,F20,P01,true,4,26,4
F20163,F20,P01,true,4,26,4
F20260,F20,P01,true,4,26,4
F20507,F21,P01,true,4,26,4
F20622,F21,P01,true,4,26,4
F20687,F21,P01,true,4,26,4
F20731,F21,P01,true,4,26,4
F20855,F21,P01,true,4,26,4
F21036,F21,P01,true,4,26,4
F21153,F21,P01,true,4,26,4
F21304,F21,P01,true,4,26,4
F21361,F21,P01,true,4,26,4
F21371,F21,P01,true,4,26,4
F21413,F21,P01,true,4,26,4
F21522,F22,P01,true,4,26,4
F21531,F22,P01,true,4,26,4
F21578,F22,P01,true,4,26,4
F21582,F22,P01,true,4,26,4
F21606,F22,P01,true,4,26,4
F21697,F22,P01,true,4,26,4
F21700,F22,P01,true,4,26,4
F21707,F22,P01,true,4,26,4
F21708,F22,P01,true,4,26,4
F21714,F22,P01,true,4,26,4
F21777,F22,P01,true,4,26,4
F22035,F22,P01,true,4,26,4
F22059,F22,P01,true,4,26,4
F22173,F22,P01,true,4,26,4
F22210,F22,P01,true,4,26,4
F22342,F22,P01,true,4,26,4
F22573,F23,P01,true,4,26,4
F22617,F23,P01,true,4,26,4
F22841,F23,P01,true,4,26,4
F22900,F23,P01,true,4,26,4
F22909,F23,P01,true,4,26,4
F22968,F23,P01,true,4,26,4
F23020,F23,P01,true,4,26,4
F23060,F23,P01,true,4,26,4
F23079,F23,P01,true,4,26,4
F23192,F23,P01,true,4,26,4
F23199,F23,P01,true,4,26,4
F23346,F23,P01,true,4,26,4
F23353,F23,P01,true,4,26,4
F23357,F23,P01,true,4,26,4
F23402,F23,P01,true,4,26,4
F23476,F23,P01,true,4,26,4
F23526,F23,P01,true,4,26,4
F23578,F24,P01,true,4,26,4
F23648,F24,P01,true,4,26,4
F23701,F24,P01,true,4,26,4
F23801,F24,P01,true,4,26,4
F23918,F24,P01,true,4,26,4
F24090,F24,P01,true,4,26,4
F24327,F24,P01,true,4,26,4
F24335,F24,P01,true,4,26,4
F24434,F24,P01,true,4,26,4
F24493,F24,P01,true,4,26,4
F24536,F24,P01,true,4,26,4
F24549,F24,P01,true,4,26,4
F00081,F01,P01,true,3,26,4
F00162,F01,P01,true,3,26,4
F00212,F01,P01,true,3,26,4
F00235,F01,P01,true,3,26,4
F00293,F01,P01,true,3,26,4
F00361,F01,P01,true,3,26,4
F00458,F01,P01,true,3,26,4
F00459,F01,P01,true,3,26,4
F00583,F01,P01,true,3,26,4
F00718,F01,P01,true,3,26,4
F00757,F01,P01,true,3,26,4
F00769,F01,P01,true,3,26,4
F00770,F01,P01,true,3,26,4
F00816,F01,P01,true,3,26,4
F00863,F01,P01,true,3,26,4
F00880,F01,P01,true,3,26,4
F00911,F01,P01,true,3,26,4
F00952,F01,P01,true,3,26,4
F01000,F01,P01,true,3,26,4
F01036,F02,P01,true,3,26,4
F01039,F02,P01,true,3,26,4
F01110,F02,P01,true,3,26,4
F01183,F02,P01,true,3,26,4
F01206,F02,P01,true,3,26,4
F01235,F02,P01,true,3,26,4
F01245,F02,P01,true,3,26,4
F01307,F02,P01,true,3,26,4
F01341,F02,P01,true,3,26,4
F01368,F02,P01,true,3,26,4
F01407,F02,P01,true,3,26,4
F01422,F02,P01,true,3,26,4
F01469,F02,P01,true,3,26,4
F01536,F02,P01,true,3,26,4
F01571,F02,P01,true,3,26,4
F01651,F02,P01,true,3,26,4
F01671,F02,P01,true,3,26,4
F01719,F02,P01,true,3,26,4
F01854,F02,P01,true,3,26,4
F01979,F02,P01,true,3,26,4
F01992,F02,P01,true,3,26,4
F01995,F02,P01,true,3,26,4
F02042,F02,P01,true,3,26,4
F02050,F03,P01,true,3,26,4
F02065,F03,P01,true,3,26,4
F02129,F03,P01,true,3,26,4
F02149,F03,P01,true,3,26,4
F02182,F03,P01,true,3,26,4
F02215,F03,P01,true,3,26,4
F02280,F03,P01,true,3,26,4
F02313,F03,P01,true,3,26,4
F02353,F03,P01,true,3,26,4
F02401,F03,P01,true,3,26,4
F02451,F03,P01,true,3,26,4
F02505,F03,P01,true,3,26,4
F02523,F03,P01,true,3,26,4
F02555,F03,P01,true,3,26,4
F02609,F03,P01,true,3,26,4
F02680,F03,P01,true,3,26,4
F02747,F03,P01,true,3,26,4
F02751,F03,P01,true,3,26,4
F02804,F03,P01,true,3,26,4
F02888,F03,P01,true,3,26,4
F02896,F03,P01,true,3,26,4
F02911,F03,P01,true,3,26,4
F03027,F03,P01,true,3,26,4
F03052,F03,P01,true,3,26,4
F03088,F04,P01,true,3,26,4
F03090,F04,P01,true,3,26,4
F03116,F04,P01,true,3,26,4
F03123,F04,P01,true,3,26,4
F03231,F04,P01,true,3,26,4
F03292,F04,P01,true,3,26,4
F03335,F04,P01,true,3,26,4
F03347,F04,P01,true,3,26,4
F03489,F04,P01,true,3,26,4
F03506,F04,P01,true,3,26,4
F03517,F04,P01,true,3,26,4
F03520,F04,P01,true,3,26,4
F03540,F04,P01,true,3,26,4
F03542,F04,P01,true,3,26,4
F03558,F04,P01,true,3,26,4
F03623,F04,P01,true,3,26,4
F03730,F04,P01,true,3,26,4
F03750,F04,P01,true,3,26,4
F03856,F04,P01,true,3,26,4
F03883,F04,P01,true,3,26,4
F03943,F04,P01,true,3,26,4
F03959,F04,P01,true,3,26,4
F04002,F04,P01,true,3,26,4
F04032,F04,P01,true,3,26,4
F04091,F04,P01,true,3,26,4
F04097,F05,P01,true,3,26,4
F04197,F05,P01,true,3,26,4
F04200,F05,P01,true,3,26,4
F04229,F05,P01,true,3,26,4
F04237,F05,P01,true,3,26,4
F04269,F05,P01,true,3,26,4
F04273,F05,P01,true,3,26,4
F04298,F05,P01,true,3,26,4
F04303,F05,P01,true,3,26,4
F04310,F05,P01,true,3,26,4
F04442,F05,P01,true,3,26,4
F04485,F05,P01,true,3,26,4
F04496,F05,P01,true,3,26,4
F04510,F05,P01,true,3,26,4
F04530,F05,P01,true,3,26,4
F04534,F05,P01,true,3,26,4
F04568,F05,P01,true,3,26,4
F04580,F05,P01,true,3,26,4
F04623,F05,P01,true,3,26,4
F04677,F05,P01,true,3,26,4
F04684,F05,P01,true,3,26,4
F04685,F05,P01,true,3,26,4
F04693,F05,P01,true,3,26,4
F04729,F05,P01,true,3,26,4
F04793,F05,P01,true,3,26,4
F04797,F05,P01,true,3,26,4
F04827,F05,P01,true,3,26,4
F04834,F05,P01,true,3,26,4
F04898,F05,P01,true,3,26,4
F04906,F05,P01,true,3,26,4
F04945,F05,P01,true,3,26,4
F04948,F05,P01,true,3,26,4
F05037,F05,P01,true,3,26,4
F05099,F05,P01,true,3,26,4
F05178,F06,P01,true,3,26,4
F05221,F06,P01,true,3,26,4
F05230,F06,P01,true,3,26,4
F05244,F06,P01,true,3,26,4
F05315,F06,P01,true,3,26,4
F05317,F06,P01,true,3,26,4
F05349,F06,P01,true,3,26,4
F05359,F06,P01,true,3,26,4
F05378,F06,P01,true,3,26,4
F05389,F06,P01,true,3,26,4
F05406,F06,P01,true,3,26,4
F05454,F06,P01,true,3,26,4
F05470,F06,P01,true,3,26,4
F05499,F06,P01,true,3,26,4
F05517,F06,P01,true,3,26,4
F05527,F06,P01,true,3,26,4
F05567,F06,P01,true,3,26,4
F05587,F06,P01,true,3,26,4
F05603,F06,P01,true,3,26,4
F05621,F06,P01,true,3,26,4
F05638,F06,P01,true,3,26,4
F05700,F06,P01,true,3,26,4
F05705,F06,P01,true,3,26,4
F05836,F06,P01,true,3,26,4
F05848,F06,P01,true,3,26,4
F05869,F06,P01,true,3,26,4
F05903,F06,P01,true,3,26,4
F05939,F06,P01,true,3,26,4
F05965,F06,P01,true,3,26,4
F06011,F06,P01,true,3,26,4
F06015,F06,P01,true,3,26,4
F06017,F06,P01,true,3,26,4
F06020,F06,P01,true,3,26,4
F06039,F06,P01,true,3,26,4
F06054,F06,P01,true,3,26,4
F06101,F06,P01,true,3,26,4
F06106,F06,P01,true,3,26,4
F06123,F06,P01,true,3,26,4
F06138,F06,P01,true,3,26,4
F06152,F07,P01,true,3,26,4
F06163,F07,P01,true,3,26,4
F06171,F07,P01,true,3,26,4
F06227,F07,P01,true,3,26,4
F06239,F07,P01,true,3,26,4
F06259,F07,P01,true,3,26,4
F06299,F07,P01,true,3,26,4
F06309,F07,P01,true,3,26,4
F06313,F07,P01,true,3,26,4
F06331,F07,P01,true,3,26,4
F06397,F07,P01,true,3,26,4
F06413,F07,P01,true,3,26,4
F06416,F07,P01,true,3,26,4
F06486,F07,P01,true,3,26,4
F06498,F07,P01,true,3,26,4
F06558,F07,P01,true,3,26,4
F06595,F07,P01,true,3,26,4
F06659,F07,P01,true,3,26,4
F06666,F07,P01,true,3,26,4
F06668,F07,P01,true,3,26,4
F06719,F07,P01,true,3,26,4
F06730,F07,P01,true,3,26,4
F06788,F07,P01,true,3,26,4
F06798,F07,P01,true,3,26,4
F06813,F07,P01,true,3,26,4
F06897,F07,P01,true,3,26,4
F06927,F07,P01,true,3,26,4
F07011,F07,P01,true,3,26,4
F07019,F07,P01,true,3,26,4
F07084,F07,P01,true,3,26,4
F07086,F07,P01,true,3,26,4
F07109,F07,P01,true,3,26,4
F07134,F07,P01,true,3,26,4
F07191,F08,P01,true,3,26,4
F07194,F08,P01,true,3,26,4
F07215,F08,P01,true,3,26,4
F07219,F08,P01,true,3,26,4
F07230,F08,P01,true,3,26,4
F07260,F08,P01,true,3,26,4
F07283,F08,P01,true,3,26,4
F07286,F08,P01,true,3,26,4
F07294,F08,P01,true,3,26,4
F07341,F08,P01,true,3,26,4
F07363,F08,P01,true,3,26,4
F07407,F08,P01,true,3,26,4
F07454,F08,P01,true,3,26,4
F07462,F08,P01,true,3,26,4
F07470,F08,P01,true,3,26,4
F07516,F08,P01,true,3,26,4
F07578,F08,P01,true,3,26,4
F07614,F08,P01,true,3,26,4
F07632,F08,P01,true,3,26,4
F07650,F08,P01,true,3,26,4
F07679,F08,P01,true,3,26,4
F07776,F08,P01,true,3,26,4
F07794,F08,P01,true,3,26,4
F07821,F08,P01,true,3,26,4
F07857,F08,P01,true,3,26,4
F07872,F08,P01,true,3,26,4
F07884,F08,P01,true,3,26,4
F07929,F08,P01,true,3,26,4
F08012,F08,P01,true,3,26,4
F08013,F08,P01,true,3,26,4
F08039,F08,P01,true,3,26,4
F08065,F08,P01,true,3,26,4
F08089,F08,P01,true,3,26,4
F08113,F08,P01,true,3,26,4
F08196,F09,P01,true,3,26,4
F08200,F09,P01,true,3,26,4
F08235,F09,P01,true,3,26,4
F08275,F09,P01,true,3,26,4
F08313,F09,P01,true,3,26,4
F08317,F09,P01,true,3,26,4
F08357,F09,P01,true,3,26,4
F08372,F09,P01,true,3,26,4
F08401,F09,P01,true,3,26,4
F08465,F09,P01,true,3,26,4
F08470,F09,P01,true,3,26,4
F08559,F09,P01,true,3,26,4
F08566,F09,P01,true,3,26,4
F08693,F09,P01,true,3,26,4
F08728,F09,P01,true,3,26,4
F08739,F09,P01,true,3,26,4
F08825,F09,P01,true,3,26,4
F08860,F09,P01,true,3,26,4
F08862,F09,P01,true,3,26,4
F08863,F09,P01,true,3,26,4
F08887,F09,P01,true,3,26,4
F08889,F09,P01,true,3,26,4
F08893,F09,P01,true,3,26,4
F08899,F09,P01,true,3,26,4
F08946,F09,P01,true,3,26,4
F08953,F09,P01,true,3,26,4
F09040,F09,P01,true,3,26,4
F09136,F09,P01,true,3,26,4
F09226,F10,P01,true,3,26,4
F09227,F10,P01,true,3,26,4
F09231,F10,P01,true,3,26,4
F09276,F10,P01,true,3,26,4
F09279,F10,P01,true,3,26,4
F09293,F10,P01,true,3,26,4
F09307,F10,P01,true,3,26,4
F09356,F10,P01,true,3,26,4
F09372,F10,P01,true,3,26,4
F09405,F10,P01,true,3,26,4
F09426,F10,P01,true,3,26,4
F09473,F10,P01,true,3,26,4
F09627,F10,P01,true,3,26,4
F09640,F10,P01,true,3,26,4
F09697,F10,P01,true,3,26,4
F09705,F10,P01,true,3,26,4
F09715,F10,P01,true,3,26,4
F09726,F10,P01,true,3,26,4
F09733,F10,P01,true,3,26,4
F09759,F10,P01,true,3,26,4
F09836,F10,P01,true,3,26,4
F09842,F10,P01,true,3,26,4
F09875,F10,P01,true,3,26,4
F09896,F10,P01,true,3,26,4
F10013,F10,P01,true,3,26,4
F10031,F10,P01,true,3,26,4
F10063,F10,P01,true,3,26,4
F10067,F10,P01,true,3,26,4
F10081,F10,P01,true,3,26,4
F10182,F10,P01,true,3,26,4
F10230,F10,P01,true,3,26,4
F10234,F10,P01,true,3,26,4
F10309,F11,P01,true,3,26,4
F10314,F11,P01,true,3,26,4
F10374,F11,P01,true,3,26,4
F10417,F11,P01,true,3,26,4
F10447,F11,P01,true,3,26,4
F10473,F11,P01,true,3,26,4
F10541,F11,P01,true,3,26,4
F10590,F11,P01,true,3,26,4
F10661,F11,P01,true,3,26,4
F10677,F11,P01,true,3,26,4
F10685,F11,P01,true,3,26,4
F10723,F11,P01,true,3,26,4
F10742,F11,P01,true,3,26,4
F10753,F11,P01,true,3,26,4
F10768,F11,P01,true,3,26,4
F10824,F11,P01,true,3,26,4
F10832,F11,P01,true,3,26,4
F10961,F11,P01,true,3,26,4
F11049,F11,P01,true,3,26,4
F11070,F11,P01,true,3,26,4
F11073,F11,P01,true,3,26,4
F11126,F11,P01,true,3,26,4
F11139,F11,P01,true,3,26,4
F11153,F11,P01,true,3,26,4
F11156,F11,P01,true,3,26,4
F11167,F11,P01,true,3,26,4
F11229,F11,P01,true,3,26,4
F11336,F12,P01,true,3,26,4
F11390,F12,P01,true,3,26,4
F11401,F12,P01,true,3,26,4
F11419,F12,P01,true,3,26,4
F11461,F12,P01,true,3,26,4
F11483,F12,P01,true,3,26,4
F11509,F12,P01,true,3,26,4
F11582,F12,P01,true,3,26,4
F11632,F12,P01,true,3,26,4
F11709,F12,P01,true,3,26,4
F11737,F12,P01,true,3,26,4
F11740,F12,P01,true,3,26,4
F11870,F12,P01,true,3,26,4
F11992,F12,P01,true,3,26,4
F12019,F12,P01,true,3,26,4
F12074,F12,P01,true,3,26,4
F12090,F12,P01,true,3,26,4
F12096,F12,P01,true,3,26,4
F12139,F12,P01,true,3,26,4
F12144,F12,P01,true,3,26,4
F12222,F12,P01,true,3,26,4
F12261,F12,P01,true,3,26,4
F12273,F12,P01,true,3,26,4
F12276,F12,P01,true,3,26,4
F12427,F13,P01,true,3,26,4
F12527,F13,P01,true,3,26,4
F12709,F13,P01,true,3,26,4
F12918,F13,P01,true,3,26,4
F13067,F13,P01,true,3,26,4
F13195,F13,P01,true,3,26,4
F13523,F14,P01,true,3,26,4
F13560,F14,P01,true,3,26,4
F13862,F14,P01,true,3,26,4
F13990,F14,P01,true,3,26,4
F14013,F14,P01,true,3,26,4
F14264,F14,P01,true,3,26,4
F14303,F14,P01,true,3,26,4
F14550,F15,P01,true,3,26,4
F14621,F15,P01,true,3,26,4
F14950,F15,P01,true,3,26,4
F14975,F15,P01,true,3,26,4
F14995,F15,P01,true,3,26,4
F15144,F15,P01,true,3,26,4
F15168,F15,P01,true,3,26,4
F15169,F15,P01,true,3,26,4
F15255,F15,P01,true,3,26,4
F15327,F15,P01,true,3,26,4
F15405,F16,P01,true,3,26,4
F15422,F16,P01,true,3,26,4
F15534,F16,P01,true,3,26,4
F15654,F16,P01,true,3,26,4
F15684,F16,P01,true,3,26,4
F15925,F16,P01,true,3,26,4
F16047,F16,P01,true,3,26,4
F16187,F16,P01,true,3,26,4
F16337,F16,P01,true,3,26,4
F16364,F16,P01,true,3,26,4
F16390,F17,P01,true,3,26,4
F16448,F17,P01,true,3,26,4
F16456,F17,P01,true,3,26,4
F16458,F17,P01,true,3,26,4
F16472,F17,P01,true,3,26,4
F16484,F17,P01,true,3,26,4
F16511,F17,P01,true,3,26,4
F16533,F17,P01,true,3,26,4
F16589,F17,P01,true,3,26,4
F16606,F17,P01,true,3,26,4
F16655,F17,P01,true,3,26,4
F16657,F17,P01,true,3,26,4
F16681,F17,P01,true,3,26,4
F16686,F17,P01,true,3,26,4
F16702,F17,P01,true,3,26,4
F16713,F17,P01,true,3,26,4
F16738,F17,P01,true,3,26,4
F16755,F17,P01,true,3,26,4
F16780,F17,P01,true,3,26,4
F16813,F17,P01,true,3,26,4
F16820,F17,P01,true,3,26,4
F16825,F17,P01,true,3,26,4
F16958,F17,P01,true,3,26,4
F16962,F17,P01,true,3,26,4
F17127,F17,P01,true,3,26,4
F17139,F17,P01,true,3,26,4
F17168,F17,P01,true,3,26,4
F17200,F17,P01,true,3,26,4
F17222,F17,P01,true,3,26,4
F17308,F17,P01,true,3,26,4
F17315,F17,P01,true,3,26,4
F17321,F17,P01,true,3,26,4
F17357,F17,P01,true,3,26,4
F17393,F17,P01,true,3,26,4
F17399,F17,P01,true,3,26,4
F17431,F18,P01,true,3,26,4
F17453,F18,P01,true,3,26,4
F17510,F18,P01,true,3,26,4
F17575,F18,P01,true,3,26,4
F17608,F18,P01,true,3,26,4
F17624,F18,P01,true,3,26,4
F17700,F18,P01,true,3,26,4
F17756,F18,P01,true,3,26,4
F17777,F18,P01,true,3,26,4
F17814,F18,P01,true,3,26,4
F17853,F18,P01,true,3,26,4
F17862,F18,P01,true,3,26,4
F17896,F18,P01,true,3,26,4
F17963,F18,P01,true,3,26,4
F17988,F18,P01,true,3,26,4
F17993,F18,P01,true,3,26,4
F18010,F18,P01,true,3,26,4
F18125,F18,P01,true,3,26,4
F18133,F18,P01,true,3,26,4
F18274,F18,P01,true,3,26,4
F18295,F18,P01,true,3,26,4
F18357,F18,P01,true,3,26,4
F18457,F19,P01,true,3,26,4
F18463,F19,P01,true,3,26,4
F18479,F19,P01,true,3,26,4
F18509,F19,P01,true,3,26,4
F18514,F19,P01,true,3,26,4
F18526,F19,P01,true,3,26,4
F18578,F19,P01,true,3,26,4
F18592,F19,P01,true,3,26,4
F18675,F19,P01,true,3,26,4
F18762,F19,P01,true,3,26,4
F18783,F19,P01,true,3,26,4
F18848,F19,P01,true,3,26,4
F18885,F19,P01,true,3,26,4
F18894,F19,P01,true,3,26,4
F19046,F19,P01,true,3,26,4
F19144,F19,P01,true,3,26,4
F19167,F19,P01,true,3,26,4
F19182,F19,P01,true,3,26,4
F19198,F19,P01,true,3,26,4
F19239,F19,P01,true,3,26,4
F19284,F19,P01,true,3,26,4
F19305,F19,P01,true,3,26,4
F19310,F19,P01,true,3,26,4
F19337,F19,P01,true,3,26,4
F19359,F19,P01,true,3,26,4
F19365,F19,P01,true,3,26,4
F19382,F19,P01,true,3,26,4
F19414,F19,P01,true,3,26,4
F19445,F19,P01,true,3,26,4
F19472,F20,P01,true,3,26,4
F19519,F20,P01,true,3,26,4
F19545,F20,P01,true,3,26,4
F19568,F20,P01,true,3,26,4
F19612,F20,P01,true,3,26,4
F19639,F20,P01,true,3,26,4
F19659,F20,P01,true,3,26,4
F19717,F20,P01,true,3,26,4
F19781,F20,P01,true,3,26,4
F19795,F20,P01,true,3,26,4
F19823,F20,P01,true,3,26,4
F19856,F20,P01,true,3,26,4
F19929,F20,P01,true,3,26,4
F19942,F20,P01,true,3,26,4
F19970,F20,P01,true,3,26,4
F19977,F20,P01,true,3,26,4
F20093,F20,P01,true,3,26,4
F20122,F20,P01,true,3,26,4
F20123,F20,P01,true,3,26,4
F20185,F20,P01,true,3,26,4
F20193,F20,P01,true,3,26,4
F20205,F20,P01,true,3,26,4
F20208,F20,P01,true,3,26,4
F20216,F20,P01,true,3,26,4
F20376,F20,P01,true,3,26,4
F20396,F20,P01,true,3,26,4
F20405,F20,P01,true,3,26,4
F20412,F20,P01,true,3,26,4
F20438,F20,P01,true,3,26,4
F20455,F20,P01,true,3,26,4
F20618,F21,P01,true,3,26,4
F20685,F21,P01,true,3,26,4
F20791,F21,P01,true,3,26,4
F21133,F21,P01,true,3,26,4
F21318,F21,P01,true,3,26,4
F21320,F21,P01,true,3,26,4
F21983,F22,P01,true,3,26,4
F21987,F22,P01,true,3,26,4
F22033,F22,P01,true,3,26,4
F22229,F22,P01,true,3,26,4
F22624,F23,P01,true,3,26,4
F23026,F23,P01,true,3,26,4
F23459,F23,P01,true,3,26,4
F23629,F24,P01,true,3,26,4
F23804,F24,P01,true,3,26,4
F23881,F24,P01,true,3,26,4
F24214,F24,P01,true,3,26,4
F24255,F24,P01,true,3,26,4
F24325,F24,P01,true,3,26,4
F24431,F24,P01,true,3,26,4
F24447,F24,P01,true,3,26,4
F24557,F24,P01,true,3,26,4
F00108,F01,P01,true,2,26,4
F00637,F01,P01,true,2,26,4
F01100,F02,P01,true,2,26,4
F01472,F02,P01,true,2,26,4
F02359,F03,P01,true,2,26,4
F02544,F03,P01,true,2,26,4
F03838,F04,P01,true,2,26,4
F04436,F05,P01,true,2,26,4
F04454,F05,P01,true,2,26,4
F04814,F05,P01,true,2,26,4
F05260,F06,P01,true,2,26,4
F05523,F06,P01,true,2,26,4
F06244,F07,P01,true,2,26,4
F06443,F07,P01,true,2,26,4
F07188,F08,P01,true,2,26,4
F07977,F08,P01,true,2,26,4
F08409,F09,P01,true,2,26,4
F09076,F09,P01,true,2,26,4
F09574,F10,P01,true,2,26,4
F09702,F10,P01,true,2,26,4
F10285,F11,P01,true,2,26,4
F10388,F11,P01,true,2,26,4
F10684,F11,P01,true,2,26,4
F11170,F11,P01,true,2,26,4
F11515,F12,P01,true,2,26,4
F12145,F12,P01,true,2,26,4
F15574,F16,P01,true,2,26,4
F16551,F17,P01,true,2,26,4
F17100,F17,P01,true,2,26,4
F17491,F18,P01,true,2,26,4
F17876,F18,P01,true,2,26,4
F18178,F18,P01,true,2,26,4
F18245,F18,P01,true,2,26,4
F18556,F19,P01,true,2,26,4
F18602,F19,P01,true,2,26,4
F23138,F23,P01,true,2,26,4
F03253,F04,P01,true,4,26,3
F03365,F04,P01,true,4,26,3
F03410,F04,P01,true,4,26,3
F03479,F04,P01,true,4,26,3
F03527,F04,P01,true,4,26,3
F03528,F04,P01,true,4,26,3
F03582,F04,P01,true,4,26,3
F11320,F12,P01,true,4,26,3
F11486,F12,P01,true,4,26,3
F11552,F12,P01,true,4,26,3
F11605,F12,P01,true,4,26,3
F11836,F12,P01,true,4,26,3
F11887,F12,P01,true,4,26,3
F11891,F12,P01,true,4,26,3
F11895,F12,P01,true,4,26,3
F11942,F12,P01,true,4,26,3
F12284,F12,P01,true,4,26,3
F20022,F20,P01,true,4,26,3
F20075,F20,P01,true,4,26,3
F20187,F20,P01,true,4,26,3
F20533,F21,P01,true,4,26,3
F20538,F21,P01,true,4,26,3
F20593,F21,P01,true,4,26,3
F20607,F21,P01,true,4,26,3
F20650,F21,P01,true,4,26,3
F20653,F21,P01,true,4,26,3
F20706,F21,P01,true,4,26,3
F20824,F21,P01,true,4,26,3
F20929,F21,P01,true,4,26,3
F20934,F21,P01,true,4,26,3
F21122,F21,P01,true,4,26,3
F21217,F21,P01,true,4,26,3
F21223,F21,P01,true,4,26,3
F21234,F21,P01,true,4,26,3
F21335,F21,P01,true,4,26,3
F21382,F21,P01,true,4,26,3
F21442,F21,P01,true,4,26,3
F21509,F22,P01,true,4,26,3
F21677,F22,P01,true,4,26,3
F21687,F22,P01,true,4,26,3
F21727,F22,P01,true,4,26,3
F21732,F22,P01,true,4,26,3
F21738,F22,P01,true,4,26,3
F21792,F22,P01,true,4,26,3
F21973,F22,P01,true,4,26,3
F22008,F22,P01,true,4,26,3
F22121,F22,P01,true,4,26,3
F22138,F22,P01,true,4,26,3
F22184,F22,P01,true,4,26,3
F22252,F22,P01,true,4,26,3
F22258,F22,P01,true,4,26,3
F22311,F22,P01,true,4,26,3
F22353,F22,P01,true,4,26,3
F22405,F22,P01,true,4,26,3
F22418,F22,P01,true,4,26,3
F22425,F22,P01,true,4,26,3
F22519,F22,P01,true,4,26,3
F22528,F22,P01,true,4,26,3
F22534,F23,P01,true,4,26,3
F22575,F23,P01,true,4,26,3
F22580,F23,P01,true,4,26,3
F22591,F23,P01,true,4,26,3
F22645,F23,P01,true,4,26,3
F22759,F23,P01,true,4,26,3
F22869,F23,P01,true,4,26,3
F22870,F23,P01,true,4,26,3
F22875,F23,P01,true,4,26,3
F22918,F23,P01,true,4,26,3
F22977,F23,P01,true,4,26,3
F23044,F23,P01,true,4,26,3
F23045,F23,P01,true,4,26,3
F23102,F23,P01,true,4,26,3
F23160,F23,P01,true,4,26,3
F23262,F23,P01,true,4,26,3
F23332,F23,P01,true,4,26,3
F23333,F23,P01,true,4,26,3
F23391,F23,P01,true,4,26,3
F23431,F23,P01,true,4,26,3
F23498,F23,P01,true,4,26,3
F23558,F24,P01,true,4,26,3
F23609,F24,P01,true,4,26,3
F23656,F24,P01,true,4,26,3
F23665,F24,P01,true,4,26,3
F23670,F24,P01,true,4,26,3
F23721,F24,P01,true,4,26,3
F23741,F24,P01,true,4,26,3
F23774,F24,P01,true,4,26,3
F23796,F24,P01,true,4,26,3
F23893,F24,P01,true,4,26,3
F24065,F24,P01,true,4,26,3
F24118,F24,P01,true,4,26,3
F24287,F24,P01,true,4,26,3
F24568,F24,P01,true,4,26,3
F03255,F04,P01,true,3,26,3
F03360,F04,P01,true,3,26,3
F03472,F04,P01,true,3,26,3
F03536,F04,P01,true,3,26,3
F03812,F04,P01,true,3,26,3
F03931,F04,P01,true,3,26,3
F03992,F04,P01,true,3,26,3
F04096,F04,P01,true,3,26,3
F10523,F11,P01,true,3,26,3
F10636,F11,P01,true,3,26,3
F11268,F12,P01,true,3,26,3
F11327,F12,P01,true,3,26,3
F11438,F12,P01,true,3,26,3
F11542,F12,P01,true,3,26,3
F11606,F12,P01,true,3,26,3
F11721,F12,P01,true,3,26,3
F11725,F12,P01,true,3,26,3
F11771,F12,P01,true,3,26,3
F12114,F12,P01,true,3,26,3
F12288,F12,P01,true,3,26,3
F19563,F20,P01,true,3,26,3
F19677,F20,P01,true,3,26,3
F20074,F20,P01,true,3,26,3
F20076,F20,P01,true,3,26,3
F20544,F21,P01,true,3,26,3
F20659,F21,P01,true,3,26,3
F21155,F21,P01,true,3,26,3
F21224,F21,P01,true,3,26,3
F21332,F21,P01,true,3,26,3
F21406,F21,P01,true,3,26,3
F21957,F22,P01,true,3,26,3
F22020,F22,P01,true,3,26,3
F22140,F22,P01,true,3,26,3
F22142,F22,P01,true,3,26,3
F22712,F23,P01,true,3,26,3
F22718,F23,P01,true,3,26,3
F22935,F23,P01,true,3,26,3
F22980,F23,P01,true,3,26,3
F23095,F23,P01,true,3,26,3
F23277,F23,P01,true,3,26,3
F23341,F23,P01,true,3,26,3
F23555,F24,P01,true,3,26,3
F23666,F24,P01,true,3,26,3
F23883,F24,P01,true,3,26,3
F24518,F24,P01,true,3,26,3
F21627,F22,P01,true,2,26,3
F23795,F24,P01,true,2,26,3
F00039,F01,P01,true,4,25,4
F00124,F01,P01,true,4,25,4
F00144,F01,P01,true,4,25,4
F00196,F01,P01,true,4,25,4
F00236,F01,P01,true,4,25,4
F00302,F01,P01,true,4,25,4
F00340,F01,P01,true,4,25,4
F00341,F01,P01,true,4,25,4
F00347,F01,P01,true,4,25,4
F00435,F01,P01,true,4,25,4
F00541,F01,P01,true,4,25,4
F00566,F01,P01,true,4,25,4
F00783,F01,P01,true,4,25,4
F00790,F01,P01,true,4,25,4
F00949,F01,P01,true,4,25,4
F00963,F01,P01,true,4,25,4
F01041,F02,P01,true,4,25,4
F01198,F02,P01,true,4,25,4
F01228,F02,P01,true,4,25,4
F01437,F02,P01,true,4,25,4
F01489,F02,P01,true,4,25,4
F01496,F02,P01,true,4,25,4
F01510,F02,P01,true,4,25,4
F01590,F02,P01,true,4,25,4
F01617,F02,P01,true,4,25,4
F01885,F02,P01,true,4,25,4
F02176,F03,P01,true,4,25,4
F02199,F03,P01,true,4,25,4
F02431,F03,P01,true,4,25,4
F02459,F03,P01,true,4,25,4
F02476,F03,P01,true,4,25,4
F02521,F03,P01,true,4,25,4
F02741,F03,P01,true,4,25,4
F03097,F04,P01,true,4,25,4
F03118,F04,P01,true,4,25,4
F03120,F04,P01,true,4,25,4
F03496,F04,P01,true,4,25,4
F03598,F04,P01,true,4,25,4
F04024,F04,P01,true,4,25,4
F04056,F04,P01,true,4,25,4
F04149,F05,P01,true,4,25,4
F04160,F05,P01,true,4,25,4
F04234,F05,P01,true,4,25,4
F04240,F05,P01,true,4,25,4
F04813,F05,P01,true,4,25,4
F04919,F05,P01,true,4,25,4
F04931,F05,P01,true,4,25,4
F06012,F06,P01,true,4,25,4
F06177,F07,P01,true,4,25,4
F06773,F07,P01,true,4,25,4
F07048,F07,P01,true,4,25,4
F07630,F08,P01,true,4,25,4
F07707,F08,P01,true,4,25,4
F08438,F09,P01,true,4,25,4
F10707,F11,P01,true,4,25,4
F11744,F12,P01,true,4,25,4
F12323,F13,P01,true,4,25,4
F12361,F13,P01,true,4,25,4
F12454,F13,P01,true,4,25,4
F12503,F13,P01,true,4,25,4
F12508,F13,P01,true,4,25,4
F12579,F13,P01,true,4,25,4
F12619,F13,P01,true,4,25,4
F12661,F13,P01,true,4,25,4
F12723,F13,P01,true,4,25,4
F12744,F13,P01,true,4,25,4
F12791,F13,P01,true,4,25,4
F12852,F13,P01,true,4,25,4
F12859,F13,P01,true,4,25,4
F12875,F13,P01,true,4,25,4
F12973,F13,P01,true,4,25,4
F13158,F13,P01,true,4,25,4
F13214,F13,P01,true,4,25,4
F13215,F13,P01,true,4,25,4
F13317,F14,P01,true,4,25,4
F13324,F14,P01,true,4,25,4
F13339,F14,P01,true,4,25,4
F13340,F14,P01,true,4,25,4
F13393,F14,P01,true,4,25,4
F13411,F14,P01,true,4,25,4
F13536,F14,P01,true,4,25,4
F13633,F14,P01,true,4,25,4
F13646,F14,P01,true,4,25,4
F13651,F14,P01,true,4,25,4
F13660,F14,P01,true,4,25,4
F13802,F14,P01,true,4,25,4
F13836,F14,P01,true,4,25,4
F13839,F14,P01,true,4,25,4
F13840,F14,P01,true,4,25,4
F13854,F14,P01,true,4,25,4
F13870,F14,P01,true,4,25,4
F13871,F14,P01,true,4,25,4
F13878,F14,P01,true,4,25,4
F13938,F14,P01,true,4,25,4
F14050,F14,P01,true,4,25,4
F14118,F14,P01,true,4,25,4
F14137,F14,P01,true,4,25,4
F14145,F14,P01,true,4,25,4
F14156,F14,P01,true,4,25,4
F14158,F14,P01,true,4,25,4
F14162,F14,P01,true,4,25,4
F14220,F14,P01,true,4,25,4
F14295,F14,P01,true,4,25,4
F14311,F14,P01,true,4,25,4
F14427,F15,P01,true,4,25,4
F14435,F15,P01,true,4,25,4
F14481,F15,P01,true,4,25,4
F14579,F15,P01,true,4,25,4
F14595,F15,P01,true,4,25,4
F14606,F15,P01,true,4,25,4
F14645,F15,P01,true,4,25,4
F14698,F15,P01,true,4,25,4
F14702,F15,P01,true,4,25,4
F14752,F15,P01,true,4,25,4
F14793,F15,P01,true,4,25,4
F14818,F15,P01,true,4,25,4
F14841,F15,P01,true,4,25,4
F14900,F15,P01,true,4,25,4
F14993,F15,P01,true,4,25,4
F15041,F15,P01,true,4,25,4
F15124,F15,P01,true,4,25,4
F15131,F15,P01,true,4,25,4
F15161,F15,P01,true,4,25,4
F15192,F15,P01,true,4,25,4
F15267,F15,P01,true,4,25,4
F15268,F15,P01,true,4,25,4
F15292,F15,P01,true,4,25,4
F15362,F16,P01,true,4,25,4
F15511,F16,P01,true,4,25,4
F15604,F16,P01,true,4,25,4
F15616,F16,P01,true,4,25,4
F15635,F16,P01,true,4,25,4
F15713,F16,P01,true,4,25,4
F15718,F16,P01,true,4,25,4
F15736,F16,P01,true,4,25,4
F15780,F16,P01,true,4,25,4
F15807,F16,P01,true,4,25,4
F15817,F16,P01,true,4,25,4
F15976,F16,P01,true,4,25,4
F15993,F16,P01,true,4,25,4
F16027,F16,P01,true,4,25,4
F16031,F16,P01,true,4,25,4
F16155,F16,P01,true,4,25,4
F16194,F16,P01,true,4,25,4
F16198,F16,P01,true,4,25,4
F16269,F16,P01,true,4,25,4
F16351,F16,P01,true,4,25,4
F16397,F17,P01,true,4,25,4
F16547,F17,P01,true,4,25,4
F16743,F17,P01,true,4,25,4
F16954,F17,P01,true,4,25,4
F17242,F17,P01,true,4,25,4
F17394,F17,P01,true,4,25,4
F17566,F18,P01,true,4,25,4
F17590,F18,P01,true,4,25,4
F17871,F18,P01,true,4,25,4
F18203,F18,P01,true,4,25,4
F18273,F18,P01,true,4,25,4
F18419,F18,P01,true,4,25,4
F18518,F19,P01,true,4,25,4
F18540,F19,P01,true,4,25,4
F18607,F19,P01,true,4,25,4
F19025,F19,P01,true,4,25,4
F19340,F19,P01,true,4,25,4
F19425,F19,P01,true,4,25,4
F19485,F20,P01,true,4,25,4
F19681,F20,P01,true,4,25,4
F19694,F20,P01,true,4,25,4
F19882,F20,P01,true,4,25,4
F20143,F20,P01,true,4,25,4
F20503,F21,P01,true,4,25,4
F20573,F21,P01,true,4,25,4
F20730,F21,P01,true,4,25,4
F20799,F21,P01,true,4,25,4
F20810,F21,P01,true,4,25,4
F20812,F21,P01,true,4,25,4
F20867,F21,P01,true,4,25,4
F20898,F21,P01,true,4,25,4
F20913,F21,P01,true,4,25,4
F20923,F21,P01,true,4,25,4
F21075,F21,P01,true,4,25,4
F21076,F21,P01,true,4,25,4
F21083,F21,P01,true,4,25,4
F21126,F21,P01,true,4,25,4
F21130,F21,P01,true,4,25,4
F21256,F21,P01,true,4,25,4
F21324,F21,P01,true,4,25,4
F21349,F21,P01,true,4,25,4
F21492,F21,P01,true,4,25,4
F21595,F22,P01,true,4,25,4
F21863,F22,P01,true,4,25,4
F21890,F22,P01,true,4,25,4
F21925,F22,P01,true,4,25,4
F22048,F22,P01,true,4,25,4
F22093,F22,P01,true,4,25,4
F22161,F22,P01,true,4,25,4
F22403,F22,P01,true,4,25,4
F22505,F22,P01,true,4,25,4
F22545,F23,P01,true,4,25,4
F22563,F23,P01,true,4,25,4
F22731,F23,P01,true,4,25,4
F22899,F23,P01,true,4,25,4
F22954,F23,P01,true,4,25,4
F23061,F23,P01,true,4,25,4
F23073,F23,P01,true,4,25,4
F23230,F23,P01,true,4,25,4
F23248,F23,P01,true,4,25,4
F23469,F23,P01,true,4,25,4
F23479,F23,P01,true,4,25,4
F23631,F24,P01,true,4,25,4
F23987,F24,P01,true,4,25,4
F24082,F24,P01,true,4,25,4
F24330,F24,P01,true,4,25,4
F24499,F24,P01,true,4,25,4
F24564,F24,P01,true,4,25,4
F00050,F01,P01,true,3,25,4
F00076,F01,P01,true,3,25,4
F00094,F01,P01,true,3,25,4
F00136,F01,P01,true,3,25,4
F00168,F01,P01,true,3,25,4
F00185,F01,P01,true,3,25,4
F00219,F01,P01,true,3,25,4
F00254,F01,P01,true,3,25,4
F00263,F01,P01,true,3,25,4
F00283,F01,P01,true,3,25,4
F00327,F01,P01,true,3,25,4
F00348,F01,P01,true,3,25,4
F00358,F01,P01,true,3,25,4
F00372,F01,P01,true,3,25,4
F00426,F01,P01,true,3,25,4
F00476,F01,P01,true,3,25,4
F00524,F01,P01,true,3,25,4
F00532,F01,P01,true,3,25,4
F00538,F01,P01,true,3,25,4
F00588,F01,P01,true,3,25,4
F00622,F01,P01,true,3,25,4
F00709,F01,P01,true,3,25,4
F00714,F01,P01,true,3,25,4
F00727,F01,P01,true,3,25,4
F00758,F01,P01,true,3,25,4
F00873,F01,P01,true,3,25,4
F00890,F01,P01,true,3,25,4
F00944,F01,P01,true,3,25,4
F00964,F01,P01,true,3,25,4
F01003,F01,P01,true,3,25,4
F01205,F02,P01,true,3,25,4
F01310,F02,P01,true,3,25,4
F01358,F02,P01,true,3,25,4
F01369,F02,P01,true,3,25,4
F01443,F02,P01,true,3,25,4
F01462,F02,P01,true,3,25,4
F01633,F02,P01,true,3,25,4
F01677,F02,P01,true,3,25,4
F01849,F02,P01,true,3,25,4
F01955,F02,P01,true,3,25,4
F01969,F02,P01,true,3,25,4
F02049,F03,P01,true,3,25,4
F02091,F03,P01,true,3,25,4
F02312,F03,P01,true,3,25,4
F02318,F03,P01,true,3,25,4
F02355,F03,P01,true,3,25,4
F02519,F03,P01,true,3,25,4
F02561,F03,P01,true,3,25,4
F02611,F03,P01,true,3,25,4
F02631,F03,P01,true,3,25,4
F02633,F03,P01,true,3,25,4
F02641,F03,P01,true,3,25,4
F02666,F03,P01,true,3,25,4
F02748,F03,P01,true,3,25,4
F02983,F03,P01,true,3,25,4
F02985,F03,P01,true,3,25,4
F03220,F04,P01,true,3,25,4
F03234,F04,P01,true,3,25,4
F03386,F04,P01,true,3,25,4
F03465,F04,P01,true,3,25,4
F03544,F04,P01,true,3,25,4
F03577,F04,P01,true,3,25,4
F03633,F04,P01,true,3,25,4
F03682,F04,P01,true,3,25,4
F03745,F04,P01,true,3,25,4
F03863,F04,P01,true,3,25,4
F04128,F05,P01,true,3,25,4
F04214,F05,P01,true,3,25,4
F04255,F05,P01,true,3,25,4
F04265,F05,P01,true,3,25,4
F04278,F05,P01,true,3,25,4
F04324,F05,P01,true,3,25,4
F04356,F05,P01,true,3,25,4
F04366,F05,P01,true,3,25,4
F04375,F05,P01,true,3,25,4
F04382,F05,P01,true,3,25,4
F04435,F05,P01,true,3,25,4
F04443,F05,P01,true,3,25,4
F04523,F05,P01,true,3,25,4
F04527,F05,P01,true,3,25,4
F04535,F05,P01,true,3,25,4
F04579,F05,P01,true,3,25,4
F04599,F05,P01,true,3,25,4
F04689,F05,P01,true,3,25,4
F04713,F05,P01,true,3,25,4
F04748,F05,P01,true,3,25,4
F04761,F05,P01,true,3,25,4
F04778,F05,P01,true,3,25,4
F04795,F05,P01,true,3,25,4
F04850,F05,P01,true,3,25,4
F04929,F05,P01,true,3,25,4
F04944,F05,P01,true,3,25,4
F04954,F05,P01,true,3,25,4
F04972,F05,P01,true,3,25,4
F04984,F05,P01,true,3,25,4
F04986,F05,P01,true,3,25,4
F05001,F05,P01,true,3,25,4
F05111,F05,P01,true,3,25,4
F05160,F06,P01,true,3,25,4
F05161,F06,P01,true,3,25,4
F05169,F06,P01,true,3,25,4
F05202,F06,P01,true,3,25,4
F05325,F06,P01,true,3,25,4
F05340,F06,P01,true,3,25,4
F05370,F06,P01,true,3,25,4
F05572,F06,P01,true,3,25,4
F05623,F06,P01,true,3,25,4
F05628,F06,P01,true,3,25,4
F05676,F06,P01,true,3,25,4
F05677,F06,P01,true,3,25,4
F05722,F06,P01,true,3,25,4
F05762,F06,P01,true,3,25,4
F05763,F06,P01,true,3,25,4
F05807,F06,P01,true,3,25,4
F05813,F06,P01,true,3,25,4
F05818,F06,P01,true,3,25,4
F05847,F06,P01,true,3,25,4
F05893,F06,P01,true,3,25,4
F05927,F06,P01,true,3,25,4
F05937,F06,P01,true,3,25,4
F05945,F06,P01,true,3,25,4
F05951,F06,P01,true,3,25,4
F06004,F06,P01,true,3,25,4
F06022,F06,P01,true,3,25,4
F06069,F06,P01,true,3,25,4
F06082,F06,P01,true,3,25,4
F06084,F06,P01,true,3,25,4
F06096,F06,P01,true,3,25,4
F06129,F06,P01,true,3,25,4
F06161,F07,P01,true,3,25,4
F06245,F07,P01,true,3,25,4
F06260,F07,P01,true,3,25,4
F06290,F07,P01,true,3,25,4
F06303,F07,P01,true,3,25,4
F06345,F07,P01,true,3,25,4
F06361,F07,P01,true,3,25,4
F06398,F07,P01,true,3,25,4
F06426,F07,P01,true,3,25,4
F06551,F07,P01,true,3,25,4
F06587,F07,P01,true,3,25,4
F06591,F07,P01,true,3,25,4
F06683,F07,P01,true,3,25,4
F06756,F07,P01,true,3,25,4
F06901,F07,P01,true,3,25,4
F06989,F07,P01,true,3,25,4
F07001,F07,P01,true,3,25,4
F07024,F07,P01,true,3,25,4
F07027,F07,P01,true,3,25,4
F07073,F07,P01,true,3,25,4
F07167,F07,P01,true,3,25,4
F07202,F08,P01,true,3,25,4
F07207,F08,P01,true,3,25,4
F07220,F08,P01,true,3,25,4
F07390,F08,P01,true,3,25,4
F07487,F08,P01,true,3,25,4
F07530,F08,P01,true,3,25,4
F07541,F08,P01,true,3,25,4
F07547,F08,P01,true,3,25,4
F07566,F08,P01,true,3,25,4
F07567,F08,P01,true,3,25,4
F07584,F08,P01,true,3,25,4
F07586,F08,P01,true,3,25,4
F07597,F08,P01,true,3,25,4
F07602,F08,P01,true,3,25,4
F07738,F08,P01,true,3,25,4
F07740,F08,P01,true,3,25,4
F07772,F08,P01,true,3,25,4
F07786,F08,P01,true,3,25,4
F07823,F08,P01,true,3,25,4
F07954,F08,P01,true,3,25,4
F07982,F08,P01,true,3,25,4
F08037,F08,P01,true,3,25,4
F08043,F08,P01,true,3,25,4
F08053,F08,P01,true,3,25,4
F08087,F08,P01,true,3,25,4
F08099,F08,P01,true,3,25,4
F08108,F08,P01,true,3,25,4
F08158,F08,P01,true,3,25,4
F08194,F09,P01,true,3,25,4
F08212,F09,P01,true,3,25,4
F08217,F09,P01,true,3,25,4
F08268,F09,P01,true,3,25,4
F08273,F09,P01,true,3,25,4
F08441,F09,P01,true,3,25,4
F08446,F09,P01,true,3,25,4
F08462,F09,P01,true,3,25,4
F08543,F09,P01,true,3,25,4
F08561,F09,P01,true,3,25,4
F08563,F09,P01,true,3,25,4
F08668,F09,P01,true,3,25,4
F08748,F09,P01,true,3,25,4
F08774,F09,P01,true,3,25,4
F08806,F09,P01,true,3,25,4
F08848,F09,P01,true,3,25,4
F08875,F09,P01,true,3,25,4
F08908,F09,P01,true,3,25,4
F08938,F09,P01,true,3,25,4
F08967,F09,P01,true,3,25,4
F09032,F09,P01,true,3,25,4
F09072,F09,P01,true,3,25,4
F09075,F09,P01,true,3,25,4
F09083,F09,P01,true,3,25,4
F09121,F09,P01,true,3,25,4
F09203,F09,P01,true,3,25,4
F09225,F10,P01,true,3,25,4
F09258,F10,P01,true,3,25,4
F09282,F10,P01,true,3,25,4
F09309,F10,P01,true,3,25,4
F09313,F10,P01,true,3,25,4
F09350,F10,P01,true,3,25,4
F09366,F10,P01,true,3,25,4
F09376,F10,P01,true,3,25,4
F09427,F10,P01,true,3,25,4
F09443,F10,P01,true,3,25,4
F09445,F10,P01,true,3,25,4
F09497,F10,P01,true,3,25,4
F09520,F10,P01,true,3,25,4
F09526,F10,P01,true,3,25,4
F09543,F10,P01,true,3,25,4
F09558,F10,P01,true,3,25,4
F09591,F10,P01,true,3,25,4
F09719,F10,P01,true,3,25,4
F09750,F10,P01,true,3,25,4
F09788,F10,P01,true,3,25,4
F09844,F10,P01,true,3,25,4
F09886,F10,P01,true,3,25,4
F09889,F10,P01,true,3,25,4
F09975,F10,P01,true,3,25,4
F09993,F10,P01,true,3,25,4
F10057,F10,P01,true,3,25,4
F10130,F10,P01,true,3,25,4
F10146,F10,P01,true,3,25,4
F10194,F10,P01,true,3,25,4
F10236,F10,P01,true,3,25,4
F10356,F11,P01,true,3,25,4
F10551,F11,P01,true,3,25,4
F10603,F11,P01,true,3,25,4
F10609,F11,P01,true,3,25,4
F10613,F11,P01,true,3,25,4
F10780,F11,P01,true,3,25,4
F10834,F11,P01,true,3,25,4
F10851,F11,P01,true,3,25,4
F10883,F11,P01,true,3,25,4
F10894,F11,P01,true,3,25,4
F10909,F11,P01,true,3,25,4
F10936,F11,P01,true,3,25,4
F10968,F11,P01,true,3,25,4
F11038,F11,P01,true,3,25,4
F11079,F11,P01,true,3,25,4
F11110,F11,P01,true,3,25,4
F11122,F11,P01,true,3,25,4
F11172,F11,P01,true,3,25,4
F11209,F11,P01,true,3,25,4
F11291,F12,P01,true,3,25,4
F11343,F12,P01,true,3,25,4
F11345,F12,P01,true,3,25,4
F11405,F12,P01,true,3,25,4
F11464,F12,P01,true,3,25,4
F11534,F12,P01,true,3,25,4
F11637,F12,P01,true,3,25,4
F11749,F12,P01,true,3,25,4
F11751,F12,P01,true,3,25,4
F11802,F12,P01,true,3,25,4
F11881,F12,P01,true,3,25,4
F11908,F12,P01,true,3,25,4
F11911,F12,P01,true,3,25,4
F11971,F12,P01,true,3,25,4
F12034,F12,P01,true,3,25,4
F12049,F12,P01,true,3,25,4
F12053,F12,P01,true,3,25,4
F12077,F12,P01,true,3,25,4
F12093,F12,P01,true,3,25,4
F12099,F12,P01,true,3,25,4
F12221,F12,P01,true,3,25,4
F12279,F12,P01,true,3,25,4
F12292,F13,P01,true,3,25,4
F12417,F13,P01,true,3,25,4
F12538,F13,P01,true,3,25,4
F12584,F13,P01,true,3,25,4
F12823,F13,P01,true,3,25,4
F13267,F13,P01,true,3,25,4
F13451,F14,P01,true,3,25,4
F13896,F14,P01,true,3,25,4
F14723,F15,P01,true,3,25,4
F14936,F15,P01,true,3,25,4
F15396,F16,P01,true,3,25,4
F15563,F16,P01,true,3,25,4
F15645,F16,P01,true,3,25,4
F15659,F16,P01,true,3,25,4
F15776,F16,P01,true,3,25,4
F15789,F16,P01,true,3,25,4
F15978,F16,P01,true,3,25,4
F16088,F16,P01,true,3,25,4
F16126,F16,P01,true,3,25,4
F16291,F16,P01,true,3,25,4
F16310,F16,P01,true,3,25,4
F16421,F17,P01,true,3,25,4
F16683,F17,P01,true,3,25,4
F16748,F17,P01,true,3,25,4
F16838,F17,P01,true,3,25,4
F16841,F17,P01,true,3,25,4
F16898,F17,P01,true,3,25,4
F17044,F17,P01,true,3,25,4
F17223,F17,P01,true,3,25,4
F17230,F17,P01,true,3,25,4
F17236,F17,P01,true,3,25,4
F17293,F17,P01,true,3,25,4
F17377,F17,P01,true,3,25,4
F17403,F17,P01,true,3,25,4
F17410,F18,P01,true,3,25,4
F17476,F18,P01,true,3,25,4
F17557,F18,P01,true,3,25,4
F17652,F18,P01,true,3,25,4
F17668,F18,P01,true,3,25,4
F17739,F18,P01,true,3,25,4
F17761,F18,P01,true,3,25,4
F17772,F18,P01,true,3,25,4
F17812,F18,P01,true,3,25,4
F17846,F18,P01,true,3,25,4
F17850,F18,P01,true,3,25,4
F17857,F18,P01,true,3,25,4
F17926,F18,P01,true,3,25,4
F18084,F18,P01,true,3,25,4
F18121,F18,P01,true,3,25,4
F18149,F18,P01,true,3,25,4
F18193,F18,P01,true,3,25,4
F18217,F18,P01,true,3,25,4
F18299,F18,P01,true,3,25,4
F18305,F18,P01,true,3,25,4
F18319,F18,P01,true,3,25,4
F18421,F18,P01,true,3,25,4
F18476,F19,P01,true,3,25,4
F18510,F19,P01,true,3,25,4
F18512,F19,P01,true,3,25,4
F18570,F19,P01,true,3,25,4
F18579,F19,P01,true,3,25,4
F18683,F19,P01,true,3,25,4
F18713,F19,P01,true,3,25,4
F18759,F19,P01,true,3,25,4
F18801,F19,P01,true,3,25,4
F18821,F19,P01,true,3,25,4
F18983,F19,P01,true,3,25,4
F19054,F19,P01,true,3,25,4
F19064,F19,P01,true,3,25,4
F19111,F19,P01,true,3,25,4
F19136,F19,P01,true,3,25,4
F19139,F19,P01,true,3,25,4
F19176,F19,P01,true,3,25,4
F19225,F19,P01,true,3,25,4
F19276,F19,P01,true,3,25,4
F19277,F19,P01,true,3,25,4
F19298,F19,P01,true,3,25,4
F19320,F19,P01,true,3,25,4
F19361,F19,P01,true,3,25,4
F19427,F19,P01,true,3,25,4
F19430,F19,P01,true,3,25,4
F19548,F20,P01,true,3,25,4
F19638,F20,P01,true,3,25,4
F19650,F20,P01,true,3,25,4
F19799,F20,P01,true,3,25,4
F19831,F20,P01,true,3,25,4
F19867,F20,P01,true,3,25,4
F19872,F20,P01,true,3,25,4
F20036,F20,P01,true,3,25,4
F20050,F20,P01,true,3,25,4
F20113,F20,P01,true,3,25,4
F20121,F20,P01,true,3,25,4
F20168,F20,P01,true,3,25,4
F20183,F20,P01,true,3,25,4
F20211,F20,P01,true,3,25,4
F20273,F20,P01,true,3,25,4
F20310,F20,P01,true,3,25,4
F20335,F20,P01,true,3,25,4
F20343,F20,P01,true,3,25,4
F20365,F20,P01,true,3,25,4
F20411,F20,P01,true,3,25,4
F20421,F20,P01,true,3,25,4
F20460,F20,P01,true,3,25,4
F20516,F21,P01,true,3,25,4
F20527,F21,P01,true,3,25,4
F20906,F21,P01,true,3,25,4
F21366,F21,P01,true,3,25,4
F21423,F21,P01,true,3,25,4
F21773,F22,P01,true,3,25,4
F22105,F22,P01,true,3,25,4
F22218,F22,P01,true,3,25,4
F22221,F22,P01,true,3,25,4
F22282,F22,P01,true,3,25,4
F23371,F23,P01,true,3,25,4
F23637,F24,P01,true,3,25,4
F23756,F24,P01,true,3,25,4
F23926,F24,P01,true,3,25,4
F24158,F24,P01,true,3,25,4
F24162,F24,P01,true,3,25,4
F01151,F02,P01,true,2,25,4
F01558,F02,P01,true,2,25,4
F02076,F03,P01,true,2,25,4
F02342,F03,P01,true,2,25,4
F02576,F03,P01,true,2,25,4
F02966,F03,P01,true,2,25,4
F04765,F05,P01,true,2,25,4
F04779,F05,P01,true,2,25,4
F05077,F05,P01,true,2,25,4
F05450,F06,P01,true,2,25,4
F06097,F06,P01,true,2,25,4
F06617,F07,P01,true,2,25,4
F07221,F08,P01,true,2,25,4
F07345,F08,P01,true,2,25,4
F08594,F09,P01,true,2,25,4
F09478,F10,P01,true,2,25,4
F10660,F11,P01,true,2,25,4
F13374,F14,P01,true,2,25,4
F14339,F15,P01,true,2,25,4
F17349,F17,P01,true,2,25,4
F20958,F21,P01,true,2,25,4
F24254,F24,P01,true,2,25,4
F03070,F03,P01,true,4,25,3
F03080,F04,P01,true,4,25,3
F03125,F04,P01,true,4,25,3
F03128,F04,P01,true,4,25,3
F03133,F04,P01,true,4,25,3
F03138,F04,P01,true,4,25,3
F03240,F04,P01,true,4,25,3
F03413,F04,P01,true,4,25,3
F03420,F04,P01,true,4,25,3
F10748,F11,P01,true,4,25,3
F11659,F12,P01,true,4,25,3
F11665,F12,P01,true,4,25,3
F11716,F12,P01,true,4,25,3
F11772,F12,P01,true,4,25,3
F11883,F12,P01,true,4,25,3
F12064,F12,P01,true,4,25,3
F12175,F12,P01,true,4,25,3
F12237,F12,P01,true,4,25,3
F19732,F20,P01,true,4,25,3
F20415,F20,P01,true,4,25,3
F20705,F21,P01,true,4,25,3
F20763,F21,P01,true,4,25,3
F20769,F21,P01,true,4,25,3
F20828,F21,P01,true,4,25,3
F20938,F21,P01,true,4,25,3
F21156,F21,P01,true,4,25,3
F21220,F21,P01,true,4,25,3
F21398,F21,P01,true,4,25,3
F21403,F21,P01,true,4,25,3
F21510,F22,P01,true,4,25,3
F21519,F22,P01,true,4,25,3
F21557,F22,P01,true,4,25,3
F21685,F22,P01,true,4,25,3
F21722,F22,P01,true,4,25,3
F21799,F22,P01,true,4,25,3
F22083,F22,P01,true,4,25,3
F22139,F22,P01,true,4,25,3
F22178,F22,P01,true,4,25,3
F22198,F22,P01,true,4,25,3
F22293,F22,P01,true,4,25,3
F22315,F22,P01,true,4,25,3
F22485,F22,P01,true,4,25,3
F22638,F23,P01,true,4,25,3
F22639,F23,P01,true,4,25,3
F22648,F23,P01,true,4,25,3
F22654,F23,P01,true,4,25,3
F22763,F23,P01,true,4,25,3
F22974,F23,P01,true,4,25,3
F23036,F23,P01,true,4,25,3
F23161,F23,P01,true,4,25,3
F23380,F23,P01,true,4,25,3
F23438,F23,P01,true,4,25,3
F23453,F23,P01,true,4,25,3
F23501,F23,P01,true,4,25,3
F23719,F24,P01,true,4,25,3
F23739,F24,P01,true,4,25,3
F23781,F24,P01,true,4,25,3
F23790,F24,P01,true,4,25,3
F24016,F24,P01,true,4,25,3
F24024,F24,P01,true,4,25,3
F24059,F24,P01,true,4,25,3
F24181,F24,P01,true,4,25,3
F24574,F24,P01,true,4,25,3
F03357,F04,P01,true,3,25,3
F10808,F11,P01,true,3,25,3
F11429,F12,P01,true,3,25,3
F11490,F12,P01,true,3,25,3
F11501,F12,P01,true,3,25,3
F11615,F12,P01,true,3,25,3
F11898,F12,P01,true,3,25,3
F12062,F12,P01,true,3,25,3
F20305,F20,P01,true,3,25,3
F20703,F21,P01,true,3,25,3
F20889,F21,P01,true,3,25,3
F20946,F21,P01,true,3,25,3
F21513,F22,P01,true,3,25,3
F21855,F22,P01,true,3,25,3
F22071,F22,P01,true,3,25,3
F22865,F23,P01,true,3,25,3
F22941,F23,P01,true,3,25,3
F23560,F24,P01,true,3,25,3
F23961,F24,P01,true,3,25,3
F24057,F24,P01,true,3,25,3
F24399,F24,P01,true,3,25,3
F24461,F24,P01,true,3,25,3
F24473,F24,P01,true,2,25,3
F00003,F01,P01,true,4,24,4
F00011,F01,P01,true,4,24,4
F00018,F01,P01,true,4,24,4
F00066,F01,P01,true,4,24,4
F00082,F01,P01,true,4,24,4
F00258,F01,P01,true,4,24,4
F00383,F01,P01,true,4,24,4
F00740,F01,P01,true,4,24,4
F00748,F01,P01,true,4,24,4
F01004,F01,P01,true,4,24,4
F01070,F02,P01,true,4,24,4
F01280,F02,P01,true,4,24,4
F01292,F02,P01,true,4,24,4
F01314,F02,P01,true,4,24,4
F01336,F02,P01,true,4,24,4
F01383,F02,P01,true,4,24,4
F01537,F02,P01,true,4,24,4
F01569,F02,P01,true,4,24,4
F01602,F02,P01,true,4,24,4
F01609,F02,P01,true,4,24,4
F01708,F02,P01,true,4,24,4
F01832,F02,P01,true,4,24,4
F02245,F03,P01,true,4,24,4
F02361,F03,P01,true,4,24,4
F02630,F03,P01,true,4,24,4
F02740,F03,P01,true,4,24,4
F02807,F03,P01,true,4,24,4
F03000,F03,P01,true,4,24,4
F03034,F03,P01,true,4,24,4
F03062,F03,P01,true,4,24,4
F03279,F04,P01,true,4,24,4
F03393,F04,P01,true,4,24,4
F03401,F04,P01,true,4,24,4
F03661,F04,P01,true,4,24,4
F03668,F04,P01,true,4,24,4
F03689,F04,P01,true,4,24,4
F03716,F04,P01,true,4,24,4
F04116,F05,P01,true,4,24,4
F04224,F05,P01,true,4,24,4
F05070,F05,P01,true,4,24,4
F05147,F06,P01,true,4,24,4
F05792,F06,P01,true,4,24,4
F06204,F07,P01,true,4,24,4
F06213,F07,P01,true,4,24,4
F06357,F07,P01,true,4,24,4
F06522,F07,P01,true,4,24,4
F06910,F07,P01,true,4,24,4
F07061,F07,P01,true,4,24,4
F07105,F07,P01,true,4,24,4
F07146,F07,P01,true,4,24,4
F07245,F08,P01,true,4,24,4
F07523,F08,P01,true,4,24,4
F07723,F08,P01,true,4,24,4
F07777,F08,P01,true,4,24,4
F09285,F10,P01,true,4,24,4
F09359,F10,P01,true,4,24,4
F09500,F10,P01,true,4,24,4
F09784,F10,P01,true,4,24,4
F10302,F11,P01,true,4,24,4
F10925,F11,P01,true,4,24,4
F12524,F13,P01,true,4,24,4
F12633,F13,P01,true,4,24,4
F12678,F13,P01,true,4,24,4
F12682,F13,P01,true,4,24,4
F12751,F13,P01,true,4,24,4
F12829,F13,P01,true,4,24,4
F12843,F13,P01,true,4,24,4
F12925,F13,P01,true,4,24,4
F13013,F13,P01,true,4,24,4
F13032,F13,P01,true,4,24,4
F13061,F13,P01,true,4,24,4
F13074,F13,P01,true,4,24,4
F13254,F13,P01,true,4,24,4
F13266,F13,P01,true,4,24,4
F13368,F14,P01,true,4,24,4
F13479,F14,P01,true,4,24,4
F13496,F14,P01,true,4,24,4
F13528,F14,P01,true,4,24,4
F13531,F14,P01,true,4,24,4
F13640,F14,P01,true,4,24,4
F13751,F14,P01,true,4,24,4
F13800,F14,P01,true,4,24,4
F13893,F14,P01,true,4,24,4
F13903,F14,P01,true,4,24,4
F14006,F14,P01,true,4,24,4
F14036,F14,P01,true,4,24,4
F14124,F14,P01,true,4,24,4
F14154,F14,P01,true,4,24,4
F14161,F14,P01,true,4,24,4
F14329,F14,P01,true,4,24,4
F14367,F15,P01,true,4,24,4
F14399,F15,P01,true,4,24,4
F14431,F15,P01,true,4,24,4
F14533,F15,P01,true,4,24,4
F14553,F15,P01,true,4,24,4
F14557,F15,P01,true,4,24,4
F14571,F15,P01,true,4,24,4
F14623,F15,P01,true,4,24,4
F14653,F15,P01,true,4,24,4
F14694,F15,P01,true,4,24,4
F14825,F15,P01,true,4,24,4
F14839,F15,P01,true,4,24,4
F14854,F15,P01,true,4,24,4
F14944,F15,P01,true,4,24,4
F15024,F15,P01,true,4,24,4
F15046,F15,P01,true,4,24,4
F15053,F15,P01,true,4,24,4
F15059,F15,P01,true,4,24,4
F15083,F15,P01,true,4,24,4
F15181,F15,P01,true,4,24,4
F15392,F16,P01,true,4,24,4
F15503,F16,P01,true,4,24,4
F15559,F16,P01,true,4,24,4
F15577,F16,P01,true,4,24,4
F15658,F16,P01,true,4,24,4
F15660,F16,P01,true,4,24,4
F15695,F16,P01,true,4,24,4
F15717,F16,P01,true,4,24,4
F15832,F16,P01,true,4,24,4
F16113,F16,P01,true,4,24,4
F16124,F16,P01,true,4,24,4
F16169,F16,P01,true,4,24,4
F16258,F16,P01,true,4,24,4
F16304,F16,P01,true,4,24,4
F16650,F17,P01,true,4,24,4
F16834,F17,P01,true,4,24,4
F18601,F19,P01,true,4,24,4
F18603,F19,P01,true,4,24,4
F19168,F19,P01,true,4,24,4
F19299,F19,P01,true,4,24,4
F19915,F20,P01,true,4,24,4
F20253,F20,P01,true,4,24,4
F20256,F20,P01,true,4,24,4
F20508,F21,P01,true,4,24,4
F20556,F21,P01,true,4,24,4
F20801,F21,P01,true,4,24,4
F20848,F21,P01,true,4,24,4
F20895,F21,P01,true,4,24,4
F20919,F21,P01,true,4,24,4
F20966,F21,P01,true,4,24,4
F20976,F21,P01,true,4,24,4
F21199,F21,P01,true,4,24,4
F21464,F21,P01,true,4,24,4
F21819,F22,P01,true,4,24,4
F21867,F22,P01,true,4,24,4
F21872,F22,P01,true,4,24,4
F22443,F22,P01,true,4,24,4
F22667,F23,P01,true,4,24,4
F22726,F23,P01,true,4,24,4
F22729,F23,P01,true,4,24,4
F22776,F23,P01,true,4,24,4
F23127,F23,P01,true,4,24,4
F23200,F23,P01,true,4,24,4
F23308,F23,P01,true,4,24,4
F23458,F23,P01,true,4,24,4
F23857,F24,P01,true,4,24,4
F24041,F24,P01,true,4,24,4
F24271,F24,P01,true,4,24,4
F24505,F24,P01,true,4,24,4
F00019,F01,P01,true,3,24,4
F00034,F01,P01,true,3,24,4
F00128,F01,P01,true,3,24,4
F00233,F01,P01,true,3,24,4
F00292,F01,P01,true,3,24,4
F00324,F01,P01,true,3,24,4
F00407,F01,P01,true,3,24,4
F00477,F01,P01,true,3,24,4
F00489,F01,P01,true,3,24,4
F00518,F01,P01,true,3,24,4
F00526,F01,P01,true,3,24,4
F00533,F01,P01,true,3,24,4
F00594,F01,P01,true,3,24,4
F00607,F01,P01,true,3,24,4
F00654,F01,P01,true,3,24,4
F00673,F01,P01,true,3,24,4
F00675,F01,P01,true,3,24,4
F00680,F01,P01,true,3,24,4
F00768,F01,P01,true,3,24,4
F00827,F01,P01,true,3,24,4
F00898,F01,P01,true,3,24,4
F00912,F01,P01,true,3,24,4
F00923,F01,P01,true,3,24,4
F01056,F02,P01,true,3,24,4
F01084,F02,P01,true,3,24,4
F01120,F02,P01,true,3,24,4
F01125,F02,P01,true,3,24,4
F01256,F02,P01,true,3,24,4
F01316,F02,P01,true,3,24,4
F01373,F02,P01,true,3,24,4
F01413,F02,P01,true,3,24,4
F01499,F02,P01,true,3,24,4
F01687,F02,P01,true,3,24,4
F01691,F02,P01,true,3,24,4
F01752,F02,P01,true,3,24,4
F01790,F02,P01,true,3,24,4
F01818,F02,P01,true,3,24,4
F01956,F02,P01,true,3,24,4
F02036,F02,P01,true,3,24,4
F02138,F03,P01,true,3,24,4
F02281,F03,P01,true,3,24,4
F02458,F03,P01,true,3,24,4
F02613,F03,P01,true,3,24,4
F02681,F03,P01,true,3,24,4
F02698,F03,P01,true,3,24,4
F02848,F03,P01,true,3,24,4
F03168,F04,P01,true,3,24,4
F03383,F04,P01,true,3,24,4
F03407,F04,P01,true,3,24,4
F03514,F04,P01,true,3,24,4
F03573,F04,P01,true,3,24,4
F03678,F04,P01,true,3,24,4
F03913,F04,P01,true,3,24,4
F03961,F04,P01,true,3,24,4
F03966,F04,P01,true,3,24,4
F04169,F05,P01,true,3,24,4
F04228,F05,P01,true,3,24,4
F04243,F05,P01,true,3,24,4
F04272,F05,P01,true,3,24,4
F04326,F05,P01,true,3,24,4
F04369,F05,P01,true,3,24,4
F04478,F05,P01,true,3,24,4
F04512,F05,P01,true,3,24,4
F04538,F05,P01,true,3,24,4
F04630,F05,P01,true,3,24,4
F04665,F05,P01,true,3,24,4
F04670,F05,P01,true,3,24,4
F04708,F05,P01,true,3,24,4
F04745,F05,P01,true,3,24,4
F04811,F05,P01,true,3,24,4
F04910,F05,P01,true,3,24,4
F04957,F05,P01,true,3,24,4
F04962,F05,P01,true,3,24,4
F05000,F05,P01,true,3,24,4
F05134,F06,P01,true,3,24,4
F05135,F06,P01,true,3,24,4
F05191,F06,P01,true,3,24,4
F05205,F06,P01,true,3,24,4
F05222,F06,P01,true,3,24,4
F05346,F06,P01,true,3,24,4
F05386,F06,P01,true,3,24,4
F05424,F06,P01,true,3,24,4
F05452,F06,P01,true,3,24,4
F05489,F06,P01,true,3,24,4
F05503,F06,P01,true,3,24,4
F05593,F06,P01,true,3,24,4
F05657,F06,P01,true,3,24,4
F05720,F06,P01,true,3,24,4
F05730,F06,P01,true,3,24,4
F05778,F06,P01,true,3,24,4
F05801,F06,P01,true,3,24,4
F05814,F06,P01,true,3,24,4
F05886,F06,P01,true,3,24,4
F05899,F06,P01,true,3,24,4
F05997,F06,P01,true,3,24,4
F06165,F07,P01,true,3,24,4
F06184,F07,P01,true,3,24,4
F06216,F07,P01,true,3,24,4
F06373,F07,P01,true,3,24,4
F06384,F07,P01,true,3,24,4
F06405,F07,P01,true,3,24,4
F06432,F07,P01,true,3,24,4
F06442,F07,P01,true,3,24,4
F06468,F07,P01,true,3,24,4
F06537,F07,P01,true,3,24,4
F06548,F07,P01,true,3,24,4
F06594,F07,P01,true,3,24,4
F06650,F07,P01,true,3,24,4
F06690,F07,P01,true,3,24,4
F06734,F07,P01,true,3,24,4
F06775,F07,P01,true,3,24,4
F06868,F07,P01,true,3,24,4
F06904,F07,P01,true,3,24,4
F06917,F07,P01,true,3,24,4
F07025,F07,P01,true,3,24,4
F07068,F07,P01,true,3,24,4
F07099,F07,P01,true,3,24,4
F07111,F07,P01,true,3,24,4
F07145,F07,P01,true,3,24,4
F07213,F08,P01,true,3,24,4
F07248,F08,P01,true,3,24,4
F07319,F08,P01,true,3,24,4
F07320,F08,P01,true,3,24,4
F07328,F08,P01,true,3,24,4
F07334,F08,P01,true,3,24,4
F07371,F08,P01,true,3,24,4
F07403,F08,P01,true,3,24,4
F07574,F08,P01,true,3,24,4
F07773,F08,P01,true,3,24,4
F07942,F08,P01,true,3,24,4
F07944,F08,P01,true,3,24,4
F08049,F08,P01,true,3,24,4
F08135,F08,P01,true,3,24,4
F08191,F08,P01,true,3,24,4
F08241,F09,P01,true,3,24,4
F08265,F09,P01,true,3,24,4
F08343,F09,P01,true,3,24,4
F08364,F09,P01,true,3,24,4
F08367,F09,P01,true,3,24,4
F08528,F09,P01,true,3,24,4
F08687,F09,P01,true,3,24,4
F08701,F09,P01,true,3,24,4
F08781,F09,P01,true,3,24,4
F08970,F09,P01,true,3,24,4
F08993,F09,P01,true,3,24,4
F08994,F09,P01,true,3,24,4
F09095,F09,P01,true,3,24,4
F09160,F09,P01,true,3,24,4
F09273,F10,P01,true,3,24,4
F09329,F10,P01,true,3,24,4
F09352,F10,P01,true,3,24,4
F09354,F10,P01,true,3,24,4
F09374,F10,P01,true,3,24,4
F09436,F10,P01,true,3,24,4
F09463,F10,P01,true,3,24,4
F09491,F10,P01,true,3,24,4
F09525,F10,P01,true,3,24,4
F09528,F10,P01,true,3,24,4
F09530,F10,P01,true,3,24,4
F09683,F10,P01,true,3,24,4
F09776,F10,P01,true,3,24,4
F09939,F10,P01,true,3,24,4
F09941,F10,P01,true,3,24,4
F10045,F10,P01,true,3,24,4
F10108,F10,P01,true,3,24,4
F10111,F10,P01,true,3,24,4
F10183,F10,P01,true,3,24,4
F10197,F10,P01,true,3,24,4
F10268,F11,P01,true,3,24,4
F10315,F11,P01,true,3,24,4
F10336,F11,P01,true,3,24,4
F10441,F11,P01,true,3,24,4
F10455,F11,P01,true,3,24,4
F10549,F11,P01,true,3,24,4
F10791,F11,P01,true,3,24,4
F10859,F11,P01,true,3,24,4
F10875,F11,P01,true,3,24,4
F10940,F11,P01,true,3,24,4
F10950,F11,P01,true,3,24,4
F10999,F11,P01,true,3,24,4
F11046,F11,P01,true,3,24,4
F11074,F11,P01,true,3,24,4
F11124,F11,P01,true,3,24,4
F11210,F11,P01,true,3,24,4
F11242,F11,P01,true,3,24,4
F11366,F12,P01,true,3,24,4
F11392,F12,P01,true,3,24,4
F11452,F12,P01,true,3,24,4
F11589,F12,P01,true,3,24,4
F11630,F12,P01,true,3,24,4
F11823,F12,P01,true,3,24,4
F11872,F12,P01,true,3,24,4
F11882,F12,P01,true,3,24,4
F12021,F12,P01,true,3,24,4
F12149,F12,P01,true,3,24,4
F12165,F12,P01,true,3,24,4
F12289,F13,P01,true,3,24,4
F12467,F13,P01,true,3,24,4
F12967,F13,P01,true,3,24,4
F12991,F13,P01,true,3,24,4
F13138,F13,P01,true,3,24,4
F13302,F13,P01,true,3,24,4
F13385,F14,P01,true,3,24,4
F13433,F14,P01,true,3,24,4
F13498,F14,P01,true,3,24,4
F13729,F14,P01,true,3,24,4
F13739,F14,P01,true,3,24,4
F13775,F14,P01,true,3,24,4
F13807,F14,P01,true,3,24,4
F14009,F14,P01,true,3,24,4
F14206,F14,P01,true,3,24,4
F14234,F14,P01,true,3,24,4
F14299,F14,P01,true,3,24,4
F14326,F14,P01,true,3,24,4
F14342,F15,P01,true,3,24,4
F14901,F15,P01,true,3,24,4
F14941,F15,P01,true,3,24,4
F14987,F15,P01,true,3,24,4
F15101,F15,P01,true,3,24,4
F15160,F15,P01,true,3,24,4
F15277,F15,P01,true,3,24,4
F15332,F15,P01,true,3,24,4
F15483,F16,P01,true,3,24,4
F15490,F16,P01,true,3,24,4
F15555,F16,P01,true,3,24,4
F15696,F16,P01,true,3,24,4
F15731,F16,P01,true,3,24,4
F15812,F16,P01,true,3,24,4
F16000,F16,P01,true,3,24,4
F16147,F16,P01,true,3,24,4
F16209,F16,P01,true,3,24,4
F16308,F16,P01,true,3,24,4
F16422,F17,P01,true,3,24,4
F16429,F17,P01,true,3,24,4
F16430,F17,P01,true,3,24,4
F16628,F17,P01,true,3,24,4
F16649,F17,P01,true,3,24,4
F16666,F17,P01,true,3,24,4
F16796,F17,P01,true,3,24,4
F16846,F17,P01,true,3,24,4
F16876,F17,P01,true,3,24,4
F16893,F17,P01,true,3,24,4
F16992,F17,P01,true,3,24,4
F17042,F17,P01,true,3,24,4
F17126,F17,P01,true,3,24,4
F17137,F17,P01,true,3,24,4
F17241,F17,P01,true,3,24,4
F17331,F17,P01,true,3,24,4
F17400,F17,P01,true,3,24,4
F17443,F18,P01,true,3,24,4
F17504,F18,P01,true,3,24,4
F17517,F18,P01,true,3,24,4
F17520,F18,P01,true,3,24,4
F17567,F18,P01,true,3,24,4
F17694,F18,P01,true,3,24,4
F17711,F18,P01,true,3,24,4
F17744,F18,P01,true,3,24,4
F17959,F18,P01,true,3,24,4
F17994,F18,P01,true,3,24,4
F18007,F18,P01,true,3,24,4
F18046,F18,P01,true,3,24,4
F18075,F18,P01,true,3,24,4
F18098,F18,P01,true,3,24,4
F18099,F18,P01,true,3,24,4
F18119,F18,P01,true,3,24,4
F18173,F18,P01,true,3,24,4
F18183,F18,P01,true,3,24,4
F18242,F18,P01,true,3,24,4
F18260,F18,P01,true,3,24,4
F18267,F18,P01,true,3,24,4
F18465,F19,P01,true,3,24,4
F18493,F19,P01,true,3,24,4
F18638,F19,P01,true,3,24,4
F18699,F19,P01,true,3,24,4
F18721,F19,P01,true,3,24,4
F18807,F19,P01,true,3,24,4
F18808,F19,P01,true,3,24,4
F18832,F19,P01,true,3,24,4
F18875,F19,P01,true,3,24,4
F18946,F19,P01,true,3,24,4
F18977,F19,P01,true,3,24,4
F19131,F19,P01,true,3,24,4
F19263,F19,P01,true,3,24,4
F19456,F19,P01,true,3,24,4
F19459,F20,P01,true,3,24,4
F19525,F20,P01,true,3,24,4
F19598,F20,P01,true,3,24,4
F19657,F20,P01,true,3,24,4
F19699,F20,P01,true,3,24,4
F19879,F20,P01,true,3,24,4
F19919,F20,P01,true,3,24,4
F19987,F20,P01,true,3,24,4
F19991,F20,P01,true,3,24,4
F20079,F20,P01,true,3,24,4
F20088,F20,P01,true,3,24,4
F20118,F20,P01,true,3,24,4
F20198,F20,P01,true,3,24,4
F20233,F20,P01,true,3,24,4
F20298,F20,P01,true,3,24,4
F20356,F20,P01,true,3,24,4
F20389,F20,P01,true,3,24,4
F20447,F20,P01,true,3,24,4
F20915,F21,P01,true,3,24,4
F21207,F21,P01,true,3,24,4
F21706,F22,P01,true,3,24,4
F21946,F22,P01,true,3,24,4
F22063,F22,P01,true,3,24,4
F22106,F22,P01,true,3,24,4
F22904,F23,P01,true,3,24,4
F22915,F23,P01,true,3,24,4
F23182,F23,P01,true,3,24,4
F23696,F24,P01,true,3,24,4
F24377,F24,P01,true,3,24,4
F00448,F01,P01,true,2,24,4
F03512,F04,P01,true,2,24,4
F03749,F04,P01,true,2,24,4
F04654,F05,P01,true,2,24,4
F05805,F06,P01,true,2,24,4
F07252,F08,P01,true,2,24,4
F16899,F17,P01,true,2,24,4
F17789,F18,P01,true,2,24,4
F19443,F19,P01,true,2,24,4
F02557,F03,P01,true,4,24,3
F03243,F04,P01,true,4,24,3
F03304,F04,P01,true,4,24,3
F03978,F04,P01,true,4,24,3
F03989,F04,P01,true,4,24,3
F11266,F12,P01,true,4,24,3
F11385,F12,P01,true,4,24,3
F11549,F12,P01,true,4,24,3
F12003,F12,P01,true,4,24,3
F12228,F12,P01,true,4,24,3
F12241,F12,P01,true,4,24,3
F19621,F20,P01,true,4,24,3
F19788,F20,P01,true,4,24,3
F19789,F20,P01,true,4,24,3
F20244,F20,P01,true,4,24,3
F20306,F20,P01,true,4,24,3
F20649,F21,P01,true,4,24,3
F20768,F21,P01,true,4,24,3
F20999,F21,P01,true,4,24,3
F21049,F21,P01,true,4,24,3
F21106,F21,P01,true,4,24,3
F21111,F21,P01,true,4,24,3
F21112,F21,P01,true,4,24,3
F21454,F21,P01,true,4,24,3
F21560,F22,P01,true,4,24,3
F21567,F22,P01,true,4,24,3
F21575,F22,P01,true,4,24,3
F21625,F22,P01,true,4,24,3
F21629,F22,P01,true,4,24,3
F21839,F22,P01,true,4,24,3
F21856,F22,P01,true,4,24,3
F21905,F22,P01,true,4,24,3
F22125,F22,P01,true,4,24,3
F22291,F22,P01,true,4,24,3
F22598,F23,P01,true,4,24,3
F22634,F23,P01,true,4,24,3
F22872,F23,P01,true,4,24,3
F22995,F23,P01,true,4,24,3
F23158,F23,P01,true,4,24,3
F23268,F23,P01,true,4,24,3
F23502,F23,P01,true,4,24,3
F23663,F24,P01,true,4,24,3
F24119,F24,P01,true,4,24,3
F24132,F24,P01,true,4,24,3
F24237,F24,P01,true,4,24,3
F24359,F24,P01,true,4,24,3
F24360,F24,P01,true,4,24,3
F24510,F24,P01,true,4,24,3
F03074,F04,P01,true,3,24,3
F03127,F04,P01,true,3,24,3
F04046,F04,P01,true,3,24,3
F10525,F11,P01,true,3,24,3
F10580,F11,P01,true,3,24,3
F11433,F12,P01,true,3,24,3
F12111,F12,P01,true,3,24,3
F12181,F12,P01,true,3,24,3
F20019,F20,P01,true,3,24,3
F20826,F21,P01,true,3,24,3
F21959,F22,P01,true,3,24,3
F22010,F22,P01,true,3,24,3
F22013,F22,P01,true,3,24,3
F22428,F22,P01,true,3,24,3
F22994,F23,P01,true,3,24,3
F23726,F24,P01,true,3,24,3
F21566,F22,P01,true,2,24,3
F00107,F01,P01,true,4,23,4
F00170,F01,P01,true,4,23,4
F00181,F01,P01,true,4,23,4
F00464,F01,P01,true,4,23,4
F01785,F02,P01,true,4,23,4
F02416,F03,P01,true,4,23,4
F02444,F03,P01,true,4,23,4
F02679,F03,P01,true,4,23,4
F03267,F04,P01,true,4,23,4
F03677,F04,P01,true,4,23,4
F03691,F04,P01,true,4,23,4
F03941,F04,P01,true,4,23,4
F03955,F04,P01,true,4,23,4
F04262,F05,P01,true,4,23,4
F04818,F05,P01,true,4,23,4
F05666,F06,P01,true,4,23,4
F06057,F06,P01,true,4,23,4
F06369,F07,P01,true,4,23,4
F06780,F07,P01,true,4,23,4
F07072,F07,P01,true,4,23,4
F07720,F08,P01,true,4,23,4
F07897,F08,P01,true,4,23,4
F09043,F09,P01,true,4,23,4
F10204,F10,P01,true,4,23,4
F10286,F11,P01,true,4,23,4
F11305,F12,P01,true,4,23,4
F12541,F13,P01,true,4,23,4
F12659,F13,P01,true,4,23,4
F12848,F13,P01,true,4,23,4
F12948,F13,P01,true,4,23,4
F13085,F13,P01,true,4,23,4
F13262,F13,P01,true,4,23,4
F13335,F14,P01,true,4,23,4
F13377,F14,P01,true,4,23,4
F13407,F14,P01,true,4,23,4
F13760,F14,P01,true,4,23,4
F13812,F14,P01,true,4,23,4
F14065,F14,P01,true,4,23,4
F14103,F14,P01,true,4,23,4
F14126,F14,P01,true,4,23,4
F14207,F14,P01,true,4,23,4
F14232,F14,P01,true,4,23,4
F14274,F14,P01,true,4,23,4
F14417,F15,P01,true,4,23,4
F14442,F15,P01,true,4,23,4
F14541,F15,P01,true,4,23,4
F14543,F15,P01,true,4,23,4
F14600,F15,P01,true,4,23,4
F14666,F15,P01,true,4,23,4
F14704,F15,P01,true,4,23,4
F14750,F15,P01,true,4,23,4
F14851,F15,P01,true,4,23,4
F14951,F15,P01,true,4,23,4
F15096,F15,P01,true,4,23,4
F15109,F15,P01,true,4,23,4
F15143,F15,P01,true,4,23,4
F15217,F15,P01,true,4,23,4
F15381,F16,P01,true,4,23,4
F15573,F16,P01,true,4,23,4
F15708,F16,P01,true,4,23,4
F16081,F16,P01,true,4,23,4
F16139,F16,P01,true,4,23,4
F18172,F18,P01,true,4,23,4
F19073,F19,P01,true,4,23,4
F20612,F21,P01,true,4,23,4
F20726,F21,P01,true,4,23,4
F20840,F21,P01,true,4,23,4
F20866,F21,P01,true,4,23,4
F20920,F21,P01,true,4,23,4
F21125,F21,P01,true,4,23,4
F21721,F22,P01,true,4,23,4
F21830,F22,P01,true,4,23,4
F22160,F22,P01,true,4,23,4
F22167,F22,P01,true,4,23,4
F22261,F22,P01,true,4,23,4
F22489,F22,P01,true,4,23,4
F22901,F23,P01,true,4,23,4
F22945,F23,P01,true,4,23,4
F23016,F23,P01,true,4,23,4
F23119,F23,P01,true,4,23,4
F23131,F23,P01,true,4,23,4
F23993,F24,P01,true,4,23,4
F24393,F24,P01,true,4,23,4
F24424,F24,P01,true,4,23,4
F00077,F01,P01,true,3,23,4
F00485,F01,P01,true,3,23,4
F00511,F01,P01,true,3,23,4
F00742,F01,P01,true,3,23,4
F00837,F01,P01,true,3,23,4
F00850,F01,P01,true,3,23,4
F01283,F02,P01,true,3,23,4
F01306,F02,P01,true,3,23,4
F01459,F02,P01,true,3,23,4
F01523,F02,P01,true,3,23,4
F01774,F02,P01,true,3,23,4
F01828,F02,P01,true,3,23,4
F02123,F03,P01,true,3,23,4
F02277,F03,P01,true,3,23,4
F02400,F03,P01,true,3,23,4
F02781,F03,P01,true,3,23,4
F02782,F03,P01,true,3,23,4
F02838,F03,P01,true,3,23,4
F03121,F04,P01,true,3,23,4
F03343,F04,P01,true,3,23,4
F03370,F04,P01,true,3,23,4
F03461,F04,P01,true,3,23,4
F03521,F04,P01,true,3,23,4
F04115,F05,P01,true,3,23,4
F04182,F05,P01,true,3,23,4
F04429,F05,P01,true,3,23,4
F04437,F05,P01,true,3,23,4
F04529,F05,P01,true,3,23,4
F04549,F05,P01,true,3,23,4
F04899,F05,P01,true,3,23,4
F04969,F05,P01,true,3,23,4
F05123,F06,P01,true,3,23,4
F05220,F06,P01,true,3,23,4
F05257,F06,P01,true,3,23,4
F05490,F06,P01,true,3,23,4
F05544,F06,P01,true,3,23,4
F05570,F06,P01,true,3,23,4
F05614,F06,P01,true,3,23,4
F05658,F06,P01,true,3,23,4
F05716,F06,P01,true,3,23,4
F05953,F06,P01,true,3,23,4
F06016,F06,P01,true,3,23,4
F06293,F07,P01,true,3,23,4
F06396,F07,P01,true,3,23,4
F06427,F07,P01,true,3,23,4
F06433,F07,P01,true,3,23,4
F06536,F07,P01,true,3,23,4
F06555,F07,P01,true,3,23,4
F06565,F07,P01,true,3,23,4
F06603,F07,P01,true,3,23,4
F06724,F07,P01,true,3,23,4
F06794,F07,P01,true,3,23,4
F06811,F07,P01,true,3,23,4
F06814,F07,P01,true,3,23,4
F06943,F07,P01,true,3,23,4
F07070,F07,P01,true,3,23,4
F07093,F07,P01,true,3,23,4
F07157,F07,P01,true,3,23,4
F07663,F08,P01,true,3,23,4
F07673,F08,P01,true,3,23,4
F07685,F08,P01,true,3,23,4
F07718,F08,P01,true,3,23,4
F07819,F08,P01,true,3,23,4
F07899,F08,P01,true,3,23,4
F07972,F08,P01,true,3,23,4
F07981,F08,P01,true,3,23,4
F08004,F08,P01,true,3,23,4
F08031,F08,P01,true,3,23,4
F08157,F08,P01,true,3,23,4
F08215,F09,P01,true,3,23,4
F08280,F09,P01,true,3,23,4
F08339,F09,P01,true,3,23,4
F08392,F09,P01,true,3,23,4
F08552,F09,P01,true,3,23,4
F08598,F09,P01,true,3,23,4
F08607,F09,P01,true,3,23,4
F08629,F09,P01,true,3,23,4
F08714,F09,P01,true,3,23,4
F08941,F09,P01,true,3,23,4
F09108,F09,P01,true,3,23,4
F09297,F10,P01,true,3,23,4
F09459,F10,P01,true,3,23,4
F09584,F10,P01,true,3,23,4
F09902,F10,P01,true,3,23,4
F10022,F10,P01,true,3,23,4
F10055,F10,P01,true,3,23,4
F10132,F10,P01,true,3,23,4
F10177,F10,P01,true,3,23,4
F10288,F11,P01,true,3,23,4
F10592,F11,P01,true,3,23,4
F10610,F11,P01,true,3,23,4
F10769,F11,P01,true,3,23,4
F10798,F11,P01,true,3,23,4
F10813,F11,P01,true,3,23,4
F11120,F11,P01,true,3,23,4
F11179,F11,P01,true,3,23,4
F11288,F12,P01,true,3,23,4
F11334,F12,P01,true,3,23,4
F11340,F12,P01,true,3,23,4
F11457,F12,P01,true,3,23,4
F12086,F12,P01,true,3,23,4
F12135,F12,P01,true,3,23,4
F13449,F14,P01,true,3,23,4
F13976,F14,P01,true,3,23,4
F13978,F14,P01,true,3,23,4
F15148,F15,P01,true,3,23,4
F15673,F16,P01,true,3,23,4
F15957,F16,P01,true,3,23,4
F16513,F17,P01,true,3,23,4
F16620,F17,P01,true,3,23,4
F16659,F17,P01,true,3,23,4
F16672,F17,P01,true,3,23,4
F16807,F17,P01,true,3,23,4
F16875,F17,P01,true,3,23,4
F16882,F17,P01,true,3,23,4
F16955,F17,P01,true,3,23,4
F17009,F17,P01,true,3,23,4
F17183,F17,P01,true,3,23,4
F17387,F17,P01,true,3,23,4
F17541,F18,P01,true,3,23,4
F18404,F18,P01,true,3,23,4
F18441,F19,P01,true,3,23,4
F18629,F19,P01,true,3,23,4
F18650,F19,P01,true,3,23,4
F18927,F19,P01,true,3,23,4
F18956,F19,P01,true,3,23,4
F18992,F19,P01,true,3,23,4
F19092,F19,P01,true,3,23,4
F19115,F19,P01,true,3,23,4
F19158,F19,P01,true,3,23,4
F19244,F19,P01,true,3,23,4
F19313,F19,P01,true,3,23,4
F19419,F19,P01,true,3,23,4
F19497,F20,P01,true,3,23,4
F19767,F20,P01,true,3,23,4
F20066,F20,P01,true,3,23,4
F20209,F20,P01,true,3,23,4
F21085,F21,P01,true,3,23,4
F22006,F22,P01,true,3,23,4
F22892,F23,P01,true,3,23,4
F23644,F24,P01,true,3,23,4
F23694,F24,P01,true,3,23,4
F24489,F24,P01,true,3,23,4
F00627,F01,P01,true,2,23,4
F00996,F01,P01,true,2,23,4
F04735,F05,P01,true,2,23,4
F05710,F06,P01,true,2,23,4
F06444,F07,P01,true,2,23,4
F09637,F10,P01,true,2,23,4
F10880,F11,P01,true,2,23,4
F11309,F12,P01,true,2,23,4
F18598,F19,P01,true,2,23,4
F19034,F19,P01,true,2,23,4
F19185,F19,P01,true,2,23,4
F19290,F19,P01,true,2,23,4
F19690,F20,P01,true,2,23,4
F19895,F20,P01,true,2,23,4
F20226,F20,P01,true,2,23,4
F02443,F03,P01,true,4,23,3
F03364,F04,P01,true,4,23,3
F03647,F04,P01,true,4,23,3
F03708,F04,P01,true,4,23,3
F10524,F11,P01,true,4,23,3
F10637,F11,P01,true,4,23,3
F11201,F11,P01,true,4,23,3
F11202,F11,P01,true,4,23,3
F11888,F12,P01,true,4,23,3
F12113,F12,P01,true,4,23,3
F19678,F20,P01,true,4,23,3
F20647,F21,P01,true,4,23,3
F20725,F21,P01,true,4,23,3
F20883,F21,P01,true,4,23,3
F21231,F21,P01,true,4,23,3
F21620,F22,P01,true,4,23,3
F21741,F22,P01,true,4,23,3
F21843,F22,P01,true,4,23,3
F21848,F22,P01,true,4,23,3
F21906,F22,P01,true,4,23,3
F21960,F22,P01,true,4,23,3
F22087,F22,P01,true,4,23,3
F22146,F22,P01,true,4,23,3
F22292,F22,P01,true,4,23,3
F22358,F22,P01,true,4,23,3
F22590,F23,P01,true,4,23,3
F22641,F23,P01,true,4,23,3
F22753,F23,P01,true,4,23,3
F22817,F23,P01,true,4,23,3
F22937,F23,P01,true,4,23,3
F22986,F23,P01,true,4,23,3
F23030,F23,P01,true,4,23,3
F23039,F23,P01,true,4,23,3
F23451,F23,P01,true,4,23,3
F23544,F23,P01,true,4,23,3
F23794,F24,P01,true,4,23,3
F23899,F24,P01,true,4,23,3
F23905,F24,P01,true,4,23,3
F24001,F24,P01,true,4,23,3
F24021,F24,P01,true,4,23,3
F24060,F24,P01,true,4,23,3
F24073,F24,P01,true,4,23,3
F24194,F24,P01,true,4,23,3
F24235,F24,P01,true,4,23,3
F24249,F24,P01,true,4,23,3
F24289,F24,P01,true,4,23,3
F24566,F24,P01,true,4,23,3
F03703,F04,P01,true,3,23,3
F03867,F04,P01,true,3,23,3
F03879,F04,P01,true,3,23,3
F04039,F04,P01,true,3,23,3
F10805,F11,P01,true,3,23,3
F11263,F11,P01,true,3,23,3
F11446,F12,P01,true,3,23,3
F11543,F12,P01,true,3,23,3
F11550,F12,P01,true,3,23,3
F11781,F12,P01,true,3,23,3
F19623,F20,P01,true,3,23,3
F20188,F20,P01,true,3,23,3
F20472,F20,P01,true,3,23,3
F21172,F21,P01,true,3,23,3
F22419,F22,P01,true,3,23,3
F22482,F22,P01,true,3,23,3
F23940,F24,P01,true,3,23,3
F01242,F02,P01,true,4,22,4
F01682,F02,P01,true,4,22,4
F02905,F03,P01,true,4,22,4
F03093,F04,P01,true,4,22,4
F03464,F04,P01,true,4,22,4
F03613,F04,P01,true,4,22,4
F05153,F06,P01,true,4,22,4
F05612,F06,P01,true,4,22,4
F07088,F07,P01,true,4,22,4
F10260,F11,P01,true,4,22,4
F11078,F11,P01,true,4,22,4
F12629,F13,P01,true,4,22,4
F12872,F13,P01,true,4,22,4
F12893,F13,P01,true,4,22,4
F13161,F13,P01,true,4,22,4
F13603,F14,P01,true,4,22,4
F13758,F14,P01,true,4,22,4
F14149,F14,P01,true,4,22,4
F14204,F14,P01,true,4,22,4
F14383,F15,P01,true,4,22,4
F14430,F15,P01,true,4,22,4
F15091,F15,P01,true,4,22,4
F15307,F15,P01,true,4,22,4
F15746,F16,P01,true,4,22,4
F15883,F16,P01,true,4,22,4
F20745,F21,P01,true,4,22,4
F21661,F22,P01,true,4,22,4
F21994,F22,P01,true,4,22,4
F22154,F22,P01,true,4,22,4
F23185,F23,P01,true,4,22,4
F23967,F24,P01,true,4,22,4
F00503,F01,P01,true,3,22,4
F00879,F01,P01,true,3,22,4
F03031,F03,P01,true,3,22,4
F03161,F04,P01,true,3,22,4
F03409,F04,P01,true,3,22,4
F03799,F04,P01,true,3,22,4
F03953,F04,P01,true,3,22,4
F04368,F05,P01,true,3,22,4
F04559,F05,P01,true,3,22,4
F04994,F05,P01,true,3,22,4
F05020,F05,P01,true,3,22,4
F05206,F06,P01,true,3,22,4
F05218,F06,P01,true,3,22,4
F05232,F06,P01,true,3,22,4
F05404,F06,P01,true,3,22,4
F05536,F06,P01,true,3,22,4
F05578,F06,P01,true,3,22,4
F05855,F06,P01,true,3,22,4
F05890,F06,P01,true,3,22,4
F05902,F06,P01,true,3,22,4
F06348,F07,P01,true,3,22,4
F06739,F07,P01,true,3,22,4
F07102,F07,P01,true,3,22,4
F07271,F08,P01,true,3,22,4
F07323,F08,P01,true,3,22,4
F07599,F08,P01,true,3,22,4
F07644,F08,P01,true,3,22,4
F08038,F08,P01,true,3,22,4
F08272,F09,P01,true,3,22,4
F08278,F09,P01,true,3,22,4
F08496,F09,P01,true,3,22,4
F09435,F10,P01,true,3,22,4
F09619,F10,P01,true,3,22,4
F10432,F11,P01,true,3,22,4
F10903,F11,P01,true,3,22,4
F11369,F12,P01,true,3,22,4
F11769,F12,P01,true,3,22,4
F12146,F12,P01,true,3,22,4
F12210,F12,P01,true,3,22,4
F12250,F12,P01,true,3,22,4
F12301,F13,P01,true,3,22,4
F12624,F13,P01,true,3,22,4
F13349,F14,P01,true,3,22,4
F13350,F14,P01,true,3,22,4
F13611,F14,P01,true,3,22,4
F14584,F15,P01,true,3,22,4
F14724,F15,P01,true,3,22,4
F15305,F15,P01,true,3,22,4
F15397,F16,P01,true,3,22,4
F15793,F16,P01,true,3,22,4
F16191,F16,P01,true,3,22,4
F16328,F16,P01,true,3,22,4
F17099,F17,P01,true,3,22,4
F17334,F17,P01,true,3,22,4
F18277,F18,P01,true,3,22,4
F18280,F18,P01,true,3,22,4
F18407,F18,P01,true,3,22,4
F18534,F19,P01,true,3,22,4
F18584,F19,P01,true,3,22,4
F19553,F20,P01,true,3,22,4
F19849,F20,P01,true,3,22,4
F20347,F20,P01,true,3,22,4
F20631,F21,P01,true,3,22,4
F20684,F21,P01,true,3,22,4
F20983,F21,P01,true,3,22,4
F21414,F21,P01,true,3,22,4
F23021,F23,P01,true,3,22,4
F24386,F24,P01,true,3,22,4
F00877,F01,P01,true,2,22,4
F01911,F02,P01,true,2,22,4
F04600,F05,P01,true,2,22,4
F07274,F08,P01,true,2,22,4
F10570,F11,P01,true,2,22,4
F10587,F11,P01,true,2,22,4
F13829,F14,P01,true,2,22,4
F14707,F15,P01,true,2,22,4
F16564,F17,P01,true,2,22,4
F18940,F19,P01,true,2,22,4
F03245,F04,P01,true,4,22,3
F03763,F04,P01,true,4,22,3
F03930,F04,P01,true,4,22,3
F10463,F11,P01,true,4,22,3
F21160,F21,P01,true,4,22,3
F21216,F21,P01,true,4,22,3
F21387,F21,P01,true,4,22,3
F21516,F22,P01,true,4,22,3
F21570,F22,P01,true,4,22,3
F21950,F22,P01,true,4,22,3
F22029,F22,P01,true,4,22,3
F22308,F22,P01,true,4,22,3
F22538,F23,P01,true,4,22,3
F22539,F23,P01,true,4,22,3
F22939,F23,P01,true,4,22,3
F23275,F23,P01,true,4,22,3
F23548,F23,P01,true,4,22,3
F23559,F24,P01,true,4,22,3
F23618,F24,P01,true,4,22,3
F23783,F24,P01,true,4,22,3
F23892,F24,P01,true,4,22,3
F23909,F24,P01,true,4,22,3
F24115,F24,P01,true,4,22,3
F24296,F24,P01,true,4,22,3
F24299,F24,P01,true,4,22,3
F03476,F04,P01,true,3,22,3
F19620,F20,P01,true,3,22,3
F21445,F21,P01,true,3,22,3
F22933,F23,P01,true,3,22,3
F24570,F24,P01,true,3,22,3
F04001,F04,P01,true,4,21,4
F07217,F08,P01,true,4,21,4
F13757,F14,P01,true,4,21,4
F14279,F14,P01,true,4,21,4
F14689,F15,P01,true,4,21,4
F14776,F15,P01,true,4,21,4
F14882,F15,P01,true,4,21,4
F15035,F15,P01,true,4,21,4
F15208,F15,P01,true,4,21,4
F15613,F16,P01,true,4,21,4
F18729,F19,P01,true,4,21,4
F21184,F21,P01,true,4,21,4
F00284,F01,P01,true,3,21,4
F00342,F01,P01,true,3,21,4
F02035,F02,P01,true,3,21,4
F02473,F03,P01,true,3,21,4
F05040,F05,P01,true,3,21,4
F05224,F06,P01,true,3,21,4
F05434,F06,P01,true,3,21,4
F05448,F06,P01,true,3,21,4
F06147,F07,P01,true,3,21,4
F06272,F07,P01,true,3,21,4
F06614,F07,P01,true,3,21,4
F07305,F08,P01,true,3,21,4
F07890,F08,P01,true,3,21,4
F08100,F08,P01,true,3,21,4
F09469,F10,P01,true,3,21,4
F10955,F11,P01,true,3,21,4
F11207,F11,P01,true,3,21,4
F12051,F12,P01,true,3,21,4
F12463,F13,P01,true,3,21,4
F12856,F13,P01,true,3,21,4
F15206,F15,P01,true,3,21,4
F16640,F17,P01,true,3,21,4
F16824,F17,P01,true,3,21,4
F18020,F18,P01,true,3,21,4
F18535,F19,P01,true,3,21,4
F18949,F19,P01,true,3,21,4
F19662,F20,P01,true,3,21,4
F19726,F20,P01,true,3,21,4
F20206,F20,P01,true,3,21,4
F20235,F20,P01,true,3,21,4
F00835,F01,P01,true,2,21,4
F08654,F09,P01,true,2,21,4
F03414,F04,P01,true,4,21,3
F10577,F11,P01,true,4,21,3
F22124,F22,P01,true,4,21,3
F23791,F24,P01,true,4,21,3
F03241,F04,P01,true,3,21,3
F03423,F04,P01,true,3,21,3
F11944,F12,P01,true,3,21,3
F23611,F24,P01,true,3,21,3
F14749,F15,P01,true,4,20,4
F15847,F16,P01,true,4,20,4
F21576,F22,P01,true,4,20,4
F01802,F02,P01,true,3,20,4
F05314,F06,P01,true,3,20,4
F05954,F06,P01,true,3,20,4
F06328,F07,P01,true,3,20,4
F07138,F07,P01,true,3,20,4
F09371,F10,P01,true,3,20,4
F15230,F15,P01,true,3,20,4
F20963,F21,P01,true,3,20,4
F20454,F20,P01,true,2,20,4
F21514,F22,P01,true,4,20,3
F07422,F08,P01,true,3,19,4
