CASE_ID,GROUP_ID,P00,REPLICATES,FINITE_STATE,STATUS__T002,VALUE__T002,LO__T002,HI__T002,STATUS__T005,VALUE__T005,LO__T005,HI__T005,STATUS__T003,VALUE__T003,LO__T003,HI__T003,STATUS__T006,VALUE__T006,LO__T006,HI__T006,STATUS__T004,VALUE__T004,LO__T004,HI__T004,STATUS__T009,VALUE__T009,LO__T009,HI__T009,STATUS__T010,VALUE__T010,LO__T010,HI__T010,STATUS__T011,VALUE__T011,LO__T011,HI__T011,STATUS__T012,VALUE__T012,LO__T012,HI__T012,STATUS__T013,VALUE__T013,LO__T013,HI__T013,STATUS__T014,VALUE__T014,LO__T014,HI__T014,STATUS__T015,VALUE__T015,LO__T015,HI__T015,STATUS__T016,VALUE__T016,LO__T016,HI__T016,STATUS__T017,VALUE__T017,LO__T017,HI__T017,STATUS__T018,VALUE__T018,LO__T018,HI__T018,STATUS__T019,VALUE__T019,LO__T019,HI__T019,STATUS__T020,VALUE__T020,LO__T020,HI__T020,STATUS__T021,VALUE__T021,LO__T021,HI__T021,STATUS__T022,VALUE__T022,LO__T022,HI__T022,STATUS__T023,VALUE__T023,LO__T023,HI__T023,STATUS__T024,VALUE__T024,LO__T024,HI__T024,STATUS__T025,VALUE__T025,LO__T025,HI__T025,STATUS__T026,VALUE__T026,LO__T026,HI__T026,STATUS__T027,VALUE__T027,LO__T027,HI__T027,STATUS__T028,VALUE__T028,LO__T028,HI__T028,STATUS__T029,VALUE__T029,LO__T029,HI__T029,STATUS__T030,VALUE__T030,LO__T030,HI__T030,STATUS__T031,VALUE__T031,LO__T031,HI__T031,STATUS__T032,VALUE__T032,LO__T032,HI__T032,STATUS__T033,VALUE__T033,LO__T033,HI__T033,STATUS__T034,VALUE__T034,LO__T034,HI__T034,STATUS__T035,VALUE__T035,LO__T035,HI__T035,STATUS__T036,VALUE__T036,LO__T036,HI__T036,STATUS__T037,VALUE__T037,LO__T037,HI__T037,STATUS__T038,VALUE__T038,LO__T038,HI__T038,STATUS__T039,VALUE__T039,LO__T039,HI__T039,STATUS__T040,VALUE__T040,LO__T040,HI__T040,STATUS__T041,VALUE__T041,LO__T041,HI__T041,STATUS__T042,VALUE__T042,LO__T042,HI__T042,STATUS__T043,VALUE__T043,LO__T043,HI__T043,STATUS__T044,VALUE__T044,LO__T044,HI__T044,STATUS__T045,VALUE__T045,LO__T045,HI__T045,STATUS__T046,VALUE__T046,LO__T046,HI__T046,STATUS__T047,VALUE__T047,LO__T047,HI__T047,STATUS__T048,VALUE__T048,LO__T048,HI__T048,STATUS__T049,VALUE__T049,LO__T049,HI__T049,STATUS__T050,VALUE__T050,LO__T050,HI__T050,STATUS__T051,VALUE__T051,LO__T051,HI__T051,STATUS__T052,VALUE__T052,LO__T052,HI__T052,STATUS__T053,VALUE__T053,LO__T053,HI__T053,STATUS__T054,VALUE__T054,LO__T054,HI__T054,STATUS__T055,VALUE__T055,LO__T055,HI__T055,STATUS__T056,VALUE__T056,LO__T056,HI__T056,STATUS__T057,VALUE__T057,LO__T057,HI__T057,CAL_PASS,CAL_TOTAL,DEV_PASS,DEV_TOTAL,SEP_PASS,SEP_TOTAL
F00148,F01,P01,64,true,PASS,5.930710106620796,3.6585722824293714,8.812172698627547,PASS,-0.026859706138601995,-0.028998621968037465,-0.02470678427209376,PASS,0.058682415674603174,0.01,0.11140972222222219,FAIL,-0.15434086440890757,-0.3682314746566229,0.00026279539772682773,PASS,-0.002395858799574495,-0.03687304780580939,0.04436161453284966,PASS,0.631997824777304,0.6307090617981786,0.6330857000839318,PASS,5.0004915364583375,4.8286770833333374,5.170934895833337,PASS,1546.4265624865395,1543.6520414116428,1549.2234025800183,PASS,1.0290570689510088,0.6298965756185466,1.7673909395515734,PASS,0.2814535140815875,0.13638774619121033,0.4644118528199785,FAIL,3.633771189226211,3.5281647735829327,3.7243145015999963,PASS,0.5149015928657392,0.35712485117735526,0.6511502417476217,FAIL,0.6142751479289941,0.6142751479289941,0.6142751479289941,FAIL,0.0015833221189812052,0.0015833221189812052,0.0015833221189812052,PASS,0.08879022080240917,0.08879022080240917,0.08879022080240917,FAIL,0.2222970516048579,0.2222970516048579,0.2222970516048579,PASS,0.2109926998463887,0.2109926998463887,0.2109926998463887,PASS,0.43707032995168577,0.4370703299516857,0.4370703299516857,PASS,-1.8025535521966671,-3.3729956071624545,-0.7436705455404198,PASS,2.22707887308618,0.8345920676186818,4.98575280661108,PASS,2.120473197756623,1.0046053900613745,2.8508417725639936,PASS,-1.2643479131535824,-1.9468444811852266,-0.783050739783378,PASS,1.23982312335213,0.9995675141606785,1.5049679635120656,PASS,2.0825534418375686,1.7859383334081271,2.5092769313351067,PASS,-1.6354724509244567,-4.2144964126364135,-0.949796550824998,PASS,1.7818285262235087,0.8104825215753277,3.4983127572192183,PASS,1.8457279744460842,1.1685473073926755,2.434890789722266,PASS,-1.4997275901321088,-4.849218998166645,-0.1706891307546704,PASS,1.6820089939769436,0.28336121027295,3.9861467549039986,PASS,1.9773263825421166,0.624888878348155,2.835659767349039,PASS,-0.2019794285491755,-0.2670396969631327,-0.12564825684810155,PASS,0.23368180101772573,0.09668016317936412,0.3354053995565045,PASS,1.5261570903393884,0.9038206691384694,2.5777514135561814,PASS,-1.4802082886684036,-2.6212524976070335,-0.6104923493224758,FAIL,1.1877673252087977,0.5547201919271537,2.422572981652881,PASS,1.995758073833461,1.144518691862485,2.6190057565471028,PASS,0.02253127970291621,0.021027630970084768,0.023720791591093793,FAIL,0.18399999999999997,0.184,0.184,FAIL,4.579638417735735,3.4144051128681476,5.942471535931525,PASS,0.3323749610289217,0.016110341067483335,0.5946366577325776,PASS,0.6305510322433338,-0.1427695775493632,0.8971237294770185,PASS,0.8178091818420805,0.1118671464708766,0.9389924589376718,PASS,0.5012863960784606,0.024162150207080027,0.7700853799435563,PASS,0.20581300478286255,-0.2622597350734184,0.5317759589111152,PASS,0.35100720185948586,0.016384692539821652,0.630487762454931,PASS,0.19258987760538054,-0.26809382366989815,0.5064044589681598,PASS,0.7200435560016939,0.1167320492923043,0.9425029586156718,PASS,0.4753635062243299,-0.03896186423030236,0.783028594931159,PASS,0.567073180387391,-0.18091956708046725,0.8334410579924036,PASS,0.38697916666666665,0.1,0.6424999999999996,FAIL,18.63335906581885,8.66315148218439,33.31174210862808,PASS,-0.15258858766678488,-0.36698977557692136,0.044245627310098797,PASS,0.9999319066948267,0.9998787470925393,0.9999490067894855,FAIL,8008.410049308597,4706.845418220951,11424.994857001046,4,5,40,49,4,7
F00427,F01,P01,64,true,PASS,6.127715862770408,3.5772921613548414,9.069626152566611,PASS,-0.02964628042764407,-0.03156376697279483,-0.02764315137255564,PASS,0.06524553571428572,0.02,0.12317361111111111,FAIL,-0.15035720573177536,-0.317051489467702,0.021154335365116867,PASS,-0.0079092478954599,-0.06984150420363533,0.030188065836783438,PASS,0.6317361596104716,0.6306255501557962,0.6329535869093936,PASS,5.006041666666672,4.8538906250000045,5.163179687500003,PASS,1546.336216031929,1543.778282698132,1548.812970029384,PASS,1.0102731531515206,0.5594817552838668,1.5925093839088869,PASS,0.28761938411576116,0.14907125128500862,0.4568892264146956,FAIL,3.63901342061246,3.526012599503175,3.711332434170457,PASS,0.525461588034552,0.3532023530026228,0.6585291834600705,FAIL,0.6142751479289941,0.6142751479289941,0.6142751479289941,FAIL,0.0015833221189812052,0.0015833221189812052,0.0015833221189812052,PASS,0.08879022080240917,0.08879022080240917,0.08879022080240917,FAIL,0.2222970516048579,0.2222970516048579,0.2222970516048579,PASS,0.2109926998463887,0.2109926998463887,0.2109926998463887,PASS,0.43707032995168577,0.4370703299516857,0.4370703299516857,PASS,-1.8141139558766208,-3.3729956071624545,-0.7364989365138314,PASS,2.0970780719247006,0.8508626853315004,4.98575280661108,PASS,2.04603572671483,1.0312496895636634,2.8274849770639747,PASS,-1.266431881499014,-1.9468444811852266,-0.7864163446091642,PASS,1.2505876143617514,1.0480945905093753,1.4407392810989532,PASS,2.053955958917146,1.7904832411672138,2.449891700839008,PASS,-1.508885095504882,-4.2144964126364135,-0.9886120291005369,PASS,1.7767186340908467,0.9678380873323921,3.4983127572192183,PASS,1.8656036688985098,1.0787893267070499,2.442368249415561,PASS,-1.389560205746477,-4.849218998166645,-0.19087185457735797,PASS,1.5977215621081466,0.2812341470593789,3.9861467549039986,PASS,2.0132645986428224,0.7656018400818856,2.9205405486429408,PASS,-0.199832146284262,-0.26663141401496165,-0.11346276285527061,PASS,0.22555079191209612,0.08660726620029455,0.3354053995565045,PASS,1.528543688195144,0.8820337004375796,2.4457450417705826,PASS,-1.3388632618014815,-2.506810846215132,-0.5938293044997818,FAIL,1.1603697401403354,0.6441198085670948,2.7313362883776047,PASS,1.9346620534131294,1.0590610430784728,2.4829003428723047,PASS,0.022683719422645635,0.021119723428921756,0.024357541429888187,FAIL,0.18359374999999997,0.178475,0.184,FAIL,4.742405482904029,3.454992946759741,6.963416106434787,PASS,0.3345202064735062,0.028004866546900313,0.5838807656474515,PASS,0.6175756713174485,-0.14891475289206002,0.903495035290362,PASS,0.7886909567958859,0.031137858693929085,0.9410660148236997,PASS,0.49808611109940515,-0.013569141639787976,0.7307746737668781,PASS,0.18179042930242423,-0.3035184215528462,0.5180688414181165,PASS,0.3301515453271783,-0.057489768357126186,0.6160244935304268,PASS,0.1932678759516649,-0.19174631147262644,0.44711736628149673,PASS,0.7156516555863021,0.12512160239590286,0.9520310587610303,PASS,0.4649519035514922,-0.07419223037656675,0.7481916882041495,PASS,0.5495918516261802,-0.1574845209972471,0.8053508201117068,PASS,0.41015625,0.2,0.7424999999999997,FAIL,17.501601209198853,9.541527300579112,32.61929541140866,PASS,-0.14723407501586153,-0.36435465741517153,0.08311938493988971,PASS,0.9999182191396206,0.9998596291050527,0.9999399005017727,FAIL,8520.331208035885,4832.385589378406,13695.557553887455,4,5,40,49,4,7
F00551,F01,P01,64,true,PASS,5.987678058961005,3.5428338513097684,8.211016161938623,PASS,-0.029336414300414185,-0.03100463222303525,-0.026853209017670004,PASS,0.05866257440476191,0.025750000000000006,0.10805555555555553,FAIL,-0.16772126850123614,-0.4110838383107709,0.028300735994935922,PASS,-0.0019048291959642724,-0.03921294041824717,0.032096717915583196,PASS,0.6320230529109323,0.6307654160334963,0.6331816338380097,PASS,4.997858072916671,4.858421875000004,5.121109375000004,PASS,1546.469430686997,1544.4631141229922,1548.7392091702532,PASS,0.977056089182305,0.6197887482839184,1.696130893148118,PASS,0.2827630565625763,0.13219541005937438,0.47552801667727035,FAIL,3.6359041019773497,3.5343296326771156,3.709164279267689,PASS,0.5059385342652534,0.3482011019445419,0.6246676071833471,FAIL,0.6142751479289941,0.6142751479289941,0.6142751479289941,FAIL,0.0015833221189812052,0.0015833221189812052,0.0015833221189812052,PASS,0.08879022080240917,0.08879022080240917,0.08879022080240917,FAIL,0.2222970516048579,0.2222970516048579,0.2222970516048579,PASS,0.2109926998463887,0.2109926998463887,0.2109926998463887,PASS,0.43707032995168577,0.4370703299516857,0.4370703299516857,PASS,-1.9422984913208934,-4.504759420353543,-0.7302292195035749,PASS,2.208750730822106,0.830971095139656,4.98575280661108,PASS,2.1459558041913205,1.0378247138762609,2.8664102169000096,PASS,-1.3254051754841474,-1.9468444811852266,-0.8298502608248288,PASS,1.2567637493905195,1.0675496202693717,1.4407392810989532,PASS,2.098499202257554,1.7004351149332813,2.521045648799915,PASS,-1.6712318170871105,-4.2144964126364135,-0.9270587532295601,PASS,1.8359833702792696,0.9215816120899967,3.4983127572192183,PASS,1.8656383565029817,1.0196348852765,2.446654197114725,PASS,-1.636464503759604,-4.849218998166645,-0.19238112138499175,PASS,1.7439737376139173,0.24581580369479517,3.9861467549039986,PASS,1.9420390150933087,0.30065256292923526,2.770357855628933,PASS,-0.20653861478559354,-0.26612804186153705,-0.11138721235051172,PASS,0.22007466204432763,0.08340509360781238,0.33799032445171856,PASS,1.53681353521868,0.8091615045870995,2.4940510718839235,PASS,-1.3972265907765864,-2.4344512483910234,-0.6173878079051369,FAIL,1.1836476890698269,0.6290022230818881,3.102186648307023,PASS,2.0635171127645773,1.3604633481598218,2.7260606013804742,PASS,0.02250590358713233,0.020412997607490782,0.02421267560395014,FAIL,0.18349218749999996,0.1775,0.184,FAIL,4.58382871915292,3.491782271988657,6.055984472903977,PASS,0.34487200050429845,0.02157008020682694,0.6346486659475578,PASS,0.6295758108634841,-0.1383214839097026,0.9167970407965703,PASS,0.8047010515574022,0.04837900409354425,0.947081948016625,PASS,0.5001794416863673,-0.025446188214110398,0.7848954145446099,PASS,0.18199757109119058,-0.3140054696119097,0.613640080188794,PASS,0.34086876926128284,-0.008808779659892737,0.6919983839643387,PASS,0.20094029447002718,-0.21545292360592075,0.5757357468609038,PASS,0.7183704241315569,0.08007905909551738,0.9538131089054572,PASS,0.45911948733196156,-0.12884339223887023,0.768828016474157,PASS,0.5478463013241794,-0.21052517410316662,0.8351340598931838,PASS,0.37109375000000006,0.1,0.6,FAIL,17.850224949284232,7.245390694271854,32.65042581825779,PASS,-0.1655484846060048,-0.4232457730606615,0.03919549741844991,PASS,0.9999154116119244,0.9998276473749032,0.9999381550197828,FAIL,8429.661540013332,4775.524648839217,12467.14762921122,4,5,40,49,4,7
F00629,F01,P01,64,true,PASS,5.774252808836838,3.711884455476527,8.226019066249792,PASS,-0.028561861221636557,-0.03003834236478662,-0.025776171480491092,PASS,0.06277901785714286,0.02,0.10327083333333331,FAIL,-0.1680783669424948,-0.32954789888065283,-0.0183617869758746,PASS,-0.0014962381041329549,-0.05272787168439101,0.05512775762589793,PASS,0.6299763931618498,0.6287482150635141,0.6312337676807618,PASS,4.991082356770837,4.847778645833337,5.15252604166667,PASS,1546.579727546394,1543.9517054996857,1548.9124624066137,PASS,0.9830660691707456,0.502706380761665,1.563795385700826,PASS,0.29246539392821463,0.12015262556350673,0.46423161858268724,FAIL,3.6793671698214365,3.5690080597808014,3.7957953455309097,PASS,0.5603919597498608,0.4209575229731172,0.6983224710013552,FAIL,0.6142751479289941,0.6142751479289941,0.6142751479289941,FAIL,0.0015833221189812052,0.0015833221189812052,0.0015833221189812052,PASS,0.08879022080240917,0.08879022080240917,0.08879022080240917,FAIL,0.2222970516048579,0.2222970516048579,0.2222970516048579,PASS,0.2109926998463887,0.2109926998463887,0.2109926998463887,PASS,0.43707032995168577,0.4370703299516857,0.4370703299516857,PASS,-1.7625692551220955,-4.504759420353543,-0.7315521873130786,PASS,2.042624576294166,0.8471681326940322,4.98575280661108,PASS,2.020759077154658,0.9407014064353242,3.0075362977589712,PASS,-1.27341065785986,-1.9479002895668287,-0.7622778229465035,PASS,1.2373433697382603,0.8556818860531118,1.4407392810989532,PASS,2.130318337864015,1.7771121307762723,2.5160689548563338,PASS,-1.5115238784222353,-4.2144964126364135,-0.8345171514373141,PASS,1.7528512745012368,1.0145376462731321,3.4983127572192183,PASS,1.7789600723626282,1.093958165426398,2.316134416462616,PASS,-1.3201215350459798,-4.849218998166645,-0.18613820536793146,PASS,1.5165481591508545,0.27311925636114814,3.9861467549039986,PASS,1.894522468327649,0.28930521651221397,2.8271656892282606,PASS,-0.19958425877862196,-0.26906119305797516,-0.11947385464229429,PASS,0.21469671693056214,0.08661403093059841,0.3333780074818268,PASS,1.5641056570882164,0.8354901306836606,2.4437711839995986,PASS,-1.3327972176311056,-2.3718005735357743,-0.6067726486114066,FAIL,1.1455489909170005,0.5815066869893817,1.9100993269793025,PASS,1.9974982262233452,1.3146467601274174,2.5050062618628175,PASS,0.022720255915888554,0.020968718309648016,0.02432279356910859,FAIL,0.18379687499999997,0.184,0.184,FAIL,4.511994897778641,3.4966506887726347,5.638424444287724,PASS,0.33467053492360255,0.03167990575885923,0.6173728140037229,PASS,0.6191568556655535,-0.132379885948154,0.9231241873276648,PASS,0.8071995111087157,0.07337323115892913,0.9510598032479418,PASS,0.4917987775862046,0.011501528755839006,0.7816118448679364,PASS,0.18548123416315704,-0.2716531607643715,0.5544649983129423,PASS,0.33369416948799946,0.003194169941336113,0.6402097882423639,PASS,0.17632951891787677,-0.17674449445041154,0.5063298573216891,PASS,0.7181543049574937,0.12621329135700993,0.9556495020016086,PASS,0.4658610273269297,-0.01996557624758233,0.7903239194101419,PASS,0.5496575289018276,-0.18653243155283944,0.8373245272975398,PASS,0.41171875,0.17875000000000002,0.6712499999999999,FAIL,17.66310736981099,9.40948052302003,27.77268399413702,PASS,-0.16359307100040482,-0.34501408141714385,-0.01558124918068759,PASS,0.9999199393263439,0.9998673517153865,0.9999410314652191,FAIL,8212.223097078617,5042.629965685137,12838.09830242374,4,5,40,49,4,7
F00928,F01,P01,64,true,PASS,6.142670385270785,3.6825233716005963,8.854730349942935,PASS,-0.029014592667908925,-0.03061857933515922,-0.026126974705222773,PASS,0.06271453373015873,0.030000000000000002,0.11296527777777776,FAIL,-0.14484338847869352,-0.35703440624224153,0.009514676572088404,PASS,0.00015458345766300457,-0.03950518357261539,0.05930000803517506,PASS,0.630939400857855,0.6296369817267518,0.6321534250706696,PASS,5.013374023437503,4.871174479166671,5.181723958333337,PASS,1546.2168580325097,1543.4764142625745,1548.5316189822286,PASS,1.006891775388151,0.5314355197367123,1.721174488297485,PASS,0.29118069800941326,0.13291081990352216,0.5172532889751511,FAIL,3.6520054262717005,3.5372956005990197,3.770146051341507,PASS,0.5426749365409309,0.3689947974995607,0.6887419714505467,FAIL,0.6142751479289941,0.6142751479289941,0.6142751479289941,FAIL,0.0015833221189812052,0.0015833221189812052,0.0015833221189812052,PASS,0.08879022080240917,0.08879022080240917,0.08879022080240917,FAIL,0.2222970516048579,0.2222970516048579,0.2222970516048579,PASS,0.2109926998463887,0.2109926998463887,0.2109926998463887,PASS,0.43707032995168577,0.4370703299516857,0.4370703299516857,PASS,-1.7319541477733353,-3.3729956071624545,-0.7394324738305569,PASS,1.8900829869569478,0.8439729159864856,4.98575280661108,PASS,2.050154313032116,1.0382343780833851,2.845453425835897,PASS,-1.3119982762618028,-1.952496161345568,-0.811235837126245,PASS,1.2448166280106698,1.0519231713550612,1.3932659071414357,PASS,2.106569454226476,1.7265890068199112,2.489240403006519,PASS,-1.5689166941568433,-4.2144964126364135,-0.7980046873389719,PASS,1.7189143949556263,0.8583998558760542,3.4983127572192183,PASS,1.8221097137412279,1.1217076644478314,2.4520828495499596,PASS,-1.3791503123307636,-4.849218998166645,-0.17939882284058417,PASS,1.5399490940572695,0.22073475206553497,3.9861467549039986,PASS,1.9489721306335874,0.29318795189853186,2.893218595495619,PASS,-0.20140567374638518,-0.26865291010980413,-0.12993323741111945,PASS,0.20882260397939303,0.08661403093059841,0.3354053995565045,PASS,1.5401947895540358,0.8314665367991886,2.6292700667149247,PASS,-1.2544417671248898,-2.3274656772496396,-0.4798687904308131,FAIL,1.257064097979961,0.5658585883332314,2.564992663958667,PASS,1.9614522449400362,1.222114438821092,2.4998291454412573,PASS,0.02255002596272134,0.02059313147900054,0.024099012587418357,FAIL,0.18379687499999997,0.184,0.184,FAIL,4.680424637964685,3.4406566082975507,5.900660421201333,PASS,0.3258823208086502,-0.0027688850442567636,0.6131040207065399,PASS,0.5960998723594606,-0.19046191532693002,0.9187520138167975,PASS,0.7753919604328068,-0.0029735121830922894,0.9511398478635945,PASS,0.4839838748234475,-0.041757227122803706,0.7914388009579377,PASS,0.17329215918965127,-0.26698002261936116,0.5518951427016586,PASS,0.3197667905186286,0.012426976794914554,0.6327369367227582,PASS,0.16813641302932486,-0.21132666988312368,0.5070953803668247,PASS,0.7024481371767597,0.09414812332383748,0.9549718142554391,PASS,0.45756092827669836,-0.10326306987737521,0.7875131460739229,PASS,0.5276398268917513,-0.21832080220581887,0.8293127771148617,PASS,0.39869791666666665,0.1,0.6212499999999999,FAIL,17.845097749297608,9.274779423775387,27.876157417827926,PASS,-0.1286589159490259,-0.3582417955416752,0.062167237197084294,PASS,0.9999209689279324,0.9998959295209187,0.999939981586547,FAIL,8181.570419815499,4838.204691502089,12137.069348149738,4,5,40,49,4,7
F01140,F02,P01,64,true,PASS,5.791514627413601,3.593555364401803,8.976654287973746,PASS,-0.028369447609708234,-0.02966541120643684,-0.02637728727455888,PASS,0.06580295138888889,0.02063888888888889,0.11949999999999994,FAIL,-0.16468446272179393,-0.37782026173108835,0.023462838591837704,PASS,-0.004646991141222322,-0.07261345783720599,0.026457294446591277,PASS,0.6284958162505375,0.6276104869105388,0.6293561712782086,PASS,5.0095263671875045,4.815401041666671,5.183484375000004,PASS,1546.279491175823,1543.4477577448893,1549.4395134190115,PASS,0.9740338308788956,0.5795404055793661,1.825602577568168,PASS,0.2939649744919112,0.15214938758161797,0.4662132048246497,FAIL,3.717525906198054,3.610277361652097,3.824669990595508,PASS,0.5841427809681419,0.4044033540752873,0.7159667914481085,FAIL,0.6142751479289941,0.6142751479289941,0.6142751479289941,FAIL,0.0015833221189812052,0.0015833221189812052,0.0015833221189812052,PASS,0.08879022080240917,0.08879022080240917,0.08879022080240917,FAIL,0.2222970516048579,0.2222970516048579,0.2222970516048579,PASS,0.2109926998463887,0.2109926998463887,0.2109926998463887,PASS,0.43707032995168577,0.4370703299516857,0.4370703299516857,PASS,-1.975059413104705,-4.504759420353543,-0.7325300330853204,PASS,2.26673094454802,0.83686534382377,4.98575280661108,PASS,2.0661918608025753,0.9345627632842338,2.82887881995306,PASS,-1.319968584759939,-1.9493287362007612,-0.8055060922241607,PASS,1.2441688113988127,1.0481815054029608,1.3932659071414357,PASS,2.110764893253028,1.7652960996662426,2.459731712969572,PASS,-1.6515452054800406,-4.2144964126364135,-1.0054474990842492,PASS,1.8554393948979833,0.8583998558760542,3.4983127572192183,PASS,1.8323049327494865,1.077562745870722,2.4260989480289203,PASS,-1.600874780694521,-4.849218998166645,-0.18577976522944858,PASS,1.692934372687961,0.2662922924085889,3.9861467549039986,PASS,1.8600756246313788,0.45824136031982704,2.8736828720796517,PASS,-0.20316110167566323,-0.2696659864592612,-0.126890403735314,PASS,0.21177056375859887,0.08661403093059841,0.3354053995565045,PASS,1.4786240541993794,0.8348256758392976,2.4006176638183754,PASS,-1.3593915176510412,-2.471580375021793,-0.622091009734855,FAIL,1.2045038186319275,0.6434512196504628,3.3247603889608537,PASS,2.0466546367701275,1.524355363824521,2.587352403789708,PASS,0.02262773284406182,0.02092899249396923,0.023980245827723456,FAIL,0.18298437499999998,0.171,0.184,PASS,4.505573236721931,3.118975294513084,5.792322954466558,PASS,0.3559134717967668,0.01325536658636854,0.6250329544251276,PASS,0.6550788851404632,-0.039479681872747134,0.9129592240732882,PASS,0.8280266330059399,0.29373320593972885,0.9481525545505721,FAIL,0.5304042841677173,0.08990595988089334,0.7613223045086953,PASS,0.219945057586732,-0.3038259302382395,0.5741616886932551,PASS,0.36363771230242786,0.009183606364575601,0.660101068292975,PASS,0.21753471993948262,-0.1722096971947893,0.4975424043108237,PASS,0.7501351163861243,0.1474664749243099,0.9536348559655892,PASS,0.5081838414767256,-0.10025640990169489,0.7770776741899603,PASS,0.5887071275639045,-0.013466537998141362,0.8127357037092233,PASS,0.42656249999999996,0.2,0.7,FAIL,21.259322377067015,11.294635803980782,36.24905549485532,PASS,-0.1642295811066315,-0.42317951775717955,0.056786689730288456,PASS,0.9999234597231998,0.9998834517196334,0.9999398968999808,FAIL,8738.96014973614,4955.195512192726,13483.999697173567,4,5,40,49,4,7
F01394,F02,P01,64,true,PASS,5.933811393907933,3.791742408835543,8.046220024457629,PASS,-0.02947712829630818,-0.031047756895605225,-0.027777613609293577,PASS,0.061223338293650786,0.01,0.11174107142857138,FAIL,-0.14720749881412626,-0.3337671569874628,-0.029191111940628154,PASS,-0.00620576915750198,-0.04917747407476953,0.019724150512267988,PASS,0.6315390058655197,0.6301925158053016,0.6328535553108868,PASS,5.0208317057291705,4.882385416666671,5.175234375000004,PASS,1546.0954599518568,1543.5820533780652,1548.3491244428274,PASS,1.021479842400928,0.5347480005827795,1.7040024366931186,PASS,0.2910486905811372,0.12425496708802783,0.5486262251488131,FAIL,3.6336146526408126,3.532942375985751,3.73720850303888,PASS,0.5158778259373941,0.4032913584544963,0.640901241969494,FAIL,0.6142751479289941,0.6142751479289941,0.6142751479289941,FAIL,0.0015833221189812052,0.0015833221189812052,0.0015833221189812052,PASS,0.08879022080240917,0.08879022080240917,0.08879022080240917,FAIL,0.2222970516048579,0.2222970516048579,0.2222970516048579,PASS,0.2109926998463887,0.2109926998463887,0.2109926998463887,PASS,0.43707032995168577,0.4370703299516857,0.4370703299516857,PASS,-1.6084556472267304,-3.3729956071624545,-0.7325300330853204,PASS,2.222445468028105,0.8490254357246612,4.98575280661108,PASS,2.0912284633098883,1.0578606852929302,2.810417912544839,PASS,-1.3630487011326453,-1.9567815012473653,-0.811235837126245,PASS,1.2455252211434913,1.0349522816194447,1.3932659071414357,PASS,2.083265084165169,1.766361050949724,2.4687201619028216,PASS,-1.5209124909783156,-4.2144964126364135,-0.9024284022803908,PASS,1.8682186316917062,0.719751635529356,3.4983127572192183,PASS,1.8624600737034849,1.11045219340395,2.4306748721237508,PASS,-1.306200028302051,-4.849218998166645,-0.16904943464037916,PASS,1.6833387599834482,0.22073475206553497,3.9861467549039986,PASS,1.9498428542324566,0.6199183545672629,2.705981317592533,PASS,-0.19949738971030165,-0.2670396969631327,-0.12627924418873307,PASS,0.20530970065321663,0.09093476711173608,0.3354053995565045,PASS,1.4782702608615272,0.837249703366965,2.3488603537887607,PASS,-1.3499891397070685,-2.42807653104064,-0.6995449190397723,FAIL,1.1955951298431404,0.5348848265303677,2.5745513582524997,PASS,1.966753636639087,1.1667793398089252,2.5623889358845213,PASS,0.022676626676581654,0.02014006781141411,0.023881674090534027,FAIL,0.18349218749999996,0.1775,0.184,FAIL,4.506921411568559,3.248697054544278,5.690755177425315,PASS,0.3634251855246536,0.02788770246203289,0.6309462848625328,PASS,0.6296995532891512,-0.20116495261313827,0.9211251918308568,PASS,0.7724503648593792,-0.06790317726844554,0.9476049899471954,PASS,0.5004138521697488,-0.02883653659630231,0.7546963634795828,PASS,0.22164442081174804,-0.233907596907681,0.5479417293689425,PASS,0.3540316948317014,-0.05079728987755244,0.6270688146331405,PASS,0.18840130441862515,-0.21073671808090347,0.47193417275701,PASS,0.7385643445465083,0.10661430753118,0.9573607365817148,PASS,0.49300670606243513,-0.026110404219596282,0.7721751131156326,PASS,0.5255455555527798,-0.2306241395447042,0.8144489037562818,PASS,0.39674479166666665,0.1,0.6,FAIL,18.369504642114602,7.865966810258651,33.942055970240226,PASS,-0.14676443453869495,-0.34210269417657774,0.03254356107153277,PASS,0.9999177092469818,0.9998623269385695,0.9999353668770276,FAIL,7805.625801589772,4005.243571136888,10782.765059634236,4,5,40,49,4,7
F01587,F02,P01,64,true,PASS,6.375874697388765,4.205982637576029,9.730177929420682,PASS,-0.03172887054155427,-0.032917095503523855,-0.02931429494914382,PASS,0.06389198908730159,0.02,0.10291865079365077,FAIL,-0.14847485284588935,-0.3319028940945445,0.034896047228592644,PASS,-0.0021390939299460537,-0.039596321758315095,0.05295640215292824,PASS,0.6336194746740837,0.632172154507488,0.6348658415130796,PASS,5.003507486979171,4.828184895833338,5.142955729166671,PASS,1546.3774680641368,1544.107493521126,1549.2314145354062,PASS,1.04467813013295,0.5578199279437173,1.8932356061304425,PASS,0.28381407146853765,0.111761728714926,0.45659250211271674,FAIL,3.578542409783054,3.510885882500027,3.657399492745311,PASS,0.44892825526485935,0.28522764713374194,0.5813811682776902,FAIL,0.6142751479289941,0.6142751479289941,0.6142751479289941,FAIL,0.0015833221189812052,0.0015833221189812052,0.0015833221189812052,PASS,0.08879022080240917,0.08879022080240917,0.08879022080240917,FAIL,0.2222970516048579,0.2222970516048579,0.2222970516048579,PASS,0.2109926998463887,0.2109926998463887,0.2109926998463887,PASS,0.43707032995168577,0.4370703299516857,0.4370703299516857,PASS,-1.7394052515952911,-3.853995227768667,-0.714513645134105,PASS,1.9175061559636641,0.8468781148359366,4.806027743416616,PASS,1.9843311644164634,0.959249142362341,2.7122973096638496,PASS,-1.2898334948491672,-1.9493287362007612,-0.7545758553258219,PASS,1.2298077927291955,0.9685681008363354,1.3932659071414357,PASS,2.0931032391159734,1.731288458330989,2.429262086108278,PASS,-1.402037806876764,-4.2144964126364135,-0.9954375626135321,PASS,1.6405145965895394,0.888013479997892,3.0184793469263584,PASS,1.7796126022811198,1.1854712908934726,2.3112241887710665,PASS,-1.238488712822881,-4.849218998166645,-0.18563511643205352,PASS,1.356980746667434,0.22073475206553497,3.2486281743758405,PASS,1.9183413577644588,0.4997392547769335,2.8200792869817364,PASS,-0.20099996859636415,-0.26815586999898733,-0.12448518858244867,PASS,0.2224158868291776,0.08661403093059841,0.3354053995565045,PASS,1.5550639384071474,1.0273167949206716,2.5345264807853356,PASS,-1.3646430108906444,-2.506810846215132,-0.6214147716751021,FAIL,1.3110186576113751,0.48308772251068605,4.743625237831135,PASS,2.0291418193500985,1.1649139149694343,2.872444553162703,PASS,0.022617168697545792,0.020871219880382597,0.024050328717161205,FAIL,0.18318749999999998,0.1775,0.184,FAIL,4.540280822056671,3.316635027826614,5.675087771773776,PASS,0.3159014156073041,0.02769285453718494,0.5512559483736805,PASS,0.5837874512716397,-0.20801955065076486,0.8931885065980167,PASS,0.76236508257429,0.012290195518060685,0.9319324332866415,PASS,0.4765218959215626,-0.1297534090683946,0.7142001108541549,PASS,0.16858793453361892,-0.2681334789756782,0.5264434414582311,PASS,0.3111357960276596,-0.03571286788473538,0.6087012993798029,PASS,0.1586498900211517,-0.216851417712964,0.4617047508811404,PASS,0.6878014467909054,0.06573071005489921,0.9381335503883689,PASS,0.4659278586578566,-0.08312459320678114,0.7363648394344414,PASS,0.5261782987351274,-0.20043006561912258,0.7992011551314652,PASS,0.4145833333333333,0.15750000000000003,0.7,FAIL,19.649837014079846,6.615926746351838,40.872191932782414,PASS,-0.148790053853416,-0.3627285136693957,0.09627233579008708,PASS,0.9999068719791881,0.9998637479180387,0.9999277370927404,FAIL,7732.413782788437,4109.031002839712,12149.936257813548,4,5,40,49,4,7
F01800,F02,P01,64,true,PASS,6.369583083351329,4.092318908119919,9.186495905244657,PASS,-0.029695646952441413,-0.0339868536378695,-0.026399627109587095,PASS,0.06708519345238095,0.02,0.109,FAIL,-0.1491006004639389,-0.36595495850791243,-0.0038950768433192447,PASS,-0.0013057490284811757,-0.06094556042623739,0.05680051488798647,PASS,0.632926366899359,0.6319146263336363,0.6340910237836633,PASS,5.014464518229171,4.846317708333337,5.170622395833337,PASS,1546.199106676325,1543.6571283674448,1548.9362439249885,PASS,0.8977571841132599,0.48343932149836066,1.5145087810062186,PASS,0.289088368344321,0.13598676176393418,0.4657921613438407,FAIL,3.5920351820051035,3.4996702723087516,3.662066339637468,PASS,0.4843982847581436,0.35229923612299224,0.5971158573187876,FAIL,0.6142751479289941,0.6142751479289941,0.6142751479289941,FAIL,0.0015833221189812052,0.0015833221189812052,0.0015833221189812052,PASS,0.08879022080240917,0.08879022080240917,0.08879022080240917,FAIL,0.2222970516048579,0.2222970516048579,0.2222970516048579,PASS,0.2109926998463887,0.2109926998463887,0.2109926998463887,PASS,0.43707032995168577,0.4370703299516857,0.4370703299516857,PASS,-1.686835626826599,-3.853995227768667,-0.7436130252008761,PASS,1.8981482396970633,0.8468781148359366,4.806027743416616,PASS,2.1030257586491516,0.984989591856993,3.268833079655675,PASS,-1.2360802493507086,-1.757918891978546,-0.811235837126245,PASS,1.2493606700900222,1.010404322079459,1.4407392810989532,PASS,2.0798652279765752,1.7184172567245126,2.4347643813184625,PASS,-1.3854580569483113,-4.2144964126364135,-0.9805462439179773,PASS,1.622699202598887,0.9215816120899967,3.0184793469263584,PASS,1.7355443437267133,1.147666899763639,2.2234347893172823,PASS,-1.1852388077768117,-4.849218998166645,-0.1652425081717135,PASS,1.444860666889177,0.2520700179002434,3.2486281743758405,PASS,1.864089148363128,0.458283297573464,2.7195532501224196,PASS,-0.20562433928823132,-0.26815586999898733,-0.13126458757322373,PASS,0.23874024503122251,0.12362500414492063,0.33799032445171856,PASS,1.5919002967432083,0.976529106766008,2.4522202070436667,PASS,-1.2717885698098481,-2.3643023319531764,-0.6194148313754557,PASS,1.0825219614969739,0.4559788374592724,1.7787953386593194,PASS,1.9979516111770494,1.3557734295449058,2.684556210611685,PASS,0.02273665425444902,0.0207924447467167,0.024205051686022206,FAIL,0.18399999999999997,0.184,0.184,FAIL,4.59362160455345,3.494923149370563,5.694846699802039,PASS,0.3174865974105341,0.0011558019048312877,0.6036824605395026,PASS,0.6278580295012006,-0.12251874927184453,0.8979466685652184,PASS,0.8038866290268252,0.06942303789544588,0.9387083278801737,FAIL,0.4755282276217456,0.05123956013782864,0.733726187907661,PASS,0.17071810051318165,-0.25002056121318894,0.5308412755427463,PASS,0.3261301269672756,-0.002200979601872974,0.6192201744920389,PASS,0.16194099944604268,-0.20819614630689026,0.5012072638448322,PASS,0.7304781153480604,0.12396612444558425,0.9461338878262274,PASS,0.446132412498513,-0.09517998936660822,0.7446329679183409,PASS,0.5321758129391896,-0.196420198147646,0.8070778512280643,PASS,0.42578124999999994,0.1,0.7,FAIL,16.114796415918327,6.659781312951855,26.98880870145035,PASS,-0.1457459977217341,-0.3628501882963725,0.03631314412596635,PASS,0.9999162150409326,0.9998625546199117,0.999937651074419,FAIL,8610.100924113929,5048.573641444937,11744.375354795991,4,5,40,49,4,7
F11566,F12,P01,64,true,PASS,6.865897322884265,4.361026371535629,9.61293496443139,PASS,-0.04065885515102179,-0.042324670776242496,-0.03884162750607603,PASS,0.0649342757936508,0.030000000000000006,0.11370138888888887,FAIL,-0.13245961980575938,-0.31198768365212154,0.015836733289368396,PASS,-0.005959551828584614,-0.03899680070855683,0.020986438236838142,PASS,0.6290992884260025,0.6278739886513848,0.6302849866615721,PASS,5.003393554687504,4.873226562500004,5.156684895833337,PASS,1546.3793226834396,1543.884006596219,1548.4982146391278,PASS,1.004984919033641,0.630805664291556,1.7978829044896834,PASS,0.301348771458554,0.17098589476064444,0.5202537201834978,FAIL,3.687058004093593,3.571602348059244,3.7933415785091573,PASS,0.6047546958967448,0.4407536272612869,0.7467467467028437,FAIL,0.6142751479289941,0.6142751479289941,0.6142751479289941,FAIL,0.0015833221189812052,0.0015833221189812052,0.0015833221189812052,PASS,0.08879022080240917,0.08879022080240917,0.08879022080240917,FAIL,0.2222970516048579,0.2222970516048579,0.2222970516048579,PASS,0.2109926998463887,0.2109926998463887,0.2109926998463887,PASS,0.43707032995168577,0.4370703299516857,0.4370703299516857,PASS,-1.756416084690518,-4.504759420353543,-0.7302292195035749,PASS,2.1303217707662174,0.8468781148359366,4.98575280661108,PASS,2.035810437966177,0.8842448270714092,2.824226960646969,PASS,-1.3961883194516709,-1.9493287362007612,-0.8298502608248288,PASS,1.2367820109674317,1.0267949173763107,1.3932659071414355,PASS,2.075378120303947,1.760604687180759,2.461678261524531,PASS,-1.5611088129243655,-4.2144964126364135,-0.7959546243323524,PASS,1.8577056333420048,0.8260718354930848,3.4983127572192183,PASS,1.8404832349129976,0.9963377516891146,2.473741574937295,PASS,-1.3632037276168485,-4.849218998166645,-0.19835675357613844,PASS,1.6803837197532867,0.253503306469255,3.9861467549039986,PASS,1.8473528821674141,0.28719648743248793,2.788445329782375,PASS,-0.20114755541350815,-0.2678540956459914,-0.12993323741111945,PASS,0.2076365327884085,0.08581392083037384,0.3354053995565045,PASS,1.4549179882194143,0.8427906759818545,2.450948582955915,PASS,-1.3952183579531763,-2.471580375021793,-0.6112411354784558,FAIL,1.2430750370104224,0.62682163790238,3.496426226673923,PASS,2.027881171385343,1.403702057514364,2.5914022108741155,PASS,0.022809766193653228,0.02084084667127393,0.023995893791286263,FAIL,0.18339062499999997,0.171,0.184,FAIL,4.524811448817783,3.3628553804642287,5.7078337640217445,PASS,0.3629403943750097,0.04180078711332106,0.600169172540573,PASS,0.6703130945886542,-0.08199813134869331,0.9142017632478289,PASS,0.8268404284784974,0.15734142900613565,0.949818545378579,PASS,0.5227033043693218,0.004665879992282497,0.7764566430890726,PASS,0.230495580282563,-0.2164604958319756,0.5373343145906943,PASS,0.36299777525874866,0.01886047732224265,0.62013068122518,PASS,0.19477600479434695,-0.17285071006335936,0.5149512931291407,PASS,0.753089735378921,0.11000830161352056,0.9503514128575467,PASS,0.5054574234587035,-0.028112087220222598,0.7600784251252325,PASS,0.5773425715606986,-0.1848643660437907,0.8059602795977806,PASS,0.41953125,0.15750000000000003,0.7,FAIL,22.115322168441526,9.54293949453321,42.109107274829846,PASS,-0.1414243111633768,-0.3409660495452232,0.09338918117628732,PASS,0.999847563214702,0.9997415043378477,0.9998807114725395,FAIL,8710.71873662349,4868.345014035323,13146.976258101773,4,5,40,49,4,7
F12858,F13,P01,64,true,FAIL,23.456312873661236,17.27703065213152,27.875793483662473,PASS,-0.052344562862592627,-0.05470918525064089,-0.05002708026366013,PASS,0.06104910714285715,0.02,0.10501388888888886,PASS,0.1204780287842846,-0.038707794633871306,0.2672234629962908,PASS,-0.023320604170512692,-0.08675382538389663,0.033729270172767244,PASS,0.6352215253347082,0.6332804479147108,0.6373553970804182,PASS,4.971082356770838,4.8313802083333375,5.161007812500004,PASS,1546.9052927177295,1543.8136370409568,1549.1794004123296,PASS,1.016428220985953,0.5741154276860071,1.888820540038302,PASS,0.2890718628957032,0.12802673908044562,0.5061071860170195,FAIL,3.5536155042545694,3.457080484743524,3.6328585249016463,PASS,0.3722518986837028,0.25209597304913184,0.521000087889672,FAIL,0.6142751479289941,0.6142751479289941,0.6142751479289941,FAIL,0.0015833221189812052,0.0015833221189812052,0.0015833221189812052,PASS,0.08879022080240917,0.08879022080240917,0.08879022080240917,FAIL,0.2222970516048579,0.2222970516048579,0.2222970516048579,PASS,0.2109926998463887,0.2109926998463887,0.2109926998463887,PASS,0.43707032995168577,0.4370703299516857,0.4370703299516857,PASS,-1.887139410743635,-3.3729956071624545,-0.7364989365138314,PASS,2.2286582357284153,0.8458101655933249,4.98575280661108,PASS,2.116834313621241,0.9840389587248399,2.7181894248799803,PASS,-1.2921501525125372,-1.9468444811852266,-0.817861970597273,PASS,1.2001834189942437,0.7244217935631913,1.3932659071414357,PASS,2.089000484689518,1.6656777012885653,2.525245821451475,PASS,-1.463827160063809,-4.2144964126364135,-1.0067436326620935,PASS,1.782244315817832,0.7238353069941568,3.4983127572192183,PASS,1.8523927233676918,1.1324942328337935,2.3082034959779443,PASS,-1.4045879187780161,-4.849218998166645,-0.18254596703270995,PASS,1.6661264626582368,0.2815370997101815,3.9861467549039986,PASS,1.9963651563471279,0.4933350976687916,2.817961110566607,PASS,-0.20724250193844518,-0.26815586999898733,-0.12964247034470625,PASS,0.22960553520264693,0.08661403093059841,0.3414875757805377,PASS,1.495118078217409,0.933559296734531,2.3987077281085516,PASS,-1.3236408922298133,-2.506810846215132,-0.6757682734328024,FAIL,1.2916129226230368,0.6198862281432518,3.5468441292243624,PASS,1.9554703838088252,1.0629518244144032,2.529943766961614,PASS,0.022725515373388107,0.020832918420671552,0.0240561866296743,FAIL,0.1824765625,0.171,0.184,FAIL,4.444392754741473,3.4879582267328813,5.497752908316046,PASS,0.3313111258984055,-0.020229675932165764,0.5861056345644564,PASS,0.6263182581795324,-0.1639035949249295,0.9020486295052973,PASS,0.787731277873018,0.005089602372982548,0.9420499342939016,PASS,0.49670299411484475,0.0047793291508477845,0.7110081624646168,PASS,0.20815996972571243,-0.24701947299735344,0.549380474022662,PASS,0.3456916562953214,-0.060988250429435356,0.6090858505526671,PASS,0.19096172274324869,-0.20740374451703344,0.4694032517486652,PASS,0.7182580010536063,0.08706523483512903,0.9475435152334891,PASS,0.4897400664846354,-0.02313403263198955,0.7303471455048741,PASS,0.5496491686589543,-0.19968017782006164,0.7920606903972232,PASS,0.3802083333333333,0.15750000000000003,0.6712499999999999,FAIL,34.21817059496743,16.69948700261323,66.92393844837297,PASS,-0.1774216410952672,-0.32615412694509544,-0.016556802851568096,PASS,0.9998084478292966,0.9996513143307116,0.9999004864492826,FAIL,12263.77821844797,6977.186974928431,19147.90612423324,4,5,40,49,4,7
F13193,F13,P01,64,true,FAIL,24.2178233591634,19.514870629791865,27.738468569685416,PASS,-0.055790286691118865,-0.06033730755413351,-0.05303463740603054,PASS,0.059737723214285714,0.030000000000000006,0.10351984126984126,PASS,0.13792476939093906,0.01947027303256604,0.37340304191125606,PASS,-0.026182034127512993,-0.10918183364413483,0.04372810859043638,PASS,0.635333415901704,0.6333150801086097,0.637541644720043,PASS,5.002190755208337,4.828911458333337,5.146257812500004,PASS,1546.3989021643656,1544.0537413548166,1549.2195873631667,PASS,1.010261989298942,0.6100303980739961,1.672646501175812,PASS,0.3003681451220708,0.14332840820905202,0.4747875148588815,FAIL,3.53908111506952,3.4473044016670555,3.636107378114729,PASS,0.39216880783232183,0.2735197158639686,0.5422730321536168,FAIL,0.6142751479289941,0.6142751479289941,0.6142751479289941,FAIL,0.0015833221189812052,0.0015833221189812052,0.0015833221189812052,PASS,0.08879022080240917,0.08879022080240917,0.08879022080240917,FAIL,0.2222970516048579,0.2222970516048579,0.2222970516048579,PASS,0.2109926998463887,0.2109926998463887,0.2109926998463887,PASS,0.43707032995168577,0.4370703299516857,0.4370703299516857,PASS,-1.6236382396298463,-3.853995227768667,-0.7315521873130786,PASS,1.742470215375009,0.8297809449166885,4.98575280661108,PASS,1.9928528546664797,0.9810994485291892,2.8292064449224488,PASS,-1.2678589441975878,-1.9493287362007612,-0.7622778229465035,PASS,1.2305125843026072,1.000310817847629,1.4407392810989532,PASS,2.082820431996919,1.7418200100571937,2.5106955048618573,PASS,-1.418108941604823,-4.2144964126364135,-0.6824549301677235,PASS,1.6231945439087316,0.8104825215753277,3.4983127572192183,PASS,1.7506069956038042,1.0684448301648295,2.412129716550311,PASS,-1.1783123793092656,-4.849218998166645,-0.19008127023738539,PASS,1.3680458806058944,0.2795979445874011,3.9861467549039986,PASS,1.8944852536281183,0.4498783707116567,2.8312686065541417,PASS,-0.1963128988712488,-0.26663141401496165,-0.12993323741111945,PASS,0.21007393032737526,0.09092561482956026,0.3342396491135648,PASS,1.5489852270935685,0.8301948896731701,2.4994815801058925,PASS,-1.3262214341426697,-2.447207238989044,-0.6579453208962873,FAIL,1.1595349630776939,0.5143614523806037,3.4028495191854846,PASS,1.9960440921046345,1.3036328983759469,2.6208792577153606,PASS,0.022700411788989232,0.021062931397565002,0.02412992683232865,FAIL,0.18389843749999996,0.184,0.184,FAIL,4.434474587702084,3.25136464248414,5.482113360483909,PASS,0.3308706342974369,0.02096079945614867,0.6457737744273486,PASS,0.6262670557778681,-0.11495590030098896,0.9104186210484472,PASS,0.8026355812345273,0.07465489500492459,0.9493992428490272,PASS,0.48356264180474673,-0.039545623662799914,0.7883075858357192,PASS,0.18142699409209295,-0.28271547326112983,0.5848974748378156,PASS,0.32481517533201176,-0.023284619016558383,0.6683850062188931,PASS,0.16468929825982928,-0.209524809746449,0.5355508449541707,PASS,0.7169082733662433,0.047118577379571244,0.9551299265744573,PASS,0.4478908381917305,-0.12177574904904939,0.7945835856072423,PASS,0.5373353737574245,-0.22241213317409406,0.8273590459680292,PASS,0.3787760416666667,0.15750000000000003,0.6,FAIL,32.48693119580163,13.824562543137139,62.829773183405166,PASS,-0.19370587320330374,-0.30839944807458947,0.012679243109436081,PASS,0.9998208163371436,0.9996080894112235,0.999901251369958,FAIL,12094.324502831614,6996.1870977799745,17301.539811633553,4,5,40,49,4,7
F13406,F14,P01,64,true,FAIL,24.210869230760974,18.35737779415837,28.9520418163416,PASS,-0.05656717561231768,-0.05938971711306903,-0.05355605972479725,PASS,0.06752480158730159,0.02,0.11432638888888887,PASS,0.13114930609376624,-0.017196203373823053,0.3949217814612557,PASS,-0.02976002743604363,-0.09220304150363821,0.034425069333708314,PASS,0.6357701804042502,0.6341928318815726,0.6373008719310523,PASS,4.993572591145837,4.847080729166671,5.157661458333338,PASS,1546.539190867346,1543.8681098593377,1548.9238232745718,PASS,1.075662930856565,0.5612174693504148,1.8942744534823812,PASS,0.2923284147562428,0.16077954154535243,0.450053788972333,FAIL,3.5468527803877374,3.457611136580304,3.6664351600908254,PASS,0.3523802948096181,0.23220699902483616,0.48355618329404054,FAIL,0.6142751479289941,0.6142751479289941,0.6142751479289941,FAIL,0.0015833221189812052,0.0015833221189812052,0.0015833221189812052,PASS,0.08879022080240917,0.08879022080240917,0.08879022080240917,FAIL,0.2222970516048579,0.2222970516048579,0.2222970516048579,PASS,0.2109926998463887,0.2109926998463887,0.2109926998463887,PASS,0.43707032995168577,0.4370703299516857,0.4370703299516857,PASS,-1.7158641141054523,-4.504759420353543,-0.7315521873130786,PASS,2.046621376389452,0.7584546505907808,4.98575280661108,PASS,2.0737286979304237,0.851357074270077,2.865537238851241,PASS,-1.232061392343264,-1.9468444811852266,-0.8207197692532852,PASS,1.2220239805221813,0.8848750312839091,1.3932659071414357,PASS,2.0897417683773254,1.7294510785722381,2.464313388734179,PASS,-1.3666113662480488,-4.2144964126364135,-1.0036939065965773,PASS,1.7132379300999325,0.9046563311184496,3.4983127572192183,PASS,1.8240709771654728,1.0743131903534473,2.472350315925461,PASS,-1.1356838772883946,-4.849218998166645,-0.19238112138499175,PASS,1.5605211938267523,0.2354505501960015,3.9861467549039986,PASS,1.8860398302025534,0.29048768216870513,2.826705673610518,PASS,-0.19220866555606805,-0.2670396969631327,-0.12964247034470625,PASS,0.22849374907418477,0.09093476711173608,0.3354053995565045,PASS,1.6525735048478059,0.9771562520052832,2.552984326111037,PASS,-1.361159139214413,-2.4344512483910234,-0.5512143749091296,FAIL,1.2956257266524762,0.488144572005676,3.5587482590026704,PASS,1.9983295723996002,1.1895876954764841,2.5458571055151786,PASS,0.02266839125520194,0.02106808213564559,0.024510799744910255,FAIL,0.18257812499999998,0.171,0.184,FAIL,4.537852630979765,3.46320023533501,5.386402695181806,PASS,0.3046272900449657,0.003998251879177156,0.5753734712838873,PASS,0.5369744725103165,-0.1932006044498854,0.9112703523204796,PASS,0.732571764957122,0.016851573357039386,0.9434288324220358,PASS,0.43649861289982783,0.015752741053694973,0.7086037659788249,PASS,0.15185789946334716,-0.23963468902787144,0.5375710198581345,PASS,0.2943776582088209,-0.05462246684478038,0.6093124974035943,PASS,0.13728204093233629,-0.20090746486836508,0.5202009990183303,PASS,0.6499312188212831,0.09885756099653888,0.9444614156812641,PASS,0.42066866960962146,-0.09168196398467252,0.7396260473344333,PASS,0.4692746035356097,-0.2175596111266152,0.789787121639937,PASS,0.3993489583333333,0.12875,0.6,FAIL,36.35945882318422,17.10110025883537,73.42771166213016,PASS,-0.20612400598748926,-0.30905366882176816,0.04374134468053676,PASS,0.99979553600006,0.9995673519425089,0.999890650284,FAIL,12639.848663095461,7950.663751665713,18116.19199005362,4,5,40,49,4,7
F13417,F14,P01,64,true,FAIL,24.7520191541365,18.54744236908199,29.182404938281636,PASS,-0.05377117597307605,-0.05609071972445157,-0.05097504973512119,PASS,0.06259238591269842,0.02063888888888889,0.10134722222222221,PASS,0.131661020516114,-0.008256617164113734,0.3550293466331577,PASS,-0.028772239888687063,-0.10423662499972121,0.04166262593171295,PASS,0.6361681624255848,0.6344616062602978,0.6379708584582214,PASS,5.015307617187504,4.8905755208333375,5.157341145833337,PASS,1546.1853824934838,1543.8733239890348,1548.2158038095135,PASS,1.0082862743186372,0.5872802923871784,1.7131365590040035,PASS,0.28383866795672374,0.14343084412416188,0.4365514963236479,FAIL,3.5344471366337413,3.425513676115135,3.6271822299307166,PASS,0.3416116108005338,0.21921057284889192,0.5037802213011465,FAIL,0.6142751479289941,0.6142751479289941,0.6142751479289941,FAIL,0.0015833221189812052,0.0015833221189812052,0.0015833221189812052,PASS,0.08879022080240917,0.08879022080240917,0.08879022080240917,FAIL,0.2222970516048579,0.2222970516048579,0.2222970516048579,PASS,0.2109926998463887,0.2109926998463887,0.2109926998463887,PASS,0.43707032995168577,0.4370703299516857,0.4370703299516857,PASS,-1.69945185958075,-3.3729956071624545,-0.714513645134105,PASS,1.919696843099679,0.8458101655933249,4.98575280661108,PASS,2.149575183425312,1.192632514380086,2.962422034678503,PASS,-1.2668307471616795,-1.9510677147116355,-0.783050739783378,PASS,1.2089160608581884,1.0519231713550612,1.3932659071414357,PASS,2.1194432962506187,1.6875574156523525,2.559466509708496,PASS,-1.3419530646448918,-4.2144964126364135,-1.0029167735991067,PASS,1.6982813201308913,1.0145376462731321,3.4983127572192183,PASS,1.7537786240499953,1.1477499929639798,2.350514885857185,PASS,-1.1597146361471244,-4.849218998166645,-0.19349666641672106,PASS,1.5359730081103025,0.252765403950834,3.9861467549039986,PASS,1.8396842512428995,0.6170325499890013,2.5073048336065606,PASS,-0.20211166617994492,-0.26663141401496165,-0.12964247034470625,PASS,0.21389154518210285,0.09093476711173608,0.3354053995565045,PASS,1.5252009656825976,0.9060614936606232,2.4222425613041194,PASS,-1.3925236307111255,-2.4810087158985907,-0.6308804921186255,FAIL,1.1822705506825062,0.5417381591351875,2.4995726548436163,PASS,2.020714057374584,1.3472163986422332,2.560215372283871,PASS,0.022715293970318032,0.02125808804784801,0.024160103348619146,FAIL,0.18349218749999996,0.1747375,0.184,FAIL,4.587502423003237,3.4882629825907685,5.646731738314794,PASS,0.33007087859537665,-0.01517258087912836,0.5832576644929017,PASS,0.6226304366470641,-0.1751604638783772,0.9028645304650985,PASS,0.7695507157116525,-0.05202905940792568,0.9456736062325011,PASS,0.4940887730728761,0.010592564483949032,0.7385772812813679,PASS,0.20274987463106348,-0.3052778247785031,0.525622842334242,PASS,0.33433876446966015,-0.07088418025261801,0.5988537446058613,PASS,0.19291690616911972,-0.19450158044235347,0.4625763648234348,PASS,0.7340171877048497,0.14422110314978243,0.9512002103024938,PASS,0.48246282985765476,-0.05647082889603797,0.7584992021254878,PASS,0.5403591924123736,-0.19120151466127977,0.8010763279529826,PASS,0.37434895833333337,0.2,0.5712499999999999,FAIL,33.04251233012701,13.873591710978168,70.19148040848012,PASS,-0.18703542342770973,-0.3027885871701074,-0.02296895716993388,PASS,0.9998080882352731,0.9996148026933009,0.999891097330808,FAIL,12313.457759474764,6653.60853099238,20178.842961326085,4,5,40,49,4,7
F13485,F14,P01,64,true,FAIL,23.942768067134743,17.474534628724804,28.60735114432595,PASS,-0.05366336002840733,-0.05902294783193458,-0.05075076430399857,PASS,0.05865699404761905,0.02,0.11177777777777777,PASS,0.12706466297488953,-0.04695951087453321,0.3579354874818739,PASS,-0.025157525316758605,-0.1083498556378187,0.06270225129802523,PASS,0.6349036494316532,0.6332947450660723,0.6367406195380904,PASS,5.016987304687504,4.839830729166671,5.157505208333337,PASS,1546.1580401060473,1543.8706533372388,1549.041840649181,PASS,1.0403789387415219,0.5635073619112769,1.7544836677548379,PASS,0.28945637628939264,0.11973827824489455,0.4536187958397845,FAIL,3.532556468069565,3.418804427166197,3.631286343951346,PASS,0.3694721939352571,0.18864907828678826,0.5194518312252606,FAIL,0.6142751479289941,0.6142751479289941,0.6142751479289941,FAIL,0.0015833221189812052,0.0015833221189812052,0.0015833221189812052,PASS,0.08879022080240917,0.08879022080240917,0.08879022080240917,FAIL,0.2222970516048579,0.2222970516048579,0.2222970516048579,PASS,0.2109926998463887,0.2109926998463887,0.2109926998463887,PASS,0.43707032995168577,0.4370703299516857,0.4370703299516857,PASS,-1.7602490128258172,-3.3729956071624545,-0.7364989365138314,PASS,2.0387636310989183,0.8490254357246612,4.98575280661108,PASS,2.2039581206998706,1.0560272546050018,3.1562970896567393,PASS,-1.252754206116482,-1.9468444811852266,-0.79840463483672,PASS,1.2060673035267642,0.7439537865318574,1.3932659071414357,PASS,2.0418934357481473,1.655454893399032,2.4778937281770346,PASS,-1.536424767479451,-4.2144964126364135,-0.9076420083738228,PASS,1.7405038147785694,0.9678380873323921,3.4983127572192183,PASS,1.8503079720432245,1.269687032378957,2.417988957909511,PASS,-1.4537937118324058,-4.849218998166645,-0.17441261073567446,PASS,1.529030490705565,0.27095969361906386,3.9861467549039986,PASS,1.9063799703334987,0.6541016907997355,2.701449231752905,PASS,-0.20661733265423632,-0.2705713095182491,-0.11159502191625723,PASS,0.21760394931373428,0.09272559012527488,0.3354053995565045,PASS,1.545790020988685,0.9635717797359378,2.4461391933021157,PASS,-1.4426382364707449,-2.5735877424631046,-0.579785915255859,FAIL,1.1592386245891941,0.520737868486747,1.7164733063305728,PASS,1.9929764462548925,1.0964151920097962,2.561457092259304,PASS,0.0227709409935292,0.020799354272415766,0.02403734451775051,FAIL,0.18369531249999999,0.1812375,0.184,FAIL,4.506987236381855,3.388763950670901,5.930416528064112,PASS,0.34795549751006044,0.00793072515556809,0.5671713009503787,PASS,0.6264841631948814,-0.1640174064053058,0.9032366488654657,PASS,0.7830770211994176,-0.01840278214955775,0.9421884437416652,PASS,0.4950203239113199,-0.12604188123503404,0.741851074794123,PASS,0.20699158296914943,-0.29540480557362464,0.5035430604816606,PASS,0.342386228368404,-0.05766719043336381,0.5910538222316917,PASS,0.18703130580614058,-0.24153476888167671,0.46777960255652895,PASS,0.7252388266209484,0.12513115133401115,0.9423995671700409,PASS,0.4739524365733757,-0.051512333207238914,0.7411502145309661,PASS,0.5308826631312031,-0.2449161265410712,0.8046604580679398,PASS,0.3360677083333333,0.1,0.6020833333333331,FAIL,30.80375016506342,14.884072213244444,69.92219289391558,PASS,-0.1756763386623689,-0.3461433882143724,0.04050122955886809,PASS,0.9998010679575773,0.999639384171662,0.999888411380104,FAIL,12237.946018607203,5565.848614964649,18423.294637565923,4,5,40,49,4,7
F14084,F14,P01,64,true,FAIL,24.555506212633077,19.62998711998265,28.4194754071613,PASS,-0.05638169758289548,-0.06076013307075233,-0.05325123047005138,PASS,0.06263330853174603,0.02,0.11869940476190471,PASS,0.13228060855397333,-0.045811658650846535,0.3438152995876998,PASS,-0.029349255632626366,-0.1028941859590575,0.05656830084318251,PASS,0.635814989509392,0.6327399113415907,0.6372731033223905,PASS,4.992750651041671,4.842414062500004,5.154122395833337,PASS,1546.5525706208878,1543.9257196337967,1548.9997884812167,PASS,1.0181843103130976,0.5794288823727901,1.5543206690828206,PASS,0.28830335838769516,0.15474055455528862,0.4431080934916701,FAIL,3.5453429137578105,3.469463034007438,3.651470208980556,PASS,0.3460052691195996,0.22792905614331918,0.44365312226227277,FAIL,0.6142751479289941,0.6142751479289941,0.6142751479289941,FAIL,0.0015833221189812052,0.0015833221189812052,0.0015833221189812052,PASS,0.08879022080240917,0.08879022080240917,0.08879022080240917,FAIL,0.2222970516048579,0.2222970516048579,0.2222970516048579,PASS,0.2109926998463887,0.2109926998463887,0.2109926998463887,PASS,0.43707032995168577,0.4370703299516857,0.4370703299516857,PASS,-2.008366113862462,-4.504759420353543,-0.7135357993618631,PASS,2.3822786766493373,0.8468781148359366,4.98575280661108,PASS,2.1767330466593764,0.8874309756802284,3.1914808567136657,PASS,-1.2906936261886652,-1.9479002895668287,-0.811235837126245,PASS,1.2612524100827285,1.0806615462748592,1.3932659071414357,PASS,2.105997558881894,1.7598799395945561,2.4622515917997334,PASS,-1.7588962089989506,-4.2144964126364135,-1.0120044101251093,PASS,1.8659238169115047,0.9689450750235796,3.4983127572192183,PASS,1.844278551587295,1.0768836581750063,2.438258211267566,PASS,-1.7420001440198218,-4.849218998166645,-0.20194899191135995,PASS,1.6976222787898547,0.2795979445874011,3.9861467549039986,PASS,1.8862994438077751,0.3014007942190989,2.8371607759975137,PASS,-0.2104148328324691,-0.27016302657007807,-0.13136704721204526,PASS,0.22286490686946678,0.09093476711173608,0.3354053995565045,PASS,1.5498141123896265,0.8984395417055995,2.5763375295122923,PASS,-1.3619140595408459,-2.526740125835037,-0.6139005092756485,FAIL,1.1628296898713064,0.4987401565355503,1.8541483254192006,PASS,1.9704161206667319,1.2021782809777204,2.5782555115138868,PASS,0.022808673091027423,0.02066749669580941,0.02421891479631822,FAIL,0.18379687499999997,0.1812375,0.184,FAIL,4.557725440422295,3.3580695101050546,5.632568319796694,PASS,0.3367500873998583,0.005786384560155532,0.6339196023758672,PASS,0.6072006045657717,-0.15478790533413125,0.9297341834217584,PASS,0.75806525781115,-0.016665478177194618,0.9565695848537779,PASS,0.5086210295858755,-0.1148272498405172,0.7950299527671844,PASS,0.19922198572521588,-0.2761180438609186,0.5885654069710717,PASS,0.33816876253333006,-0.07194709949758611,0.655320267026535,PASS,0.19935321527931074,-0.21790079673858334,0.5237213597769325,PASS,0.717683778716476,0.1107959483050862,0.9611238957246475,PASS,0.48766424127237146,-0.12510608533720896,0.7870651831206754,PASS,0.5430611844624922,-0.2098694998253828,0.8264619551780917,PASS,0.37760416666666663,0.15,0.6424999999999996,FAIL,33.19102262297616,15.524978532747287,68.0833527604182,PASS,-0.17917018874785495,-0.3536613047646703,0.06391802129290086,PASS,0.9997680045730104,0.9995777931866382,0.9998850467384756,FAIL,12639.786693910512,6597.811247666787,20285.935827196372,4,5,40,49,4,7
F14109,F14,P01,64,true,FAIL,23.438316950579704,19.091685025328715,27.41547987837597,PASS,-0.053105889833470976,-0.05576551818923845,-0.04997860046063553,PASS,0.056815476190476194,0.025750000000000006,0.10815972222222217,PASS,0.1466690852280334,-0.01678481513730392,0.38244454743711515,PASS,-0.024458246987519937,-0.09349839575838916,0.005307034535745818,PASS,0.634912839156611,0.6329692469373778,0.636722010465865,PASS,4.9817740885416715,4.858148437500003,5.09519791666667,PASS,1546.7312499434372,1544.8849075415844,1548.7436602565801,PASS,0.9442321011005234,0.5962674564940579,1.5538488291439458,PASS,0.27847621205222484,0.1174056524511551,0.49662011275538986,FAIL,3.5579382348840913,3.4415461416192485,3.6446122185748813,PASS,0.3838435732367648,0.24048399515062116,0.5308657184432177,FAIL,0.6142751479289941,0.6142751479289941,0.6142751479289941,FAIL,0.0015833221189812052,0.0015833221189812052,0.0015833221189812052,PASS,0.08879022080240917,0.08879022080240917,0.08879022080240917,FAIL,0.2222970516048579,0.2222970516048579,0.2222970516048579,PASS,0.2109926998463887,0.2109926998463887,0.2109926998463887,PASS,0.43707032995168577,0.4370703299516857,0.4370703299516857,PASS,-1.8800497519484005,-3.853995227768667,-0.7325300330853204,PASS,2.2010484480322514,0.8618063025548477,4.98575280661108,PASS,2.1664566078973513,1.0660880034889766,3.2272955318353116,PASS,-1.3280190459007064,-1.9479002895668287,-0.8298502608248288,PASS,1.265159394487648,1.0790996042495142,1.3932659071414357,PASS,2.1342987123396404,1.724621811467392,2.4677691782525786,PASS,-1.5892807716178567,-4.2144964126364135,-1.0054474990842492,PASS,1.7837967330604818,0.8920939565915387,3.4983127572192183,PASS,1.8809165066732216,1.1983995284295292,2.365892784361313,PASS,-1.4973135175426893,-4.849218998166645,-0.17935865711136126,PASS,1.6569690546838334,0.2642425116125866,3.9861467549039986,PASS,2.020877736856545,0.8618661977983644,2.6905401007153653,PASS,-0.21157938706993834,-0.2705713095182491,-0.11750259101820597,PASS,0.2237680793625197,0.11922313455921278,0.3424974794503272,PASS,1.5413573364505848,0.934797806128223,2.548445457055329,PASS,-1.3012699202062878,-2.447207238989044,-0.6107748789924712,FAIL,1.1021231992783824,0.5164801950240173,1.633448143032385,PASS,1.9549679784170695,1.308044802401825,2.5198274501127713,PASS,0.022781404280668466,0.021052309187598428,0.024118973777632058,FAIL,0.18298437499999998,0.171,0.184,FAIL,4.577399094381368,3.484234926908437,5.820627740122933,PASS,0.35382646396005535,0.012002357405336613,0.5937911374582517,PASS,0.6344360873653854,-0.13474319575940508,0.9199810485767911,PASS,0.7782060291739474,-0.05331139342261758,0.9466585038536188,PASS,0.5086219545051159,0.028658950423794002,0.7340382777379759,PASS,0.19278469266536785,-0.30086174401942684,0.5461045190400518,PASS,0.3414653340099558,-0.07763509544855365,0.6300312284004372,PASS,0.1868432698692875,-0.1748680318758841,0.4761371242123981,PASS,0.7341419416730195,0.1461337044371343,0.95602806377984,PASS,0.49139419494041103,-0.048802044083531365,0.7568296527629581,PASS,0.5449850834158507,-0.22707400321941584,0.8043463148343369,PASS,0.3462239583333333,0.1,0.6,FAIL,31.67525240452672,12.00247286904059,64.42611595139805,PASS,-0.1662614005139291,-0.34107201285300626,0.03590316349331645,PASS,0.9998251798991684,0.9997060075842844,0.9999070291312966,FAIL,11849.175584243152,7452.9963439975145,18019.879106675537,4,5,40,49,4,7
F14160,F14,P01,64,true,FAIL,23.729017871808004,19.243946847456904,29.45173146143085,PASS,-0.05660868171974654,-0.058821524255909176,-0.05383245245945123,PASS,0.06408668154761904,0.025750000000000006,0.11125595238095239,PASS,0.15719696951659212,0.015703945984334555,0.3429881225567207,PASS,-0.031348398710590974,-0.12091451486027338,0.06358281027027282,PASS,0.6342846156577512,0.6319499695585452,0.636498500173131,PASS,4.998572591145837,4.8725442708333375,5.129945312500004,PASS,1546.4577995745121,1544.3192804476873,1548.5093211592955,PASS,1.0147270917405637,0.6208087713748559,1.7839880792884628,PASS,0.30061495861184634,0.15887741348279855,0.49695821898115555,FAIL,3.5436864452357812,3.4319380370904353,3.6308180156799628,PASS,0.3854730617406694,0.2579250958010528,0.5234811069507779,FAIL,0.6142751479289941,0.6142751479289941,0.6142751479289941,FAIL,0.0015833221189812052,0.0015833221189812052,0.0015833221189812052,PASS,0.08879022080240917,0.08879022080240917,0.08879022080240917,FAIL,0.2222970516048579,0.2222970516048579,0.2222970516048579,PASS,0.2109926998463887,0.2109926998463887,0.2109926998463887,PASS,0.43707032995168577,0.4370703299516857,0.4370703299516857,PASS,-1.9494306881079522,-4.504759420353543,-0.7406794878841506,PASS,2.3236983097561454,0.8468781148359366,4.98575280661108,PASS,2.153793317225672,1.3868249977431857,2.7898711607074294,PASS,-1.2869274937865498,-1.952496161345568,-0.8365988850298827,PASS,1.2620162652563052,1.0636341245301002,1.5049679635120656,PASS,2.1061539187403246,1.6970094320629434,2.4813726410037673,PASS,-1.5914262564035648,-4.2144964126364135,-1.0054474990842492,PASS,1.8710888320051433,0.7950636964945293,3.4983127572192183,PASS,1.879733622168816,1.1076974178163854,2.426512185536035,PASS,-1.526549036549119,-4.849218998166645,-0.17565457024875816,PASS,1.7716935770194482,0.2751054477688687,3.9861467549039986,PASS,2.061471972100551,1.2983593293641507,2.7987106550074348,PASS,-0.21008396888430036,-0.27179615836276205,-0.11296146515248157,PASS,0.2301211453262829,0.09668016317936412,0.33799032445171856,PASS,1.5291477520025754,0.9288108899810028,2.4829399129328547,PASS,-1.3544670748715468,-2.5397862655535577,-0.6042228203383252,FAIL,1.1988545259854493,0.5768558454834039,3.658027227949704,PASS,1.9825784234509474,1.361457413386519,2.5432925153877077,PASS,0.022579218958803014,0.020393234822344643,0.024173282204292854,FAIL,0.18308593749999996,0.171,0.184,FAIL,4.599447217636136,3.458324679039603,5.711227353490518,PASS,0.33913464365537604,0.01525043715728837,0.615524117212295,PASS,0.6448084495529702,-0.142064075819159,0.9217427752689968,PASS,0.8042935184584573,-0.010725253584907762,0.9491902237273965,PASS,0.514327244223354,0.025321926427133885,0.7580512530500864,PASS,0.21015120829546596,-0.2862473314371511,0.5793037398618227,PASS,0.35381710928160903,-0.0026442369937602628,0.6451621367182275,PASS,0.20418695195154438,-0.20160890546408866,0.4939801529010232,PASS,0.7348495276380276,0.13508384783414432,0.9582861162767687,PASS,0.4979165702369481,0.0035505849967900627,0.7616066695547918,PASS,0.5771045420727213,-0.15243498944920633,0.8087548954180389,PASS,0.3873697916666667,0.1,0.6379166666666665,FAIL,28.766775421431092,13.01275588143835,55.36957370414388,PASS,-0.19996513173360786,-0.3878154485307716,-0.01376037575814022,PASS,0.9997976380671159,0.9996041133238336,0.9999105807043394,FAIL,13217.229271597047,7749.147052356793,19539.953919223237,4,5,40,49,4,7
F14567,F15,P01,64,true,FAIL,23.350592950993413,18.353827337862263,27.84098964018485,PASS,-0.0655530493219196,-0.07052360237684178,-0.06261524751058999,PASS,0.061800595238095245,0.01575,0.10111309523809522,PASS,0.18687207592554156,0.041922551202222755,0.4032619716015037,PASS,-0.033744690531279056,-0.11971744851745433,0.040214041529538364,PASS,0.634505887115566,0.6329213130320049,0.6361959120196145,PASS,4.9936588541666715,4.823648437500004,5.181520833333337,PASS,1546.537786655588,1543.479720783846,1549.305260177134,PASS,0.9411041796966344,0.5676122726483135,1.5160881615824298,PASS,0.28090246170362954,0.10233189245120487,0.48609431333676034,FAIL,3.555944488162873,3.4466275697634736,3.650906159867049,PASS,0.40984261835912306,0.26408451507520064,0.5342608532780472,FAIL,0.6142751479289941,0.6142751479289941,0.6142751479289941,FAIL,0.0015833221189812052,0.0015833221189812052,0.0015833221189812052,PASS,0.08879022080240917,0.08879022080240917,0.08879022080240917,FAIL,0.2222970516048579,0.2222970516048579,0.2222970516048579,PASS,0.2109926998463887,0.2109926998463887,0.2109926998463887,PASS,0.43707032995168577,0.4370703299516857,0.4370703299516857,PASS,-1.7531651257738907,-2.995741002765425,-0.7315521873130786,PASS,1.8099216136484086,0.8490254357246612,4.806027743416616,PASS,2.0750215945125388,1.0684728013415448,2.6220450059816396,PASS,-1.3131134180395216,-1.9493287362007612,-0.8298502608248288,PASS,1.2616462723578477,1.0311237007737588,1.4407392810989532,PASS,2.152029301488347,1.8197104036522547,2.511467024668239,PASS,-1.3688026218340015,-4.2144964126364135,-0.9534563286213595,PASS,1.6299627891208477,0.8373392704714067,3.0184793469263584,PASS,1.7936250006114596,1.0750181214838477,2.276968172788197,PASS,-1.3100855615658302,-4.849218998166645,-0.1681343867507661,PASS,1.4646362818481575,0.23036922609697957,3.2486281743758405,PASS,1.9895211769306487,0.8621932291232386,2.809589894751149,PASS,-0.19906014354289778,-0.2670396969631327,-0.1303922863739841,PASS,0.22079244289744754,0.09559564458578393,0.3354053995565045,PASS,1.5105025535367347,0.9664490400321702,2.4321300381646584,PASS,-1.3275273270274424,-2.381228914412572,-0.4915367402116445,FAIL,1.0300836883840179,0.5123515374733731,1.9534272943662345,PASS,2.0121530231044975,1.3984812812809027,2.6304268821285217,PASS,0.022650113389464342,0.020762647708986455,0.02405880318407303,FAIL,0.18369531249999999,0.1812375,0.184,FAIL,4.651552412076201,3.6271857043140385,5.918097806703411,PASS,0.32827979564531934,0.0422757876626947,0.5936274804675347,PASS,0.6089396222215446,-0.16975877159251312,0.893647117322354,PASS,0.7772164205533574,-0.011284833320561505,0.9388950003580533,PASS,0.5038908947985443,-0.0858086187192256,0.7512120149734905,PASS,0.17134627754180232,-0.3034350967617464,0.4881100019394615,PASS,0.32907155093111984,-0.015102536464265832,0.5752032511112596,PASS,0.188780312978292,-0.22266419098898738,0.4316053895847342,PASS,0.7132267138935835,0.1156361786549068,0.9414917245362319,PASS,0.4933532693109695,-0.054518171755782656,0.7552605595704049,PASS,0.5592415309799322,-0.25036064912643075,0.8137962916263719,PASS,0.3794270833333333,0.15750000000000003,0.6,FAIL,29.854358637612435,14.920943241510559,57.53945643087678,PASS,-0.2105214042019646,-0.3858316118814802,0.00903160555015826,PASS,0.9997755147146152,0.9994975904365033,0.9998824399144145,FAIL,12524.370462921841,6800.197340949305,18047.856318172544,4,5,40,49,4,7
F14733,F15,P01,64,true,FAIL,22.852464370738826,16.523892118623063,27.533062768251746,PASS,-0.05621889972600573,-0.0589146461779315,-0.053802937190179645,PASS,0.06060639880952381,0.021500000000000005,0.09741666666666665,PASS,0.19688994595480655,0.030542599866643542,0.41006541016650444,PASS,-0.022162390490756443,-0.08796213527074961,0.047115136903603166,PASS,0.6342371344972682,0.6328836561869938,0.6361432493825653,PASS,5.004370117187504,4.851718750000003,5.137966145833337,PASS,1546.363425946558,1544.1887152487661,1548.8483243722087,PASS,0.9772076451916242,0.5645893909913886,1.5647019903604475,PASS,0.2931515117928366,0.18256936628808995,0.4454663156601012,FAIL,3.5539697353440602,3.4511650843851625,3.639400707913441,PASS,0.408352509019721,0.28350760455803614,0.5529232609797675,FAIL,0.6142751479289941,0.6142751479289941,0.6142751479289941,FAIL,0.0015833221189812052,0.0015833221189812052,0.0015833221189812052,PASS,0.08879022080240917,0.08879022080240917,0.08879022080240917,FAIL,0.2222970516048579,0.2222970516048579,0.2222970516048579,PASS,0.2109926998463887,0.2109926998463887,0.2109926998463887,PASS,0.43707032995168577,0.4370703299516857,0.4370703299516857,PASS,-1.6832139135323207,-3.3729956071624545,-0.7315521873130786,PASS,1.932956056955275,0.825907346450754,4.98575280661108,PASS,2.084434513770127,0.9962242046149041,2.995661648888448,PASS,-1.3102407676161645,-1.9493287362007612,-0.7995934118609139,PASS,1.2462760272699938,1.0674627053757861,1.448377842691698,PASS,2.1075159749915766,1.6813979996171142,2.592734107272258,PASS,-1.4015534457324068,-4.2144964126364135,-0.9833512516375211,PASS,1.7155701143946773,0.8583998558760542,3.4983127572192183,PASS,1.839636707469317,1.0278324227981026,2.4688227829976004,PASS,-1.2089581400341647,-4.849218998166645,-0.1885720034297516,PASS,1.5075703187462142,0.23013715241194047,3.9861467549039986,PASS,1.9255591395766656,0.43731968326518766,2.8147566842211083,PASS,-0.20069279222261774,-0.2670396969631327,-0.11904271042545952,PASS,0.2054383921540761,0.08661403093059841,0.3414875757805377,PASS,1.4878885517180536,0.9183017589674799,2.3794581392257985,PASS,-1.2765725751941863,-2.4344512483910234,-0.5857660007228654,FAIL,1.1182940716050098,0.599467520423508,1.8541483254192006,PASS,1.9673444152657802,1.4674879307662616,2.523897446182766,PASS,0.02266194368238441,0.020835630061727638,0.023703438576919283,FAIL,0.18349218749999996,0.1747375,0.184,FAIL,4.447358431839847,3.4438259414145853,5.723514298333079,PASS,0.33935932698482213,-0.021895211279566774,0.5811651314828229,PASS,0.6143906678864381,-0.22218283537221387,0.9125519933050975,PASS,0.782861213439685,0.013902180440024465,0.947786472173681,PASS,0.4990186377772575,-0.05306114405129488,0.7682075844705405,PASS,0.20279672945777222,-0.28970012396502265,0.5063238451029395,PASS,0.33542798895030346,-0.03238630216801383,0.5928799878030616,PASS,0.1740886555357362,-0.19797383890111223,0.45714268831348365,PASS,0.7211231376223357,0.07592586506268231,0.9511558121445811,PASS,0.49507639153735616,-0.10066307290567342,0.7765812792291916,PASS,0.5413768271648963,-0.17200731065557653,0.8176038466167542,PASS,0.36106770833333335,0.12875,0.6,FAIL,28.75444823693945,12.57828676261425,50.65787735430671,PASS,-0.17757068056952185,-0.32353571634062267,0.021617244899922016,PASS,0.9998017517720786,0.999565156891034,0.9999096052388521,FAIL,12322.936032782334,7363.315416106642,19307.72199673398,4,5,40,49,4,7
F16867,F17,P01,64,true,PASS,6.930182639870798,4.2487566639617445,8.96947972153653,PASS,-0.047943303952789826,-0.05067188693559074,-0.045334818307856684,PASS,0.058874627976190474,0.025750000000000006,0.11443948412698407,FAIL,-0.11930483529972834,-0.32971285207136336,0.03914977809680491,PASS,-0.002096971334774103,-0.027219846808767326,0.024702809793517345,PASS,0.6347372895088758,0.6334092973896436,0.6359330268467476,PASS,4.994295247395837,4.763843750000004,5.184614583333337,PASS,1546.5274272820534,1543.429359921405,1550.2787763437643,PASS,1.051001545589441,0.5496995892006763,1.5954795148815346,PASS,0.3034782960050548,0.1644641737708491,0.4836769024446142,FAIL,3.5528695937749255,3.4670924972982986,3.644436958643841,PASS,0.41924388096401044,0.29186995760222684,0.5337229479788933,FAIL,0.6142751479289941,0.6142751479289941,0.6142751479289941,FAIL,0.0015833221189812052,0.0015833221189812052,0.0015833221189812052,PASS,0.08879022080240917,0.08879022080240917,0.08879022080240917,FAIL,0.2222970516048579,0.2222970516048579,0.2222970516048579,PASS,0.2109926998463887,0.2109926998463887,0.2109926998463887,PASS,0.43707032995168577,0.4370703299516857,0.4370703299516857,PASS,-1.7614301630971374,-4.504759420353543,-0.7079713259812925,PASS,1.951923717880724,0.825907346450754,4.98575280661108,PASS,2.0741371058527185,0.9806385177721024,3.144035105464602,PASS,-1.316899600738885,-1.9493287362007612,-0.79840463483672,PASS,1.2364197310907117,0.8203153928065693,1.4407392810989532,PASS,2.1084639052794527,1.7737833195699237,2.5201304484791445,PASS,-1.4429163986276148,-4.2144964126364135,-0.7694407838226779,PASS,1.669646009704588,0.8373392704714067,3.4983127572192183,PASS,1.7747394518858401,1.0804947157448175,2.410232552648983,PASS,-1.1693735856391896,-4.849218998166645,-0.19349666641672106,PASS,1.445181015634108,0.2354505501960015,3.9861467549039986,PASS,1.8824009960168793,0.2971160332787197,2.655576928777387,PASS,-0.19793582997562628,-0.2670396969631327,-0.12964247034470625,PASS,0.22210159922029146,0.08473141893007001,0.3354053995565045,PASS,1.5099422579666986,0.9116800806285902,2.398997656260857,PASS,-1.3983228711849311,-2.3160131604166185,-0.5004442804857296,FAIL,1.1627111827242549,0.6127759230239748,1.8541483254192006,PASS,1.892993373761416,1.1175665035874558,2.548240948015443,PASS,0.022910552001559375,0.02144124747690207,0.024382928977004663,FAIL,0.18369531249999996,0.1812375,0.184,FAIL,4.542638816829365,3.480814851938814,5.968711238069797,PASS,0.32541826099459786,0.009199087787935638,0.5879260902242647,PASS,0.617133571328619,-0.17907316275674723,0.9123022830895725,PASS,0.7800044659355639,0.012828294033230096,0.9407820206753955,PASS,0.48157027003739455,-0.054148882520546754,0.7588280941306068,PASS,0.18224994036685285,-0.22431011459378106,0.5173843901277756,PASS,0.3220967013784929,-0.05856155411864172,0.6084288109571063,PASS,0.16986558660377554,-0.2126807343673379,0.45938217076381405,PASS,0.7120369294444107,-0.008746815292880728,0.9502795143577336,PASS,0.47031494580725774,-0.0741401218669194,0.7741110746059683,PASS,0.5260184213177467,-0.23892747682196763,0.8091485587836166,PASS,0.3846354166666667,0.2,0.6666666666666666,FAIL,23.16765932993744,7.581684301085682,41.79475538883471,PASS,-0.15660349099357335,-0.3895130738442149,0.0660851284354583,PASS,0.9997956030686903,0.9996770742115026,0.9998407989813947,FAIL,7621.267747587601,4530.6662835408415,11688.331937525618,4,5,40,49,4,7
F19796,F20,P01,64,true,PASS,5.560672013038342,3.375164815693035,8.635566693990876,PASS,-0.0350820575680841,-0.03658552088539191,-0.032527064170273,PASS,0.0625750248015873,0.02,0.10273611111111108,FAIL,-0.12186707656238063,-0.32899041796166684,0.06378190303454222,PASS,-0.004206938289206832,-0.03728296141646083,0.027112957386337122,PASS,0.6233646956378731,0.6217752834068463,0.6245471773404636,PASS,5.0020345052083375,4.866437500000004,5.1635989583333375,PASS,1546.4014456422665,1543.7714576990975,1548.6087287539287,PASS,1.014260485756386,0.6071950224011079,1.592910377510101,PASS,0.2978063360467067,0.17328067830321972,0.4753747120875025,FAIL,3.848929304923238,3.73962027164355,3.9712371691486714,PASS,0.6820967722898474,0.4988822441545115,0.8253925725405344,FAIL,0.6142751479289941,0.6142751479289941,0.6142751479289941,FAIL,0.0015833221189812052,0.0015833221189812052,0.0015833221189812052,PASS,0.08879022080240917,0.08879022080240917,0.08879022080240917,FAIL,0.2222970516048579,0.2222970516048579,0.2222970516048579,PASS,0.2109926998463887,0.2109926998463887,0.2109926998463887,PASS,0.43707032995168577,0.4370703299516857,0.4370703299516857,PASS,-1.8055218699839042,-4.504759420353543,-0.7325300330853204,PASS,1.9038739253013077,0.8345920676186818,4.98575280661108,PASS,2.077462953132147,0.9414826173607141,3.108342002431729,PASS,-1.2885461041944608,-1.9510677147116355,-0.8055060922241607,PASS,1.214020069874243,1.000310817847629,1.3560318883512257,PASS,2.0910074984328513,1.721954389947857,2.4626079203226174,PASS,-1.5573478922142359,-4.2144964126364135,-0.635579303866002,PASS,1.7155451060471592,0.7802510461953117,3.4983127572192183,PASS,1.8185187650398422,1.1146035381214412,2.3816346102905923,PASS,-1.421967919108869,-4.849218998166645,-0.19835675357613844,PASS,1.5473732782724148,0.28053876100878833,3.9861467549039986,PASS,1.9030187456686465,0.506871046793977,2.68818449290203,PASS,-0.20547124103913605,-0.27016302657007807,-0.12931765543793408,PASS,0.22509557615375989,0.1127401161004855,0.3414875757805377,PASS,1.5709429469814062,0.9575986533897733,2.5365641316575114,PASS,-1.3374894851538373,-2.526740125835037,-0.5512143749091296,FAIL,1.125859095236519,0.4993283936897638,1.748498325703522,PASS,1.9278771842434694,1.1169122427788347,2.6033389315580893,PASS,0.02279522181117468,0.02138544801295441,0.02407595943833595,FAIL,0.18369531249999999,0.1812375,0.184,FAIL,4.607993718217716,3.7013024754714303,5.697738700514234,PASS,0.34340624097311656,0.02962303335469265,0.6112807477601336,PASS,0.6262689797448153,-0.15937360886742785,0.9202875850371437,PASS,0.7880839362026786,0.03289435054030767,0.950892807938983,PASS,0.47551131473854846,-0.030519455989312966,0.7708731152457219,PASS,0.19690856839150842,-0.2876973034038185,0.5623509281389892,PASS,0.3393484206103683,-0.017908933288206627,0.6469797821739736,PASS,0.16267297401611203,-0.2180171446645903,0.5090422222939369,PASS,0.7210346461370827,0.03129824817730335,0.9553490547855373,PASS,0.45648062043953136,-0.07095487192525812,0.7887307848839215,PASS,0.5129336872877023,-0.23021791092965335,0.8226689257537262,PASS,0.4122395833333333,0.2,0.7,FAIL,51.458813743194256,11.816246013804527,96.80230708200672,PASS,-0.16232360408481258,-0.356985276297993,0.05137861951798766,PASS,0.9998706278591001,0.9997835519004512,0.9999097905281349,FAIL,7653.931886442505,3879.94288205049,11883.663184039628,4,5,40,49,4,7
F03108,F04,P01,64,true,FAIL,7.012480553179298,4.69984445193418,9.620407982995625,PASS,-0.02120566823024239,-0.022147515518071027,-0.019784667185590323,PASS,0.06279079861111111,0.030000000000000002,0.10774999999999994,FAIL,-0.1891707489825492,-0.44587793067948706,-0.033490954398316584,PASS,-0.0032189920746398034,-0.05486332585979918,0.03351803287034599,PASS,0.6353982707202138,0.6343101219111282,0.6365043200148907,PASS,4.993419596354171,4.862174479166671,5.149734375000005,PASS,1546.5416813561242,1543.9971489715183,1548.6781233093295,PASS,1.0160814310968722,0.5859156691925017,1.6174921080597933,PASS,0.29414812117544337,0.1270109033370905,0.46349891915470126,FAIL,3.5478207032120324,3.462015821535994,3.6348272689773027,PASS,0.39442964175746,0.2687434426652136,0.5068641410552154,FAIL,0.6142751479289941,0.6142751479289941,0.6142751479289941,FAIL,0.0015833221189812052,0.0015833221189812052,0.0015833221189812052,PASS,0.08879022080240917,0.08879022080240917,0.08879022080240917,FAIL,0.2222970516048579,0.2222970516048579,0.2222970516048579,PASS,0.2109926998463887,0.2109926998463887,0.2109926998463887,PASS,0.43707032995168577,0.4370703299516857,0.4370703299516857,PASS,-1.4925471486886104,-3.1560742096341623,-0.7302292195035749,PASS,1.725372379985371,0.8439729159864856,4.98575280661108,PASS,1.9754850724512771,0.9960890526250854,2.859498067515639,PASS,-1.3266186002721454,-1.9493287362007612,-0.8374876908073767,PASS,1.2559907576222742,1.0675496202693717,1.3932659071414357,PASS,2.1445729696627946,1.7511559400746926,2.4776559307060455,PASS,-1.3066296406112348,-3.03999425533438,-1.0036939065965773,PASS,1.6788559597888306,0.7793930392943458,3.4983127572192183,PASS,1.7471597219511348,1.1078988813701602,2.3230737472919243,PASS,-0.9461608647984205,-3.8322915312517454,-0.1905000062334482,PASS,1.3067679962924235,0.2815370997101815,3.9861467549039986,PASS,1.8495365923655447,0.4896255414697701,2.746167048466028,PASS,-0.19232133156200942,-0.2670396969631327,-0.12448518858244867,PASS,0.2043197624995537,0.08661403093059841,0.3354053995565045,PASS,1.483049729563346,0.8534202440160458,2.401958209185221,PASS,-1.2962332688827913,-2.471580375021793,-0.564387185254342,FAIL,1.1125877848573658,0.4916840121247568,1.7787953386593194,PASS,1.909645031309886,1.1403441515069206,2.5750259947257903,PASS,0.022597107010817304,0.020571961643490587,0.023774755415664706,FAIL,0.18359374999999994,0.178475,0.184,FAIL,4.535646401126046,3.5819299173769847,5.764625304495988,PASS,0.3349372584687378,0.03525533774545134,0.5649582179156482,PASS,0.6157791786921274,-0.20581769201580416,0.9131319057499722,PASS,0.7752072868473632,-0.018029924308802327,0.9464697395695525,PASS,0.5122798215420037,-0.053363548416115805,0.7494441234291113,PASS,0.1705489393790749,-0.27573265980956047,0.4896746235429887,PASS,0.3108669341152951,-0.09148833109870325,0.5552195944351291,PASS,0.16260351999226436,-0.1952969723444651,0.4406024198846783,PASS,0.7152129106082596,0.10104861422682852,0.9491834627328927,PASS,0.5024039189801083,-0.08108492152986248,0.7715174777906683,PASS,0.5398946763943253,-0.20204619116530198,0.8070496953379468,PASS,0.41796875,0.15750000000000003,0.6424999999999996,FAIL,19.713069425420766,8.077294352076125,36.82557413059056,PASS,-0.15957991193804852,-0.42036809281524046,0.029919617335845573,PASS,0.9999620680215524,0.9999358774244539,0.9999706641395907,FAIL,8833.209230787294,5013.489912804224,14073.089834221446,3,5,40,49,4,7
F06635,F07,P01,64,true,FAIL,27.734815279154322,21.22190500183786,31.45669007010593,PASS,-0.025091877459725423,-0.028823737523211258,-0.020993048348760764,PASS,0.05906622023809524,0.02,0.10640277777777772,FAIL,-0.08070037459654686,-0.2446579391521905,0.1074515082701794,PASS,-0.02339558997869316,-0.08957386686076461,0.08285374380146977,PASS,0.6368922096878696,0.6350783213364585,0.6384998727681416,PASS,4.99347819010417,4.840875000000004,5.1716770833333365,PASS,1546.540727551911,1543.6399598916125,1549.0248417385421,PASS,1.1071013475951876,0.5820752494113302,1.824076674165439,PASS,0.29497380770025317,0.15435087860058042,0.47455028357896456,FAIL,3.553799398063461,3.501451186057896,3.6032541617936653,PASS,0.32092714150931223,0.2403123297113178,0.432509362494085,FAIL,0.6142751479289941,0.6142751479289941,0.6142751479289941,FAIL,0.0015833221189812052,0.0015833221189812052,0.0015833221189812052,PASS,0.08879022080240917,0.08879022080240917,0.08879022080240917,FAIL,0.2222970516048579,0.2222970516048579,0.2222970516048579,PASS,0.2109926998463887,0.2109926998463887,0.2109926998463887,PASS,0.43707032995168577,0.4370703299516857,0.4370703299516857,PASS,-1.8125457969525098,-3.853995227768667,-0.7135357993618631,PASS,1.9455965191976592,0.8316868687692308,4.98575280661108,PASS,2.1088336765612707,1.4185546776289202,2.961224361479425,PASS,-1.3176582088614697,-1.952496161345568,-0.8241205159227445,PASS,1.2269367112534397,1.0480945905093753,1.4407392810989532,PASS,2.0881162560406117,1.71924927033101,2.460277787469611,PASS,-1.4122809091655295,-4.2144964126364135,-0.9288473276530815,PASS,1.7022479639012036,0.8217727508244933,3.4983127572192183,PASS,1.9378516621990556,1.3123911928055307,2.379297640412516,PASS,-1.3192443835108443,-4.849218998166645,-0.17274515558745207,PASS,1.530624682856295,0.2262745746336156,3.9861467549039986,PASS,2.0671297675677835,1.3443041770253008,2.8050084540408693,PASS,-0.20278643419692574,-0.2689559291580943,-0.12448518858244867,PASS,0.2243203898547515,0.0941283547238813,0.3354053995565045,PASS,1.6132572993146406,0.8736743921854593,2.4974915405077187,PASS,-1.4615425636450352,-2.471580375021793,-0.5952606178313689,FAIL,1.3126225417741852,0.5222631398574298,3.602076226389602,PASS,2.053419269659313,1.3133150652680794,2.723678592909248,PASS,0.022780317714481746,0.02108196557927297,0.024487459118606274,FAIL,0.18369531249999999,0.1775,0.184,FAIL,4.608974300314156,3.4999508929654244,5.805569656626394,PASS,0.3071403088115664,-0.0027523533193524554,0.5749016670054057,PASS,0.5396996702064041,-0.207630815583336,0.901829497437408,PASS,0.7323338816915326,0.002078209016001092,0.9391538734232825,PASS,0.4318847699876959,-0.1556569660541035,0.743971792039704,PASS,0.16853910586820878,-0.24857286882510687,0.5228818603288582,PASS,0.31064744287914264,-0.014544481569295793,0.6023478402676224,PASS,0.1467350983251497,-0.25217488370263746,0.4982052269717116,PASS,0.6466363504801051,0.06005634874611225,0.9441310743721402,PASS,0.4179284726214272,-0.04299423548369187,0.7610274956482456,PASS,0.4646061582708152,-0.22877599204646534,0.8094267786125726,PASS,0.3924479166666667,0.15750000000000003,0.6,FAIL,38.564958231889634,19.032919133251834,68.17370815222445,PASS,-0.23622999161834937,-0.38327068954363147,-0.04849366633827938,PASS,0.9999403318946335,0.9998814723278683,0.9999739004355753,FAIL,13573.98797396324,6443.151397869175,23741.411003656147,3,5,40,49,4,7
F07753,F08,P01,64,true,FAIL,28.00188959153156,22.006385646683206,32.62609365446627,PASS,-0.036900380348885604,-0.04047161327348953,-0.03287786751912141,PASS,0.0634250992063492,0.02,0.10558531746031743,FAIL,-0.05686306780875701,-0.27202797914552485,0.11634039801835416,PASS,-0.03366738592442178,-0.1317884845027836,0.052741375106968774,PASS,0.6365244241203678,0.634399127780664,0.6384532971896467,PASS,4.977766927083337,4.824635416666672,5.126710937500003,PASS,1546.796479553775,1544.371930440239,1549.2891938750588,PASS,1.0172807142314289,0.6648636356945079,1.6606389838392144,PASS,0.3121893533972938,0.15911479248291666,0.49289640445162153,FAIL,3.5429250651888324,3.4523527152893183,3.642172095300815,PASS,0.33295509667841416,0.22576452471421474,0.44988593607441174,FAIL,0.6142751479289941,0.6142751479289941,0.6142751479289941,FAIL,0.0015833221189812052,0.0015833221189812052,0.0015833221189812052,PASS,0.08879022080240917,0.08879022080240917,0.08879022080240917,FAIL,0.2222970516048579,0.2222970516048579,0.2222970516048579,PASS,0.2109926998463887,0.2109926998463887,0.2109926998463887,PASS,0.43707032995168577,0.4370703299516857,0.4370703299516857,PASS,-1.8476608159251542,-4.504759420353543,-0.7364989365138314,PASS,2.0768359483909817,0.8482360819366439,4.98575280661108,PASS,2.057618935442139,0.9788433533496891,2.960327713055222,PASS,-1.271835777805129,-1.9479002895668287,-0.8207197692532852,PASS,1.2255300478930564,1.0674627053757861,1.3932659071414357,PASS,2.0754026289127214,1.697951543184788,2.4606807576757594,PASS,-1.4995905413014712,-4.2144964126364135,-0.9480429583373262,PASS,1.6910265429432094,0.8680292260668887,3.4983127572192183,PASS,1.847243144113814,1.1062960585987325,2.4357281445125922,PASS,-1.3464726715559303,-4.849218998166645,-0.2003484382858875,PASS,1.5839926731903056,0.2873545650785226,3.9861467549039986,PASS,2.0212865946379437,0.5082077696658346,2.7975845953430305,PASS,-0.20361840181162832,-0.26906119305797516,-0.13421671049633832,PASS,0.23598709298843765,0.0941283547238813,0.3354053995565045,PASS,1.600886906109575,0.8844588835008718,2.514482015582684,PASS,-1.3332111448101571,-2.3197063360841157,-0.6182767511023677,FAIL,1.212303564966296,0.6549290726944765,1.8541483254192006,PASS,1.964018422058752,1.4430962951245092,2.4835063402598623,PASS,0.022676987577783796,0.02052759063715043,0.024002084206502877,FAIL,0.18369531249999999,0.1812375,0.184,FAIL,4.552570581991442,3.3552325763368227,6.038518029007595,PASS,0.30195476627869766,-0.0037223243443954453,0.5621731443366943,PASS,0.5946101305114815,-0.048584899137589704,0.9074733260699537,PASS,0.8096453721800756,0.37566193149950106,0.943312070995875,PASS,0.47596904716705196,-0.03139023224732079,0.7506049514514389,PASS,0.16205034753500058,-0.31850433926504285,0.528047720711779,PASS,0.324819659654406,0.020764248443170055,0.6255251441741781,PASS,0.1809944636339828,-0.18624890616193632,0.5137194298497414,PASS,0.6746888947623997,0.09479827620719851,0.9473977489147035,PASS,0.4248805636646749,-0.10813710966516266,0.757319192447355,PASS,0.5454216478185219,-0.04096348605182214,0.816195937756521,PASS,0.3891927083333333,0.2,0.6,FAIL,36.24838413746396,17.50370401766246,73.98541200889284,PASS,-0.2415680208206583,-0.414600380484148,-0.05869067879070272,PASS,0.9998697340726102,0.999756773756246,0.9999410057172105,FAIL,14324.509137422647,6534.287322364596,23316.20816126195,3,5,40,49,4,7
F08921,F09,P01,64,true,FAIL,7.375631668977421,5.642770639730586,9.528431253473048,PASS,-0.04003872755820334,-0.04420967367036697,-0.036292079009753814,PASS,0.06239955357142857,0.030000000000000006,0.12162202380952379,FAIL,-0.15226360553630763,-0.3379125230308444,-0.010812061973521312,PASS,-0.003707797696041434,-0.05592734389892957,0.040531873617429826,PASS,0.6313159994379411,0.6296690418694625,0.6324940766625013,PASS,5.009894205729171,4.868869791666671,5.16590885416667,PASS,1546.273503404931,1543.7338566174599,1548.569135281269,PASS,1.0469186089060678,0.6545511970530787,1.7915725482855622,PASS,0.2833128663653389,0.14194845493969305,0.4612991946923348,FAIL,3.6193489120680504,3.4762547690199015,3.7397316883281806,PASS,0.5372126854510311,0.3914234591585892,0.6856035298006468,FAIL,0.6142751479289941,0.6142751479289941,0.6142751479289941,FAIL,0.0015833221189812052,0.0015833221189812052,0.0015833221189812052,PASS,0.08879022080240917,0.08879022080240917,0.08879022080240917,FAIL,0.2222970516048579,0.2222970516048579,0.2222970516048579,PASS,0.2109926998463887,0.2109926998463887,0.2109926998463887,PASS,0.43707032995168577,0.4370703299516857,0.4370703299516857,PASS,-1.767481955133305,-3.3729956071624545,-0.7315521873130786,PASS,2.2302713677697716,0.8522206524322078,4.98575280661108,PASS,2.104943519144638,0.8797137486859486,2.919608728978128,PASS,-1.3324864012059232,-1.9468444811852266,-0.7907639770551225,PASS,1.2286079020273504,0.9982063393548288,1.5600798990623275,PASS,2.0766685661909445,1.7077181588021881,2.4825970804121407,PASS,-1.5799955984492442,-4.2144964126364135,-0.9971911551012039,PASS,1.911449806176937,0.8182902522264549,3.4983127572192183,PASS,1.8614329985235054,1.071333443737346,2.434865811685964,PASS,-1.439542357355226,-4.849218998166645,-0.19835675357613844,PASS,1.7183641122500783,0.28579283754335477,3.9861467549039986,PASS,1.8999643961522066,0.30087820809228294,2.7536751309844885,PASS,-0.2068692870242715,-0.2689559291580943,-0.12718117080172722,PASS,0.2207429022518382,0.09092561482956026,0.3414875757805377,PASS,1.4201607125681015,0.8267628464999595,2.494931487037869,PASS,-1.4020780090513631,-2.764190769244138,-0.64857831703966,FAIL,1.164031936160792,0.4838710023837251,3.2464756313324203,PASS,1.971485125639885,1.110813993217912,2.6840000919527087,PASS,0.022759559433536684,0.02131969483418175,0.024089409065233325,FAIL,0.18349218749999996,0.1747375,0.184,FAIL,4.466225194622664,3.4815862553382435,5.869591185101014,PASS,0.36352203743273914,0.016308795701532906,0.6090071580678195,PASS,0.6830368829529253,-0.10824584068386811,0.9181661060058015,PASS,0.8206831153714372,0.002253229043251863,0.9479218095145509,PASS,0.5212799554491072,-0.013196028369514059,0.7729735143992598,PASS,0.2309060221909666,-0.3147668313809186,0.5463940284369883,PASS,0.36954884863755316,-0.02910546770065623,0.6276264409037176,PASS,0.2103581068149939,-0.19676891084928708,0.5047002896619595,PASS,0.762289947316642,0.09851324319174924,0.9524224391711165,PASS,0.5112540712989055,-0.07987263595985851,0.7741743332185014,PASS,0.5825684345077633,-0.20169095550046434,0.8103912141278496,PASS,0.41041666666666665,0.2,0.6712499999999999,FAIL,22.58292117135372,9.77641747756372,47.86721708531953,PASS,-0.1910737664724942,-0.3833443646026235,0.006135238851804404,PASS,0.9998446084935757,0.9997647720923147,0.999884193541073,FAIL,7548.58615192918,4689.44084426502,10566.619746239547,3,5,40,49,4,7
F10512,F11,P01,64,true,FAIL,7.8582611321694715,5.944845602928686,9.840278390583602,PASS,-0.03525969891675668,-0.03653571536916648,-0.032710867353062084,PASS,0.05884362599206349,0.01575,0.12642559523809524,FAIL,-0.15497159349144582,-0.3397588571619783,0.004219238441447148,PASS,-0.0007086707941653798,-0.047860002019137614,0.045617533516606294,PASS,0.634066914805159,0.6325684499220411,0.6356130132083506,PASS,4.993924153645837,4.846242187500004,5.150736979166671,PASS,1546.5334680420685,1543.980828321653,1548.9374732726408,PASS,0.9914373475007131,0.5476517101733246,1.6298477359973391,PASS,0.29793231723879987,0.14165990547654478,0.4774315441043854,FAIL,3.55407663047267,3.462601156828077,3.6430421391291987,PASS,0.4641707274915102,0.2977839471519055,0.578826463312307,FAIL,0.6142751479289941,0.6142751479289941,0.6142751479289941,FAIL,0.0015833221189812052,0.0015833221189812052,0.0015833221189812052,PASS,0.08879022080240917,0.08879022080240917,0.08879022080240917,FAIL,0.2222970516048579,0.2222970516048579,0.2222970516048579,PASS,0.2109926998463887,0.2109926998463887,0.2109926998463887,PASS,0.43707032995168577,0.4370703299516857,0.4370703299516857,PASS,-1.7927022530884398,-3.853995227768667,-0.7325300330853204,PASS,2.069774855777696,0.8468781148359366,4.98575280661108,PASS,2.0798033765089072,0.9786931460720396,3.080154243676889,PASS,-1.3115250090649835,-1.9510677147116353,-0.79840463483672,PASS,1.2251869094819727,1.020015519035315,1.3560318883512257,PASS,2.0979946536789997,1.7019062551754838,2.472053066122153,PASS,-1.6411073923884862,-4.2144964126364135,-0.9443373203181117,PASS,1.7463189498910765,0.7229108723652561,3.4983127572192183,PASS,1.8149590696352162,1.0856625091288565,2.446470510228587,PASS,-1.4196104146309794,-4.849218998166645,-0.20194899191135995,PASS,1.5568726654439022,0.25738012892081824,3.9861467549039986,PASS,1.9308410144218981,0.4927697362610558,2.8084030267073254,PASS,-0.22104301992612896,-0.26906119305797516,-0.132942023246566,PASS,0.21614572172654273,0.09093476711173608,0.3354053995565045,PASS,1.5140310092693854,0.8506169578653073,2.4155002603849125,PASS,-1.3132084503888288,-2.586343733061125,-0.4552462632020272,FAIL,1.0940158378768179,0.5170695448265074,1.7009233175400966,PASS,2.0202958072019794,1.1815253703846818,2.5847508881594305,PASS,0.022742298771780703,0.020362729772943178,0.024144152019472807,FAIL,0.18328906249999996,0.1747375,0.184,FAIL,4.497430493468161,3.5466531323753037,5.446014487756717,PASS,0.34671118162218306,0.00346879701458934,0.6529067884658876,PASS,0.6268950521689001,-0.17628882670598037,0.9309633110868764,PASS,0.7912123182859001,7.552885056975748e-05,0.9533358746497823,PASS,0.5094024965888058,-0.03475669873882967,0.793568768990741,PASS,0.220148820954202,-0.18575797165385133,0.6207150712082221,PASS,0.35426610420676874,-0.020383109415220348,0.6690146288576795,PASS,0.1939905669278787,-0.2364511647330082,0.5015114894479454,PASS,0.7135034203060282,0.05584920293555059,0.9587575944784491,PASS,0.504073648160787,-0.06029200217368252,0.7845406613715036,PASS,0.5605196465172714,-0.21198319652236383,0.8399176319212701,PASS,0.3828125,0.1,0.7,FAIL,25.77135446955888,9.984175382536232,45.383891301511674,PASS,-0.1746422289282281,-0.3433641862126466,0.017448315485758804,PASS,0.999882940059003,0.9998257163315029,0.9999082368992881,FAIL,7218.330783478069,4024.682668319231,10765.001311007705,3,5,40,49,4,7
F00120,F01,P01,64,true,PASS,5.670059166124405,3.7023189850046117,8.327682575645824,PASS,-0.027035787454863663,-0.0283296273606678,-0.025133529134410793,PASS,0.05737785218253968,0.005750000000000002,0.11686309523809517,FAIL,-0.1554392811476464,-0.37012987699948774,0.03098934137692716,PASS,0.0006938479874251207,-0.035933943876389006,0.06424095978006994,PASS,0.6304444835160614,0.6291851331024425,0.6315060520671939,PASS,4.989277343750004,4.795322916666671,5.131833333333337,PASS,1546.6091100150634,1544.2885467563829,1549.7663503292977,PASS,1.0547878414966698,0.5611784538950177,1.8744205392910613,PASS,0.2916622206177938,0.16616137274531387,0.44242957012178263,FAIL,3.6825365736472975,3.5897266895209676,3.761337212306535,PASS,0.5547065664198128,0.4406585169376747,0.6724327448993355,FAIL,0.6142751479289941,0.6142751479289941,0.6142751479289941,FAIL,0.0015833221189812052,0.0015833221189812052,0.0015833221189812052,PASS,0.08879022080240917,0.08879022080240917,0.08879022080240917,FAIL,0.2222970516048579,0.2222970516048579,0.2222970516048579,PASS,0.2109926998463887,0.2109926998463887,0.2109926998463887,PASS,0.43707032995168577,0.4370703299516857,0.4370703299516857,PASS,-1.7389254575986484,-3.3729956071624545,-0.7135357993618631,PASS,1.8449680537589928,0.8490254357246612,4.98575280661108,PASS,2.002957769370718,1.038171343391178,2.7837745508760916,PASS,-1.334646785840691,-1.9493287362007612,-0.8298502608248288,PASS,1.247587125828248,1.0311237007737588,1.4407392810989532,PASS,2.0964677019346745,1.6961814302580542,2.5141295178688834,PASS,-1.5256756953062496,-4.2144964126364135,-1.0036939065965773,PASS,1.6907802514634724,0.8760670869232602,3.4983127572192183,PASS,1.8299924458737205,1.0865083480407953,2.460179346738117,PASS,-1.3304279430820598,-4.849218998166645,-0.17359388026743652,PASS,1.446155771597359,0.26320940696145506,3.9861467549039986,PASS,1.83737833133176,0.5858770164419059,2.7564830687104673,PASS,-0.1971909556993465,-0.26815586999898733,-0.12964247034470625,PASS,0.21926967035311465,0.08581392083037384,0.33799032445171856,PASS,1.545317869259366,0.8988957494730967,2.4936268651843982,PASS,-1.3874984425927042,-2.4810087158985907,-0.625986083636728,FAIL,1.2142803254037706,0.5176193810637862,3.146430041563564,PASS,1.9832922311440622,1.3925360373766844,2.527139158890758,PASS,0.022521567352944492,0.02066588128132897,0.02419599574199954,FAIL,0.18288281249999996,0.171,0.184,FAIL,4.619309777559748,3.5539778372242523,5.711227353490518,PASS,0.35337142346506334,0.02786586285311318,0.618831651802802,PASS,0.6164314420105206,-0.1618329802206143,0.9147218475158219,PASS,0.7806863751122526,-0.009813465307793359,0.9492075750968856,FAIL,0.5124754278015577,0.13636110130324453,0.7995239853963274,PASS,0.20299402277082157,-0.27678841286028094,0.5695332394663594,PASS,0.33927342432895535,-0.05598944216170426,0.6364073967437957,PASS,0.16789077463931917,-0.19976811039675252,0.49002892629714456,PASS,0.7229413953947446,0.12952147381352777,0.9491042726075597,PASS,0.5173417490181726,0.08113575109208608,0.8051564105284349,PASS,0.5406068996362156,-0.20140025986424678,0.8328516105068594,PASS,0.38151041666666663,0.05750000000000002,0.6424999999999996,FAIL,19.29896648500209,7.863003395367369,33.36362578136415,PASS,-0.15961072235259824,-0.4043720833392304,0.0668466639102249,PASS,0.9999254918989011,0.9998675214435389,0.9999457963713777,FAIL,7900.887327509308,4050.9900516734624,12632.668170083347,4,5,39,49,4,7
F00152,F01,P01,64,true,PASS,5.779960630805614,3.3555560129300375,8.45657281982265,PASS,-0.030211361994580688,-0.03154012008630208,-0.027239844924715474,PASS,0.059964657738095235,0.030000000000000006,0.10099206349206347,FAIL,-0.16971381040429168,-0.3388087948650169,-0.03911142753066613,PASS,-0.0028154923775034505,-0.05589746072671144,0.05284744116364355,PASS,0.6321446738920304,0.6308484722436204,0.6334991943373831,PASS,4.987789713541671,4.807187500000004,5.1702187500000045,PASS,1546.6333260442466,1543.6636990186892,1549.5732155740104,PASS,0.990318984351284,0.579756377898083,1.7693704522132812,PASS,0.28373955947918733,0.16501696473288707,0.4341464091888548,FAIL,3.63130491853395,3.5273890389633764,3.732958978631796,PASS,0.5021853322592866,0.3913168087089866,0.6125312441994047,FAIL,0.6142751479289941,0.6142751479289941,0.6142751479289941,FAIL,0.0015833221189812052,0.0015833221189812052,0.0015833221189812052,PASS,0.08879022080240917,0.08879022080240917,0.08879022080240917,FAIL,0.2222970516048579,0.2222970516048579,0.2222970516048579,PASS,0.2109926998463887,0.2109926998463887,0.2109926998463887,PASS,0.43707032995168577,0.4370703299516857,0.4370703299516857,PASS,-1.5748686800424228,-3.3729956071624545,-0.7364989365138314,PASS,1.8409755640521233,0.8316868687692308,4.98575280661108,PASS,2.006286511010787,1.0487945767102003,2.9216952601428674,PASS,-1.3133268032398266,-1.9493287362007612,-0.8298502608248288,PASS,1.2415492822255776,1.0267949173763107,1.4407392810989532,PASS,2.104277754283343,1.7244035588318596,2.4797273474034323,PASS,-1.3443901554146194,-4.2144964126364135,-0.9587422506692432,PASS,1.6433826157290288,0.8338567718733683,3.4983127572192183,PASS,1.7412646836568386,1.1265150674180344,2.3528056793409258,PASS,-0.995730128317859,-4.849218998166645,-0.1592137834123783,PASS,1.431872880235928,0.2596165556503592,3.9861467549039986,PASS,1.923029002413256,0.4475355581465285,2.850634324565501,PASS,-0.19340542994305604,-0.26663141401496165,-0.1240588525651915,PASS,0.2269719175471009,0.0941283547238813,0.3354053995565045,PASS,1.5945858853205723,0.8067912500017296,2.5012131659450576,PASS,-1.368640571460205,-2.332462326682136,-0.6592467901208269,FAIL,1.1362445842899591,0.48191233906882597,2.6993112690046557,PASS,2.049043633151795,1.11425682401435,2.6327294080087564,PASS,0.022730503996504146,0.02049352139919911,0.024241103534008,FAIL,0.18339062499999997,0.1775,0.184,FAIL,4.428784083619611,3.55264696167457,5.680664628012814,PASS,0.30335429912889933,-0.001795141579750878,0.5846068424754536,PASS,0.6105125016178428,-0.17123618617750266,0.8937635513107516,PASS,0.8045551736646228,-0.015499903617717057,0.9412805785885526,FAIL,0.47706607371177556,0.03875221452147613,0.7580866113153353,PASS,0.16571612903395092,-0.2693351812696172,0.4872330693189434,PASS,0.30986562286398633,-0.0336368959458738,0.5639880662192972,PASS,0.15759692829949298,-0.1735118218249764,0.4282826207763482,PASS,0.7024816399585642,0.1057423635406274,0.9441821310684818,PASS,0.4341988101308759,-0.11804783971214941,0.7597687375753442,PASS,0.5307458796836896,-0.16660928503683325,0.8107275452938607,PASS,0.40234375,0.2,0.6,FAIL,20.289612232978126,8.301788860921121,37.58398593154481,PASS,-0.16161975568099538,-0.3457690223218101,-0.0009109447653757317,PASS,0.9999153567452781,0.9998649714707901,0.9999357746027423,FAIL,7809.871273095432,4786.824524545597,11634.897015854523,4,5,39,49,4,7
F00295,F01,P01,64,true,PASS,5.704225028671576,3.6686106863364496,8.386404559109941,PASS,-0.027387535677831393,-0.028608989796232245,-0.02597595465270052,PASS,0.05374317956349206,0.01,0.09548115079365078,FAIL,-0.16240238346277866,-0.34254247591626197,-0.029833309355704753,PASS,-0.0021368305850470127,-0.04600062496778162,0.04300325037529201,PASS,0.6306957367794359,0.6299722636994551,0.6318477468115968,PASS,4.993990885416671,4.825903645833337,5.1428255208333375,PASS,1546.5323817650483,1544.1096130860433,1549.2685493127622,PASS,0.9542447040825259,0.5099199683047971,1.5028140186358627,PASS,0.28202531220977434,0.15059628701461908,0.44378796142976484,FAIL,3.6712701607567624,3.569814195634862,3.7395347808517867,PASS,0.5426238602737378,0.3853369164813655,0.6603812316616364,FAIL,0.6142751479289941,0.6142751479289941,0.6142751479289941,FAIL,0.0015833221189812052,0.0015833221189812052,0.0015833221189812052,PASS,0.08879022080240917,0.08879022080240917,0.08879022080240917,FAIL,0.2222970516048579,0.2222970516048579,0.2222970516048579,PASS,0.2109926998463887,0.2109926998463887,0.2109926998463887,PASS,0.43707032995168577,0.4370703299516857,0.4370703299516857,PASS,-1.9248496594264033,-4.504759420353543,-0.7475819286293871,PASS,2.111806268477911,0.885067055874699,4.98575280661108,PASS,2.129828313433412,0.9625815328905469,2.7361061094762174,PASS,-1.273253453695813,-1.6157939840711173,-0.811235837126245,PASS,1.2510362102011983,1.0636341245301002,1.3932659071414357,PASS,2.142424924693197,1.7791367151575819,2.5379587863357296,PASS,-1.43397564009144,-4.2144964126364135,-1.0036939065965773,PASS,1.7931863457306663,0.8807448594178052,3.4983127572192183,PASS,1.850605831825773,1.067288642706489,2.4432617296621837,PASS,-1.4268371497666292,-4.849218998166645,-0.19349666641672106,PASS,1.6300932373512254,0.2930877193545689,3.9861467549039986,PASS,2.020062499999862,0.6183404647218328,2.8252148385029265,PASS,-0.2060292166893439,-0.2670396969631327,-0.12119294856304681,PASS,0.23696685433820705,0.11667132610372997,0.33799032445171856,PASS,1.5031593191572206,0.962056223465971,2.4783364437094573,PASS,-1.427507995471181,-2.447207238989044,-0.6824359732254038,FAIL,1.1062185229096961,0.5187089953933848,1.7164733063305728,PASS,2.058697068857464,1.3734727146122967,2.5698992388050153,PASS,0.022767392238862722,0.02109385513032917,0.02401605033619743,FAIL,0.18349218749999996,0.1747375,0.184,FAIL,4.653198070174039,3.478845469601716,6.1444756893195045,PASS,0.3426769651209365,0.02621044785838238,0.5507243649119299,PASS,0.6627770747383528,-0.10676652753591644,0.8959828596686491,PASS,0.8167697177118208,-0.05304391131326722,0.9389090532444192,FAIL,0.5205937450872193,0.11775287499697003,0.7740016673623122,PASS,0.2106651218442467,-0.3246752096478444,0.5063792929777933,PASS,0.3560811532754745,-0.07719578994021896,0.5943340000020071,PASS,0.21165327800267925,-0.16010908158389645,0.5116753323703572,PASS,0.7519306083677997,0.1276016829213826,0.9383407726391276,PASS,0.502770903768041,-0.04546704915519244,0.7765796906649165,PASS,0.5815895283536499,-0.21520754753728136,0.8091661464517487,PASS,0.3748697916666667,0.1,0.6,FAIL,19.770781031656014,10.102253537560575,35.705509263344176,PASS,-0.16731099117547854,-0.38782460248157774,0.03154081520840248,PASS,0.9999314002696074,0.999907031724633,0.9999446279079913,FAIL,8278.318653960923,5138.795220547972,12690.013820967051,4,5,39,49,4,7
F00443,F01,P01,64,true,PASS,5.888093825657178,3.5274724766368375,8.844497683571989,PASS,-0.028721586054738096,-0.03098239009861005,-0.026758575559159142,PASS,0.05927145337301587,0.01,0.12550694444444443,FAIL,-0.16743308430698173,-0.3298548018173264,-0.041834653538972984,PASS,-0.0009648300424872284,-0.04394817012093139,0.03218554026873411,PASS,0.6324592617392657,0.6315111503614789,0.6335125959899875,PASS,4.990109049479171,4.840140625000004,5.17043229166667,PASS,1546.5955712941527,1543.6602229322243,1549.0367960846772,PASS,1.0588684217209186,0.573378338558687,1.910884608747153,PASS,0.31456687359529756,0.14916745879605073,0.4911453856335257,FAIL,3.6268975187658503,3.5365538922556006,3.7087213554141214,PASS,0.5016080670019978,0.40414938407882867,0.6028491065762518,FAIL,0.6142751479289941,0.6142751479289941,0.6142751479289941,FAIL,0.0015833221189812052,0.0015833221189812052,0.0015833221189812052,PASS,0.08879022080240917,0.08879022080240917,0.08879022080240917,FAIL,0.2222970516048579,0.2222970516048579,0.2222970516048579,PASS,0.2109926998463887,0.2109926998463887,0.2109926998463887,PASS,0.43707032995168577,0.4370703299516857,0.4370703299516857,PASS,-2.016240428894413,-4.504759420353543,-0.7475819286293871,PASS,2.3255442258052774,0.8508626853315004,4.98575280661108,PASS,2.1281514235985384,0.9532780567163995,2.75675254323252,PASS,-1.3110713235444964,-1.9468444811852266,-0.7699434301649362,PASS,1.2255419828175658,1.0519231713550612,1.3932659071414357,PASS,2.1067450793658766,1.7803221555108246,2.4003798382426482,PASS,-1.5803360980910663,-4.2144964126364135,-1.0067436326620935,PASS,1.9268978050357102,1.0447691216531483,3.4983127572192183,PASS,1.8702521291302894,1.0650241554545823,2.4875272030930873,PASS,-1.6140266903987084,-4.849218998166645,-0.19238112138499175,PASS,1.7916299883545033,0.28579283754335477,3.9861467549039986,PASS,1.948665188780048,0.3148014154602474,2.8020328388182953,PASS,-0.2110393190430227,-0.2696659864592612,-0.1322846368355448,PASS,0.23214682110793916,0.1096423717227771,0.3354053995565045,PASS,1.4430931625306544,0.9137529475579841,2.444598691347826,PASS,-1.3898789545035684,-2.552542256151578,-0.6146673946545318,FAIL,1.2971335104279007,0.6313231457668669,3.4644012073009742,PASS,1.9799379422783765,1.401279702279005,2.4545622301122427,PASS,0.022734652672597784,0.02032423566096807,0.024532664239921294,FAIL,0.18349218749999996,0.1775,0.184,FAIL,4.539422169069873,3.5423007339598054,5.907354167170558,PASS,0.36249415248480427,0.02367213966100427,0.5926478653216967,PASS,0.6972713505380972,-0.028750216049031226,0.9121229196360308,PASS,0.8424383699852299,0.3428013512573976,0.9466534865603656,FAIL,0.5461297906022392,0.08117285774157834,0.7749568087427035,PASS,0.25612603737574635,-0.2874258165105619,0.5573822397412554,PASS,0.3859704330235991,0.007293349168966587,0.647150990531287,PASS,0.23452091621689897,-0.15791287392098421,0.5417139298591932,PASS,0.7805943167647194,0.1347802986872084,0.9496611801623415,PASS,0.5376208726401249,-0.004257627769965022,0.7620253535620373,PASS,0.6163224835014205,0.023961078948872255,0.8067156064660882,PASS,0.3828125,0.1,0.6212499999999999,FAIL,18.755588426959353,9.567168941824312,32.53592630610301,PASS,-0.1761518418040595,-0.3586083026916239,-0.015957547172621794,PASS,0.9999184530262921,0.9998179660945878,0.9999388478802017,FAIL,8250.556984144569,4358.971825416076,11787.055584866426,4,5,39,49,4,7
F01894,F02,P01,64,true,PASS,5.75525624409695,2.943075712455712,8.454813769549935,PASS,-0.026781657175138453,-0.028178751683131775,-0.02455503971776327,PASS,0.06393353174603175,0.02063888888888889,0.12456944444444441,FAIL,-0.1480616472071274,-0.3448014707547636,-0.018189159580900435,PASS,-0.0014344601292844733,-0.04059155113939684,0.04993153732677444,PASS,0.6305468610497404,0.6293671370765789,0.6316552620573852,PASS,4.997563476562504,4.841520833333337,5.13237760416667,PASS,1546.474226202623,1544.2796869750275,1549.014328696551,PASS,1.0242742596581071,0.6148795537970967,1.694769581580707,PASS,0.2992986269428561,0.15089677841168989,0.4856166932909336,FAIL,3.663597139091907,3.523302203435078,3.757758890296031,PASS,0.5276659125483605,0.37964971956619575,0.6793694854196127,FAIL,0.6142751479289941,0.6142751479289941,0.6142751479289941,FAIL,0.0015833221189812052,0.0015833221189812052,0.0015833221189812052,PASS,0.08879022080240917,0.08879022080240917,0.08879022080240917,FAIL,0.2222970516048579,0.2222970516048579,0.2222970516048579,PASS,0.2109926998463887,0.2109926998463887,0.2109926998463887,PASS,0.43707032995168577,0.4370703299516857,0.4370703299516857,PASS,-1.8131983337418374,-3.853995227768667,-0.6778577053334984,PASS,2.220892538055727,0.8522206524322078,4.98575280661108,PASS,2.1637461024656015,1.0146451663064673,3.050061869070812,PASS,-1.3480870878296425,-1.9567815012473653,-0.856355577465848,PASS,1.232056055417405,0.8556818860531118,1.4939033737842575,PASS,2.085632804277656,1.7116689398481852,2.430575873112048,PASS,-1.7751658034885565,-4.2144964126364135,-1.0067436326620935,PASS,1.9200828606291873,0.8890898114715362,3.4983127572192183,PASS,1.938791170935134,1.0810128668352212,2.423561111609399,PASS,-1.597279424076139,-4.849218998166645,-0.19217725515613135,PASS,1.6440217075965786,0.254581087765608,3.9861467549039986,PASS,1.9321241235515125,0.39050978631140953,2.710987425301695,PASS,-0.20586431595683896,-0.2696659864592612,-0.12448518858244867,PASS,0.2145020727393122,0.0941283547238813,0.3424974794503272,PASS,1.4909372150569544,0.8142257764717031,2.5367441919155667,PASS,-1.4343045730732893,-2.447207238989044,-0.508674110938438,FAIL,1.1001048144372843,0.6000454723598211,1.6228341873154657,PASS,1.9349620345091059,1.1062852852709129,2.560202679718871,PASS,0.022824054418953868,0.020981911655037294,0.024190461690659543,FAIL,0.18369531249999999,0.1812375,0.184,FAIL,4.554737634603335,3.5109136189629164,5.8801882451361305,PASS,0.3802853822221466,-0.0037358682560758244,0.6270625281053136,PASS,0.6408345906364583,-0.13942688466567388,0.9147593843047781,PASS,0.7873447042853388,0.02585082713218099,0.9532190100321747,FAIL,0.5333551550945955,0.0620164907620867,0.7949210291016758,PASS,0.23213875172945841,-0.29729655477747646,0.5620855601692926,PASS,0.3687656045272816,-0.031358661899369526,0.6457432911246536,PASS,0.20711350276855167,-0.2303091827551668,0.532819283910489,PASS,0.7350527621473736,0.04533953827900909,0.9525197367259373,PASS,0.5183349324049319,-0.12787584337479754,0.7939484187379305,PASS,0.5615989381032567,-0.21415661563924304,0.8312560790901405,PASS,0.4200520833333333,0.15750000000000003,0.6212499999999999,FAIL,17.84231882765221,8.240382650303511,31.061929071984842,PASS,-0.146222726735957,-0.3571470128187127,0.0569699283816729,PASS,0.9999294950997935,0.9998774228811566,0.9999484993029109,FAIL,8609.061914234222,4053.377368509131,12382.998768799262,4,5,39,49,4,7
F02060,F03,P01,64,true,PASS,5.934981713529839,3.8137735549045466,8.258860734728437,PASS,-0.020596567735808917,-0.022078999413204615,-0.019526097962976094,PASS,0.05614087301587302,0.01575,0.08693749999999999,FAIL,-0.17958179308240807,-0.3574079148497868,-0.033450137418295674,PASS,-0.007075213454917217,-0.07541723120766608,0.022233768662405274,PASS,0.6286529591615055,0.6279377871946002,0.6298042161688503,PASS,5.01451822916667,4.8879427083333375,5.1450338541666705,PASS,1546.1982323557963,1544.0736652650417,1548.2586614121465,PASS,1.103012911924176,0.5900718319075207,1.8028120016956741,PASS,0.2722913972872669,0.12440881443840551,0.45202484262816095,FAIL,3.725612260876272,3.6133125043775327,3.806237370598888,PASS,0.5771330691646099,0.4390111022293217,0.7016106003525941,FAIL,0.6142751479289941,0.6142751479289941,0.6142751479289941,FAIL,0.0015833221189812052,0.0015833221189812052,0.0015833221189812052,PASS,0.08879022080240917,0.08879022080240917,0.08879022080240917,FAIL,0.2222970516048579,0.2222970516048579,0.2222970516048579,PASS,0.2109926998463887,0.2109926998463887,0.2109926998463887,PASS,0.43707032995168577,0.4370703299516857,0.4370703299516857,PASS,-1.9728985931795908,-4.504759420353543,-0.7325300330853204,PASS,2.3588322090766933,0.8490254357246612,4.98575280661108,PASS,2.1219789109734295,1.013970194152909,2.85120602432577,PASS,-1.3266858830941635,-1.9493287362007612,-0.8567869088864891,PASS,1.275876463268246,1.0790353628064293,1.5049679635120656,PASS,2.1237610137478575,1.7851327602545015,2.5063905105310247,PASS,-1.670483893542546,-4.2144964126364135,-0.9449023472055605,PASS,1.9171310936297252,0.9678380873323921,3.4983127572192183,PASS,1.846552236362412,1.1783779434263677,2.4256580399866996,PASS,-1.6487282568927082,-4.849218998166645,-0.17614161810230927,PASS,1.7655686911549502,0.26320940696145506,3.9861467549039986,PASS,1.8799090395958808,0.4566223417783112,2.4859116596025967,PASS,-0.20196676123064855,-0.2670396969631327,-0.12491633279928344,PASS,0.22512643593807388,0.0941283547238813,0.3342396491135648,PASS,1.5105684267149795,0.9351155595672821,2.397853962272012,PASS,-1.4847100264622,-2.552542256151578,-0.625986083636728,FAIL,1.2227942547053037,0.5539552777775262,3.2564886440000764,PASS,1.9502306855135019,0.9397989551310075,2.7455375721972453,PASS,0.022892680276397633,0.02114395199850636,0.02453997630922164,FAIL,0.18298437499999998,0.171,0.184,FAIL,4.447442956730188,3.21380946928496,5.350136909794318,PASS,0.3544339715008429,0.025579908286811302,0.598445408841864,PASS,0.6491071752372763,-0.18657710433653646,0.9168755488758067,PASS,0.7996896621754281,-0.02654049462216934,0.9482935982080352,FAIL,0.518489367324852,0.09182354441285547,0.7520320697795596,PASS,0.22914686876558046,-0.25383796018143506,0.5640220050661806,PASS,0.3582058745793786,-0.07348149924308454,0.6513493640689643,PASS,0.20795811497520456,-0.21609700763334033,0.5151873324046645,PASS,0.753894587451148,0.10609499095775761,0.951253045709804,PASS,0.5080239338441314,-0.03654319744560376,0.7609392764231868,PASS,0.5625807328737447,-0.21411865379269593,0.8130645389492871,PASS,0.3959635416666667,0.15750000000000003,0.6,FAIL,20.940583264396537,12.25091297503886,32.65142249455874,PASS,-0.17843524913060416,-0.3707841570887952,0.016811148043158523,PASS,0.9999604092520613,0.9999425372969455,0.9999687814901381,FAIL,8965.930406890426,4825.0349798663665,13914.175647582795,4,5,39,49,4,7
F02101,F03,P01,64,true,PASS,6.992928248800228,4.552398074790727,10.148708650009413,PASS,-0.025404842296839824,-0.026427319947557697,-0.02370501619919239,PASS,0.06009982638888888,0.02,0.11539781746031742,FAIL,-0.16771897178130196,-0.3388475001159874,-0.027949887992365998,PASS,-0.003255976134130093,-0.036816586062014336,0.033484982567460644,PASS,0.6354806864056823,0.634374770082204,0.6367574410785912,PASS,5.011774088541671,4.859572916666671,5.18722916666667,PASS,1546.2429021864336,1543.3867990578603,1548.720472216382,PASS,1.0023380563742308,0.5685321541189637,1.8143995820902263,PASS,0.29561619568854325,0.143996676132704,0.5151116776493997,FAIL,3.5425413926627147,3.430919548032883,3.6152789560725025,PASS,0.3898721275372294,0.2660618314435889,0.4862744668263237,FAIL,0.6142751479289941,0.6142751479289941,0.6142751479289941,FAIL,0.0015833221189812052,0.0015833221189812052,0.0015833221189812052,PASS,0.08879022080240917,0.08879022080240917,0.08879022080240917,FAIL,0.2222970516048579,0.2222970516048579,0.2222970516048579,PASS,0.2109926998463887,0.2109926998463887,0.2109926998463887,PASS,0.43707032995168577,0.4370703299516857,0.4370703299516857,PASS,-1.943951102837275,-4.504759420353543,-0.7302292195035749,PASS,2.4206649537234863,0.8490254357246612,5.177484916128762,PASS,2.1078949259064004,1.105727631302509,2.7479403539388008,PASS,-1.387662860705371,-1.9493287362007612,-0.9309357629942089,PASS,1.2532966925213036,1.0480945905093753,1.5049679635120656,PASS,2.1207487823283975,1.789373886365014,2.4561047786342414,PASS,-1.8700381406166062,-4.2144964126364135,-0.9815976591498493,PASS,1.9729738972462516,0.7802510461953117,3.7230682970784286,PASS,1.8921101071447874,1.115189613310091,2.4218939868826537,PASS,-1.7165118291849182,-4.849218998166645,-0.1858079011890802,PASS,1.8034077631694245,0.2502249257465389,4.039036286300054,PASS,1.96030565892579,0.665469518671917,2.6640335681024507,PASS,-0.20565912110736698,-0.2705713095182491,-0.12964247034470625,PASS,0.20636474604610375,0.09093476711173608,0.3333780074818268,PASS,1.4249319539301162,0.8701163038271353,2.3346542329755526,PASS,-1.3562457823782244,-2.6669839075434796,-0.5616649117769066,FAIL,1.2006320211375114,0.5084873003534012,3.526723239629721,PASS,1.9375285898986876,1.380364433422427,2.417498730261677,PASS,0.022530468598131164,0.020680579626626238,0.023950154087893513,FAIL,0.18359374999999997,0.1775,0.184,FAIL,4.64134127072052,3.277380415640355,5.968711238069797,FAIL,0.3742831071585928,0.06104062572491955,0.6126296442326603,PASS,0.6575453923428489,-0.16854210437907333,0.9173395636818511,PASS,0.7907277757648912,-0.05165979051750039,0.9482020052061338,PASS,0.5234545655049636,-0.0760918493863045,0.7821925220209093,PASS,0.26081004436600796,-0.17980688350418106,0.606792159790373,PASS,0.3744359405202757,-0.08407925636099232,0.6838760343532504,PASS,0.21541086475672422,-0.219875240498714,0.5687503215919677,PASS,0.7549785593771581,0.04411865931232807,0.9520882100109304,PASS,0.5261900759157444,-0.05645893476052262,0.7709492148418329,PASS,0.5676680737794236,-0.19138013199074222,0.8239985503615476,PASS,0.396875,0.15750000000000003,0.7,FAIL,24.043289975745747,8.494460801735531,50.392319486861716,PASS,-0.15520075586994322,-0.345351519577893,0.02414193094883323,PASS,0.9999407664800783,0.9999120615844592,0.9999534465058422,FAIL,8670.478328638377,4334.01191906782,15307.473606036308,4,5,39,49,4,7
F02116,F03,P01,64,true,PASS,5.991397560387729,4.229427491091563,7.744195596150114,PASS,-0.019321258790251247,-0.021289940425258166,-0.018126149440903013,PASS,0.06533730158730158,0.030000000000000006,0.12230555555555553,FAIL,-0.15442323581828682,-0.32313679046036514,0.0025197549605035334,PASS,-0.006260785740885297,-0.052379387332549154,0.025218054260500666,PASS,0.6266981331078989,0.6255199713331185,0.6277429030958186,PASS,5.00099283854167,4.79656510416667,5.12582291666667,PASS,1546.418402161607,1544.3863858729767,1549.7461296799843,PASS,1.0160912597768634,0.5491839038249888,1.8198550904730624,PASS,0.29336596701876916,0.14394889928759252,0.45212265363783655,FAIL,3.7623664785677033,3.6391863806373115,3.8555169602571753,PASS,0.6291267754232802,0.4783685173854672,0.7309144121642401,FAIL,0.6142751479289941,0.6142751479289941,0.6142751479289941,FAIL,0.0015833221189812052,0.0015833221189812052,0.0015833221189812052,PASS,0.08879022080240917,0.08879022080240917,0.08879022080240917,FAIL,0.2222970516048579,0.2222970516048579,0.2222970516048579,PASS,0.2109926998463887,0.2109926998463887,0.2109926998463887,PASS,0.43707032995168577,0.4370703299516857,0.4370703299516857,PASS,-1.8800373315051075,-4.504759420353543,-0.7302292195035749,PASS,2.3516390125430915,0.8500733315434832,4.98575280661108,PASS,2.1012746031430636,1.022135153148961,2.870111280122724,PASS,-1.3590679325161523,-1.9479002895668287,-0.8592133761218603,PASS,1.2216860668368708,0.7258747478194757,1.5049679635120656,PASS,2.100189320091227,1.6912887006260222,2.432232998655483,PASS,-1.727252344887411,-4.2144964126364135,-1.0067436326620935,PASS,1.9353482696821152,0.8890898114715362,3.4983127572192183,PASS,1.88932414519156,1.0702448207379849,2.4971482999684067,PASS,-1.574826297548267,-4.849218998166645,-0.1905000062334482,PASS,1.7495218381748403,0.28053876100878833,3.9861467549039986,PASS,1.8698179667901562,0.6146788121774136,2.809902727279963,PASS,-0.2111552719854516,-0.2689559291580943,-0.12448518858244867,PASS,0.2113737585976619,0.0941283547238813,0.33799032445171856,PASS,1.4934538413916205,0.8355210329916252,2.5941513291919764,PASS,-1.3427752517848823,-2.4344512483910234,-0.5667573968907688,FAIL,1.3197300562444658,0.6284704166490024,3.835673800382624,PASS,2.0550236437323646,1.391402895349762,2.494224429754031,PASS,0.022813271609073874,0.02110879574203852,0.024567112156826183,FAIL,0.18339062499999997,0.171,0.184,FAIL,4.483338592122394,3.4502143826006324,5.477784920642713,FAIL,0.38900166773991257,0.07059950796615048,0.6625482711439333,PASS,0.6445747172350662,-0.14685502708942572,0.9307024876996761,PASS,0.7836135717465498,0.0453814367637528,0.9550590567560229,PASS,0.5135871295984319,-0.09927655127217332,0.7607742129450629,PASS,0.2453212561492652,-0.25368113743254656,0.6293715097241876,PASS,0.3749839917817757,-0.018886372774507214,0.6859825709292631,PASS,0.19982515934937606,-0.2287542748960494,0.4957158749315433,PASS,0.7420090218088637,0.0627664405779705,0.9609163593258602,PASS,0.5132099618127681,-0.08255885235780934,0.779458612672267,PASS,0.5511693064787957,-0.2089560863920391,0.8164199476717245,PASS,0.42604166666666665,0.2,0.7,FAIL,26.755267415426548,13.498313922057992,46.63143914559719,PASS,-0.1438306466414117,-0.3235221856744268,0.06006194344435212,PASS,0.9999618235692914,0.9999269291686598,0.9999724616319703,FAIL,9150.796594529855,5037.0565967385055,13391.584264239647,4,5,39,49,4,7
F02339,F03,P01,64,true,PASS,5.380849280803071,3.1649761094459885,8.15844346957522,PASS,-0.029657114367408463,-0.030927909755039156,-0.02797248172656085,PASS,0.06792286706349206,0.025750000000000006,0.13009821428571425,FAIL,-0.15351146782718134,-0.29372671071600925,0.03911052591861207,PASS,-0.005576341291463637,-0.041077613032181846,0.02238101687092427,PASS,0.62641909212176,0.6252114468660569,0.6274977585053775,PASS,5.0124104817708375,4.867953125000004,5.19297135416667,PASS,1546.2325428128993,1543.2933262449965,1548.5840570182886,PASS,0.9826047566586711,0.5728683345818962,1.776509945127205,PASS,0.2913656946372646,0.16983447228886814,0.43008987487906547,FAIL,3.7718605159768024,3.632927987141842,3.887433952294542,PASS,0.6090373101957376,0.44037255294445576,0.7293493451785007,FAIL,0.6142751479289941,0.6142751479289941,0.6142751479289941,FAIL,0.0015833221189812052,0.0015833221189812052,0.0015833221189812052,PASS,0.08879022080240917,0.08879022080240917,0.08879022080240917,FAIL,0.2222970516048579,0.2222970516048579,0.2222970516048579,PASS,0.2109926998463887,0.2109926998463887,0.2109926998463887,PASS,0.43707032995168577,0.4370703299516857,0.4370703299516857,PASS,-1.8202411795528814,-3.3729956071624545,-0.685386110495447,PASS,2.2196761448595623,0.8586477103571066,4.98575280661108,PASS,2.154649487498002,1.3942214707540583,2.8278466363441153,PASS,-1.300110647249173,-1.952496161345568,-0.8365988850298827,PASS,1.2554541139355235,1.0481815054029608,1.4958512166492153,PASS,2.1140565419862036,1.7312869467592042,2.4893536123947246,PASS,-1.4660804088347277,-4.2144964126364135,-1.0054474990842492,PASS,1.833265962678452,0.9522715676854787,3.4983127572192183,PASS,1.796137580690607,1.140554511083942,2.3648119690435068,PASS,-1.4070570574427443,-4.849218998166645,-0.22730596839527664,PASS,1.6664271588095045,0.28053876100878833,3.9861467549039986,PASS,1.9758000989072024,1.2999259753421235,2.714398381901929,PASS,-0.2093286075435803,-0.27016302657007807,-0.13463784194760292,PASS,0.2324062511829621,0.11922313455921278,0.34202993913087676,PASS,1.4994560815274744,0.945951596667144,2.408580074428426,PASS,-1.2623486234849075,-2.3274656772496396,-0.6556239744399736,FAIL,1.2252126044802822,0.556033098472403,3.4246829976418662,PASS,1.9885318272875345,1.3797955575663552,2.5567329399007033,PASS,0.02267029067365945,0.02056943239960427,0.02447961966439319,FAIL,0.18339062499999997,0.1747375,0.184,FAIL,4.512765800213222,3.5919752803501273,5.938423403270877,FAIL,0.34806832189731873,0.0894591646580116,0.5801663954472477,PASS,0.6765030300404926,-0.10671156320687894,0.9115872352221644,PASS,0.8080888580253742,0.03703491289491821,0.947546560097327,PASS,0.5210683544467163,0.0010191013353566328,0.7299693094558914,PASS,0.21689992889641668,-0.2158210091907782,0.5464043381760707,PASS,0.35613859508020806,-0.015113345522257546,0.5996226033342971,PASS,0.20216203416728468,-0.22577620389673647,0.47547939850161985,PASS,0.7729719126161654,0.04210441005315914,0.9487259722082735,PASS,0.5113014922690114,-0.03140412736471766,0.7428140734304248,PASS,0.5756545650109925,-0.22034112886027213,0.7954281913111014,PASS,0.43072916666666666,0.2,0.6712499999999999,FAIL,25.246558483606186,13.538579493352016,45.94268064968415,PASS,-0.15416140292359698,-0.31008665916694833,0.08238731911084367,PASS,0.9999194146276325,0.9998812366548517,0.9999391844018881,FAIL,8811.799130082443,4846.960729086168,13252.308717577143,4,5,39,49,4,7
F02531,F03,P01,64,true,PASS,6.443948193095021,3.7513170676744116,8.632792662897959,PASS,-0.030902896408830084,-0.032011918448128895,-0.029170918057354802,PASS,0.06358630952380953,0.030000000000000006,0.11383928571428567,FAIL,-0.15740106817559307,-0.392271695442196,0.007944491585770866,PASS,-0.006551206924435133,-0.04015897817339857,0.0204590685731633,PASS,0.6327264080759009,0.6313463233679126,0.6337042565236463,PASS,5.009238281250004,4.860848958333338,5.139218750000004,PASS,1546.284180713203,1544.1683250342594,1548.6997004801901,PASS,0.9622031324676141,0.5059180443318776,1.890652351796749,PASS,0.2859978541940334,0.16151982860046052,0.4718247917656852,FAIL,3.6060067797203166,3.4886237361826105,3.705925345494937,PASS,0.46800607274926065,0.3303080362830817,0.5975098805407592,FAIL,0.6142751479289941,0.6142751479289941,0.6142751479289941,FAIL,0.0015833221189812052,0.0015833221189812052,0.0015833221189812052,PASS,0.08879022080240917,0.08879022080240917,0.08879022080240917,FAIL,0.2222970516048579,0.2222970516048579,0.2222970516048579,PASS,0.2109926998463887,0.2109926998463887,0.2109926998463887,PASS,0.43707032995168577,0.4370703299516857,0.4370703299516857,PASS,-1.944328480808009,-4.504759420353543,-0.6922735516855212,PASS,2.1418324922145784,0.8508626853315004,4.98575280661108,PASS,2.044680674613912,0.8664154307545708,2.7815146190705944,PASS,-1.3299724428747572,-1.9468444811852266,-0.8683438676934039,PASS,1.2406438541710894,0.6970579643412679,1.5049679635120656,PASS,2.077162914334283,1.7179501684142675,2.3963407820150118,PASS,-1.559283387298561,-4.2144964126364135,-1.0067436326620935,PASS,1.8319441184743643,0.9046563311184496,3.4983127572192183,PASS,1.8179232336722633,1.0691818649121612,2.345218986074683,PASS,-1.5137475895161525,-4.849218998166645,-0.20758102278515203,PASS,1.6423791693987775,0.2930877193545689,3.9861467549039986,PASS,1.9054625874828863,0.30388599933897664,2.738872124703943,PASS,-0.20931085314117231,-0.26663141401496165,-0.12964247034470625,PASS,0.22472290919655236,0.09412158999357743,0.3414875757805377,PASS,1.4609597165710302,0.8251929866920757,2.5384285743681136,PASS,-1.321298532555342,-2.552542256151578,-0.6419553907530413,FAIL,1.1985672239984695,0.5098005551445677,2.6993112690046557,PASS,2.0164588834134753,1.2735727454565975,2.760160719573159,PASS,0.022663209587217188,0.020778765420023087,0.024232076712720565,FAIL,0.18359374999999997,0.1775,0.184,FAIL,4.462693572668067,3.3686387710104846,5.834091175785691,PASS,0.3533744005752164,0.026577883752652527,0.5928422333162179,PASS,0.6939030925207668,-0.010811988992293589,0.9272708282386917,PASS,0.8397343904524497,0.2968827369751119,0.9485063696970726,FAIL,0.5434836672616679,0.1103654166938886,0.7735378393638008,PASS,0.2403312335254278,-0.19165362819565523,0.5440682962229072,PASS,0.3687661154876587,0.008311350048074866,0.6199639147225403,PASS,0.21005722085681494,-0.14712819293613186,0.46386949240588715,PASS,0.7831531690135142,0.15702207211776095,0.9584032743071028,PASS,0.5291149838526263,-0.08204661860445153,0.7631028957278335,PASS,0.5984832460145821,-0.014289697998123116,0.806415561183588,PASS,0.4119791666666667,0.2,0.7424999999999997,FAIL,17.99612428154854,8.428756079374734,34.29301238379008,PASS,-0.15955103332502907,-0.3902145849815648,0.04392631853074016,PASS,0.9999176559040096,0.9998767606635158,0.9999377663809842,FAIL,8793.193848903707,4720.662095882842,13362.622478050173,4,5,39,49,4,7
F02536,F03,P01,64,true,PASS,5.79346144648332,4.166432205659291,7.754928745424223,PASS,-0.029176683977247785,-0.030558143459023496,-0.026311679502934664,PASS,0.059362599206349204,0.02,0.1124494047619047,FAIL,-0.1850798405843691,-0.3726778818564139,-0.008726879958426123,PASS,0.001059379673274813,-0.03974120497187097,0.05361782322949232,PASS,0.6335050073384119,0.632298047754574,0.6345005181563611,PASS,4.985921223958337,4.837369791666671,5.148065104166671,PASS,1546.6637418008133,1544.0243217937611,1549.0819004261225,PASS,1.0253308957234624,0.6069968754534437,1.910620523299083,PASS,0.2972505755804956,0.15400039160316734,0.44265435610472886,FAIL,3.5995053350181943,3.496396780957666,3.697034100240701,PASS,0.4617497584711048,0.358127526020843,0.5620805128110188,FAIL,0.6142751479289941,0.6142751479289941,0.6142751479289941,FAIL,0.0015833221189812052,0.0015833221189812052,0.0015833221189812052,PASS,0.08879022080240917,0.08879022080240917,0.08879022080240917,FAIL,0.2222970516048579,0.2222970516048579,0.2222970516048579,PASS,0.2109926998463887,0.2109926998463887,0.2109926998463887,PASS,0.43707032995168577,0.4370703299516857,0.4370703299516857,PASS,-1.5897701000765434,-4.504759420353543,-0.6909505838760175,PASS,1.8466965807740177,0.8297031963021023,4.98575280661108,PASS,2.055526191967235,0.9923956216828431,3.0261087192240437,PASS,-1.225387377497733,-1.9468444811852266,-0.79840463483672,PASS,1.1927242754730218,0.7516764052273255,1.3932659071414357,PASS,2.04334274136324,1.698004936896649,2.423218174491274,PASS,-1.3106935572606286,-3.03999425533438,-0.9263665836482173,PASS,1.6168395732935568,0.7958175658422251,3.4983127572192183,PASS,1.7573098337923205,1.1061401187226994,2.3165615990576676,PASS,-0.9587129649166556,-3.8322915312517454,-0.18764747217556524,PASS,1.4418062976631245,0.2843595489743432,3.9861467549039986,PASS,1.9364017785859153,0.4686818103658245,2.808417545897224,PASS,-0.20282841353313255,-0.2670396969631327,-0.11865547827174408,PASS,0.22191076883178412,0.0941283547238813,0.33799032445171856,PASS,1.5830196992155483,0.8465356868039372,2.462592731654557,PASS,-1.3315519393585133,-2.5397862655535577,-0.566502338939482,FAIL,1.2133780390638966,0.6387185204558395,3.658027227949704,PASS,1.9594321082952448,1.2878407806744705,2.5904905780279672,PASS,0.022758182363343794,0.02143386550900925,0.024218530271314497,FAIL,0.18359374999999994,0.1775,0.184,FAIL,4.6173938951912925,3.547690057050211,5.917951227205674,PASS,0.3123069512456827,0.024271400329343454,0.628990484411606,PASS,0.6101606813771518,-0.14605201770678986,0.9180829866005078,PASS,0.7807970117100875,-0.05159971484525327,0.9488255776514933,FAIL,0.4792211184142603,0.048041486285850116,0.7660324648660541,PASS,0.17640956155198717,-0.27862324130938054,0.5699327903327032,PASS,0.31807571055550266,-0.06583486241113551,0.6163096670339047,PASS,0.15082182137372635,-0.19634342201698185,0.4830972680409379,PASS,0.7018256517355252,0.08500672275499543,0.9563655071206226,PASS,0.4483354817153883,-0.119465157308188,0.7700475416067034,PASS,0.5180554401137424,-0.21911203301925264,0.8133872258482756,PASS,0.3877604166666666,0.2,0.6,FAIL,19.484246690471586,8.666222745497393,33.7794647970551,PASS,-0.1699277855016949,-0.3769115439727844,0.03982772275971039,PASS,0.9999244107679947,0.9998890276530503,0.9999381806857406,FAIL,8042.473504446276,5344.488803213069,11533.140662238839,4,5,39,49,4,7
F02573,F03,P01,64,true,PASS,5.468790806241573,3.7990363243659595,7.992454595637268,PASS,-0.021429690575539603,-0.022719522599080715,-0.019525118434811663,PASS,0.06005828373015873,0.01575,0.1095625,FAIL,-0.15976398941593029,-0.3736204752423425,-0.02263015658819463,PASS,-0.0006010853348384151,-0.05701943149518549,0.059957905821840504,PASS,0.6279334047068421,0.6263332237955742,0.6291911630037974,PASS,4.9979248046875036,4.818541666666671,5.145205729166671,PASS,1546.4683444099767,1544.0708674393504,1549.3883895132003,PASS,0.9350438374033575,0.5146209720934092,1.5826397218944337,PASS,0.2995735317834396,0.12266447827683136,0.4573888704671556,FAIL,3.7378587941237873,3.6028374555569234,3.8448439694712593,PASS,0.6065334108499807,0.42308797364364303,0.7483755335940964,FAIL,0.6142751479289941,0.6142751479289941,0.6142751479289941,FAIL,0.0015833221189812052,0.0015833221189812052,0.0015833221189812052,PASS,0.08879022080240917,0.08879022080240917,0.08879022080240917,FAIL,0.2222970516048579,0.2222970516048579,0.2222970516048579,PASS,0.2109926998463887,0.2109926998463887,0.2109926998463887,PASS,0.43707032995168577,0.4370703299516857,0.4370703299516857,PASS,-1.6535934357870112,-2.995741002765425,-0.7315521873130786,PASS,1.7681047592617931,0.8490254357246612,4.98575280661108,PASS,2.0914967478437365,1.2194904462047143,3.0083112966314154,PASS,-1.3031484730943426,-1.9493287362007612,-0.8203663286977886,PASS,1.2348732819361619,1.0161869381896291,1.4407392810989532,PASS,2.0956685385571556,1.7049631565158678,2.4681822509685483,PASS,-1.4436328125401163,-4.2144964126364135,-0.9704273114080821,PASS,1.6382671201743162,0.8028714271456565,3.4983127572192183,PASS,1.8464099479381604,1.1719599743755484,2.415949233308002,PASS,-1.208221934852829,-4.849218998166645,-0.17939882284058417,PASS,1.3802136215785548,0.26061489435175234,3.9861467549039986,PASS,2.023158369173771,1.0745415887001937,2.8200871900532736,PASS,-0.1922401544347448,-0.26925770351109024,-0.126890403735314,PASS,0.2182167730902307,0.0941283547238813,0.3354053995565045,PASS,1.5816131676939564,0.8809386226925723,2.4644249263689026,PASS,-1.3930392449927633,-2.4682527253005704,-0.6263886272288742,FAIL,1.0649975853419216,0.4931427189544588,1.7122262655540794,PASS,2.0582874811581777,1.4560609509526814,2.62151837827293,PASS,0.022516355827263572,0.02047982206617175,0.024364709376658494,FAIL,0.18369531249999999,0.1812375,0.184,FAIL,4.532263647163511,3.409215977659335,5.958689537202348,PASS,0.31861899177876096,0.016825809494786285,0.6304069839512787,PASS,0.583723683304881,-0.1649735179774085,0.9191333462959774,PASS,0.7650322761022991,-0.0755448621744988,0.9514642964260446,FAIL,0.4779967229653469,0.03798119862699989,0.7964654884010913,PASS,0.1653645868536519,-0.25279307598950645,0.5239794809068178,PASS,0.31184850564825983,-0.040664648183240254,0.599612600822411,PASS,0.16139672083748785,-0.18015851636108662,0.4284508126772292,PASS,0.6869324013947035,0.09987626507698358,0.9595832121532828,PASS,0.454455654815163,-0.11630633063649842,0.7849586974383836,PASS,0.510661732339097,-0.23926556944888616,0.8140724232371223,PASS,0.3888020833333333,0.05750000000000002,0.7,FAIL,24.34058715297752,12.385670141909635,47.041129100770156,PASS,-0.1250997099700888,-0.350341287274103,0.09239139830796185,PASS,0.9999540091946408,0.9999133648883077,0.9999649801891566,FAIL,8347.287860249928,3450.2599468760777,12335.989785203625,4,5,39,49,4,7
F02811,F03,P01,64,true,PASS,5.614016214959372,3.467230084178518,8.2115265067439,PASS,-0.025497976562107623,-0.026614895892975964,-0.022889899440124692,PASS,0.06130332341269841,0.02,0.10967559523809522,FAIL,-0.1698629653903893,-0.3429851348451363,-0.03839109089369577,PASS,0.0014648602198765563,-0.033047752783230466,0.05606394638010566,PASS,0.6319811491928279,0.6307658777566569,0.632992077898537,PASS,4.9861637369791705,4.828552083333337,5.108419270833338,PASS,1546.6597941111545,1544.6696869198563,1549.225437362339,PASS,0.9648333918456686,0.5590207078096093,1.7267518975955296,PASS,0.2894559221477624,0.15565935814562928,0.5041990720998993,FAIL,3.63608408779671,3.5321727088938872,3.716822761776758,PASS,0.5118018644047642,0.38219985779465254,0.6358300971772112,FAIL,0.6142751479289941,0.6142751479289941,0.6142751479289941,FAIL,0.0015833221189812052,0.0015833221189812052,0.0015833221189812052,PASS,0.08879022080240917,0.08879022080240917,0.08879022080240917,FAIL,0.2222970516048579,0.2222970516048579,0.2222970516048579,PASS,0.2109926998463887,0.2109926998463887,0.2109926998463887,PASS,0.43707032995168577,0.4370703299516857,0.4370703299516857,PASS,-2.0474469908227375,-4.504759420353543,-0.7536054386980877,PASS,2.4818429070270707,0.8522206524322078,4.98575280661108,PASS,2.195585572430919,1.2525642263778602,2.8448762410703,PASS,-1.3811812369606389,-1.9468444811852266,-0.7302456220853986,PASS,1.2706111308465864,1.0349522816194447,1.3932659071414357,PASS,2.1241823928058476,1.7472660309803243,2.48884651211321,PASS,-1.8260921565756223,-4.2144964126364135,-0.9828937927276938,PASS,1.9787894065948854,0.9678380873323921,3.4983127572192183,PASS,1.8452868573448151,1.058116799566454,2.4602990570066203,PASS,-1.790353143282228,-4.849218998166645,-0.22730596839527664,PASS,1.9324449470990777,0.28336121027295,3.9861467549039986,PASS,1.9606366857098858,1.139592005388686,2.5220400031749337,PASS,-0.21686201410779476,-0.26906119305797516,-0.14652769958032422,PASS,0.22966168829691389,0.10817508186087449,0.33799032445171856,PASS,1.4822191347500535,0.9626545575760478,2.3976350035698237,PASS,-1.3429504245211081,-2.4344512483910234,-0.5570579937084302,FAIL,1.1731717523651333,0.48596026003395887,1.748498325703522,PASS,2.005779159888606,1.2075711897645331,2.5716968797806903,PASS,0.022694862777883042,0.020483421644913898,0.02426722721217289,FAIL,0.18308593749999996,0.171,0.184,FAIL,4.53988235492767,3.434336315268879,6.261767404997726,PASS,0.3630705815132299,0.04460969340892907,0.6180717609143817,PASS,0.7103044257210982,-0.061009529016090816,0.9191212813317946,PASS,0.8432166010870906,0.07114711825626675,0.9487965380404229,FAIL,0.5273893720855365,0.040404374813639045,0.7404618196528535,PASS,0.23937335207908,-0.25116584514208723,0.5814820822021227,PASS,0.37870750682754106,0.04956396750569485,0.6456336136713197,PASS,0.2178795937770364,-0.18547178171847445,0.5061893288529067,PASS,0.7895014545206926,0.1143155098723439,0.9578993168568128,PASS,0.5052443143312577,-0.07267066937370373,0.7591449582876978,PASS,0.5947529233896502,-0.19525798591975962,0.8112551362565225,PASS,0.3911458333333333,0.2,0.6070833333333332,FAIL,17.194635744126842,7.982207275447179,30.561323290793332,PASS,-0.16090100560355164,-0.37179827101874946,0.0021509181720948227,PASS,0.9999432923038072,0.999909799795699,0.9999570714064193,FAIL,9003.278721277215,5786.951704785321,12471.196428385367,4,5,39,49,4,7
F02860,F03,P01,64,true,PASS,5.522286078877085,3.5596383600575177,7.719073024968577,PASS,-0.020365247757359137,-0.02263236193183117,-0.019157968707787115,PASS,0.06272631448412698,0.02,0.10876190476190471,FAIL,-0.18389644935146388,-0.3995776738611115,-0.00948695431085702,PASS,-0.0027770830183969234,-0.05159890715819701,0.03832013678214849,PASS,0.6285855001511724,0.6275500249302637,0.6295219227675753,PASS,5.010247395833337,4.843927083333337,5.135643229166671,PASS,1546.267754085092,1544.2265282868952,1548.9751591368747,PASS,1.0273592021012528,0.5903103901392788,1.7047138426401187,PASS,0.28714003755414197,0.12531839886677917,0.48990989996264933,FAIL,3.7207545730158573,3.6351417674052047,3.7830696038823186,PASS,0.5910624051851028,0.4411440443837364,0.6999220686667402,FAIL,0.6142751479289941,0.6142751479289941,0.6142751479289941,FAIL,0.0015833221189812052,0.0015833221189812052,0.0015833221189812052,PASS,0.08879022080240917,0.08879022080240917,0.08879022080240917,FAIL,0.2222970516048579,0.2222970516048579,0.2222970516048579,PASS,0.2109926998463887,0.2109926998463887,0.2109926998463887,PASS,0.43707032995168577,0.4370703299516857,0.4370703299516857,PASS,-1.6560235097754816,-3.3729956071624545,-0.7302292195035749,PASS,1.9070573229855277,0.8490254357246612,4.98575280661108,PASS,2.0335988902830167,0.9975371445076476,2.8763651402969326,PASS,-1.284245938361652,-1.9479002895668287,-0.7786643368004618,PASS,1.2622003999157116,1.0480945905093753,1.3932659071414357,PASS,2.1439706291308975,1.7011480009226736,2.5123525803339857,PASS,-1.3359344730571645,-3.03999425533438,-1.0158928108586427,PASS,1.719757002371179,0.8619727067659524,3.4983127572192183,PASS,1.757219561224118,1.088675344418265,2.357276212591047,PASS,-1.1295363602188964,-3.8322915312517454,-0.19835675357613844,PASS,1.5057431389569413,0.2930877193545689,3.9861467549039986,PASS,1.9702800143217836,0.6239239008210494,2.8102005425876477,PASS,-0.19943510742366133,-0.2670396969631327,-0.12448518858244867,PASS,0.20643616938843484,0.08660726620029455,0.3414875757805377,PASS,1.546463801661732,0.9132536653386781,2.4678987655419036,PASS,-1.3657137481666342,-2.4810087158985907,-0.5719213468067327,FAIL,1.1902364315557254,0.5643983510411259,2.6171324569033168,PASS,1.9614012080852485,1.2800422806486849,2.600063086570898,PASS,0.02276863107245601,0.02057457381674503,0.024384902740478224,FAIL,0.18298437499999998,0.171,0.184,FAIL,4.561378934158895,3.596888209300986,5.917951227205674,PASS,0.312618102385272,0.00492320231277349,0.556418646567588,PASS,0.6047466910945369,-0.13458067643581842,0.9087131689380795,PASS,0.7830299989220831,-0.03171082210258466,0.9445108943507434,FAIL,0.4881500240638964,0.056971131477854584,0.7602140860198638,PASS,0.15787106754687633,-0.3016159167669398,0.4891466045102023,PASS,0.3020640672875282,-0.08199499677173136,0.5911407883239725,PASS,0.15752398044104216,-0.18245359744035916,0.4627470730098424,PASS,0.7058395585401435,0.1732626970185736,0.9452374804701867,PASS,0.4581701580886348,-0.0694553248416178,0.7826571471566227,PASS,0.5300414426341915,-0.16361632114775274,0.8221048044661946,PASS,0.41041666666666665,0.15750000000000003,0.6212499999999999,FAIL,22.20947117317374,11.396152927106193,35.098592374719665,PASS,-0.17211934388760258,-0.38341832569394596,0.061912358707591465,PASS,0.9999569187164621,0.9999204717528664,0.999969241525069,FAIL,7850.734092787343,4532.493068420206,12722.276837537247,4,5,39,49,4,7
F02993,F03,P01,64,true,PASS,5.754924062836407,3.7902549221953796,8.119276962285497,PASS,-0.03105641655977398,-0.03225660940638065,-0.029266877983525147,PASS,0.05996093749999999,0.02063888888888889,0.09820833333333333,FAIL,-0.14673219019282402,-0.34422536416416266,-0.005756424103823413,PASS,-0.0015896941250999016,-0.054716358565156366,0.05005603492655368,PASS,0.6338815289580612,0.6330269054119158,0.6350880470892769,PASS,4.999840494791671,4.87648697916667,5.161335937500004,PASS,1546.4371603111274,1543.8082957373645,1548.445140733592,PASS,1.0775761779729387,0.652270625295846,1.7768366174195072,PASS,0.29954420091809775,0.15083790646823436,0.4517266977265242,FAIL,3.585487288532339,3.4852239562029936,3.6525295604206867,PASS,0.4311359983660703,0.3380740262663769,0.525916488670729,FAIL,0.6142751479289941,0.6142751479289941,0.6142751479289941,FAIL,0.0015833221189812052,0.0015833221189812052,0.0015833221189812052,PASS,0.08879022080240917,0.08879022080240917,0.08879022080240917,FAIL,0.2222970516048579,0.2222970516048579,0.2222970516048579,PASS,0.2109926998463887,0.2109926998463887,0.2109926998463887,PASS,0.43707032995168577,0.4370703299516857,0.4370703299516857,PASS,-1.6417309871510515,-3.853995227768667,-0.7355210907415896,PASS,1.8437564733870517,0.8102534468909517,4.98575280661108,PASS,2.0547046272251914,0.8083782524024659,2.8558628606108787,PASS,-1.3129945022950853,-1.9493287362007612,-0.8207197692532852,PASS,1.2181000899871308,0.7331169786130769,1.3932659071414357,PASS,2.097547243876463,1.7753886225040465,2.4356589657890155,PASS,-1.5095328623321878,-4.2144964126364135,-0.875496145861376,PASS,1.7365910827473972,1.0145376462731321,3.4983127572192183,PASS,1.7850996813593172,1.0793643352895523,2.438802656940268,PASS,-1.2444823321089065,-4.849218998166645,-0.16586839674767864,PASS,1.5245483648890437,0.2332909874539172,3.9861467549039986,PASS,1.850923123658477,0.2874415335128852,2.796930985523634,PASS,-0.20407045331579,-0.2678540956459914,-0.12964247034470625,PASS,0.207072767915932,0.10389697565514906,0.33799032445171856,PASS,1.447283663918117,0.8738996987202273,2.422111685423606,PASS,-1.314556469550486,-2.3684729238145517,-0.5921615884937093,FAIL,1.2597404815704552,0.5553088760533962,3.5587482590026704,PASS,1.9265250969119234,1.2169891542518856,2.459205336255714,PASS,0.02265901837743899,0.02061076783615631,0.024105460399423274,FAIL,0.18359374999999994,0.178475,0.184,FAIL,4.652677544776071,3.5529517175324576,5.699301035053427,PASS,0.3667531242362778,0.020919612572057704,0.6057594385381514,PASS,0.6706573342367763,-0.1679709745446052,0.9077988362726951,PASS,0.8156192394517914,0.04603430817592688,0.9422942099540305,FAIL,0.5398747758281566,0.07284299442438365,0.7581258204764757,PASS,0.23699231195657228,-0.24201836356297093,0.5378895561687544,PASS,0.36293086168362276,0.0014629078300534386,0.6162444082205756,PASS,0.20370363272738629,-0.22105194654273277,0.491081371124529,PASS,0.7665218024118483,0.05268377033010603,0.951672766908919,PASS,0.5380738594703005,0.03863372269694078,0.7642863472827736,PASS,0.5957375975018753,-0.19130320971974127,0.8166721009568847,PASS,0.4125,0.2,0.7,FAIL,18.377420998317817,8.128881521159016,38.09722784411651,PASS,-0.14729726623605216,-0.37364127373298917,0.037396488197499245,PASS,0.9999179973701697,0.9998658857066229,0.999936035860734,FAIL,7944.237974785001,4548.473899166652,12025.118740714135,4,5,39,49,4,7
F03204,F04,P01,64,true,PASS,5.695627786925379,3.3027247819116305,8.460239865875907,PASS,-0.022495219523066816,-0.0234805295777131,-0.021135782663280173,PASS,0.0630047123015873,0.02,0.10692956349206349,FAIL,-0.17798925393751713,-0.3543524434196961,-0.012737557048329094,PASS,-0.005305802347135956,-0.04181911853733976,0.03902405881172139,PASS,0.6287622391709218,0.6275023432442102,0.6302395109705397,PASS,5.009370117187505,4.876684895833338,5.170742187500004,PASS,1546.2820346537242,1543.6551783677207,1548.4419189949178,PASS,1.0472224021133383,0.6198485695099731,1.7153203661982017,PASS,0.29508685317996153,0.12706206932674066,0.5081381589650048,FAIL,3.721751952291007,3.5940638690469795,3.8320642413676365,PASS,0.5819864151882428,0.44223471134435094,0.7107620342136077,FAIL,0.6142751479289941,0.6142751479289941,0.6142751479289941,FAIL,0.0015833221189812052,0.0015833221189812052,0.0015833221189812052,PASS,0.08879022080240917,0.08879022080240917,0.08879022080240917,FAIL,0.2222970516048579,0.2222970516048579,0.2222970516048579,PASS,0.2109926998463887,0.2109926998463887,0.2109926998463887,PASS,0.43707032995168577,0.4370703299516857,0.4370703299516857,PASS,-1.7168280324497842,-3.853995227768667,-0.7394324738305569,PASS,1.9795608066409476,0.8468781148359366,4.98575280661108,PASS,2.212440350493818,1.012251399038917,3.1741889013378155,PASS,-1.3404013549865659,-1.9493287362007612,-0.8497294439948202,PASS,1.2230635766223816,0.7244217935631913,1.3932659071414357,PASS,2.127801687424558,1.6742597780376267,2.476531441548916,PASS,-1.4754091253196708,-4.2144964126364135,-1.0054474990842492,PASS,1.7179088523620376,0.8182902522264549,3.4983127572192183,PASS,1.7944335991654157,1.0634138626145384,2.2652900559266334,PASS,-1.2896346595482062,-4.849218998166645,-0.17289996631201193,PASS,1.5402489967804933,0.24581580369479517,3.9861467549039986,PASS,1.940904043516591,0.4957836698029967,2.505568393564581,PASS,-0.20126603895284642,-0.2705713095182491,-0.11820102880261685,PASS,0.2154875980785188,0.08554721746363232,0.33799032445171856,PASS,1.5321848378969816,0.8668954106385244,2.4709915541724117,PASS,-1.343248966806672,-2.506810846215132,-0.606530100247823,FAIL,1.3077499768149787,0.5482396733275535,3.496426226673923,PASS,1.988835119039135,1.191917432644303,2.5782115089306172,PASS,0.02274026637214279,0.020556424073349316,0.024040479234723,FAIL,0.18359374999999997,0.178475,0.184,FAIL,4.603834044286266,3.6232730956039303,6.020565107819774,FAIL,0.3397103017093017,0.07061832269095616,0.5900540010195781,PASS,0.6253268309158866,-0.21123951757036188,0.9170864553777879,PASS,0.7773254683783448,-0.013429266503696424,0.9475861224326885,PASS,0.48151434462435805,-0.04986559807019108,0.7610523397950133,PASS,0.1958527985770238,-0.25108191606239055,0.541502211858488,PASS,0.33185684597594045,-0.04546828114254013,0.6155306222825802,PASS,0.16938657392332862,-0.2131939332736837,0.4961102929846737,PASS,0.7305137292798465,0.03986459733178343,0.9525512817756452,PASS,0.457865532779656,-0.09796016812225831,0.7873351858567413,PASS,0.5159082433552752,-0.2141852132815067,0.8285083608154324,PASS,0.39622395833333335,0.17875000000000002,0.6,FAIL,19.111489573916458,10.885029916840526,31.38080092528974,PASS,-0.17417675190440196,-0.3492566426248523,0.01932176925233453,PASS,0.9999568653634142,0.9999253386233581,0.9999666730992166,FAIL,8342.45710770547,4354.64709680557,13009.928436733006,4,5,39,49,4,7
F03555,F04,P01,64,true,PASS,6.2343834993829965,4.1668994209324,9.043394666924947,PASS,-0.03307117923409189,-0.03422929975732699,-0.03057510699004214,PASS,0.062232142857142854,0.026388888888888892,0.11443055555555552,FAIL,-0.1567413682565797,-0.360394249358544,-0.002851471385077504,PASS,-0.004488045723196516,-0.03813056266689735,0.03398503730788507,PASS,0.6340355415529704,0.632972868960491,0.6348674628496436,PASS,5.003123372395837,4.848096354166671,5.128492187500004,PASS,1546.3837207806437,1544.3429347921672,1548.9072906682147,PASS,1.0450698390204234,0.6500181039842403,1.6783645012625537,PASS,0.2933842111491503,0.16415987862575862,0.47256191607684717,FAIL,3.5823530153821386,3.4924065487177147,3.665588001871851,PASS,0.42671080914876364,0.30462784399778087,0.5289602865876736,FAIL,0.6142751479289941,0.6142751479289941,0.6142751479289941,FAIL,0.0015833221189812052,0.0015833221189812052,0.0015833221189812052,PASS,0.08879022080240917,0.08879022080240917,0.08879022080240917,FAIL,0.2222970516048579,0.2222970516048579,0.2222970516048579,PASS,0.2109926998463887,0.2109926998463887,0.2109926998463887,PASS,0.43707032995168577,0.4370703299516857,0.4370703299516857,PASS,-2.006772723913442,-4.504759420353543,-0.7436130252008761,PASS,2.2572892042744552,0.8468781148359366,4.98575280661108,PASS,2.0498948115751254,0.9879393987357499,2.843719838893733,PASS,-1.3290271839243408,-1.9493287362007612,-0.783050739783378,PASS,1.2491695383444572,1.0519231713550612,1.5049679635120656,PASS,2.132982024598465,1.718277378365638,2.4908887337357206,PASS,-1.6797863132865087,-4.2144964126364135,-1.0036939065965773,PASS,1.7975254330265535,0.8483940447639922,3.4983127572192183,PASS,1.841061545616102,1.104738930574585,2.4304095284685556,PASS,-1.6016845733436864,-4.849218998166645,-0.17709347968507108,PASS,1.5783583218020514,0.21745637134281884,3.9861467549039986,PASS,1.9264443438912422,0.6230389197862399,2.835786001179526,PASS,-0.21120192581320288,-0.2705713095182491,-0.12448518858244867,PASS,0.23365845983235348,0.09093476711173608,0.3354053995565045,PASS,1.4836304778420333,0.9440760903195302,2.5870906133494613,PASS,-1.4069787743388238,-2.5874510206974866,-0.6317331933983418,FAIL,1.1715741429947624,0.5459556816953269,1.9534272943662345,PASS,1.9455090820472654,0.9323144496225915,2.7482916953457095,PASS,0.022737949333201876,0.020826627177208724,0.023898575410103387,FAIL,0.18389843749999996,0.184,0.184,FAIL,4.478423981152254,3.6032878921252562,5.7146254570543,PASS,0.3586768155117227,0.03312435833280658,0.603659588722595,PASS,0.656087334250612,-0.2234285295223905,0.920105319944196,PASS,0.8112333590813886,-0.010534503743672086,0.9529536366712514,FAIL,0.5412829635134784,0.09172301137189418,0.7991506110566201,PASS,0.22449865577579153,-0.2521410471716292,0.5375652848520983,PASS,0.36233180239069074,-0.005464078633285253,0.6251390387247555,PASS,0.2192627818487446,-0.17938343670550336,0.4942250305195285,PASS,0.7512414893041786,0.10577856208568608,0.9562163833379709,PASS,0.5305973701160925,-0.016990290611178606,0.7853916973389559,PASS,0.6022034455554052,-0.1816083954324837,0.8189895985425627,PASS,0.40885416666666663,0.17875000000000002,0.7,FAIL,18.819517952751518,8.944897465080215,36.62037136411082,PASS,-0.16911693141623485,-0.41386370059228456,0.04565202946180852,PASS,0.9999157047374814,0.9998680283750062,0.9999364474625165,FAIL,8665.366564963046,5252.639847704961,13764.689941765428,4,5,39,49,4,7
F08281,F09,P01,64,true,PASS,7.290857069697057,4.51730861786927,9.989771693128215,PASS,-0.04210809959699374,-0.044470915116114805,-0.03826852534003112,PASS,0.06363405257936508,0.03143750000000001,0.10077480158730158,FAIL,-0.1351545546030833,-0.2960393919890967,0.04531651989748975,PASS,0.0010438306072125378,-0.05197145237679747,0.06740478380945568,PASS,0.6307589470785488,0.6292961162426243,0.6324057757887391,PASS,4.998419596354171,4.846781250000005,5.11908854166667,PASS,1546.46029006329,1544.4960097705127,1548.9286982738822,PASS,1.0637992801037293,0.5839257843069798,1.7303892582815519,PASS,0.2885885056658103,0.1783736143360517,0.491983991728189,FAIL,3.632691566376012,3.5360303228805896,3.739726424319294,PASS,0.5699929667682796,0.42510308616789244,0.7214657793745324,FAIL,0.6142751479289941,0.6142751479289941,0.6142751479289941,FAIL,0.0015833221189812052,0.0015833221189812052,0.0015833221189812052,PASS,0.08879022080240917,0.08879022080240917,0.08879022080240917,FAIL,0.2222970516048579,0.2222970516048579,0.2222970516048579,PASS,0.2109926998463887,0.2109926998463887,0.2109926998463887,PASS,0.43707032995168577,0.4370703299516857,0.4370703299516857,PASS,-1.7950992913203008,-4.504759420353543,-0.7325300330853204,PASS,2.0584047362643587,0.8508626853315004,4.98575280661108,PASS,2.0654342628193416,1.036633963081019,2.882103769140389,PASS,-1.3068718054032056,-1.9479002895668287,-0.8298502608248288,PASS,1.2544610855967049,1.0429147458358003,1.4407392810989528,PASS,2.122846764269147,1.7413199844829412,2.5478655226945537,PASS,-1.5622254057454255,-4.2144964126364135,-1.0067436326620935,PASS,1.7468170925591586,0.8562017754151193,3.4983127572192183,PASS,1.818363847721887,1.1089230447966565,2.3564363002805626,PASS,-1.3369026301241338,-4.849218998166645,-0.16213553811346407,PASS,1.5665304398982958,0.2840565963235406,3.9861467549039986,PASS,1.937238294257026,0.8615119881979084,2.790154002463022,PASS,-0.20226216448946588,-0.2670396969631327,-0.12720907554775707,PASS,0.2307515189186244,0.10087122910214606,0.3354053995565045,PASS,1.556674136477168,0.8191237319821247,2.5332587173893293,PASS,-1.2436163326772327,-2.4472072389890434,-0.551101958697006,FAIL,1.257560141163498,0.5544868919051704,3.40434875137701,PASS,1.963118899757477,1.101684680138674,2.671162318178515,PASS,0.022793332621856673,0.021104889322902668,0.024081301270596524,FAIL,0.18399999999999997,0.184,0.184,FAIL,4.455143172253335,3.481913208739711,5.845554251439525,PASS,0.3253281020570993,0.022504859811733176,0.6083010742432491,PASS,0.637088365121323,-0.11825081844148783,0.91723974111701,PASS,0.8128552997224455,0.05149509222545996,0.9475348935932196,FAIL,0.5081990518018229,0.1478362734062306,0.7891088271948227,PASS,0.18422082543471013,-0.3108419649058346,0.5733351210944727,PASS,0.33403888245197855,-0.013177762641916788,0.6535567418282492,PASS,0.17934578031554627,-0.18578951937839322,0.5150748905847156,PASS,0.729562925349391,0.09979591292847133,0.953282918631356,PASS,0.48096052559763114,-0.04429069929657608,0.7660775905997755,PASS,0.5572696376081776,-0.18345868067729293,0.8168790450544526,PASS,0.3911458333333333,0.17875000000000002,0.6212499999999999,FAIL,22.56442095384932,10.02415338426881,49.06928156620301,PASS,-0.1658527438803629,-0.3593984511630558,0.06138786465071087,PASS,0.9998361272971763,0.999732172400657,0.9998716264794234,FAIL,7879.035574248794,4730.565094536313,11288.149071759892,4,5,39,49,4,7
F09695,F10,P01,64,true,PASS,6.990386200786786,4.49041875999973,9.605934188678582,PASS,-0.044827226865847794,-0.04693950245733404,-0.04122425444788686,PASS,0.06445560515873017,0.02,0.11431150793650793,FAIL,-0.11405101088038855,-0.301835351253104,0.026428129770816912,PASS,0.003941454301112999,-0.04912459989395711,0.06993855200961945,PASS,0.6304625630261006,0.6287608163599538,0.6320860029948489,PASS,5.0100944010416715,4.868601562500005,5.149260416666671,PASS,1546.2702445738703,1544.004864187818,1548.5735015849991,PASS,0.993650944012613,0.5609371500459785,1.8884973748891878,PASS,0.28625453988681004,0.1255377723473522,0.4851303086244245,FAIL,3.640780178218001,3.4927812868585177,3.7465462605203204,PASS,0.5680606720409842,0.3875288742827317,0.6715992103970377,FAIL,0.6142751479289941,0.6142751479289941,0.6142751479289941,FAIL,0.0015833221189812052,0.0015833221189812052,0.0015833221189812052,PASS,0.08879022080240917,0.08879022080240917,0.08879022080240917,FAIL,0.2222970516048579,0.2222970516048579,0.2222970516048579,PASS,0.2109926998463887,0.2109926998463887,0.2109926998463887,PASS,0.43707032995168577,0.4370703299516857,0.4370703299516857,PASS,-1.804460553593472,-3.3729956071624545,-0.714513645134105,PASS,2.215565425921592,0.8471681326940322,4.98575280661108,PASS,2.0584590597152443,0.9757427788129824,2.7772526539673192,PASS,-1.3106193877834986,-1.9468444811852266,-0.8203663286977886,PASS,1.2537916457733216,1.0790996042495142,1.3932659071414355,PASS,2.14889168349208,1.7050463073773847,2.4938973001778844,PASS,-1.464806584287742,-4.2144964126364135,-1.0054474990842492,PASS,1.793273078071508,0.89327547859305,3.4983127572192183,PASS,1.785041857702714,1.080471617038156,2.3968036485085262,PASS,-1.4155803649722658,-4.849218998166645,-0.19008127023738539,PASS,1.58680495166095,0.2858276034930931,3.9861467549039986,PASS,1.830354891446556,0.6200333519414231,2.6067223661154943,PASS,-0.20881251464616724,-0.26582626750854105,-0.12477595564886189,PASS,0.2232828257999585,0.08661403093059841,0.3414875757805377,PASS,1.4503457195468394,0.9262340720497823,2.4776415445377746,PASS,-1.289026067568292,-2.332462326682136,-0.5235478926005112,FAIL,1.2761328620866073,0.5868750475121938,3.7013551953366357,PASS,2.029314499850532,1.291987730429156,2.685048860045638,PASS,0.022521351967732653,0.02050633672300182,0.024005712907238207,FAIL,0.18267968749999997,0.171,0.184,FAIL,4.558840400893514,3.45684430150256,5.752162030035266,PASS,0.3568163080091167,0.04363204466437411,0.5970424385486476,PASS,0.659485865132211,-0.15477245281325136,0.9043120414987212,PASS,0.790674377673177,-0.04380183774432618,0.9442001410528523,FAIL,0.5393979662362918,0.049502681045248895,0.7962658978338478,PASS,0.21591496286352788,-0.27294134860412866,0.5611788183944143,PASS,0.3548169310679179,-0.03512602626341477,0.6490588447448741,PASS,0.21288237830907333,-0.19635108574371543,0.5323696113060967,PASS,0.7592628189092232,0.13017359104033221,0.9453105189780597,PASS,0.5361223907044299,0.054530927091130596,0.7893427911768629,PASS,0.5823806797971833,-0.21300861144892125,0.8269034822772197,PASS,0.41276041666666663,0.2,0.6,FAIL,20.474228035272198,8.47860932963289,32.86171562184982,PASS,-0.15331842153279046,-0.35832095474551645,0.035408187612165916,PASS,0.9997991116343123,0.9996560887177142,0.9998976731632453,FAIL,7694.939929707993,3898.0038430070827,12667.685192142939,4,5,39,49,4,7
F10548,F11,P01,64,true,PASS,6.607374570982869,4.5406619831058155,9.263228272254159,PASS,-0.04283707910936786,-0.04454685442473912,-0.04051441819408871,PASS,0.057585565476190474,0.02,0.09961309523809524,FAIL,-0.15242483357726386,-0.3694796810842457,0.018646636455435617,PASS,-0.0037842829572226518,-0.06333712939332647,0.03994171928297602,PASS,0.630926436450018,0.6297071752378561,0.6325971602990202,PASS,4.990374348958337,4.853848958333338,5.113018229166671,PASS,1546.591252680633,1544.5948238869687,1548.8136482901575,PASS,0.9609535160742447,0.5717434122477735,1.66039970098844,PASS,0.293420619376423,0.12426915515594782,0.5349031145750234,FAIL,3.6408263865892136,3.5099724622431476,3.7337026631639945,PASS,0.5528477561336339,0.35653095906673965,0.6850703250055515,FAIL,0.6142751479289941,0.6142751479289941,0.6142751479289941,FAIL,0.0015833221189812052,0.0015833221189812052,0.0015833221189812052,PASS,0.08879022080240917,0.08879022080240917,0.08879022080240917,FAIL,0.2222970516048579,0.2222970516048579,0.2222970516048579,PASS,0.2109926998463887,0.2109926998463887,0.2109926998463887,PASS,0.43707032995168577,0.4370703299516857,0.4370703299516857,PASS,-1.6776726293193314,-4.504759420353543,-0.7158366129436086,PASS,1.9144404540660633,0.8468781148359366,4.98575280661108,PASS,2.0129334613545047,0.9683466973961471,2.7929999127779515,PASS,-1.3065553764143392,-1.956781501247365,-0.8203663286977886,PASS,1.242950123164026,1.0429147458358003,1.4407392810989528,PASS,2.088751426355045,1.6702211498055262,2.5970703963321613,PASS,-1.3842880295256417,-4.2144964126364135,-0.9704273114080821,PASS,1.7182418092449514,0.8583998558760542,3.4983127572192183,PASS,1.8301701181115502,1.1624823344982662,2.3421620542844357,PASS,-1.0553590197866334,-4.849218998166645,-0.16955252357625708,PASS,1.531015734638739,0.28223248576077203,3.9861467549039986,PASS,1.9638264168476876,0.3034822944062076,2.8194528230657974,PASS,-0.2008384365961806,-0.26925770351109024,-0.12964247034470625,PASS,0.21981647418153122,0.08588018851673068,0.3414875757805377,PASS,1.5696964932210733,0.8508022778702663,2.484202473340325,PASS,-1.1875134691575044,-2.3718005735357743,-0.5734884801027411,FAIL,1.2489294167243727,0.6416057671376365,2.6993112690046552,PASS,1.9525005997251914,1.262320998397301,2.4167837381203285,PASS,0.022560369255901713,0.020423757816002076,0.02421275993067148,FAIL,0.18399999999999997,0.184,0.184,FAIL,4.485881195464367,3.3924903206073016,5.477551930142473,PASS,0.31970876753338473,-0.0028127257585571566,0.5697029189100232,PASS,0.5977140939229819,-0.18404018067328423,0.9093444616045014,PASS,0.7780633029457994,-0.020795748551018393,0.940597762231469,FAIL,0.4969423377967028,0.12305639496226724,0.8499884636063544,PASS,0.18159235746934432,-0.27505005838236524,0.5098224295026541,PASS,0.3217164658579499,-0.03219398863719519,0.5916626878166081,PASS,0.15636833099271585,-0.18509375984827497,0.48764402137571694,PASS,0.6972338304049687,0.11795392615496485,0.9505409204992551,PASS,0.4673320907310844,-0.056263033642370855,0.7977300819195333,PASS,0.5248945394585903,-0.1829591974457157,0.837794965481311,PASS,0.37046875,0.1,0.6,FAIL,22.595584289584192,7.28216338752548,54.51359438336676,PASS,-0.17407811951049185,-0.3965894934484098,0.045710440711471366,PASS,0.9998119509144086,0.9997117812188818,0.9998536488158846,FAIL,7431.6928058572985,3964.4045524957705,12051.015486513852,4,5,39,49,4,7
F10716,F11,P01,64,true,PASS,6.512418646817542,4.290000986669891,10.05421882529595,PASS,-0.03854993934364212,-0.040281624425677134,-0.03541925773557355,PASS,0.06199466765873016,0.01,0.11895138888888888,FAIL,-0.14124997831313446,-0.3041090978729231,0.0021773273452331357,PASS,-0.003040843693358602,-0.053375334191371186,0.04556264754277127,PASS,0.6304123830059154,0.6288879665695375,0.6317651943465492,PASS,5.015180664062504,4.881075520833337,5.188226562500003,PASS,1546.1874490692785,1543.370563190592,1548.3704472658978,PASS,1.0023798280288583,0.6337281913279662,1.6306552138805155,PASS,0.31074977635748324,0.1651548693261746,0.5123599175736668,FAIL,3.6454905600971985,3.482447965045161,3.760861110019102,PASS,0.5676395078013639,0.363033145264036,0.730274797422601,FAIL,0.6142751479289941,0.6142751479289941,0.6142751479289941,FAIL,0.0015833221189812052,0.0015833221189812052,0.0015833221189812052,PASS,0.08879022080240917,0.08879022080240917,0.08879022080240917,FAIL,0.2222970516048579,0.2222970516048579,0.2222970516048579,PASS,0.2109926998463887,0.2109926998463887,0.2109926998463887,PASS,0.43707032995168577,0.4370703299516857,0.4370703299516857,PASS,-1.8979261648342827,-3.853995227768667,-0.7536054386980877,PASS,2.195541499197203,0.8487153644427758,4.98575280661108,PASS,2.09701065813648,1.0601200530208978,2.8431183972392513,PASS,-1.3459025300239547,-1.9468444811852266,-0.811235837126245,PASS,1.2657796146890017,1.010404322079459,1.5049679635120656,PASS,2.119053126342137,1.7227048254615704,2.475595020782966,PASS,-1.5960973470649014,-4.2144964126364135,-1.0036939065965773,PASS,1.822714927404482,0.7958175658422251,3.4983127572192183,PASS,1.8284502590065672,1.1627603736097993,2.432799402945161,PASS,-1.57111149309425,-4.849218998166645,-0.20194899191135995,PASS,1.6661790855379428,0.290921048084246,3.9861467549039986,PASS,1.9886963990653468,0.7690899203074145,2.8173933979174905,PASS,-0.20621021778821919,-0.26925770351109024,-0.132942023246566,PASS,0.22153937253045508,0.09092561482956026,0.34386381970945423,PASS,1.4463367984283804,0.8167709402002611,2.522370580233964,PASS,-1.447439291550487,-2.4344512483910234,-0.6340342878288818,FAIL,1.2113485223793161,0.4778771505946231,2.69629665227865,PASS,2.0893525048865738,1.2706976260217868,2.5202162114469444,PASS,0.02282251023011434,0.020522773049170887,0.02423263625032955,FAIL,0.18278124999999998,0.171,0.184,FAIL,4.496311998777953,3.265901574388521,6.319142857495192,PASS,0.35886461618879995,0.02684345054288754,0.6021391948221249,PASS,0.6849962302128974,-0.001137929752433292,0.9141611933471794,PASS,0.8411504474435277,0.3892163211513515,0.9482755433524983,FAIL,0.5533662927206047,0.17646257088433953,0.7458665995612865,PASS,0.22733937585240155,-0.24775865074212478,0.5666485795716999,PASS,0.3669087514053261,-0.026397537883442415,0.6129455966274482,PASS,0.21891143793610796,-0.15903020738349244,0.44863103382193426,PASS,0.7635468554036196,0.12098007422827138,0.9535648101171172,PASS,0.5332564966523451,-0.01722310116339438,0.7689975328411093,PASS,0.612175257186435,0.03211794902926303,0.8075316870995927,PASS,0.3890625,0.1,0.6712499999999999,FAIL,23.703501556780342,8.35986370989572,57.186617153884555,PASS,-0.16727983048106249,-0.32705236188579734,-0.004897345451405523,PASS,0.9998648965815047,0.999758588312024,0.9998934949767659,FAIL,8191.934595177426,4939.712983039406,13080.960549012354,4,5,39,49,4,7
F11052,F11,P01,64,true,PASS,6.508548906168201,4.1033909604498815,8.940891221900234,PASS,-0.03226410251705372,-0.03381891961443292,-0.03061592418474775,PASS,0.06598524305555556,0.02,0.11924702380952376,FAIL,-0.1227422293698479,-0.3210736846021589,0.043129972430382246,PASS,0.001496983966666875,-0.031020971534558142,0.04067332430264028,PASS,0.6278406189487152,0.6261165471471468,0.6293737099884095,PASS,5.0084212239583366,4.868494791666671,5.1678411458333375,PASS,1546.2974809830607,1543.7024022740836,1548.5752396282317,PASS,1.038149165799961,0.652305185416755,1.8244432396952965,PASS,0.29172409205969074,0.13710198498214696,0.5107401877860998,FAIL,3.695266690756216,3.5236752166491687,3.7963019142193053,PASS,0.63272383238391,0.46650991705069433,0.7846635729846396,FAIL,0.6142751479289941,0.6142751479289941,0.6142751479289941,FAIL,0.0015833221189812052,0.0015833221189812052,0.0015833221189812052,PASS,0.08879022080240917,0.08879022080240917,0.08879022080240917,FAIL,0.2222970516048579,0.2222970516048579,0.2222970516048579,PASS,0.2109926998463887,0.2109926998463887,0.2109926998463887,PASS,0.43707032995168577,0.4370703299516857,0.4370703299516857,PASS,-1.6530303939428004,-3.853995227768667,-0.7718975649073765,PASS,1.8620607636810589,0.8458101655933249,4.98575280661108,PASS,2.0298456232547872,1.0631903818306119,2.7849110850385417,PASS,-1.2900046160552865,-1.9493287362007612,-0.8876651725029807,PASS,1.2270265598281829,1.0790353628064293,1.3718563463370648,PASS,2.1196661228270246,1.7390844987365537,2.513661782262959,PASS,-1.4259864194033272,-4.2144964126364135,-1.0067436326620935,PASS,1.6462936911684045,0.8182902522264549,3.4983127572192183,PASS,1.76818230645757,1.0265720103256264,2.314696423413697,PASS,-1.0782694150651093,-4.849218998166645,-0.19835675357613844,PASS,1.4891267536573434,0.26351687942936736,3.9861467549039986,PASS,1.949531750628074,0.8616005651085001,2.8004033044613568,PASS,-0.20152787817881607,-0.26663141401496165,-0.12993323741111945,PASS,0.22755620905221974,0.08580476854819803,0.3354053995565045,PASS,1.5375002542252774,0.8269381244285335,2.399619781699806,PASS,-1.389224304664264,-2.506810846215132,-0.600206333954843,FAIL,1.243365797669677,0.5172415257579122,3.602076226389602,PASS,2.0217763804745488,1.2780286965956833,2.6490064203346266,PASS,0.02264705006849114,0.020773594084368876,0.02413463527974552,FAIL,0.18298437499999998,0.171,0.184,FAIL,4.508290454424957,3.2593574597206003,5.789755704656929,PASS,0.32079028823212774,0.011038997509744724,0.6062344083399096,PASS,0.6311821680678427,-0.06178285301079833,0.9076607041417328,PASS,0.822805008949578,0.35676295917136924,0.9453566567269801,FAIL,0.49809417910401427,0.03636539171306707,0.7877441565435767,PASS,0.17379205557920968,-0.3242536149774914,0.590231037224623,PASS,0.32969857659606505,-0.009440991056262272,0.6712746134833545,PASS,0.17837441773831175,-0.1743242679957851,0.5431332204134083,PASS,0.721899373500609,0.14298303917856114,0.9483822165774981,PASS,0.4752127581761857,-0.0701704178176647,0.7774928769848486,PASS,0.5705309299653314,-0.011409409753540989,0.8288137530448989,PASS,0.40859375,0.2,0.7,FAIL,22.75302879775615,10.632631104371649,44.57027236912964,PASS,-0.14462236465978656,-0.3816191613350839,0.02103214413879815,PASS,0.9998941999757734,0.9998327078676906,0.9999201645039506,FAIL,7688.900989628665,5073.155666480636,11224.431027452549,4,5,39,49,4,7
F12460,F13,P01,64,true,FAIL,23.342829571822115,17.981552424724086,28.699529159883223,PASS,-0.05422847331335191,-0.05770870718830362,-0.05139428189028624,PASS,0.05893973214285714,0.02,0.11822222222222219,PASS,0.14844280476207,0.0002282161730816903,0.31690909652019505,PASS,-0.026821759722821425,-0.10185618668933297,0.02410570265625111,PASS,0.6350990779357162,0.6332171363379042,0.6371308930524443,PASS,5.013808593750004,4.862341145833337,5.186921875000004,PASS,1546.2097839845972,1543.391801231066,1548.675410266235,PASS,0.9459424245186026,0.5300204738545591,1.524862114697557,PASS,0.2903469237740161,0.15430635377026322,0.49866791190275644,FAIL,3.552795224869889,3.422489515176465,3.6396682890334544,PASS,0.3796779643254605,0.24863050880955848,0.48011799804281396,FAIL,0.6142751479289941,0.6142751479289941,0.6142751479289941,FAIL,0.0015833221189812052,0.0015833221189812052,0.0015833221189812052,PASS,0.08879022080240917,0.08879022080240917,0.08879022080240917,FAIL,0.2222970516048579,0.2222970516048579,0.2222970516048579,PASS,0.2109926998463887,0.2109926998463887,0.2109926998463887,PASS,0.43707032995168577,0.4370703299516857,0.4370703299516857,PASS,-1.8182163946763144,-4.504759420353543,-0.7079713259812925,PASS,2.1310179027697806,0.8316181945235279,4.98575280661108,PASS,2.0843875342417375,1.0020731892290335,2.8962586845951326,PASS,-1.3095696374215366,-1.9493287362007612,-0.8683438676934039,PASS,1.2456098227926116,1.0793603489302706,1.3932659071414357,PASS,2.0896976446541133,1.72997132672674,2.4713866607149435,PASS,-1.5179233335523503,-4.2144964126364135,-1.0054474990842492,PASS,1.7889180844098531,0.9061540203477034,3.4983127572192183,PASS,1.8057658701624781,1.1275217552605163,2.435601230978586,PASS,-1.3512223639080156,-4.849218998166645,-0.19087185457735797,PASS,1.614414841567828,0.2555219041869952,3.9861467549039986,PASS,1.8944122965959278,0.5073746194977574,2.6685135940384637,PASS,-0.2027064413297643,-0.27016302657007807,-0.13014815219933792,PASS,0.22926815608847795,0.09093476711173608,0.3414875757805377,PASS,1.4875426940918008,0.935500744811244,2.4661835050028458,PASS,-1.24724634389792,-2.3718005735357743,-0.5494657114360281,FAIL,1.2212083396600553,0.5543928441089864,2.8306152573246384,PASS,2.002526128375675,1.2267997060312017,2.6715279135828203,PASS,0.02239760371114294,0.02088539433801088,0.023982598157667793,FAIL,0.1816640625,0.171,0.184,FAIL,4.514440465452173,3.30994961251017,5.986511482614098,PASS,0.34056761203141717,0.02303266147385212,0.6054028826630181,PASS,0.6556215432071495,-0.19350998527501553,0.9197416187813647,PASS,0.80333201336182,-0.04769508718238179,0.9481211907048916,FAIL,0.5192688693908214,0.04202969352061314,0.7827105142698015,PASS,0.20710327388961117,-0.2448675705926464,0.5764981336406884,PASS,0.3498116587964907,-0.026676603042630448,0.6540872063481825,PASS,0.19650592791105995,-0.1747411259290871,0.49505884571878195,PASS,0.7519992358550166,0.10047684582471593,0.952998807546868,PASS,0.496849285642702,-0.11148468738889539,0.7648043710671952,PASS,0.5629703945750106,-0.2159933321807418,0.8145834585669476,PASS,0.381640625,0.18583333333333335,0.6070833333333332,FAIL,31.459740159419937,17.90589736234544,57.72985557950472,PASS,-0.16399377332929332,-0.3299578439340004,0.02891738174365709,PASS,0.9998167317909264,0.9997037195545583,0.9998903822772884,FAIL,12074.595098996311,7884.465505367531,20169.52464632193,4,5,39,49,4,7
F12878,F13,P01,64,true,FAIL,24.278343475677193,18.6060361242154,28.979620626442458,PASS,-0.05561717333373055,-0.05885357446062713,-0.05327859358689118,PASS,0.06001798115079365,0.025750000000000002,0.11413392857142854,PASS,0.1395641409373065,-0.03636651466588597,0.330923373295018,PASS,-0.029639230835835494,-0.09550538867709443,0.016398677479600356,PASS,0.6354718088453707,0.6334688482342958,0.6368581596183472,PASS,5.007010091145838,4.873442708333338,5.186708333333336,PASS,1546.3204517678546,1543.3952773175308,1548.4946961613646,PASS,0.9812948442613321,0.5698730776087853,1.59259479666416,PASS,0.30647224268354006,0.1352886682964059,0.47156582907877675,FAIL,3.542769765544445,3.4469561028529747,3.6494657070605387,PASS,0.36955116019708356,0.22142235481343384,0.5171000000116187,FAIL,0.6142751479289941,0.6142751479289941,0.6142751479289941,FAIL,0.0015833221189812052,0.0015833221189812052,0.0015833221189812052,PASS,0.08879022080240917,0.08879022080240917,0.08879022080240917,FAIL,0.2222970516048579,0.2222970516048579,0.2222970516048579,PASS,0.2109926998463887,0.2109926998463887,0.2109926998463887,PASS,0.43707032995168577,0.4370703299516857,0.4370703299516857,PASS,-1.939864835131858,-4.504759420353543,-0.7135357993618631,PASS,2.248304505353303,0.8490254357246612,4.98575280661108,PASS,2.1920853038608485,1.0659912397280753,3.0505915027048975,PASS,-1.2732355616874953,-1.9493287362007612,-0.7864163446091642,PASS,1.2510875813477882,1.0790996042495142,1.4407392810989532,PASS,2.0752336878783093,1.7601455686518932,2.5023092457438243,PASS,-1.4631984326005392,-4.2144964126364135,-0.9815976591498493,PASS,1.9117493218590158,0.8287517143418687,3.4983127572192183,PASS,1.905507879351354,1.1087830182952252,2.5010899534222277,PASS,-1.4229885801714812,-4.849218998166645,-0.17940355225867952,PASS,1.8090004780076554,0.2930877193545689,3.9861467549039986,PASS,1.9981890845313577,0.8625556284045418,2.8155762004949385,PASS,-0.20388162930068768,-0.26744581269782036,-0.12276609466169615,PASS,0.21524601071723365,0.08661403093059841,0.3354053995565045,PASS,1.5154924342712857,0.91469143363116,2.4457224402115583,PASS,-1.4684289404345972,-2.425022907514226,-0.6178451839290294,FAIL,1.12445060585413,0.5168067417743631,1.8541483254192006,PASS,2.02927206706076,1.4242594876745436,2.5397479258845603,PASS,0.022546372032522306,0.020606163239203626,0.023869839396476005,FAIL,0.18369531249999999,0.1775,0.184,FAIL,4.502712770391671,3.2256595785835467,5.968726317920211,PASS,0.34248068795221054,0.0007003481150153817,0.5957307336833476,PASS,0.6389211153984389,-0.1627344178955498,0.9106927927353646,PASS,0.7900433278906323,-0.02720930001707844,0.940916433945379,FAIL,0.5197905648606609,0.10394969057455151,0.7382685315888884,PASS,0.20442512449129308,-0.24886457345575155,0.5143909874663782,PASS,0.34712497994320846,-0.07094016965550787,0.6134671251432707,PASS,0.2048652884004481,-0.19658636919247072,0.5008139368523095,PASS,0.7300315849183934,0.11503590487325284,0.9460994130121779,PASS,0.4925558936985428,-0.053682080984561176,0.7598295612865276,PASS,0.5617987994618461,-0.17796083438081126,0.804888559292853,PASS,0.37226562500000004,0.15958333333333333,0.6,FAIL,31.33920415423847,16.232991983946075,66.46723883432904,PASS,-0.18711802792558313,-0.3368492570822248,-0.03526382721665332,PASS,0.9998159319750421,0.9996117035879196,0.99989814318707,FAIL,12556.946125636707,7309.271747642294,19111.142113823505,4,5,39,49,4,7
F13033,F13,P01,64,true,FAIL,24.795128952768003,19.76363171974944,29.195447463460578,PASS,-0.052123853409962576,-0.05573285462059978,-0.04917566994919654,PASS,0.06313306051587302,0.01,0.09992559523809522,PASS,0.12216612801746997,-0.029027001327628775,0.367916339069489,PASS,-0.0271636658321649,-0.08664672054002567,0.03820146159137398,PASS,0.6354202413117603,0.6336371539467806,0.6372265431814693,PASS,5.004220377604171,4.868132812500004,5.19104947916667,PASS,1546.3658634462133,1543.3246110231796,1548.5811320187024,PASS,1.0646138565933263,0.6115174024330072,1.882960162423887,PASS,0.3188272870192793,0.13153482497754773,0.48729049284900805,FAIL,3.544203622031622,3.447614926711712,3.6400266666953063,PASS,0.37174955728421333,0.225370298372651,0.5196448603936327,FAIL,0.6142751479289941,0.6142751479289941,0.6142751479289941,FAIL,0.0015833221189812052,0.0015833221189812052,0.0015833221189812052,PASS,0.08879022080240917,0.08879022080240917,0.08879022080240917,FAIL,0.2222970516048579,0.2222970516048579,0.2222970516048579,PASS,0.2109926998463887,0.2109926998463887,0.2109926998463887,PASS,0.43707032995168577,0.4370703299516857,0.4370703299516857,PASS,-1.8413752247961213,-3.3729956071624545,-0.7394324738305569,PASS,2.2134484637276706,0.8577324012527258,4.98575280661108,PASS,2.0464812196193565,0.939541163514644,2.7852189893322508,PASS,-1.300242845656165,-1.9493287362007612,-0.8207197692532852,PASS,1.2601474251378684,0.9653339013427781,1.4407392810989532,PASS,2.115113968680297,1.7576232613501201,2.528788690637801,PASS,-1.6312108635211238,-4.2144964126364135,-1.0067436326620935,PASS,1.8430538015796334,0.9046563311184496,3.4983127572192183,PASS,1.8348738488543483,1.045771511493793,2.2713673501092937,PASS,-1.5323474226083191,-4.849218998166645,-0.182505801303487,PASS,1.6351043801502634,0.2851019713098739,3.9861467549039986,PASS,1.9422598148708987,0.29885626924603187,2.9038939033127456,PASS,-0.19987376420355057,-0.2670396969631327,-0.13014815219933792,PASS,0.22444467331815088,0.0941283547238813,0.3354053995565045,PASS,1.5111859266390586,0.90878729967102,2.5336364548902455,PASS,-1.5201036807409598,-2.5397862655535577,-0.6479923579507771,FAIL,1.1214180420817181,0.523839171490935,3.526723239629721,PASS,1.9869238180968645,1.3584151267579498,2.5782279860020925,PASS,0.022719848658913775,0.021195347435493204,0.02377878635296857,FAIL,0.18308593749999996,0.171,0.184,FAIL,4.557488986693966,3.417423588458612,5.6256530941123515,PASS,0.34850371470207875,0.01476285934865026,0.6650769574189094,PASS,0.6640606646051816,-0.04426546745066334,0.9299728070919221,PASS,0.834161563432382,0.39812571057049756,0.9559474163688677,FAIL,0.5325217009799412,0.16134004428938387,0.7655385598977655,PASS,0.2141512514574453,-0.23404982173940428,0.5841584121950821,PASS,0.35518457876739495,-0.005267005624638927,0.6609406122025062,PASS,0.2047958827413502,-0.198842931851189,0.48010943393607486,PASS,0.7546217472880274,0.10996722819090805,0.9625168329508906,PASS,0.500000263591181,-0.07377395383397706,0.7734266970723432,PASS,0.5826224781990498,-0.018596625686099585,0.8127874573090828,PASS,0.38046875,0.1,0.6212499999999999,FAIL,29.793834867518903,13.192226150291427,63.511561893443734,PASS,-0.17695481666809748,-0.33745650151211853,0.03790364187168618,PASS,0.9998048191836395,0.9996324682204761,0.9999006280678594,FAIL,12923.45458929325,6375.478974995226,18167.724508812975,4,5,39,49,4,7
F13119,F13,P01,64,true,FAIL,24.438427253934915,19.626307009194086,29.6131807795912,PASS,-0.0544901170678382,-0.05681881027012821,-0.05236502011082939,PASS,0.0594314236111111,0.01575,0.11413690476190474,PASS,0.13782602189495524,-0.016147392855862468,0.3301201753340029,PASS,-0.02581009985860657,-0.09881462563199642,0.03390875923044277,PASS,0.6358826781458549,0.6341187369007586,0.6380047426983327,PASS,5.010582682291671,4.890093750000005,5.17912760416667,PASS,1546.2622962054293,1543.5186783870306,1548.2236461997086,PASS,0.9928686105196598,0.5805568586224293,1.8188239450326005,PASS,0.2845538247330358,0.1181241937026121,0.493841662400765,FAIL,3.5378633267734383,3.440846214711131,3.627180012829462,PASS,0.37086578817861815,0.2173664551881283,0.5309932816068921,FAIL,0.6142751479289941,0.6142751479289941,0.6142751479289941,FAIL,0.0015833221189812052,0.0015833221189812052,0.0015833221189812052,PASS,0.08879022080240917,0.08879022080240917,0.08879022080240917,FAIL,0.2222970516048579,0.2222970516048579,0.2222970516048579,PASS,0.2109926998463887,0.2109926998463887,0.2109926998463887,PASS,0.43707032995168577,0.4370703299516857,0.4370703299516857,PASS,-1.6919830873459825,-3.853995227768667,-0.714513645134105,PASS,2.0792540995307385,0.8563744341520184,4.98575280661108,PASS,2.092517006632667,1.0535294411216691,2.895417542908565,PASS,-1.334570090680819,-1.9493287362007612,-0.8659620003269142,PASS,1.2141522905584545,0.8665186939718923,1.3932659071414357,PASS,2.080584330309175,1.7470706239030855,2.5161405468081597,PASS,-1.493490308789208,-4.2144964126364135,-0.9449023472055605,PASS,1.8383594027633305,0.8890898114715362,3.4983127572192183,PASS,1.8924348419679093,1.104549479808239,2.4646636761497063,PASS,-1.3086693314622138,-4.849218998166645,-0.19349666641672106,PASS,1.5620084300038681,0.28505493502493373,3.9861467549039986,PASS,1.9979691900212988,0.7182522661141344,2.8881306532087403,PASS,-0.20036001277206636,-0.2670396969631327,-0.118231972787372,PASS,0.20492710836788414,0.09092561482956026,0.3354053995565045,PASS,1.4950500812624463,0.8214264227942148,2.3924938863139262,PASS,-1.3599020606217502,-2.3197063360841157,-0.6161205105499368,FAIL,1.1996016417393744,0.5415916524881265,2.5970176833316163,PASS,1.9369392748919727,1.0388166327989388,2.5276802530967726,PASS,0.022580182780512013,0.020661860570347187,0.024436988504748316,FAIL,0.18328906249999996,0.1775,0.184,FAIL,4.487688202338248,3.3158445661314757,5.71977321111863,PASS,0.3551986607265186,0.019035842664720994,0.6348679369833894,PASS,0.6475230475044181,-0.1652972014268764,0.9239170610081393,PASS,0.8116032418929914,-0.03570127883365664,0.9545730539470411,FAIL,0.5034416943120292,0.07061553664271109,0.7681871492214839,PASS,0.21740775334254633,-0.26257206098680724,0.5870416486356961,PASS,0.345367291626247,-0.07312832697953978,0.6451817180618703,PASS,0.184969328198258,-0.17006541828816074,0.47936342301101476,PASS,0.7362473003730142,0.13683332552433916,0.9584279974433618,PASS,0.47925337131914514,-0.05070640225334665,0.7834129361243681,PASS,0.5456734846073115,-0.1787926735089233,0.8123832802383337,PASS,0.3436197916666667,0.1,0.5664583333333332,FAIL,34.84322377193503,17.377094725670908,68.88915530126924,PASS,-0.1928272733840281,-0.3419226734938652,-0.019464028250913742,PASS,0.9998062688025839,0.999581058907381,0.9999019012696653,FAIL,12637.160939936377,6541.277064150297,18662.07240804074,4,5,39,49,4,7
F13239,F13,P01,64,true,FAIL,24.51244768127568,18.4688082665843,29.41596669805881,PASS,-0.056148676694678046,-0.059934297310195735,-0.05376225892382342,PASS,0.06015066964285713,0.01575,0.0998581349206349,PASS,0.14806956950898767,-0.005790678461943514,0.3417353240328454,PASS,-0.03149795438065309,-0.08377717829075307,0.0033488582950070727,PASS,0.6357730231969927,0.6340544829927536,0.637058906250873,PASS,4.998105468750004,4.829304687500004,5.177518229166671,PASS,1546.4654035136537,1543.5448762094113,1549.2131862771155,PASS,1.0417557091159637,0.57125639492975,1.70586863756384,PASS,0.3045379773599331,0.11289068541796136,0.525980579066758,FAIL,3.5389900469911497,3.457100305751018,3.6457464006157467,PASS,0.3460258680544379,0.24503966009321124,0.48187788453738717,FAIL,0.6142751479289941,0.6142751479289941,0.6142751479289941,FAIL,0.0015833221189812052,0.0015833221189812052,0.0015833221189812052,PASS,0.08879022080240917,0.08879022080240917,0.08879022080240917,FAIL,0.2222970516048579,0.2222970516048579,0.2222970516048579,PASS,0.2109926998463887,0.2109926998463887,0.2109926998463887,PASS,0.43707032995168577,0.4370703299516857,0.4370703299516857,PASS,-1.7850568607695667,-3.853995227768667,-0.7092942937907962,PASS,2.0585003113423,0.8490254357246612,4.98575280661108,PASS,2.0345606131877005,0.9407998919754,3.074577873999642,PASS,-1.3303717331026843,-1.9493287362007612,-0.7926748899346356,PASS,1.257336293215109,1.0519231713550612,1.3932659071414357,PASS,2.1510212974153804,1.6724006448758602,2.5191923604646242,PASS,-1.4565516125340858,-4.2144964126364135,-0.9587422506692432,PASS,1.722891848728708,0.7634895454592557,3.4983127572192183,PASS,1.8117616922134945,1.1101798249112091,2.419922590947772,PASS,-1.2511083759813932,-4.849218998166645,-0.20030414726371762,PASS,1.6111520302111275,0.2878789956951264,3.9861467549039986,PASS,1.9187535060473357,0.3066123099539103,2.897875072904881,PASS,-0.1994513785000131,-0.2678540956459914,-0.13028852934975946,PASS,0.2271841242508052,0.0941283547238813,0.33799032445171856,PASS,1.522063903673096,0.9663927431901778,2.4649225296492245,PASS,-1.3795197242129067,-2.3274656772496396,-0.7453702584419652,FAIL,1.2102191709138697,0.533798674315306,2.518928553106985,PASS,1.9890859766763551,1.2070725199992731,2.585159071184177,PASS,0.022660053809827024,0.020720133249880198,0.02428379990497116,FAIL,0.18257812499999998,0.171,0.184,FAIL,4.582697688464343,3.394731556443975,6.09569313486947,PASS,0.31533093943132234,-0.04713774671204024,0.6126416904672802,PASS,0.6343287938883093,-0.08241811772819867,0.9193131188468795,PASS,0.8166332693090765,0.057466917239633125,0.9494655570353127,FAIL,0.5105812332947515,0.03322893415095419,0.7774667881901443,PASS,0.18321887153277464,-0.28509522268383275,0.5321129094801419,PASS,0.3332849343373544,0.016984344338751223,0.6094124843171602,PASS,0.18353124685301553,-0.19808048901037323,0.46474683718257903,PASS,0.7212955072088998,0.15450966658129828,0.9564156915469779,PASS,0.48039798098229036,-0.0982628739937768,0.7663651478592967,PASS,0.5736323190142734,-0.1633696522452009,0.8165913360989348,PASS,0.3622395833333333,0.1,0.6,FAIL,30.833802602162628,16.767292920556088,64.5716897888684,PASS,-0.18304267839018157,-0.35563593387996245,0.014408265660139,PASS,0.999816623998234,0.9996981737563676,0.9999043104895169,FAIL,12439.721482244575,5662.338518929742,18440.044867357825,4,5,39,49,4,7
F13430,F14,P01,64,true,FAIL,24.179443510110723,19.862461673170454,28.236400252477083,PASS,-0.05546054222764055,-0.05829587372763822,-0.05295342381518152,PASS,0.06805865575396826,0.01,0.12814980158730155,PASS,0.12440805735430038,-0.025875829604698995,0.35833583659690627,PASS,-0.03207286542479043,-0.12624278357609722,0.04341319348588426,PASS,0.6348586223180352,0.6332844162037757,0.6367023074295947,PASS,5.003517252604171,4.847916666666671,5.175744791666671,PASS,1546.377309096768,1543.5737446835885,1548.9102156678011,PASS,1.0295942933897808,0.6361319421990459,1.913079710759233,PASS,0.29999989578016245,0.13268490118387033,0.5010911525646173,FAIL,3.544480496979333,3.4139961359895583,3.631769358163999,PASS,0.3776824894205399,0.2612083576048748,0.5369372793884705,FAIL,0.6142751479289941,0.6142751479289941,0.6142751479289941,FAIL,0.0015833221189812052,0.0015833221189812052,0.0015833221189812052,PASS,0.08879022080240917,0.08879022080240917,0.08879022080240917,FAIL,0.2222970516048579,0.2222970516048579,0.2222970516048579,PASS,0.2109926998463887,0.2109926998463887,0.2109926998463887,PASS,0.43707032995168577,0.4370703299516857,0.4370703299516857,PASS,-1.5903562164679388,-3.3729956071624545,-0.7325300330853204,PASS,1.8537655481857507,0.8487153644427758,4.98575280661108,PASS,1.955057196671739,0.8780928231331837,2.7815564752012247,PASS,-1.3053626495157284,-1.9493287362007612,-0.7489817270730703,PASS,1.2473001877055199,1.0155841667530339,1.3932659071414357,PASS,2.104132441632077,1.774616029189766,2.5183701074908518,PASS,-1.5117266844929542,-4.2144964126364135,-1.0067436326620935,PASS,1.7195583955225153,0.9348878064984656,3.4983127572192183,PASS,1.7659381366355587,1.0780368534944833,2.3991887832077565,PASS,-1.219340806822466,-4.849218998166645,-0.19835675357613844,PASS,1.411667009242882,0.252765403950834,3.9861467549039986,PASS,1.8193189546781032,0.26477493164317406,2.8002794503114146,PASS,-0.19685747349468014,-0.2689559291580943,-0.11750768972762952,PASS,0.208424057625383,0.08661403093059841,0.3333780074818268,PASS,1.4947279127166073,0.8258188324834945,2.5126513030415496,PASS,-1.253683169480135,-2.42807653104064,-0.5848668095971118,FAIL,1.4849500963291709,0.5162180576481206,4.743625237831135,PASS,2.0864813447518413,1.0683275000510712,3.027261708672437,PASS,0.022684183774622987,0.020949090400736507,0.024081885844358525,FAIL,0.18359374999999994,0.178475,0.184,FAIL,4.592744008524049,3.4495454320470764,5.946787740798191,FAIL,0.35388909444839145,0.07121771736228925,0.5836400577340379,PASS,0.6371906877956812,-0.14800989149000504,0.9115954891543594,PASS,0.7912531376809304,-0.04624814670026037,0.9488138692176096,PASS,0.49740859345651633,-0.06501441725124185,0.7765149744706487,PASS,0.191022753639571,-0.2886005535042244,0.5059415851226842,PASS,0.3312824249628962,-0.04944959733303782,0.5918912698321056,PASS,0.16864935785849133,-0.21895934393210642,0.48246521737657894,PASS,0.7446437782157005,0.15709637082301534,0.9521338376540532,PASS,0.48533130708047334,-0.076281003003594,0.7823378021486747,PASS,0.5410298572826338,-0.21905971820137918,0.8211957309893669,PASS,0.4096354166666667,0.1,0.6712499999999999,FAIL,34.440511502707054,9.164703347364043,72.46598091680517,PASS,-0.18172065838648205,-0.30422728847827635,0.08121622554204339,PASS,0.9997747959954045,0.9995015801234197,0.9998851196063979,FAIL,13283.752052436605,6380.661897008919,20378.06717496162,4,5,39,49,4,7
F13769,F14,P01,64,true,FAIL,23.834113203315823,19.78404473848362,27.928062422189022,PASS,-0.05836110426293488,-0.06113574139474204,-0.05538260041936447,PASS,0.05858134920634921,0.01638888888888889,0.11341567460317455,PASS,0.138940708797695,-0.006180601411712703,0.3679096612719251,PASS,-0.03212997718617409,-0.10778965055205166,0.04509304337793272,PASS,0.6348025936674506,0.6327707904477756,0.6367129255267379,PASS,4.989189453125004,4.838971354166671,5.116463541666671,PASS,1546.6105407213827,1544.5387401992505,1549.0558297776367,PASS,1.0443942403208912,0.551405617768309,1.6284246796267925,PASS,0.28181674593241113,0.15394973455663916,0.4510811020649412,FAIL,3.5476073828083936,3.4088956731346918,3.65352763487756,PASS,0.3755795250184837,0.20710273305729052,0.5249786108240909,FAIL,0.6142751479289941,0.6142751479289941,0.6142751479289941,FAIL,0.0015833221189812052,0.0015833221189812052,0.0015833221189812052,PASS,0.08879022080240917,0.08879022080240917,0.08879022080240917,FAIL,0.2222970516048579,0.2222970516048579,0.2222970516048579,PASS,0.2109926998463887,0.2109926998463887,0.2109926998463887,PASS,0.43707032995168577,0.4370703299516857,0.4370703299516857,PASS,-1.8225595698586108,-3.3729956071624545,-0.7475819286293871,PASS,2.128447328595815,0.8563744341520184,4.98575280661108,PASS,2.0856143604818635,1.0208530758777243,2.971361988526991,PASS,-1.270067284765653,-1.9479002895668287,-0.8592133761218603,PASS,1.2457984736831613,0.9852925462354991,1.4407392810989532,PASS,2.085693670580743,1.7328859294989174,2.4630500678102805,PASS,-1.6098488598890803,-4.2144964126364135,-0.9815976591498493,PASS,1.8192309278947882,0.9522715676854787,3.4983127572192183,PASS,1.858571377020107,1.1940535457192067,2.4332467709023673,PASS,-1.4609510138222412,-4.849218998166645,-0.2118214700226613,PASS,1.6525256510730908,0.2933106304440679,3.9861467549039986,PASS,2.0203577868346843,0.6281898522083624,2.824418295655743,PASS,-0.21088997691945355,-0.2678540956459914,-0.12477595564886189,PASS,0.22369795898040598,0.0924020569736387,0.3342396491135648,PASS,1.4899977194362632,0.8768402131491466,2.462714840543912,PASS,-1.3865230807908095,-2.381228914412572,-0.6993671286121483,FAIL,1.1724813880611924,0.5905860209669099,1.9534272943662345,PASS,1.9398430990900803,1.3168299650408661,2.5731526320839015,PASS,0.0225856928067228,0.020636699842406507,0.023799475023106573,FAIL,0.18318749999999998,0.171,0.184,FAIL,4.564519921147969,3.570214282474376,5.484859549106491,PASS,0.3613369702419552,0.017119225624468097,0.6247420420757945,PASS,0.6648997806583203,-0.03718712661010194,0.9177393880936605,PASS,0.8307100142298455,0.31892622479952404,0.9531357407489319,FAIL,0.5271115586258648,0.10619882620077259,0.782363284039227,PASS,0.21738144116423455,-0.338960020861196,0.5845169686482239,PASS,0.3657748116388897,-0.028287069417642755,0.6349162666509045,PASS,0.21620919828072718,-0.15275275549617842,0.5075442238982636,PASS,0.7501618777261805,0.14953521749450543,0.9548835280539725,PASS,0.4915805036904885,-0.12512192105607603,0.7921248813651564,PASS,0.5853768328495607,-0.019672708984779103,0.826196919681531,PASS,0.37083333333333335,0.1,0.6424999999999996,FAIL,29.01824260430714,12.2527637344293,57.06771752298903,PASS,-0.1767834380801411,-0.3449949279152242,0.04570922304509249,PASS,0.9997900564349289,0.999530090548045,0.9998848061364556,FAIL,12573.30204042454,6619.761637005735,21101.92453342908,4,5,39,49,4,7
F14179,F14,P01,64,true,FAIL,23.678343974231915,18.799618856436005,28.155502806002836,PASS,-0.05862772950987631,-0.0630727857294586,-0.055560355263705265,PASS,0.060156249999999994,0.02,0.10892361111111112,PASS,0.1938457513074947,0.07450048282308556,0.36267049101535515,PASS,-0.023211772944797274,-0.10943510559844245,0.04316741819771942,PASS,0.6352389165609028,0.6336247805558667,0.6367110743162132,PASS,4.993759765625004,4.820354166666671,5.14408854166667,PASS,1546.536143992777,1544.089053306343,1549.3588851695479,PASS,0.9851303949094246,0.5414164089092263,1.619422886570184,PASS,0.28120885897325465,0.1199260025134838,0.510901716813204,FAIL,3.5477527293191025,3.461414090745386,3.644429152929319,PASS,0.36670032979652556,0.23260794798344242,0.5125799810621606,FAIL,0.6142751479289941,0.6142751479289941,0.6142751479289941,FAIL,0.0015833221189812052,0.0015833221189812052,0.0015833221189812052,PASS,0.08879022080240917,0.08879022080240917,0.08879022080240917,FAIL,0.2222970516048579,0.2222970516048579,0.2222970516048579,PASS,0.2109926998463887,0.2109926998463887,0.2109926998463887,PASS,0.43707032995168577,0.4370703299516857,0.4370703299516857,PASS,-1.663043901735997,-3.3729956071624545,-0.7302292195035749,PASS,1.8195451773402893,0.8439729159864856,4.806027743416616,PASS,1.8932236942972558,0.816475762112284,2.6774062195521964,PASS,-1.3177616173631808,-1.952496161345568,-0.8298502608248288,PASS,1.2557814254812705,0.8829092892687439,1.5049679635120656,PASS,2.107625870233896,1.7997103952377476,2.458198086861394,PASS,-1.3804233339062364,-4.2144964126364135,-1.0036939065965773,PASS,1.7138935137719902,1.0145376462731321,3.0184793469263584,PASS,1.7649932358148668,1.0791297216303615,2.215185014269521,PASS,-1.1783832134879066,-4.849218998166645,-0.19349666641672106,PASS,1.3024053616229196,0.2778808607480902,3.2486281743758405,PASS,1.8102376695599491,0.2924904063001115,2.902125388117436,PASS,-0.20096025542824392,-0.26906119305797516,-0.115788595806877,PASS,0.1982566566387168,0.08661403093059841,0.3333780074818268,PASS,1.4358951709247891,0.891716176152908,2.483495905714186,PASS,-1.3903546307196994,-2.6212524976070335,-0.582472055000953,FAIL,1.0560400304417668,0.5200677214891406,1.9100993269793025,PASS,1.9630803470675948,1.1161512923638994,2.6108828203566676,PASS,0.022778876774488026,0.020963551148600785,0.024413376632783746,FAIL,0.18369531249999999,0.1812375,0.184,FAIL,4.70709783822706,3.4820677449662822,6.433913534109798,PASS,0.36803478591697364,0.009184967616837791,0.6478705774126136,PASS,0.6620150237100266,-0.16240395291633772,0.9148096522092158,PASS,0.8053437120191547,-0.03596607461777804,0.9469401867100837,FAIL,0.5568647726922304,0.14304939897230512,0.7909176526437668,PASS,0.22426817108209351,-0.2533490042525636,0.5685961923009454,PASS,0.34645234820079807,-0.07829741578561211,0.625169075824849,PASS,0.19726149046668576,-0.17024232891956645,0.486738972946247,PASS,0.765738178403846,0.12672430695185288,0.9601216501502221,PASS,0.5521305954430402,0.049021329738168154,0.775207572184553,PASS,0.5861203662869112,-0.18017248840709407,0.822249006087764,PASS,0.36588541666666663,0.15750000000000003,0.6,FAIL,37.057770632358555,17.16058433907575,70.33110278959184,PASS,-0.16139194442172367,-0.2751894879644058,-0.004699296262954641,PASS,0.9998032708484093,0.9996177799635915,0.9999053367263446,FAIL,12305.400929018451,8097.867586558395,19714.47152106236,4,5,39,49,4,7
F14540,F15,P01,64,true,FAIL,24.565806398895653,16.7128897670703,29.16146445339416,PASS,-0.05031703533208768,-0.05246929674119058,-0.04788190213923383,PASS,0.06291046626984127,0.011500000000000003,0.11346031746031746,PASS,0.17697552890953214,-0.003200988906746708,0.36136117288537495,PASS,-0.03496165852073907,-0.10942635616628812,0.02173101188536011,PASS,0.6360381657843319,0.6340815002350777,0.637761347102198,PASS,5.006347656250004,4.874093750000004,5.147325520833337,PASS,1546.3312350543729,1544.0363609224928,1548.484098336777,PASS,1.0169289358942644,0.6501023329807721,1.7295410362206776,PASS,0.2707841144231746,0.12838318504702861,0.4253906309296435,FAIL,3.5421689355203383,3.419565145357638,3.6439132491155792,PASS,0.35067331373077393,0.24733486778857938,0.5034856612429578,FAIL,0.6142751479289941,0.6142751479289941,0.6142751479289941,FAIL,0.0015833221189812052,0.0015833221189812052,0.0015833221189812052,PASS,0.08879022080240917,0.08879022080240917,0.08879022080240917,FAIL,0.2222970516048579,0.2222970516048579,0.2222970516048579,PASS,0.2109926998463887,0.2109926998463887,0.2109926998463887,PASS,0.43707032995168577,0.4370703299516857,0.4370703299516857,PASS,-1.6544639358405944,-3.3729956071624545,-0.7355210907415896,PASS,1.9697382519817745,0.8316868687692308,4.98575280661108,PASS,1.9497158989880208,0.960594788274978,2.806941277785074,PASS,-1.399551216247763,-1.9567815012473653,-0.79840463483672,PASS,1.26857234327226,1.0636341245301002,1.5229410496126419,PASS,2.0781968384469613,1.7074037267364583,2.4152885343382273,PASS,-1.5209309349450073,-4.2144964126364135,-1.0067436326620935,PASS,1.759020343197931,0.9046563311184496,3.4983127572192183,PASS,1.7954542362996442,1.1362259010990168,2.436523903647875,PASS,-1.2552883206732832,-4.849218998166645,-0.16415315664031968,PASS,1.4857752965293904,0.22073475206553497,3.9861467549039986,PASS,1.8499090755615175,0.4935094752772814,2.8445176101741367,PASS,-0.19266154890910542,-0.2669424405443957,-0.12276609466169615,PASS,0.20313709982985984,0.08660726620029455,0.3354053995565045,PASS,1.453660337178792,0.8162782762464161,2.4652125807540677,PASS,-1.2003210905817598,-2.3160131604166185,-0.5997743649341687,FAIL,1.257935987964093,0.6307913393339811,2.5745513582524997,PASS,1.8824386529148964,1.1780859448546628,2.4194889925248924,PASS,0.022570198434660932,0.020657561130178116,0.024008093630479895,FAIL,0.18339062499999997,0.1747375,0.184,FAIL,4.513188546850431,3.468290218359655,5.78012386964583,PASS,0.35449690189785044,0.028399834971988218,0.5905079347987992,PASS,0.6225026299260846,-0.21883369739310016,0.9136002615122342,PASS,0.783713156986699,-0.04994144210384625,0.9463288841135599,FAIL,0.5179713578039883,0.10391601030713599,0.7932456983291903,PASS,0.1924895938320476,-0.2628411525664103,0.5521334459868222,PASS,0.3298642801043019,-0.07294082277009953,0.6092055850908332,PASS,0.18260473004963668,-0.21339233863529133,0.470509292940033,PASS,0.7330610454202904,0.11696799845729072,0.9534549560582813,PASS,0.5104448306755014,-0.029737822537133297,0.7925550207454914,PASS,0.5534208536451114,-0.19306214274910674,0.8282502293434014,PASS,0.365625,0.05750000000000002,0.6,FAIL,33.54152347650006,17.769158989357372,64.66399539666783,PASS,-0.17642631276806442,-0.3442169176402145,0.03964892674344698,PASS,0.9998398391180778,0.9997008912495651,0.9999238990291905,FAIL,12795.522646922129,6223.695764862459,19288.547504752216,4,5,39,49,4,7
F14703,F15,P01,64,true,FAIL,24.81080367893903,20.42177810401332,29.57338043661567,PASS,-0.043015836206916,-0.04522877849990527,-0.039916898589944544,PASS,0.06035032242063493,0.01575,0.13498115079365075,PASS,0.11315109904592563,-0.04620348096646098,0.28458428223547516,PASS,-0.022610350259189144,-0.09616968066955416,0.0301240145744834,PASS,0.6356930675578323,0.6337716348531762,0.6375325885815266,PASS,5.003037109375004,4.810416666666671,5.163828125000004,PASS,1546.3851249924014,1543.7677272648425,1549.5206503640552,PASS,0.965885711945019,0.5840889192691627,1.5468938404330288,PASS,0.2728296899069671,0.13039464884068394,0.41334343456229294,FAIL,3.5421493198005916,3.444461341836701,3.650419989718428,PASS,0.36271416437221177,0.24008080012814365,0.5137463466085145,FAIL,0.6142751479289941,0.6142751479289941,0.6142751479289941,FAIL,0.0015833221189812052,0.0015833221189812052,0.0015833221189812052,PASS,0.08879022080240917,0.08879022080240917,0.08879022080240917,FAIL,0.2222970516048579,0.2222970516048579,0.2222970516048579,PASS,0.2109926998463887,0.2109926998463887,0.2109926998463887,PASS,0.43707032995168577,0.4370703299516857,0.4370703299516857,PASS,-1.7852136805017764,-3.853995227768667,-0.7315521873130786,PASS,2.0224220139508526,0.8508626853315004,4.98575280661108,PASS,2.0941900582516304,0.9799058502882413,2.7923386810370023,PASS,-1.331754773670433,-1.9493287362007612,-0.8053658741999432,PASS,1.2382828698600745,1.0167014131444807,1.4407392810989532,PASS,2.1644700329497857,1.75382889113662,2.4617149156607803,PASS,-1.4951060943132788,-4.2144964126364135,-1.0067436326620935,PASS,1.75664394149391,0.7070126892973413,3.4983127572192183,PASS,1.8869799334132518,1.1851573677663922,2.346138505235077,PASS,-1.346829023145865,-4.849218998166645,-0.18039034311500982,PASS,1.504615931818247,0.27002521103118937,3.9861467549039986,PASS,2.0043210531624194,0.6285401428151975,2.716947693391484,PASS,-0.2143498215809414,-0.27016302657007807,-0.13590905681477644,PASS,0.22022771301431238,0.1070905632672943,0.3354053995565045,PASS,1.4517450858757805,0.8333699497740076,2.381688759710626,PASS,-1.3629324195454726,-2.471580375021793,-0.658077772243552,FAIL,1.120360057986441,0.5550092999919811,1.9534272943662345,PASS,2.0020377477487403,1.0759190805059182,2.617901479297125,PASS,0.022543188660363353,0.02046605524375666,0.023834481811224262,FAIL,0.18339062499999997,0.1747375,0.184,FAIL,4.487704619072158,3.3439879405714246,5.764458650463484,PASS,0.36854444075663895,0.03120055897975645,0.6430851204638213,PASS,0.6747701462258534,-0.1549249875819581,0.923314659265154,PASS,0.8227983988505572,0.03581633695973085,0.9477684544353312,FAIL,0.5433049990428325,0.09098429389762719,0.7700164815937436,PASS,0.2313222726779159,-0.2873730267304117,0.5948436903994893,PASS,0.3667655823898005,-0.00032802574771657856,0.6672244430724298,PASS,0.20888471681855775,-0.2036510357619081,0.5158373007849855,PASS,0.7586714376677486,0.1297247071618156,0.9581211029241015,PASS,0.5333913488981945,-0.03976491344776279,0.766443255530338,PASS,0.5959448282350146,-0.20437643531621397,0.8138681346372684,PASS,0.35705729166666667,0.05750000000000002,0.6212499999999999,FAIL,33.598621780978405,15.520715682754117,70.4528506066879,PASS,-0.1377012399872743,-0.2854485282605768,0.04416278664394594,PASS,0.999842841227172,0.9997177086413905,0.9999192869905461,FAIL,12136.218277068474,6876.974369758141,21618.10042477328,4,5,39,49,4,7
F15970,F16,P01,64,true,FAIL,26.36806743928352,20.484479966530714,30.685649501286992,PASS,-0.045643797223226396,-0.04864029034123352,-0.043579061785065674,PASS,0.0580983382936508,0.02,0.10271230158730156,PASS,0.19005868511241164,0.012429362680246976,0.42115163109002496,PASS,-0.026735519384756372,-0.09502785404847645,0.050166008487455116,PASS,0.6368446647108523,0.6352904360923095,0.6385511769323551,PASS,5.005714518229171,4.865901041666671,5.126911458333337,PASS,1546.3415414387844,1544.3686663102662,1548.6174613613891,PASS,0.9988855479334905,0.6518011672021925,1.5242072802293776,PASS,0.3023453993665333,0.16015134288545363,0.5023934979281269,FAIL,3.563481112732488,3.470661715394586,3.673657020206205,PASS,0.3356517556005022,0.23545680013576056,0.45114984221322635,FAIL,0.6142751479289941,0.6142751479289941,0.6142751479289941,FAIL,0.0015833221189812052,0.0015833221189812052,0.0015833221189812052,PASS,0.08879022080240917,0.08879022080240917,0.08879022080240917,FAIL,0.2222970516048579,0.2222970516048579,0.2222970516048579,PASS,0.2109926998463887,0.2109926998463887,0.2109926998463887,PASS,0.43707032995168577,0.4370703299516857,0.4370703299516857,PASS,-1.8443818755226955,-4.504759420353543,-0.7536054386980877,PASS,2.0985878423334428,0.8468781148359366,4.98575280661108,PASS,2.0977957893235284,1.0669161376417815,2.887414609584731,PASS,-1.3079785845296952,-1.952496161345568,-0.811235837126245,PASS,1.265570353546169,1.0429147458358003,1.5049679635120656,PASS,2.100344415565168,1.72715293365835,2.4575225024857428,PASS,-1.5568122425878284,-4.2144964126364135,-0.960495843156915,PASS,1.8523562077240188,0.9678380873323921,3.4983127572192183,PASS,1.7613672404692502,1.0784976094373562,2.449130935946807,PASS,-1.3225676275454092,-4.849218998166645,-0.19349666641672106,PASS,1.7150669107050494,0.26226859054006785,3.9861467549039986,PASS,1.9111505902344472,0.8617809210414507,2.6787153512875737,PASS,-0.20638423369539635,-0.27179615836276205,-0.11993494143024962,PASS,0.21635497190386743,0.09092561482956026,0.3354053995565045,PASS,1.4954981805604504,0.8745597558521132,2.520834544737882,PASS,-1.2845679195470345,-2.2817342673131935,-0.6231191968963451,FAIL,1.1848457576737417,0.485437521576518,1.8541483254192006,PASS,1.9507856682021665,1.2710421066308435,2.4644721311724216,PASS,0.022773655761957196,0.020981470842535797,0.0244429822003252,FAIL,0.18359374999999997,0.1775,0.184,FAIL,4.500342262049761,3.54509961659435,5.804680078971293,PASS,0.34807934163240306,0.0018985719935280393,0.6281365085720002,PASS,0.6758877095779652,-0.13352607928211987,0.9195522463317607,PASS,0.8286155158609594,0.06584739083240002,0.9471276197896553,FAIL,0.5387837222563736,0.08061071592060064,0.786938922991021,PASS,0.21365764432927686,-0.31148639515855414,0.5946654464454049,PASS,0.3553819989951202,-0.01624800553503041,0.6631519508379143,PASS,0.2197704142320463,-0.16587376720115812,0.4735643057479916,PASS,0.7639864442015402,0.17153674461379118,0.9587132565384817,PASS,0.5166636761004777,-0.09129451344629032,0.7776272249192565,PASS,0.5999391553971264,-0.17335250825077608,0.8305952431934672,PASS,0.36354166666666665,0.12875,0.6,FAIL,31.339158798440423,16.738621578710067,56.85404775410753,PASS,-0.16520953089122503,-0.30761710581215623,0.04707771499948794,PASS,0.9998895553995535,0.9997667828647829,0.9999406062330807,FAIL,12622.631611579134,7289.161184879033,18833.536987868552,4,5,39,49,4,7
F16618,F17,P01,64,true,PASS,6.607787439579188,4.495444541758278,8.674027921592538,PASS,-0.047241893010012914,-0.050840433091937275,-0.0445648149114181,PASS,0.0583438740079365,0.030000000000000002,0.09813194444444445,FAIL,-0.11831908432507823,-0.32548344535543533,0.055582145894407596,PASS,-0.002907184014028403,-0.053285535919756856,0.029954021322213156,PASS,0.6340214156613733,0.6327883788556548,0.6353106824548547,PASS,4.99437174479167,4.843526041666671,5.125830729166671,PASS,1546.5261820376643,1544.3862586990817,1548.9816873968207,PASS,1.0357507354785542,0.5903050287051371,1.5011618927282493,PASS,0.29234692030867326,0.14690071621297557,0.472669636031913,FAIL,3.5782452739799586,3.4833100970618327,3.6830907693425172,PASS,0.45062007057714215,0.30800099924735824,0.5919006843452497,FAIL,0.6142751479289941,0.6142751479289941,0.6142751479289941,FAIL,0.0015833221189812052,0.0015833221189812052,0.0015833221189812052,PASS,0.08879022080240917,0.08879022080240917,0.08879022080240917,FAIL,0.2222970516048579,0.2222970516048579,0.2222970516048579,PASS,0.2109926998463887,0.2109926998463887,0.2109926998463887,PASS,0.43707032995168577,0.4370703299516857,0.4370703299516857,PASS,-1.7793976746758007,-3.3729956071624545,-0.7302292195035749,PASS,2.153953904142104,0.8508626853315004,4.98575280661108,PASS,2.0408834861371408,1.0611074335012247,2.9407943623368293,PASS,-1.356966569952072,-1.9493287362007612,-0.79840463483672,PASS,1.264980390936449,1.0312106156673444,1.560079899062328,PASS,2.1255189128590253,1.7722655151245987,2.538705503860883,PASS,-1.5217770989134212,-4.2144964126364135,-1.0036939065965773,PASS,1.8752147364976068,0.9678380873323921,3.4983127572192183,PASS,1.8440006822801636,1.1128411160802891,2.358821127328297,PASS,-1.3489792404530432,-4.849218998166645,-0.15581123088739873,PASS,1.551131165884993,0.29087401179930583,3.9861467549039986,PASS,1.9159462601039459,0.7138788621509841,2.8146251499307193,PASS,-0.20085474632603234,-0.27016302657007807,-0.12964247034470625,PASS,0.2014293079275274,0.08660726620029455,0.3354053995565045,PASS,1.4434585452552147,0.8326706625773992,2.46791635614654,PASS,-1.4956944232430391,-2.4810087158985907,-0.6178578255960416,FAIL,1.110476713710114,0.5264025641700192,1.670409195478891,PASS,1.9752568705204996,1.0581156131033487,2.5709566536670097,PASS,0.022793368987932033,0.020653181243403155,0.024154938165939284,FAIL,0.18369531249999999,0.1812375,0.184,FAIL,4.449993985942326,3.4707655873561802,5.455618405895173,PASS,0.35715550968856336,0.045246343177524566,0.6277886184430873,PASS,0.6570041477062727,-0.12786157948573,0.9100843216176947,PASS,0.7942214564001696,-0.0349036177859046,0.9457211954855673,FAIL,0.5482166106735654,0.09665776231381898,0.7823670204339209,PASS,0.23579733051408558,-0.2141125965112163,0.5451430952211697,PASS,0.35091423238010155,-0.07147213238808378,0.6386334788512079,PASS,0.21354325417665837,-0.20380666612733747,0.5114038896306576,PASS,0.7517248466640338,0.13334694599650423,0.9522373219028462,PASS,0.5398331941999248,-0.017175079702123328,0.781696547447196,PASS,0.5798436688664965,-0.2525909757760417,0.8201490029480865,PASS,0.36692708333333335,0.1,0.5712499999999999,FAIL,25.566976086422436,7.931882941294916,81.1286426908703,PASS,-0.15640218572505216,-0.3611058632116458,0.09940702249955627,PASS,0.9998062232807238,0.9997260367116022,0.9998410227516553,FAIL,7651.062963463644,4379.840200239081,10499.649351711985,4,5,39,49,4,7
F18655,F19,P01,64,true,PASS,6.6257150888955465,4.170267384822151,9.45168123719642,PASS,-0.04582931234560929,-0.048446342706917736,-0.04351772076392675,PASS,0.06482514880952381,0.03190972222222222,0.10333234126984124,FAIL,-0.1323119006592486,-0.3429825169714359,0.019564938240663618,PASS,-0.0007818415468691595,-0.029599975955175054,0.030053254742760677,PASS,0.630549984905677,0.628980940894932,0.6319708951980673,PASS,5.011123046875005,4.862184895833337,5.145466145833337,PASS,1546.2535000110217,1544.0666283095152,1548.677953744136,PASS,1.0728314895385345,0.5666335190890169,1.7640056998276206,PASS,0.3278514124312547,0.15721693290967034,0.585821874487833,FAIL,3.653685201258459,3.5400669901751622,3.75574976241558,PASS,0.5688017228933456,0.4177719812530573,0.6779501086324935,FAIL,0.6142751479289941,0.6142751479289941,0.6142751479289941,FAIL,0.0015833221189812052,0.0015833221189812052,0.0015833221189812052,PASS,0.08879022080240917,0.08879022080240917,0.08879022080240917,FAIL,0.2222970516048579,0.2222970516048579,0.2222970516048579,PASS,0.2109926998463887,0.2109926998463887,0.2109926998463887,PASS,0.43707032995168577,0.4370703299516857,0.4370703299516857,PASS,-1.6971212178352646,-3.3729956071624545,-0.7506719013813622,PASS,1.932378704762059,0.8439729159864856,4.98575280661108,PASS,2.054152189165706,1.266188797112608,3.0305132963061716,PASS,-1.2830603372680165,-1.9468444811852266,-0.761713323281257,PASS,1.25560401967996,1.0161869381896291,1.3932659071414357,PASS,2.1280332022162414,1.7119327257112522,2.474649185885736,PASS,-1.3641585414693957,-4.2144964126364135,-0.9517027361336876,PASS,1.6749684141213517,0.9348878064984656,3.4983127572192183,PASS,1.811331588540951,1.0382529855038238,2.3496480799296426,PASS,-1.1279325643923357,-4.849218998166645,-0.1706891307546704,PASS,1.447752285410835,0.22073475206553497,3.9861467549039986,PASS,2.0200870132549396,0.8911575788446856,2.8060375745694066,PASS,-0.19480786417850993,-0.2663296396619657,-0.10605732014352554,PASS,0.2183604717201122,0.08089705575372974,0.3414875757805377,PASS,1.6160093583250272,0.9387058212420665,2.4563065275323033,PASS,-1.3006389855435074,-2.4344512483910234,-0.6260320592501881,FAIL,1.2340211600756699,0.49838865450213027,3.4043487513770097,PASS,1.9203459205252469,0.943811788480208,2.6406282965426167,PASS,0.02273225406585202,0.02112060459750435,0.024107912359094753,FAIL,0.18298437499999998,0.171,0.184,FAIL,4.589636496475462,3.47709155211437,5.6915496289095575,PASS,0.29184672142305573,-0.006450885589550648,0.5340151999890427,PASS,0.5845468572983605,-0.16146677610278543,0.8989707772094346,PASS,0.7887457365577091,-0.017436350859958098,0.934766726902448,FAIL,0.4699019981869633,0.10072172051135535,0.7385999487871445,PASS,0.12480988944651164,-0.3280024845938844,0.5004605322728828,PASS,0.2914053749731029,-0.07523732435713475,0.5868304001376684,PASS,0.15639778712907268,-0.17865700291693448,0.4848478761265176,PASS,0.6826529264072073,0.12558113603785792,0.9445288033486283,PASS,0.415393294606467,-0.12734860675660684,0.7525450122341809,PASS,0.517164677880359,-0.14364641923889632,0.8110779444431848,PASS,0.4024739583333333,0.15750000000000003,0.6424999999999996,FAIL,18.442074147405755,8.827327713195633,40.75176875650845,PASS,-0.16728534890978303,-0.40523156473277044,0.019890430126642454,PASS,0.9997988636321395,0.9996741550884092,0.9998534424032848,FAIL,8198.518830682095,4398.573149334414,11913.781043886924,4,5,39,49,4,7
F20509,F21,P01,64,true,PASS,5.278573829251399,3.58059052798975,7.6192336219537795,PASS,-0.02256991841331683,-0.02557259680926309,-0.01950454748738692,PASS,0.05923301091269841,0.01575,0.1189742063492063,FAIL,-0.1512402500918208,-0.4065134937510904,0.03305232661996469,PASS,-0.002526406233934423,-0.07011395645657027,0.06033760395773241,PASS,0.6228358346705845,0.6216272539270322,0.6238487388362199,PASS,4.986547851562504,4.88402604166667,5.108286458333337,PASS,1546.6535413946476,1544.6718488760725,1548.3224179248662,PASS,1.0164113643908896,0.5543840020983829,1.6383660969528566,PASS,0.2992210939117086,0.13815782479159427,0.4828187602173024,FAIL,3.875518930834354,3.762659137538507,3.984965432657088,PASS,0.6790684491788255,0.5431111830698531,0.8361488739820403,FAIL,0.6142751479289941,0.6142751479289941,0.6142751479289941,FAIL,0.0015833221189812052,0.0015833221189812052,0.0015833221189812052,PASS,0.08879022080240917,0.08879022080240917,0.08879022080240917,FAIL,0.2222970516048579,0.2222970516048579,0.2222970516048579,PASS,0.2109926998463887,0.2109926998463887,0.2109926998463887,PASS,0.43707032995168577,0.4370703299516857,0.4370703299516857,PASS,-1.7213827409390685,-4.504759420353543,-0.7325300330853204,PASS,1.9790451638324629,0.8490254357246612,4.98575280661108,PASS,2.0448415874503203,1.0279000884342675,2.7990343036212844,PASS,-1.3201859863431693,-1.9493287362007612,-0.8207197692532852,PASS,1.2382802562005857,1.0429147458358003,1.3932659071414355,PASS,2.0991822464241348,1.7166659635671884,2.438244454966422,PASS,-1.635590572686173,-4.2144964126364135,-0.9587422506692432,PASS,1.7752374354575646,0.8619727067659524,3.4983127572192183,PASS,1.8077866345243678,1.2030856873089395,2.4189970164342687,PASS,-1.3575835082291108,-4.849218998166645,-0.17895667013435135,PASS,1.58832670895063,0.2617761183924435,3.9861467549039986,PASS,1.8966864336867135,0.767896317302249,2.9925300035128033,PASS,-0.20088123742541963,-0.26815586999898733,-0.12448518858244867,PASS,0.21365133583737123,0.08661403093059841,0.3354053995565045,PASS,1.4922189779394466,0.8872449583204705,2.4365277416075735,PASS,-1.3704363518968514,-2.5068108462151315,-0.5987913789575171,FAIL,1.11523338751259,0.48572775522992195,1.8108203580322686,PASS,1.9709964018808526,1.2572294158701829,2.549498364215389,PASS,0.022703561613581693,0.020734538972850724,0.024256823892407357,FAIL,0.18369531249999999,0.1812375,0.184,FAIL,4.5552011502862175,3.442565079453329,5.8040283520574105,FAIL,0.359669825440895,0.0638914079812406,0.6441578926876826,PASS,0.6040515984784289,-0.22034324087455276,0.9219470527332876,PASS,0.7705929510083988,0.021686852501251366,0.9509159738333549,PASS,0.5088779113994509,-0.01189323506653006,0.7338487748210254,PASS,0.19895208645974158,-0.26120604334894376,0.6262654717277947,PASS,0.3411117109848094,-0.05932053282593863,0.6958753625332864,PASS,0.19331512326608624,-0.2371020319653447,0.560913790023242,PASS,0.709446435351137,0.01866671366953329,0.9531040477151603,PASS,0.5064981384190806,-0.024977199248701683,0.749381853296125,PASS,0.5409381098855088,-0.1920153672171581,0.8105501007576493,PASS,0.38411458333333337,0.1,0.6904166666666666,FAIL,47.29038217922092,12.678066239775154,107.85363541665023,PASS,-0.16255605225989211,-0.4157733855777567,0.07353851663659583,PASS,0.999946708201666,0.9999144400364497,0.9999635453531649,FAIL,8644.541951831128,4082.7616744254456,13237.607210078484,4,5,39,49,4,7
F20514,F21,P01,64,true,PASS,5.38730838534757,3.181230655267238,8.098784749397023,PASS,-0.022034374429572602,-0.024235697421922428,-0.020276709628263553,PASS,0.06437313988095239,0.030000000000000006,0.12815972222222222,FAIL,-0.1593134793695625,-0.3831108462146071,0.01590599759072624,PASS,-0.002431526432737421,-0.06460891182269284,0.03694705765042336,PASS,0.6234974964940031,0.6222395307617926,0.6247832076624338,PASS,5.008680013020838,4.857046875000004,5.168533854166671,PASS,1546.293268347787,1543.6911261887224,1548.7615917757826,PASS,1.026894805751943,0.6668939928268962,1.7036392959633315,PASS,0.2862618112302965,0.1373437091369511,0.45963795425943793,FAIL,3.84663828361608,3.7007468233174317,3.953915382282556,PASS,0.6531342721796878,0.4786657125796709,0.8041565885977684,FAIL,0.6142751479289941,0.6142751479289941,0.6142751479289941,FAIL,0.0015833221189812052,0.0015833221189812052,0.0015833221189812052,PASS,0.08879022080240917,0.08879022080240917,0.08879022080240917,FAIL,0.2222970516048579,0.2222970516048579,0.2222970516048579,PASS,0.2109926998463887,0.2109926998463887,0.2109926998463887,PASS,0.43707032995168577,0.4370703299516857,0.4370703299516857,PASS,-1.9025077119587857,-4.504759420353543,-0.714513645134105,PASS,2.280794223009849,0.8468781148359366,4.98575280661108,PASS,2.0588697296998437,1.057628447645621,2.693934809918141,PASS,-1.3410487649928304,-1.9468444811852266,-0.8683438676934039,PASS,1.2629857743725093,1.0200797604784,1.5600798990623275,PASS,2.0915791498391925,1.6990123522752607,2.499330306821379,PASS,-1.5664991916888555,-4.2144964126364135,-1.0036939065965773,PASS,1.7849088955378862,0.7426108028438531,3.4983127572192183,PASS,1.855839800322327,1.1371679049914252,2.3593746563654254,PASS,-1.4428431245466005,-4.849218998166645,-0.1905000062334482,PASS,1.6133179589092568,0.2565202428883884,3.9861467549039986,PASS,1.932889872371125,0.8621323998968229,2.8195381075639028,PASS,-0.20762527988758128,-0.26925770351109024,-0.12448518858244867,PASS,0.22279199088223264,0.09093476711173608,0.3424974794503272,PASS,1.4958414953105144,0.9440331480846895,2.381079735596354,PASS,-1.427725227907886,-2.3718005735357743,-0.6824338903148074,FAIL,1.1543607899182287,0.603243233941749,1.9534272943662345,PASS,1.9788379012262178,1.211346644897725,2.5279777515738293,PASS,0.022722519443968463,0.020974488493324502,0.024333575673183325,FAIL,0.1832890625,0.1747375,0.184,FAIL,4.485491199427547,3.4414836462056133,5.557413327533225,PASS,0.352415609199905,0.04118319690941081,0.6542880473295667,PASS,0.6332143950935636,-0.1955088822891748,0.9179658429441122,PASS,0.7831796593987853,-0.03738243503350298,0.9484774198007205,FAIL,0.5184678971396051,0.08733630939115142,0.7714099480096083,PASS,0.21443320084812834,-0.25618329174064086,0.6380829042055909,PASS,0.34782632102001776,-0.07313725722639647,0.696117972948848,PASS,0.1958590600215903,-0.21291202438829473,0.5587349073464711,PASS,0.7351523186333073,0.1325838984529543,0.9554243212119664,PASS,0.5219393850675891,0.06902328882067565,0.7682638273138213,PASS,0.5620298621871698,-0.22503940137793538,0.8185952791408304,PASS,0.39479166666666665,0.2,0.7,FAIL,42.69886112171055,16.023723595477527,82.11762527204576,PASS,-0.1636176359344293,-0.38880593898155735,0.0971495088006679,PASS,0.9999463769772693,0.9998946581916724,0.9999612383362609,FAIL,8945.222034707518,4942.594726784361,12513.253805529175,4,5,39,49,4,7
F21520,F22,P01,64,true,PASS,5.189214289660255,3.2125688850340732,7.538287675480446,PASS,-0.02175831617493785,-0.023198489416747334,-0.018661674519791994,PASS,0.062442956349206345,0.025750000000000006,0.11284027777777776,FAIL,-0.16469722392901365,-0.368760667169803,-0.024803796298737274,PASS,0.0006805470948324593,-0.051431076883926535,0.09521623972295584,PASS,0.6206869770091735,0.6192385128582202,0.6219082173559757,PASS,4.999212239583337,4.871372395833337,5.139989583333337,PASS,1546.4473872118547,1544.1557772099477,1548.5283972435536,PASS,1.0685668881391506,0.6053903889142092,1.93109573003191,PASS,0.288620127872308,0.14285740475512515,0.45463688585429807,FAIL,3.943258465825907,3.8060630961383466,4.059132258129907,PASS,0.6951123958647016,0.5376069451507021,0.8804054789323126,FAIL,0.6142751479289941,0.6142751479289941,0.6142751479289941,FAIL,0.0015833221189812052,0.0015833221189812052,0.0015833221189812052,PASS,0.08879022080240917,0.08879022080240917,0.08879022080240917,FAIL,0.2222970516048579,0.2222970516048579,0.2222970516048579,PASS,0.2109926998463887,0.2109926998463887,0.2109926998463887,PASS,0.43707032995168577,0.4370703299516857,0.4370703299516857,PASS,-1.8609053818378691,-3.853995227768667,-0.7315521873130786,PASS,2.0890898736409755,0.8468781148359366,4.98575280661108,PASS,2.100429781440824,0.8971869582324624,2.9443869228399944,PASS,-1.3377367678473706,-1.9493287362007612,-0.7779327747655974,PASS,1.240482188322193,1.0637210394236858,1.3932659071414355,PASS,2.097143768528706,1.677052360057435,2.53666020854012,PASS,-1.4617682447809988,-4.2144964126364135,-0.946198480783405,PASS,1.7131964041751198,0.7023188153349172,3.4983127572192183,PASS,1.8587310158889432,1.039673653660786,2.3790986481839345,PASS,-1.4071270446954733,-4.849218998166645,-0.21652925338961213,PASS,1.623696811309422,0.28053876100878833,3.9861467549039986,PASS,1.9337371371806449,0.2903327561586004,2.777324427600394,PASS,-0.2025671967094889,-0.26815586999898733,-0.11381446405313181,PASS,0.23123694343606357,0.08137745756258113,0.3424974794503272,PASS,1.470246049873126,0.8234732144166069,2.423603193748459,PASS,-1.4232115166884618,-2.4344512483910234,-0.6275143297315567,FAIL,1.355076410225727,0.5560804897129874,3.40434875137701,PASS,1.99541980238671,1.346134155469585,2.4727392411754465,PASS,0.02278402066819996,0.020320737012732713,0.024127407303868743,FAIL,0.18339062499999997,0.1775,0.184,FAIL,4.4752028165081725,3.702515262881537,5.7488140059419,PASS,0.33725190589118004,-0.0012314667011868847,0.5747815308690097,PASS,0.653135467601941,-0.15023500457919664,0.9049980186450103,PASS,0.8188551166262902,0.11851214702881939,0.9383309023528063,FAIL,0.5264999350760167,0.11744266738935723,0.7693664584230742,PASS,0.20249598533101124,-0.2761777636550229,0.5600784758941384,PASS,0.3499641416179869,-0.010822872431614596,0.6362970927734827,PASS,0.1991460707930362,-0.18014806802033842,0.4903369644471641,PASS,0.7362251720045759,0.09675766307611648,0.9471542336326572,PASS,0.5032972791253055,-0.10425002210041341,0.7672169645326864,PASS,0.5851378457017061,-0.1673727610697661,0.8196744114219443,PASS,0.3919270833333333,0.2,0.6070833333333332,FAIL,19.87907306958708,13.25109696213493,30.843403180766423,PASS,-0.16690973189401992,-0.39997145519829436,0.01720130825856524,PASS,0.9999489168561819,0.9999038611611548,0.9999637546966786,FAIL,8970.511803539497,5109.598527307658,12040.93500748379,4,5,39,49,4,7
F22562,F23,P01,64,true,PASS,5.262012042995808,3.4562969900586116,8.15366797295865,PASS,-0.02662598631996016,-0.028661053217181702,-0.024140518990199134,PASS,0.058221726190476185,0.02,0.10562698412698411,FAIL,-0.15458807331351132,-0.34975966357841076,-0.011305191878645912,PASS,-0.003673194785659348,-0.07753351359023405,0.06338597725215564,PASS,0.6297737770596225,0.6286223656871094,0.6311044225605645,PASS,4.976761067708337,4.83738541666667,5.124648437500004,PASS,1546.812853192763,1544.4055043485332,1549.0816460783324,PASS,0.9818064013646244,0.5547270056783871,1.8254974340411434,PASS,0.329981284658743,0.14687483280575803,0.5118395685543147,FAIL,3.686984270315328,3.57328540100615,3.803975560425237,PASS,0.5752447283081507,0.4272095416788168,0.6731057380877584,FAIL,0.6142751479289941,0.6142751479289941,0.6142751479289941,FAIL,0.0015833221189812052,0.0015833221189812052,0.0015833221189812052,PASS,0.08879022080240917,0.08879022080240917,0.08879022080240917,FAIL,0.2222970516048579,0.2222970516048579,0.2222970516048579,PASS,0.2109926998463887,0.2109926998463887,0.2109926998463887,PASS,0.43707032995168577,0.4370703299516857,0.4370703299516857,PASS,-1.9315460512915494,-4.504759420353543,-0.7302292195035749,PASS,2.02839045079714,0.8490254357246612,4.98575280661108,PASS,2.124481730777165,0.939359565020158,2.940333361898664,PASS,-1.3111660581611697,-1.9493287362007612,-0.8497294439948202,PASS,1.2294922382274938,0.9715994757885721,1.55813205619737,PASS,2.081776074610463,1.7565620538765716,2.4902406098069156,PASS,-1.6720306506997922,-4.2144964126364135,-0.9833512516375211,PASS,1.7146163113905608,0.7958175658422251,3.4983127572192183,PASS,1.8373527913771246,1.1265705411644558,2.4331967311454408,PASS,-1.571369671323498,-4.849218998166645,-0.19238112138499175,PASS,1.5579778646563616,0.2861427544753123,3.9861467549039986,PASS,1.9340878866474622,0.48845530077581695,2.9306044914320544,PASS,-0.22359269771389606,-0.2705713095182491,-0.12448518858244867,PASS,0.23321924912724828,0.08985226521143225,0.33799032445171856,PASS,1.6006975905846026,0.9498312257875771,2.660298129416294,PASS,-1.2725903051183276,-2.3486078633575556,-0.5525605284736979,FAIL,1.3044629392629927,0.5703610889355066,3.6580272279497037,PASS,2.0283662036990338,1.2630953283491675,2.639015327887866,PASS,0.022653581641260204,0.02030950710871193,0.02410379846333793,FAIL,0.18369531249999999,0.1775,0.184,FAIL,4.553997175163138,3.4115619159810193,5.603990767756682,PASS,0.3263339041200316,0.02385764952454664,0.6421608421796317,PASS,0.6362437459696579,-0.1533473282190616,0.9177170524204122,PASS,0.7972859405795529,0.04513340923127353,0.9543929509280328,FAIL,0.5016742378259565,0.09004680459246488,0.7625676044611202,PASS,0.19929710343320406,-0.2549283793394496,0.5590900193063593,PASS,0.33669135479519763,-0.014751322946123354,0.6356799066566257,PASS,0.18136157772512307,-0.22681613891282165,0.5508974310286422,PASS,0.7271605821535344,0.1127938276132479,0.9561286929526739,PASS,0.4822071377209876,-0.06518185376748456,0.7822200304347023,PASS,0.5474404776926985,-0.16342331730184528,0.8369563154237848,PASS,0.3833333333333333,0.1,0.6,FAIL,18.693926809323955,9.888306525386524,30.35944611895971,PASS,-0.16051955750174768,-0.38669100448404525,0.04122233428830256,PASS,0.9999347362371793,0.9998915847583132,0.9999493884425487,FAIL,8441.283392858513,5135.963222013952,13677.89171706541,4,5,39,49,4,7
F22719,F23,P01,64,true,PASS,5.650639502613497,3.2127820932965947,9.261975268171943,PASS,-0.023783805621936133,-0.025058859995709948,-0.020743175794622218,PASS,0.069968998015873,0.030638888888888893,0.12239384920634919,FAIL,-0.14681491342074762,-0.3188974276870561,-0.01768184622214892,PASS,0.002663681682437962,-0.03485451628727142,0.07336878804442411,PASS,0.6211100842854825,0.619802939326627,0.622250795841973,PASS,5.016746419270838,4.873739583333338,5.192049479166671,PASS,1546.1619613011449,1543.308332764613,1548.4898635533527,PASS,1.0180747484006707,0.5592852978250296,1.8757713540791772,PASS,0.30028227339172725,0.1530494055898709,0.4873513272268263,FAIL,3.9156145795064976,3.7685024381185097,4.035761498313867,PASS,0.7246448800832218,0.545404875855797,0.8641943689391882,FAIL,0.6142751479289941,0.6142751479289941,0.6142751479289941,FAIL,0.0015833221189812052,0.0015833221189812052,0.0015833221189812052,PASS,0.08879022080240917,0.08879022080240917,0.08879022080240917,FAIL,0.2222970516048579,0.2222970516048579,0.2222970516048579,PASS,0.2109926998463887,0.2109926998463887,0.2109926998463887,PASS,0.43707032995168577,0.4370703299516857,0.4370703299516857,PASS,-1.8452420760942094,-3.853995227768667,-0.7135357993618631,PASS,2.1872811372712704,0.8522206524322078,4.98575280661108,PASS,2.0993251470954286,1.0318097130729986,3.0004772275014044,PASS,-1.3440706058041378,-1.9479002895668287,-0.8083780384702328,PASS,1.254358958464589,0.9324069493150449,1.5049679635120652,PASS,2.102193338146905,1.6704582871573754,2.4637737441146736,PASS,-1.659567352432688,-4.2144964126364135,-1.0036939065965773,PASS,1.9283184816375174,0.8914589174124075,3.4983127572192183,PASS,1.8690132741385965,1.1827811491152167,2.451279133043537,PASS,-1.5260700811092696,-4.849218998166645,-0.19494135739680277,PASS,1.7149582790359408,0.2931695215892474,3.9861467549039986,PASS,1.90154142847609,0.777929304690987,2.6351871891975693,PASS,-0.2078468208112229,-0.26925770351109024,-0.12691244028506876,PASS,0.2125921021866776,0.09093476711173608,0.3354053995565045,PASS,1.3904812093873649,0.8339641014736018,2.3085702198125158,PASS,-1.3651324938585936,-2.5525422561515776,-0.5980388087469124,FAIL,1.2782429152612453,0.5519545410972353,3.333361328803041,PASS,2.002908253695549,1.3830470570399611,2.6271748347598503,PASS,0.02256310954776259,0.02090929699349296,0.02422904397279247,FAIL,0.18359374999999994,0.178475,0.184,FAIL,4.462985171172157,3.253894852562558,5.55375441012974,PASS,0.3906334044896762,0.024252190566718776,0.6495947110738326,PASS,0.6985093243327689,-0.13462123084475902,0.9263774829783534,PASS,0.8213286662885779,-0.014091102627439622,0.9527058993151254,FAIL,0.5487562632492323,0.08359194119602592,0.7693428195287259,PASS,0.24926474166412554,-0.2802929906136015,0.5846669124897811,PASS,0.38308112225599916,-0.051748968632942774,0.6548330599919666,PASS,0.226418622911426,-0.1881733764019366,0.4731882258582454,PASS,0.7948173900448852,0.1713477449580155,0.9603519388719107,PASS,0.5429557197024297,0.02204672495968051,0.7741833346126686,PASS,0.5965821032509901,-0.1582158657459322,0.8068007186101918,PASS,0.41822916666666665,0.15750000000000003,0.6212499999999999,FAIL,18.4515043304797,12.016492034992803,30.591783705991837,PASS,-0.15448151805197977,-0.40835179093473273,0.022197534720139054,PASS,0.9999382473268608,0.9998880662048224,0.9999698319799384,FAIL,8940.10709563374,4790.54082165476,12957.656367936757,4,5,39,49,4,7
F04220,F05,P01,64,true,FAIL,28.021156716152987,22.74471324989964,32.91482278080702,PASS,-0.0323380590568438,-0.03387589925648868,-0.030068120709724935,PASS,0.05867311507936508,0.02,0.10249900793650792,FAIL,-0.08639921866909686,-0.23750413872090248,0.1126835557482616,PASS,-0.026803451604294468,-0.1312410309231328,0.031181688411314253,PASS,0.6367019567091013,0.6349228104258583,0.6385667682470841,PASS,4.985035807291672,4.857872395833337,5.132106770833337,PASS,1546.6781548422528,1544.2840956700559,1548.7481537342053,PASS,1.0504375669172537,0.535897841870057,1.8844963458227642,PASS,0.28797991145236945,0.13415680892739298,0.4683099510130556,FAIL,3.55277076303623,3.4850245984718695,3.634110395372781,PASS,0.3220439885346073,0.24101993111570147,0.4538629985426676,FAIL,0.6142751479289941,0.6142751479289941,0.6142751479289941,FAIL,0.0015833221189812052,0.0015833221189812052,0.0015833221189812052,PASS,0.08879022080240917,0.08879022080240917,0.08879022080240917,FAIL,0.2222970516048579,0.2222970516048579,0.2222970516048579,PASS,0.2109926998463887,0.2109926998463887,0.2109926998463887,PASS,0.43707032995168577,0.4370703299516857,0.4370703299516857,PASS,-1.5965175526012803,-3.1560742096341623,-0.7506719013813622,PASS,1.8062564966245873,0.8543743209131041,4.98575280661108,PASS,2.0619368884285323,1.0053626652198615,2.838897308664155,PASS,-1.3167468312090456,-1.9493287362007612,-0.8298502608248288,PASS,1.237102141013581,0.9800257866683386,1.3932659071414357,PASS,2.101041139548449,1.7273383316821662,2.4453372408477763,PASS,-1.3979561464096433,-4.2144964126364135,-0.9288473276530815,PASS,1.6921588265024168,0.9689450750235796,3.4983127572192183,PASS,1.7896952506032318,1.150717765515907,2.392702276649832,PASS,-1.133542751882647,-4.849218998166645,-0.18731716799671397,PASS,1.497703164077876,0.2909087777490442,3.9861467549039986,PASS,1.9765163156274759,0.5104818635993276,2.8244168148333046,PASS,-0.20592591953143385,-0.2696659864592612,-0.14210154819880025,PASS,0.22733991916632498,0.1070905632672943,0.3390002281215081,PASS,1.5026570950190439,0.8743484349622211,2.361539951893146,PASS,-1.346426419817745,-2.506810846215132,-0.5634023039647746,FAIL,1.2862427291108167,0.49417128431184826,3.4475651602773287,PASS,1.9992947456930188,1.0810710211745413,2.7508122989950574,PASS,0.0227039645681617,0.02073710587907717,0.024316202050946707,FAIL,0.18399999999999997,0.184,0.184,FAIL,4.354930466010957,3.333269023228728,5.668914639193885,PASS,0.33992341896926315,0.044754576123822415,0.5947032167318431,PASS,0.6706835566357028,0.009980917689086696,0.9107759705282311,PASS,0.8353927919389446,0.3841728141699652,0.9475206374051476,FAIL,0.5250900546793972,0.10630023241570012,0.7754918664534618,PASS,0.20503996641202227,-0.24052497652413588,0.5617156767752893,PASS,0.3525083888080326,0.024622935769084024,0.6094225870360934,PASS,0.18478269539379438,-0.16793203332900564,0.48453625380266796,PASS,0.7618927981830207,0.11968636946184148,0.9488651846984446,PASS,0.4901915195946076,-0.05590472219937447,0.7636905232429028,PASS,0.577789896813192,-0.03983155085772429,0.8066116452032653,PASS,0.379296875,0.2,0.6424999999999996,FAIL,38.59893656308756,20.584181287295877,69.35941247796667,PASS,-0.25400694594095385,-0.39846986410719964,-0.054792034194019214,PASS,0.9999034031422844,0.9997879506564862,0.9999518036927181,FAIL,14037.195400040613,6963.600377908493,24615.081100706615,3,5,39,49,4,7
F04283,F05,P01,64,true,FAIL,28.76399383478933,22.7755229630551,32.87588139092941,PASS,-0.029931865337901875,-0.03394399666294898,-0.02760472286815118,PASS,0.06464099702380953,0.02,0.12247817460317459,FAIL,-0.0915168682358036,-0.24265871408794343,0.12485191162251422,PASS,-0.03442224996879399,-0.0943478920378827,0.027534879514551806,PASS,0.6369494782778132,0.6351097358799,0.6390732764986136,PASS,5.0139957682291705,4.869226562500004,5.164046875000004,PASS,1546.2067371100281,1543.764166395781,1548.5633276733947,PASS,1.008953858998734,0.5867119043127136,1.7821919600983838,PASS,0.30382227516788174,0.16613353647765539,0.4989402472018822,FAIL,3.539881547554986,3.4607616684549374,3.6048042828425637,PASS,0.319029740117762,0.24210053353876043,0.4264679102642543,FAIL,0.6142751479289941,0.6142751479289941,0.6142751479289941,FAIL,0.0015833221189812052,0.0015833221189812052,0.0015833221189812052,PASS,0.08879022080240917,0.08879022080240917,0.08879022080240917,FAIL,0.2222970516048579,0.2222970516048579,0.2222970516048579,PASS,0.2109926998463887,0.2109926998463887,0.2109926998463887,PASS,0.43707032995168577,0.4370703299516857,0.4370703299516857,PASS,-1.7073901748358185,-3.3729956071624545,-0.7475819286293871,PASS,2.0377659259847705,0.8468781148359366,4.98575280661108,PASS,2.135819633357297,0.9625586122802758,2.959235341808049,PASS,-1.2627500839765857,-1.9493287362007612,-0.811235837126245,PASS,1.2563172064661365,1.0795530732595253,1.4407392810989532,PASS,2.0739630613593216,1.7439800504062462,2.4569884457820708,PASS,-1.352681407103462,-4.2144964126364135,-0.9392905238776563,PASS,1.734315929740742,0.9359947941896531,3.4983127572192183,PASS,1.798947301486097,1.1037470912775682,2.2649440362447186,PASS,-1.1775645991975525,-4.849218998166645,-0.19349666641672106,PASS,1.6231674315807543,0.293134755639509,3.9861467549039986,PASS,2.021815622436251,0.6191855731168838,2.79032896868726,PASS,-0.20075587491675706,-0.2678540956459914,-0.11793883394446428,PASS,0.23097367375233718,0.08660726620029455,0.33799032445171856,PASS,1.5833979238854858,0.8381113628888864,2.44404192541704,PASS,-1.439936166425718,-2.6149006586858845,-0.6301735366434356,FAIL,1.1228255530734346,0.5366106700884475,1.9534272943662345,PASS,1.9728475140187005,1.3486891810730315,2.742049200254978,PASS,0.022725273829919127,0.02071122594119827,0.0242038256529988,FAIL,0.1828828125,0.171,0.184,FAIL,4.483950494334015,3.4631004979962015,5.771684124368851,PASS,0.314760704136621,0.037379429724959945,0.5969662877638803,PASS,0.6297591040411142,-0.09952478276649473,0.9163610663901531,PASS,0.8078826414768528,0.03113428521603564,0.9468995061660216,FAIL,0.48760962427640675,0.09802319188534707,0.7485856180070883,PASS,0.16902609990862347,-0.3105526242010217,0.5165052469136807,PASS,0.32219674938338205,-0.05451200274679953,0.5921867979131143,PASS,0.1737018889736065,-0.14321208930382268,0.4404684491460386,PASS,0.7190808094915855,0.11872282845052239,0.9570739018260453,PASS,0.4520880331730651,-0.06232022546953157,0.7765517908629828,PASS,0.5429055574876545,-0.12994771939893923,0.8105141058518911,PASS,0.4078125,0.12875,0.7212499999999998,FAIL,37.356115064408954,20.81753901121866,63.19676712751895,PASS,-0.25819207166832947,-0.38758684101655333,-0.046706076426812494,PASS,0.9999230316410913,0.999850836737782,0.9999631080663411,FAIL,14891.551785655505,7877.5609821187045,22625.98390266937,3,5,39,49,4,7
F05599,F06,P01,64,true,FAIL,28.220082432486215,23.63984300257553,32.24477979089148,PASS,-0.033912912049540174,-0.035932639013610546,-0.03134487761545165,PASS,0.055329861111111114,0.02,0.09588194444444442,FAIL,-0.060864329749082506,-0.20661857762644412,0.13470283031788102,PASS,-0.024543715255409458,-0.0881775415253886,0.028874369659445575,PASS,0.6367631845290125,0.6348107419170222,0.6384613861906058,PASS,5.010537109375004,4.8727213541666705,5.160481770833337,PASS,1546.2630380531505,1543.8222000832236,1548.506438551008,PASS,1.029101409509194,0.6522030792989203,1.7041282999259666,PASS,0.3082617461175857,0.15686745404782756,0.5180696460861115,FAIL,3.5536266803296153,3.4571978883616135,3.628277446848702,PASS,0.33478782975906995,0.2378496110855133,0.46811858540002615,FAIL,0.6142751479289941,0.6142751479289941,0.6142751479289941,FAIL,0.0015833221189812052,0.0015833221189812052,0.0015833221189812052,PASS,0.08879022080240917,0.08879022080240917,0.08879022080240917,FAIL,0.2222970516048579,0.2222970516048579,0.2222970516048579,PASS,0.2109926998463887,0.2109926998463887,0.2109926998463887,PASS,0.43707032995168577,0.4370703299516857,0.4370703299516857,PASS,-1.69244015249068,-3.3729956071624545,-0.7315521873130786,PASS,2.2223337429044823,0.8490254357246612,4.98575280661108,PASS,2.156928167693967,0.9745742114413407,3.1579745577381058,PASS,-1.2649937873000887,-1.9468444811852266,-0.783050739783378,PASS,1.2610542508667089,1.0790996042495142,1.4407392810989532,PASS,2.0837478005399683,1.746043926626021,2.492293388382966,PASS,-1.4353022078999502,-4.2144964126364135,-0.9730957019298477,PASS,1.8863419331662497,0.8890898114715362,3.4983127572192183,PASS,1.8557633988338955,1.03157571090095,2.317298918584426,PASS,-1.2516662228242823,-4.849218998166645,-0.19238112138499175,PASS,1.7190544459658013,0.2878789956951264,3.9861467549039986,PASS,1.9772816450722988,0.6262994361347789,2.650141247854236,PASS,-0.20998842687087582,-0.2705713095182491,-0.115788595806877,PASS,0.22178658723527855,0.0941283547238813,0.3424974794503272,PASS,1.5019593417369461,0.9799163736316956,2.432619356673187,PASS,-1.3384839159206956,-2.3197063360841157,-0.6942926054173554,FAIL,1.24890411769749,0.6560984862058347,3.333361328803041,PASS,1.9557612452141677,1.4773804894838352,2.4909791534006014,PASS,0.022764245332297577,0.020523903949824368,0.024414819274025796,FAIL,0.18379687499999997,0.1812375,0.184,FAIL,4.622907363688107,3.3813374032628447,6.13209458555197,PASS,0.3596921883223773,0.02325615768078064,0.6049842042165677,PASS,0.6728294224439442,-0.17728801789773696,0.9148550200773442,PASS,0.8101237358493543,-0.039046631802640494,0.9458251610929467,FAIL,0.5366263724296924,0.17453213070720322,0.7633924842540365,PASS,0.2301193777130739,-0.19784817691243728,0.5309421702177883,PASS,0.3588386129732891,-0.07194778653302161,0.6107307794368729,PASS,0.2014565708864555,-0.17127490325906536,0.44837145014675656,PASS,0.7719868924827319,0.14679603727673082,0.9517383772081803,PASS,0.5154267159571143,0.02853051109286538,0.7620675635917751,PASS,0.5668519131810064,-0.18858693512333366,0.8146039061827514,PASS,0.36067708333333337,0.1,0.6070833333333333,FAIL,36.925554990278414,20.225487887856048,66.36745010264715,PASS,-0.23193686542784825,-0.3799733817799671,-0.0427920692941615,PASS,0.9998967800989347,0.9997804877677408,0.9999503210880449,FAIL,13953.607687698805,7875.624963652427,25151.48388845175,3,5,39,49,4,7
F06364,F07,P01,64,true,FAIL,28.150943587245976,22.887957475446846,32.061539356348526,PASS,-0.03731348045370301,-0.040426417165650555,-0.03423228656839775,PASS,0.05695064484126984,0.02,0.10673611111111111,FAIL,-0.04782349852494198,-0.21744703057574996,0.12586083441429108,PASS,-0.027192860526762078,-0.09419575578434179,0.02052923955812504,PASS,0.6369780945291097,0.6353327314383533,0.6385270176435898,PASS,4.994669596354171,4.835085937500004,5.116718750000004,PASS,1546.5213335329154,1544.534585852012,1549.1190775947764,PASS,1.1048643474524902,0.6341632881290333,1.9175801473891172,PASS,0.3173964446538171,0.1636397303346597,0.5445741619102819,FAIL,3.569524933628484,3.486931013899905,3.6561451573362653,PASS,0.3276825995062951,0.20936124340456305,0.44118544131550835,FAIL,0.6142751479289941,0.6142751479289941,0.6142751479289941,FAIL,0.0015833221189812052,0.0015833221189812052,0.0015833221189812052,PASS,0.08879022080240917,0.08879022080240917,0.08879022080240917,FAIL,0.2222970516048579,0.2222970516048579,0.2222970516048579,PASS,0.2109926998463887,0.2109926998463887,0.2109926998463887,PASS,0.43707032995168577,0.4370703299516857,0.4370703299516857,PASS,-1.986865219486893,-3.3729956071624545,-0.7302292195035749,PASS,2.540237287105676,0.8508626853315004,4.98575280661108,PASS,2.2319179793464157,1.276752890907367,2.7788442313638995,PASS,-1.2522285944724234,-1.9468444811852266,-0.811235837126245,PASS,1.2099585309763996,1.0049857376958244,1.3932659071414357,PASS,2.0329686387224735,1.6930898053394539,2.4288731690329377,PASS,-1.6132090666192735,-4.2144964126364135,-1.0158928108586427,PASS,1.9252653555115575,0.9496975469825808,3.4983127572192183,PASS,1.9260868472942536,1.2434598772566283,2.367822329837807,PASS,-1.6610191690370528,-4.849218998166645,-0.21652925338961213,PASS,1.8467021239504253,0.29341492829328303,3.9861467549039986,PASS,2.0809236263711615,1.3018495503497718,2.7949395207164107,PASS,-0.21243590465639262,-0.2670396969631327,-0.14114553276147102,PASS,0.2399029255229982,0.09093476711173608,0.3354053995565045,PASS,1.4323864354456226,0.8083252790113363,2.4681879552054937,PASS,-1.4574931339928376,-2.6669839075434796,-0.5897449406008223,FAIL,1.3373225211616715,0.6098129596719337,3.5587482590026704,PASS,2.010820794345042,1.2385020741299761,2.799838561334106,PASS,0.022785257177032944,0.020817099949078197,0.024026384939267127,FAIL,0.18369531249999999,0.1812375,0.184,FAIL,4.619352679044252,3.5494389028803224,5.846161387125331,PASS,0.37505508209174254,0.00761471936067222,0.5864235243185869,PASS,0.7196781933489101,0.05799711527389337,0.9041385788870929,PASS,0.8513204691363387,0.37052478350797874,0.945140121781766,FAIL,0.5509797740455913,0.13139959130885906,0.780393773360824,PASS,0.27268830602560845,-0.24774408494377484,0.5394929517045087,PASS,0.4108768096943567,0.034044407835487366,0.6266048483141545,PASS,0.261617245942276,-0.15493121682454897,0.49328128896017837,PASS,0.8008437194000443,0.18724280118762573,0.951692906246782,PASS,0.5238230037555112,-0.0486088865832725,0.7944980988001874,PASS,0.6176845000224578,0.0009414427837425993,0.8272608244322951,PASS,0.36796874999999996,0.1,0.6,FAIL,32.2952714600729,18.866431141320184,57.350455929754744,PASS,-0.21945140492001786,-0.37602172778667176,-0.04228771566916827,PASS,0.9998654067268176,0.9997339881829892,0.9999326235080245,FAIL,14727.358031899417,8530.799915566353,25504.94728600193,3,5,39,49,4,7
F11795,F12,P01,64,true,FAIL,7.18990813963906,4.898218276240227,9.547516202060258,PASS,-0.026482028219749414,-0.02779283613362902,-0.023646487074823596,PASS,0.06491815476190475,0.026222222222222227,0.12526289682539682,FAIL,-0.15535629161128323,-0.3600521642476955,-0.026759523748563337,PASS,0.005294748930899102,-0.028062926125264783,0.07446295528570544,PASS,0.6285414528219814,0.6266107728041654,0.6302135174799329,PASS,5.007703450520838,4.848385416666671,5.163226562500004,PASS,1546.3091650846688,1543.7775196547616,1548.9025852340978,PASS,0.9769907240663348,0.6048265754829221,1.586383379999215,PASS,0.28144043498337096,0.13029651926623673,0.43266852621355884,FAIL,3.6873089854177787,3.557647337995815,3.8209600767713354,PASS,0.640739130733782,0.46918211679349997,0.7692959546919436,FAIL,0.6142751479289941,0.6142751479289941,0.6142751479289941,FAIL,0.0015833221189812052,0.0015833221189812052,0.0015833221189812052,PASS,0.08879022080240917,0.08879022080240917,0.08879022080240917,FAIL,0.2222970516048579,0.2222970516048579,0.2222970516048579,PASS,0.2109926998463887,0.2109926998463887,0.2109926998463887,PASS,0.43707032995168577,0.4370703299516857,0.4370703299516857,PASS,-1.8329552325453928,-4.504759420353543,-0.7315521873130786,PASS,2.035994198223112,0.8297809449166885,4.98575280661108,PASS,2.0693038891545172,1.0302272714805594,3.319866423595981,PASS,-1.2781450900868416,-1.9493287362007612,-0.774544525570782,PASS,1.214229914845325,0.8595818849920978,1.3718563463370648,PASS,2.086746543966493,1.763598289898804,2.426937121775791,PASS,-1.4787462841682801,-4.2144964126364135,-0.8973449445925922,PASS,1.7738725360121217,0.8619727067659524,3.4983127572192183,PASS,1.834248581026298,1.0808973516358389,2.428741802814649,PASS,-1.3771403460182823,-4.849218998166645,-0.2129370150543906,PASS,1.5600856051200935,0.2930877193545689,3.9861467549039986,PASS,1.977644211130301,0.7668465069927537,2.786173822801139,PASS,-0.20430772978951087,-0.2689559291580943,-0.12076180434621206,PASS,0.22502093230285494,0.08661403093059841,0.3354053995565045,PASS,1.530130723129875,1.015833484654171,2.4314627617389872,PASS,-1.4264381325485274,-2.425022907514226,-0.6035264080037896,FAIL,1.1192743218236623,0.5080291884202239,1.7164733063305728,PASS,1.9990298028552727,1.1485012020915202,2.4969838923489878,PASS,0.02269326607227351,0.020899760251160818,0.0241133020290377,FAIL,0.1828828125,0.171,0.184,FAIL,4.407647400610476,3.4671238541548455,5.308772110895883,PASS,0.3422554100082582,0.011446280553105962,0.5832112976316816,PASS,0.6572029461754243,-0.07856916560767334,0.901791511801058,PASS,0.8343726787504743,0.3949672750176582,0.9428590495564866,FAIL,0.523768046040404,0.13372071866863836,0.7509923859822873,PASS,0.20027106380905363,-0.3510768731904435,0.5200069939703851,PASS,0.3498394725353268,-0.025327193839295176,0.5981646413613871,PASS,0.20063767873287006,-0.11672556137786011,0.45125638618339653,PASS,0.7408648519684347,0.12131899012526548,0.9446045006972983,PASS,0.49847084260822055,-0.010822658251760436,0.7616594078863631,PASS,0.5876311445990574,0.019433635378292777,0.8094964901707065,PASS,0.38424479166666664,0.2,0.6,FAIL,23.97280636457821,8.789082757345739,44.03640796879882,PASS,-0.15461247435455183,-0.36384095322073123,0.01891928174552064,PASS,0.9999402629981289,0.9998918082746153,0.9999541266992056,FAIL,8103.443854683796,5116.032827564375,11231.70925283938,3,5,39,49,4,7
F19602,F20,P01,64,true,FAIL,7.606133910491694,5.253611297598932,9.397794978825573,PASS,-0.05593888332135087,-0.061530469417338744,-0.052196085460135225,PASS,0.055857514880952384,0.02063888888888889,0.10816666666666666,FAIL,-0.12154979300090735,-0.2678243477150498,0.028253900065815424,PASS,-0.005016128601534137,-0.06288279920487716,0.044797458990322746,PASS,0.6364398240981681,0.6352694464957361,0.6376670483945227,PASS,5.024301757812504,4.852429687500004,5.15570572916667,PASS,1546.0389735468043,1543.8999457243992,1548.8367515477587,PASS,1.034211699946454,0.5382857955098931,1.7236891062083908,PASS,0.3021969496064013,0.1524983555314343,0.48121979634178635,FAIL,3.5363803331718544,3.4537525076097935,3.6099706571667562,PASS,0.35665144991157804,0.24670406315059423,0.46696336803335003,FAIL,0.6142751479289941,0.6142751479289941,0.6142751479289941,FAIL,0.0015833221189812052,0.0015833221189812052,0.0015833221189812052,PASS,0.08879022080240917,0.08879022080240917,0.08879022080240917,FAIL,0.2222970516048579,0.2222970516048579,0.2222970516048579,PASS,0.2109926998463887,0.2109926998463887,0.2109926998463887,PASS,0.43707032995168577,0.4370703299516857,0.4370703299516857,PASS,-1.961780482591573,-4.504759420353543,-0.7446483913126617,PASS,2.4255915103632875,0.8508626853315004,4.98575280661108,PASS,2.1622437542008317,0.9984510225399124,3.021900702329763,PASS,-1.325179971477606,-1.9510677147116355,-0.8933059981118138,PASS,1.2608910011126775,1.0480945905093753,1.5049679635120656,PASS,2.1143465182167116,1.7843525754217602,2.4169624956110822,PASS,-1.5893231271222863,-4.2144964126364135,-1.0067436326620935,PASS,1.9226753201241924,0.8794021837625476,3.4983127572192183,PASS,1.8908765288269924,1.1581396153397259,2.456826591348421,PASS,-1.6092863213950388,-4.849218998166645,-0.18254596703270995,PASS,1.7562064943945255,0.2627744570938367,3.9861467549039986,PASS,1.9211664777523365,0.6260017772589903,2.5063655857380227,PASS,-0.20779124729879134,-0.2670396969631327,-0.130073614561541,PASS,0.22004350328874545,0.09093476711173608,0.33799032445171856,PASS,1.408135946395567,0.8741193415281687,2.3808629728730026,PASS,-1.3241041243179756,-2.359044582937754,-0.5888312822322602,FAIL,1.1737734604261056,0.5323193955635769,2.69629665227865,PASS,1.925622487611469,1.3014972724008917,2.5736985843759315,PASS,0.02266526638424077,0.020724494488234928,0.024422622676738753,FAIL,0.1832890625,0.1747375,0.184,FAIL,4.474437298555274,3.32411887058504,5.517511889779168,PASS,0.36382191824109117,0.02481066220443107,0.5942767665936962,PASS,0.6883236715228316,-0.16972544759314068,0.9098250223326022,PASS,0.8220986974657261,-0.00581418329916795,0.9446153412510621,FAIL,0.5301978409236259,0.06157923012064767,0.7594255973060025,PASS,0.24633807058646442,-0.22334941808296552,0.5272427999307966,PASS,0.37703357041570035,-0.025662842549253377,0.61606641401238,PASS,0.22472244873257685,-0.18105260765166753,0.49151031150953306,PASS,0.7814596932714681,0.13791881922474414,0.9504694924377727,PASS,0.5247503011679254,-0.013864803026159223,0.7631692756838226,PASS,0.5951312001165528,-0.19260935393189502,0.8161657032079835,PASS,0.36953125,0.1,0.6424999999999996,FAIL,31.318618532691293,14.772660360379106,63.894072591761066,PASS,-0.15459485666002207,-0.320240337953436,0.026871439345732998,PASS,0.9997826664397242,0.9997295756626875,0.9998190123973499,FAIL,7810.9177458530585,4319.892630070834,11414.466330193565,3,5,39,49,4,7
F00282,F01,P01,64,true,PASS,6.5090565161897525,4.648612650309049,9.952736866446635,PASS,-0.025908322347409696,-0.02749035490888317,-0.024526115480819052,PASS,0.05997271825396826,0.01575,0.10864583333333333,FAIL,-0.19225769145778426,-0.3786989299818105,-0.058043965055340076,PASS,-0.0035326217848705667,-0.0434721204505252,0.033230526549421595,PASS,0.6328784330837693,0.6318759916159216,0.6337152324669786,PASS,4.9879557291666705,4.853861979166671,5.157250000000004,PASS,1546.6306235989764,1543.8748076844772,1548.8134363336658,PASS,1.090234762892793,0.653783429657451,1.7966261387998845,PASS,0.3050665672220285,0.12629549109421537,0.4971886425982432,FAIL,3.6040725409990557,3.527158480908062,3.6770149936906065,PASS,0.4839004740104549,0.35301264179216213,0.6024323184866751,FAIL,0.6142751479289941,0.6142751479289941,0.6142751479289941,FAIL,0.0015833221189812052,0.0015833221189812052,0.0015833221189812052,PASS,0.08879022080240917,0.08879022080240917,0.08879022080240917,FAIL,0.2222970516048579,0.2222970516048579,0.2222970516048579,PASS,0.2109926998463887,0.2109926998463887,0.2109926998463887,PASS,0.43707032995168577,0.4370703299516857,0.4370703299516857,PASS,-1.892906050659068,-4.504759420353543,-0.7092942937907962,PASS,2.2170559938764565,0.8432571423569107,4.98575280661108,PASS,2.1531546227463005,1.4202874756139112,2.846188407463789,PASS,-1.3553045069325478,-1.952496161345568,-0.811235837126245,PASS,1.2743771323553705,1.02519536370889,1.6056054301548874,PASS,2.0875761489413844,1.7489936315975516,2.3823583913144355,PASS,-1.5175698961645196,-4.2144964126364135,-1.0054474990842492,PASS,1.8475231066688602,0.9215816120899967,3.4983127572192183,PASS,1.8729695867735048,1.1602976495618909,2.4526679980817723,PASS,-1.4816802591458087,-4.849218998166645,-0.1725074260566324,PASS,1.701747783785106,0.2342318038753044,3.9861467549039986,PASS,2.0184762609147464,1.4153934787248994,2.631535935163301,PASS,-0.21046448847766724,-0.26925770351109024,-0.115788595806877,PASS,0.22506720775313818,0.08661403093059841,0.3354053995565045,PASS,1.500576576003811,0.8672607933900502,2.4555342733487104,PASS,-1.3965466413343544,-2.552542256151578,-0.6163915788858357,FAIL,1.3157926524991286,0.6037750403746348,3.7013551953366357,PASS,1.932454590398248,1.1209419622802752,2.5943523742884436,PASS,0.022476601763762392,0.02025651049240006,0.024087118154138394,FAIL,0.18349218749999996,0.1747375,0.184,FAIL,4.5036339183643195,3.3654131743535043,5.7797733968787,FAIL,0.35165997718684927,0.05990705221498169,0.6276814552750343,PASS,0.6497884218244072,-0.17165074366637773,0.9215488409747007,PASS,0.7904551008052113,-0.053851984623102644,0.9523174178547552,FAIL,0.5277670784884725,0.14609184531457037,0.7486627807130257,PASS,0.2133287589834624,-0.25530009941262866,0.5635606415960568,PASS,0.34877179855631374,-0.08616485406389152,0.6287056039245527,PASS,0.19917804928609475,-0.18674483519163584,0.4797582151552009,PASS,0.7501645040538518,0.1355758251626783,0.9550625893424225,PASS,0.5166194329110968,0.012795768427221917,0.7711847002654685,PASS,0.5657161653903947,-0.21182182067595093,0.8126519691861354,PASS,0.40546875000000004,0.12875,0.7,FAIL,19.74537872820586,8.926188792195566,35.924519877274456,PASS,-0.1875407156689975,-0.38625150674796777,0.019718088088870038,PASS,0.9999345456696187,0.9998981564022417,0.9999490707270328,FAIL,8393.549047634222,4582.813950828207,12235.571628440919,4,5,38,49,4,7
F01697,F02,P01,64,true,PASS,6.107312862694818,3.4993955784068205,8.882555903496758,PASS,-0.02728405165838968,-0.028414040217658896,-0.025034992009950803,PASS,0.06785838293650794,0.02,0.1316269841269841,FAIL,-0.1297782593863926,-0.2887307123665655,0.024528125577046807,PASS,-0.004951786488446236,-0.07161523866639152,0.05618525193272268,PASS,0.6336803532270774,0.6325726584725749,0.6350237436930546,PASS,4.997117513020838,4.830864583333337,5.161781250000003,PASS,1546.4814857124654,1543.8010468253465,1549.1877938894033,PASS,1.0497440162287832,0.5628009323139747,1.8763069565033481,PASS,0.2750931448232413,0.12153871320678401,0.5049172960622564,FAIL,3.584114703382244,3.4856818877467557,3.688709976475646,PASS,0.46440098833563925,0.3394859985994439,0.5861941887486614,FAIL,0.6142751479289941,0.6142751479289941,0.6142751479289941,FAIL,0.0015833221189812052,0.0015833221189812052,0.0015833221189812052,PASS,0.08879022080240917,0.08879022080240917,0.08879022080240917,FAIL,0.2222970516048579,0.2222970516048579,0.2222970516048579,PASS,0.2109926998463887,0.2109926998463887,0.2109926998463887,PASS,0.43707032995168577,0.4370703299516857,0.4370703299516857,PASS,-1.8104800242604278,-3.853995227768667,-0.7315521873130786,PASS,1.9560336184642708,0.8439729159864856,4.806027743416616,PASS,2.0383046908101767,0.8827010148907731,2.7109012488624624,PASS,-1.317590205127617,-1.9493287362007612,-0.8057427081438555,PASS,1.2390386823246242,1.0793603489302706,1.5049679635120656,PASS,2.1294164573958634,1.7340668642329369,2.4641998567984778,PASS,-1.4280825333309282,-4.2144964126364135,-1.0054474990842492,PASS,1.6998185840317368,0.8274145111483424,3.0184793469263584,PASS,1.7954257852587334,1.0831177773351297,2.269391435422408,PASS,-1.3163712570926687,-4.849218998166645,-0.17940355225867952,PASS,1.4231276185774695,0.2843595489743432,3.2486281743758405,PASS,1.8774774324402128,0.2928644258536709,2.8022402147669903,PASS,-0.20195889843933001,-0.2670396969631327,-0.12964247034470625,PASS,0.21308188983920529,0.08661403093059841,0.3354053995565045,PASS,1.41200750500069,0.9212753288944963,2.440244577142095,PASS,-1.4246436675248653,-2.5819252393474588,-0.5784705084310405,FAIL,1.1979416287679192,0.5411565381339472,3.151541630428477,PASS,1.97805885604694,1.2708516296310506,2.6344723335700344,PASS,0.02279294847614721,0.020921913484138847,0.024560705059777494,FAIL,0.18339062499999997,0.171,0.184,FAIL,4.4382474809161145,3.4502587576643013,5.8437231661880755,FAIL,0.352582402951876,0.04788144638201842,0.5846886189554041,PASS,0.6511171823134436,-0.16451354679999616,0.9032365742528585,PASS,0.7936316091505327,-0.025945283712229227,0.9418230066496524,FAIL,0.5499810199829946,0.10543007102766698,0.79599029944777,PASS,0.22111306524753666,-0.23967431626122984,0.5134991474532576,PASS,0.35445342369901167,-0.06429945025077541,0.61426801082668,PASS,0.21597514042406638,-0.20538301758580513,0.5079312986224992,PASS,0.7471318883188249,0.04351104909867955,0.9470445793742618,PASS,0.5421034827988571,0.016302640846672416,0.7768066381934039,PASS,0.5862889086133729,-0.2644930850756995,0.811606365428836,PASS,0.4200520833333333,0.1,0.7,FAIL,19.25399752130794,8.008431499756012,38.05085139312121,PASS,-0.1252290528862292,-0.33405348877086954,0.09530079293504701,PASS,0.9999288248286564,0.9998852911049327,0.9999463509290595,FAIL,8423.39407999065,4901.9514069566785,12362.945021393041,4,5,38,49,4,7
F02585,F03,P01,64,true,PASS,5.990375910063344,3.696724342291296,8.645650765542094,PASS,-0.023536416515936364,-0.025013130947459942,-0.022139584528203877,PASS,0.06608878968253967,0.030000000000000006,0.11120734126984125,FAIL,-0.1420515961270886,-0.3379909974203705,-0.02046035279242848,PASS,-0.001172944596514388,-0.04130831396574829,0.043041985197977,PASS,0.6315402879963202,0.6303538013106325,0.6327431351741994,PASS,4.982768554687504,4.823085937500003,5.1692708333333375,PASS,1546.7150617663797,1543.679129451289,1549.3144166975778,PASS,1.0178838066106584,0.5769007178858473,1.6412076646547997,PASS,0.27512206732743627,0.12757258738565308,0.424505822024332,FAIL,3.632753499214811,3.534715329673893,3.7520140380932454,PASS,0.5472729755808224,0.35738617796893707,0.6838384059302468,FAIL,0.6142751479289941,0.6142751479289941,0.6142751479289941,FAIL,0.0015833221189812052,0.0015833221189812052,0.0015833221189812052,PASS,0.08879022080240917,0.08879022080240917,0.08879022080240917,FAIL,0.2222970516048579,0.2222970516048579,0.2222970516048579,PASS,0.2109926998463887,0.2109926998463887,0.2109926998463887,PASS,0.43707032995168577,0.4370703299516857,0.4370703299516857,PASS,-1.775855143953764,-4.504759420353543,-0.7302292195035749,PASS,1.9791229558342676,0.7216345822900312,4.98575280661108,PASS,1.9354311448747072,0.8805227155712073,2.6426581340666035,PASS,-1.298822052892318,-1.9468444811852266,-0.8588599355663638,PASS,1.2262384981943262,0.9158563381316247,1.3932659071414357,PASS,2.0930701704310257,1.7428027761525928,2.4714205517691523,PASS,-1.5150663807080307,-4.2144964126364135,-1.0054474990842492,PASS,1.7541834286895535,0.9046563311184496,3.4983127572192183,PASS,1.8301777723488888,1.0832760509983368,2.433998869941032,PASS,-1.3542429828794544,-4.849218998166645,-0.19349666641672106,PASS,1.422524076982966,0.2840565963235406,3.9861467549039986,PASS,1.8109973673564523,0.2863717949116488,2.832113226178458,PASS,-0.20018984068015305,-0.2670396969631327,-0.12477595564886189,PASS,0.20791509131723912,0.08661403093059841,0.3354053995565045,PASS,1.5497483895051056,0.9147873478570144,2.5847131709949136,PASS,-1.4403550267333416,-2.447207238989044,-0.5928793899604612,FAIL,1.0759889404158955,0.5200677214891406,1.6630230376067285,PASS,1.9745834986819886,1.1867321060693306,2.6183464620976062,PASS,0.022772349156107936,0.021217002940235753,0.023840200376317663,FAIL,0.18389843749999996,0.184,0.184,FAIL,4.454202607576092,3.4281578279864164,5.385980926941066,FAIL,0.3487481686417364,0.054410044371636414,0.6103132789946963,PASS,0.5937947235690035,-0.17511728959985445,0.9215189772132586,PASS,0.7609665115946127,-0.038762982007181694,0.9515447275505574,FAIL,0.5006956543364943,0.07416760285613014,0.7679708110863276,PASS,0.19749460330710206,-0.2410941781273967,0.5708222428338523,PASS,0.33554664791559846,-0.08011540251931411,0.6385801309846705,PASS,0.18016113182246354,-0.19456805752866985,0.5272019559678868,PASS,0.7144856468817555,0.10865235826535927,0.9552147714630603,PASS,0.48993381616409776,-0.019782808561346912,0.7735579227889186,PASS,0.526139221661341,-0.18834137465668352,0.8242773691617699,PASS,0.4135416666666667,0.2,0.7,FAIL,17.281401078290756,8.865977336964198,31.828106992096323,PASS,-0.1276599260995444,-0.34078614581142835,0.05268842356602678,PASS,0.9999474015960649,0.9999148438461054,0.9999596558366771,FAIL,8406.37702255397,4960.736639225959,12126.665226908526,4,5,38,49,4,7
F03107,F04,P01,64,true,PASS,6.403900384648909,3.9035794845490956,8.972984536805619,PASS,-0.015567162563776413,-0.01753671853337603,-0.014334396835071301,PASS,0.058654513888888885,0.02,0.10901388888888883,FAIL,-0.1841328383710894,-0.3506284970561233,-0.02683449376623891,PASS,-0.007483747196126335,-0.06589325993844077,0.03002585692183478,PASS,0.635127649652477,0.6341428153620421,0.6361640273750753,PASS,4.9868945312500035,4.81665885416667,5.149645833333337,PASS,1546.6478980530546,1543.998590275662,1549.419038421908,PASS,1.0391518619278346,0.5357800422679433,1.7523515074872458,PASS,0.29177721072462826,0.13978509462316183,0.541994622159457,FAIL,3.5584945315863403,3.4691131046007695,3.6442416818563586,PASS,0.40016689435788766,0.2896261002478324,0.5079204133270144,FAIL,0.6142751479289941,0.6142751479289941,0.6142751479289941,FAIL,0.0015833221189812052,0.0015833221189812052,0.0015833221189812052,PASS,0.08879022080240917,0.08879022080240917,0.08879022080240917,FAIL,0.2222970516048579,0.2222970516048579,0.2222970516048579,PASS,0.2109926998463887,0.2109926998463887,0.2109926998463887,PASS,0.43707032995168577,0.4370703299516857,0.4370703299516857,PASS,-1.8353660432704437,-4.504759420353543,-0.7315521873130786,PASS,2.0398623138559033,0.8508626853315004,4.98575280661108,PASS,2.0487525444874386,1.0559100436225974,2.710702641958915,PASS,-1.272368818505429,-1.9493287362007612,-0.8034838293175427,PASS,1.2493463534575393,1.0349522816194447,1.4407392810989532,PASS,2.082163071037347,1.7277384487604313,2.4493526278086746,PASS,-1.424305692142564,-4.2144964126364135,-1.0054474990842492,PASS,1.7639666931192717,0.9689450750235796,3.4983127572192183,PASS,1.784346626492169,1.1195888252672728,2.396856533131298,PASS,-1.3350231306499616,-4.849218998166645,-0.16527739495681673,PASS,1.5875926832632743,0.2815370997101815,3.9861467549039986,PASS,1.9103297893953668,0.6426153908558513,2.8892413234954497,PASS,-0.20654313300100346,-0.2670396969631327,-0.11464132696909425,PASS,0.22839982816280022,0.09013240210141021,0.3354053995565045,PASS,1.5469265938380974,0.91867751454182,2.468054336422737,PASS,-1.3560053729047872,-2.5397862655535577,-0.6004727032987824,FAIL,1.2036226158070704,0.5214422503204993,3.2757516070989934,PASS,1.9278050653246004,1.0956465801306485,2.5878452443752797,PASS,0.02275387066132096,0.019935716981448928,0.02464189284765154,FAIL,0.1832890625,0.1747375,0.184,FAIL,4.474378001302988,3.4885742131944095,5.577968660657501,FAIL,0.3332395076051896,0.05849243365556047,0.5921992066993155,PASS,0.6447460770923854,-0.15768403614463108,0.9054107996038563,PASS,0.805417214353582,0.011994060701602288,0.9474098681723548,FAIL,0.5085098221449791,0.0658595968030351,0.7373426306671943,PASS,0.1977389416769685,-0.2530138659566156,0.5335514010611163,PASS,0.3404516040407137,-0.0103566560749229,0.6170063062732791,PASS,0.19005011380373155,-0.17404162317082866,0.4915536129308814,PASS,0.7482401377893956,0.1525288145167382,0.9488227993973941,PASS,0.4901252933462548,-0.052546436404030304,0.7573026157786583,PASS,0.5643931126787942,-0.166318855859272,0.8149897717875842,PASS,0.37578124999999996,0.1,0.7,FAIL,21.74096170214972,7.588232328690521,45.08285390015683,PASS,-0.14246611926165936,-0.31708140459244477,0.03230092506174075,PASS,0.9999783978078244,0.9999647056877178,0.9999836775879971,FAIL,8900.991772321362,5006.407553376252,12967.009240533916,4,5,38,49,4,7
F03825,F04,P01,64,true,PASS,5.691400970009685,3.459034633222704,10.178303394714273,PASS,-0.030712697891055633,-0.032213304828893036,-0.02705495142204882,PASS,0.05807601686507936,0.02,0.10385615079365076,FAIL,-0.17227382903943586,-0.4108140471977865,0.008695356785829582,PASS,0.0004831769986618996,-0.032676505408545276,0.0682719379665166,PASS,0.6262845315318388,0.6254343096514737,0.6270358890025097,PASS,5.002441406250004,4.883744791666671,5.123872395833337,PASS,1546.3948220018992,1544.418136955442,1548.3269961850883,PASS,1.0060994579209666,0.5799506266101955,1.6036203870472647,PASS,0.2944090304207957,0.1261358594673063,0.5051601465541896,FAIL,3.8041106412263153,3.6777491078889537,3.898378520408219,PASS,0.5991699488230988,0.4943329195820289,0.7137072767395249,FAIL,0.6142751479289941,0.6142751479289941,0.6142751479289941,FAIL,0.0015833221189812052,0.0015833221189812052,0.0015833221189812052,PASS,0.08879022080240917,0.08879022080240917,0.08879022080240917,FAIL,0.2222970516048579,0.2222970516048579,0.2222970516048579,PASS,0.2109926998463887,0.2109926998463887,0.2109926998463887,PASS,0.43707032995168577,0.4370703299516857,0.4370703299516857,PASS,-1.9266180986029307,-4.504759420353543,-0.7325300330853204,PASS,2.312322666432118,0.8508626853315004,4.98575280661108,PASS,2.11592663526746,1.019060024757049,2.8325648514230375,PASS,-1.3362400256193123,-1.9493287362007612,-0.7973376319313278,PASS,1.2417140211645925,1.014232902925145,1.448377842691698,PASS,2.1392455327632813,1.7664649701569983,2.492174004812787,PASS,-1.5322326996878868,-4.2144964126364135,-1.0067436326620935,PASS,1.85263468729551,1.016035335502386,3.4983127572192183,PASS,1.8347979864659099,1.1069619977623608,2.435369081602973,PASS,-1.4952999066303536,-4.849218998166645,-0.17935865711136126,PASS,1.678727273979265,0.253503306469255,3.9861467549039986,PASS,1.9630414594620773,0.6279648400445768,2.8229289471973007,PASS,-0.20106601615133513,-0.2677475870508163,-0.10906137939890534,PASS,0.21813923120348028,0.08446471556332849,0.3354053995565045,PASS,1.4482804001754492,0.806967862339176,2.391148267972969,PASS,-1.297463711042235,-2.3197063360841157,-0.5892431512992993,FAIL,1.1419066975611591,0.5416663986396528,2.608860560296131,PASS,1.9031561923955336,1.1927785879017374,2.453707386097247,PASS,0.02281199531774583,0.021248581706559473,0.024268444722246277,FAIL,0.18257812499999998,0.171,0.184,FAIL,4.481919871513567,3.481301919851143,5.691710588197731,FAIL,0.35362775709807537,0.08863243929849518,0.6067848639450584,PASS,0.6397515307772911,-0.15489156576830707,0.9178675269345135,PASS,0.7875728223861003,-0.0395539725338589,0.9497311199750782,FAIL,0.5209873354903857,0.060599247000062355,0.7744697608663291,PASS,0.22355467337459475,-0.2611164092547594,0.5483666368579241,PASS,0.3539285961647718,-0.059009731433045116,0.61428096018597,PASS,0.20804396803670122,-0.18251949377851007,0.4736018625061384,PASS,0.7475771825936999,0.13899013509363894,0.9535306245468799,PASS,0.5165102068662926,-0.06433686728269448,0.7776047867881295,PASS,0.582661028904887,-0.1757524935728908,0.8258679130074036,PASS,0.39192708333333337,0.2,0.6616666666666664,FAIL,23.59699652361651,14.026247242859277,36.11527871491514,PASS,-0.16879432853737553,-0.4184802150173178,0.09099138001922667,PASS,0.9999115820436986,0.9998488076021396,0.9999326687875341,FAIL,9238.921878519492,4078.1466217524735,16213.681020312953,4,5,38,49,4,7
F03839,F04,P01,64,true,PASS,5.652107578680486,3.452000489980133,8.660706150734875,PASS,-0.01267901515376265,-0.013998651455035116,-0.011542568061998522,PASS,0.06263392857142858,0.02063888888888889,0.1161130952380952,FAIL,-0.16651287701706602,-0.37330472833928374,0.008355125835199506,PASS,-0.005794534200102494,-0.08243557644490646,0.031830077285705076,PASS,0.6336814454979298,0.6323917669098373,0.6345433405262265,PASS,5.001886393229171,4.862007812500004,5.127388020833338,PASS,1546.4038566473603,1544.360908702668,1548.680836352424,PASS,0.9973089737183237,0.5569638555189292,1.5758427625109137,PASS,0.28422347641847906,0.12349390805380177,0.43548652369145185,FAIL,3.589773676312463,3.504542269378628,3.670648124074795,PASS,0.4650594811897987,0.31357972211841845,0.6186150116971229,FAIL,0.6142751479289941,0.6142751479289941,0.6142751479289941,FAIL,0.0015833221189812052,0.0015833221189812052,0.0015833221189812052,PASS,0.08879022080240917,0.08879022080240917,0.08879022080240917,FAIL,0.2222970516048579,0.2222970516048579,0.2222970516048579,PASS,0.2109926998463887,0.2109926998463887,0.2109926998463887,PASS,0.43707032995168577,0.4370703299516857,0.4370703299516857,PASS,-1.8381955117656381,-4.504759420353543,-0.7315521873130786,PASS,2.288128456335202,0.8468781148359366,4.98575280661108,PASS,2.0757452000013092,0.9330306201606495,2.729573950905149,PASS,-1.314172069176625,-1.9468444811852266,-0.79840463483672,PASS,1.261820647413811,1.0480945905093753,1.4407392810989532,PASS,2.1362377267777264,1.7768389202363293,2.5002235763821803,PASS,-1.5362111688125384,-4.2144964126364135,-1.0054474990842492,PASS,1.9319626091366078,1.0145376462731321,3.4983127572192183,PASS,1.7927000043029095,1.0501466958295917,2.4624104293127083,PASS,-1.4044460529011809,-4.849218998166645,-0.19087185457735797,PASS,1.8063920267882307,0.29013610928088485,3.9861467549039986,PASS,1.8905566033880374,0.3005361483793544,2.7110448341052296,PASS,-0.2108176532110942,-0.27016302657007807,-0.13190933193787913,PASS,0.21734037638080858,0.11667132610372997,0.3342396491135648,PASS,1.471356906343531,0.9509936565418359,2.4338579325844196,PASS,-1.3516165779667957,-2.4588243844237727,-0.5723400727847573,FAIL,1.2271897136043624,0.589133050722268,1.9534272943662345,PASS,1.9926688691329189,1.2757505572036474,2.5208103151334105,PASS,0.022569737198051616,0.020014802212647096,0.024266386024232433,FAIL,0.18339062499999997,0.1747375,0.184,FAIL,4.536262542263782,3.4135055075034124,5.293500014604338,FAIL,0.36804082415541545,0.05101498893775994,0.6291546416720857,PASS,0.7158141810049248,-0.00037912126834527965,0.9167907961428292,PASS,0.8530443510496515,0.38649896700137015,0.9525927720944597,FAIL,0.5497911278404819,0.11750336502991106,0.7436698451057847,PASS,0.23748265979392552,-0.21148424581219158,0.5553631713186334,PASS,0.37248142075658786,0.027137658189653073,0.635858085694819,PASS,0.22576269136727545,-0.10824120836504593,0.4880155437274628,PASS,0.8021264778140583,0.1802372584951859,0.9539734797647068,PASS,0.5295325032127018,-0.07207038083235506,0.7509143249328123,PASS,0.6142598369391301,-0.0014174217923937638,0.8076267245541263,PASS,0.3944010416666667,0.2,0.6568749999999998,FAIL,18.289701815630544,7.946238587091272,31.22432201708312,PASS,-0.1572760450208301,-0.38265749172038915,0.05760516110278722,PASS,0.9999839528734638,0.9999719153031085,0.9999885469091114,FAIL,8603.409053465824,4862.747655533725,11924.576305098439,4,5,38,49,4,7
F09336,F10,P01,64,true,PASS,6.635820350619353,3.444932657168099,9.323318422387954,PASS,-0.03829257776538465,-0.04019089303877682,-0.035467738659360606,PASS,0.05818328373015873,0.025750000000000006,0.11380456349206346,FAIL,-0.12593097066278658,-0.2545629901920051,0.00403510645936947,PASS,-0.0011193085627795034,-0.03327636816546891,0.04669707379800086,PASS,0.6277214274170373,0.626026782138425,0.6297008899419998,PASS,5.019907226562505,4.8927265625000045,5.1863359375000035,PASS,1546.1105088627714,1543.401339273195,1548.1807885970757,PASS,1.0781751414270597,0.5497637228191411,1.8584279179724124,PASS,0.28231056381845276,0.13389688893744847,0.47346343479381175,FAIL,3.717968708009074,3.61308087363376,3.8235830853527837,PASS,0.6437951204735476,0.5153967269600711,0.771843893891537,FAIL,0.6142751479289941,0.6142751479289941,0.6142751479289941,FAIL,0.0015833221189812052,0.0015833221189812052,0.0015833221189812052,PASS,0.08879022080240917,0.08879022080240917,0.08879022080240917,FAIL,0.2222970516048579,0.2222970516048579,0.2222970516048579,PASS,0.2109926998463887,0.2109926998463887,0.2109926998463887,PASS,0.43707032995168577,0.4370703299516857,0.4370703299516857,PASS,-1.9588500868548386,-4.504759420353543,-0.7475819286293871,PASS,2.1327013239949393,0.8316868687692308,4.98575280661108,PASS,2.101094239645468,1.0565884690035274,2.7020700069472117,PASS,-1.3571553438444495,-1.9468444811852266,-0.8659620003269142,PASS,1.2523937753758703,1.0161869381896291,1.5600798990623275,PASS,2.0984092096611167,1.8006199771702167,2.391717154348614,PASS,-1.7888530266182852,-4.2144964126364135,-1.0120044101251093,PASS,1.8727127519517464,0.9678380873323921,3.4983127572192183,PASS,1.7932801834471284,1.100040047165468,2.4273658853088085,PASS,-1.628693481965632,-4.849218998166645,-0.1762516870531118,PASS,1.703633183671487,0.22073475206553497,3.9861467549039986,PASS,1.811433717770696,0.6202376169068371,2.6965522710344563,PASS,-0.20787270446454748,-0.2705713095182491,-0.115788595806877,PASS,0.20373590454093576,0.0855380651814565,0.3333780074818268,PASS,1.4262708720848132,0.8520702745650632,2.406711413824396,PASS,-1.3456566162841375,-2.526740125835037,-0.5792540760142473,FAIL,1.3690698280606393,0.5389141576836792,3.7013551953366357,PASS,2.0215287051201876,1.2343835141243444,2.688981082781065,PASS,0.022520707942085213,0.020272268965988174,0.024256407670998566,FAIL,0.18379687499999997,0.184,0.184,FAIL,4.628012045731104,3.5895883203635504,5.697738700514234,FAIL,0.3931066104111979,0.0814365801772104,0.6570015128809243,PASS,0.6920145966771649,-0.21796253333778365,0.9296674797467568,PASS,0.8254613335469703,0.053357661124799435,0.9543271053735431,FAIL,0.5548939514649274,0.12344978631752881,0.7500637976195431,PASS,0.2625402319438927,-0.23258374473832266,0.60219885167334,PASS,0.38836937183387354,-0.006323179826292276,0.674531321275931,PASS,0.22259139436769812,-0.17920580140561257,0.5149867793904719,PASS,0.7971651206347344,0.1607804250207271,0.9589780678818285,PASS,0.5552732168191912,0.013684856032065935,0.7645098727868165,PASS,0.6038409910458475,-0.10650471751320241,0.8153754433484858,PASS,0.38789062499999993,0.2,0.6856249999999999,FAIL,24.97045136367618,12.654896445928003,42.57172687241985,PASS,-0.16091021565429636,-0.32392213582655155,0.012742012777436473,PASS,0.9998637422034478,0.999760600594578,0.999897134743635,FAIL,8061.582924917835,4806.342145766348,12305.533990309235,4,5,38,49,4,7
F10926,F11,P01,64,true,PASS,6.58077643224081,3.87853675668226,8.568203926034577,PASS,-0.044503973639856045,-0.0471904655967456,-0.041498035584895676,PASS,0.05972780257936508,0.02,0.10999305555555555,FAIL,-0.1392731454540081,-0.3086679798841868,-0.007302500955342341,PASS,-0.006029825500913511,-0.04361938903208938,0.021255104373238333,PASS,0.6226006473342448,0.6213238417848205,0.6239701491968076,PASS,5.009420572916671,4.845716145833338,5.1563489583333375,PASS,1546.2812133223188,1543.8894750737068,1548.9460363149076,PASS,0.9431477638670165,0.5382315816652323,1.5365119704757788,PASS,0.30333144110194965,0.1412928274146623,0.48369811962673576,FAIL,3.8560465999061013,3.7249451524937887,3.97835056358389,PASS,0.7341955140444608,0.5628921077319148,0.8867493349601785,FAIL,0.6142751479289941,0.6142751479289941,0.6142751479289941,FAIL,0.0015833221189812052,0.0015833221189812052,0.0015833221189812052,PASS,0.08879022080240917,0.08879022080240917,0.08879022080240917,FAIL,0.2222970516048579,0.2222970516048579,0.2222970516048579,PASS,0.2109926998463887,0.2109926998463887,0.2109926998463887,PASS,0.43707032995168577,0.4370703299516857,0.4370703299516857,PASS,-1.9637582055026799,-4.504759420353543,-0.7315521873130786,PASS,2.2897080365700617,0.8471681326940322,4.98575280661108,PASS,2.095492721433212,0.9554665838963334,2.8611516438437987,PASS,-1.3145927453603914,-1.9479002895668287,-0.8220982530161264,PASS,1.240909054243435,0.8743422334150637,1.4407392810989532,PASS,2.131835969755823,1.781433796460158,2.4561447345066107,PASS,-1.4695977306014583,-4.2144964126364135,-1.0120044101251093,PASS,1.8592884571768473,1.050369177032097,3.4983127572192183,PASS,1.798874855637426,1.075170458092128,2.4700909599025898,PASS,-1.4169293699743868,-4.849218998166645,-0.23293799926906872,PASS,1.712866517952627,0.2930877193545689,3.9861467549039986,PASS,1.8718445823025305,0.30121083018929246,2.8982193506024787,PASS,-0.207162664675005,-0.26663141401496165,-0.12964247034470625,PASS,0.2209333186380933,0.09093476711173608,0.33799032445171856,PASS,1.45133095895319,0.888734879250452,2.4513473826848666,PASS,-1.376235735973391,-2.4344512483910234,-0.5473130457444207,FAIL,1.0723631876915092,0.522072900407989,1.8108203580322686,PASS,1.9651130181993492,1.2966053205067063,2.6369862498030576,PASS,0.022720648523585456,0.020905971008066692,0.023974622733989058,FAIL,0.1828828125,0.171,0.184,FAIL,4.417670805104719,3.562362181536268,5.691199156142427,FAIL,0.36401143600204444,0.08159692862787313,0.5794943355023177,PASS,0.70848312334695,0.004547624529265978,0.9136769666513023,PASS,0.8455743198335635,0.3494573215428164,0.9456575152988864,FAIL,0.5521835011527864,0.16348652830959023,0.7639987833391078,PASS,0.24564191073220962,-0.24816133466388168,0.4883935630451079,PASS,0.376250203701363,-0.01992570344448889,0.5805723602037814,PASS,0.2267745152117778,-0.11989408542251793,0.504095267042277,PASS,0.7993146834175797,0.1988660300523178,0.9524198016051215,PASS,0.5366319065666749,-0.021248131534870898,0.7681423829429533,PASS,0.6164850907968691,0.00598541981468885,0.8039525692682554,PASS,0.38776041666666666,0.15750000000000003,0.6070833333333332,FAIL,37.82064227728599,12.944180113505803,94.70842386570888,PASS,-0.17620447557169316,-0.35889892129122025,-0.0035732383295171886,PASS,0.9997550851844255,0.9993496969444453,0.9998694937870032,FAIL,8319.354325041035,5292.180469750406,11853.62057651056,4,5,38,49,4,7
F12761,F13,P01,64,true,FAIL,24.30088729914099,18.81731752289529,30.890635839301208,PASS,-0.05656006396668516,-0.06257909765720993,-0.05345611311664764,PASS,0.06142175099206349,0.02,0.11309126984126984,PASS,0.13614629547320253,0.008991959182379517,0.34657866097436324,PASS,-0.03629389115869835,-0.1431720309144616,0.011844880427486333,PASS,0.6352950525059855,0.6332591046463307,0.6376583538640167,PASS,5.002584635416671,4.8253645833333385,5.173226562500004,PASS,1546.3924904804899,1543.6147370690937,1549.2773243115207,PASS,0.9584914345452882,0.594284897318686,1.618579906899108,PASS,0.2861471560548258,0.14222035135071412,0.46766796847404457,FAIL,3.5435502307677798,3.420598014029507,3.639121074438997,PASS,0.36840862879645725,0.2247795710787913,0.5001131783856068,FAIL,0.6142751479289941,0.6142751479289941,0.6142751479289941,FAIL,0.0015833221189812052,0.0015833221189812052,0.0015833221189812052,PASS,0.08879022080240917,0.08879022080240917,0.08879022080240917,FAIL,0.2222970516048579,0.2222970516048579,0.2222970516048579,PASS,0.2109926998463887,0.2109926998463887,0.2109926998463887,PASS,0.43707032995168577,0.4370703299516857,0.4370703299516857,PASS,-1.9415795411633614,-3.853995227768667,-0.7364989365138314,PASS,2.1394721410306126,0.8563744341520184,4.98575280661108,PASS,2.0728851931765964,1.0639323466257338,2.6123458358483984,PASS,-1.2209032874706702,-1.6157939840711173,-0.8055060922241607,PASS,1.2176167335722163,1.0520100862486468,1.3718563463370648,PASS,2.0910151409616335,1.7272234502465464,2.5430372080828776,PASS,-1.54377975391289,-4.2144964126364135,-0.9886120291005369,PASS,1.7357358054406637,0.8562017754151193,3.4983127572192183,PASS,1.8126134486665,1.0778821948278543,2.381668153194942,PASS,-1.5123729112953797,-4.849218998166645,-0.19349666641672106,PASS,1.6441454297867295,0.290921048084246,3.9861467549039986,PASS,1.9878912440804284,0.8627524693646376,2.7853350380517226,PASS,-0.20886358848582687,-0.26906119305797516,-0.130073614561541,PASS,0.23677886672681198,0.11667132610372997,0.3424974794503272,PASS,1.5472329862978518,0.8630198985293842,2.4595349323692846,PASS,-1.3352347932698954,-2.359044582937754,-0.614309788211594,FAIL,1.1486542167139313,0.5693013601589553,1.9534272943662345,PASS,1.9995057320460863,1.4735523183851138,2.529518175214169,PASS,0.02252862309157651,0.02107124182165565,0.02408641411814546,FAIL,0.18339062499999997,0.1747375,0.184,FAIL,4.451346474913905,3.3573466503626053,5.7190599630816905,PASS,0.33689893931287607,0.010604501719581909,0.6108318494197162,PASS,0.6732026261052344,0.04130409129298658,0.9109388760785639,FAIL,0.8435426579180914,0.6143525783586197,0.9483467982251002,FAIL,0.5077802177333787,0.13026687604885326,0.7677734541625989,PASS,0.2165569763004138,-0.2151996718741075,0.536738042399967,PASS,0.3605601478269054,0.0305973414703092,0.6196796197742552,PASS,0.20394335654064133,-0.15034824826285959,0.4871003337228366,PASS,0.7543275797296878,0.15465085465348022,0.946954618072924,PASS,0.47711242455028924,-0.035641167285090654,0.7766581431347632,PASS,0.5780848425930444,0.09092021627281976,0.824755733155236,PASS,0.380078125,0.2,0.6424999999999996,FAIL,30.692031953413608,13.179153261683055,60.4349412101974,PASS,-0.18727515370454867,-0.3276296741313181,0.04678575862057441,PASS,0.9998042905532671,0.9996262252527486,0.999898497677412,FAIL,12564.38144002136,7361.688520755801,21286.052801751,4,5,38,49,4,7
F13172,F13,P01,64,true,FAIL,24.796598563466954,18.50273902593003,29.8182594179848,PASS,-0.05466439977055188,-0.05925398649149941,-0.05162643170245498,PASS,0.061413690476190476,0.025750000000000006,0.11285615079365076,PASS,0.12522110554072532,-0.038995628244986244,0.34933020960048417,PASS,-0.03223982207290067,-0.1308066148296323,0.034854585179210924,PASS,0.6356755030381058,0.6333660314267437,0.637564278405663,PASS,4.9976334635416695,4.8371901041666705,5.134773437500004,PASS,1546.4730869364798,1544.2406869805445,1549.084825425709,PASS,1.0174114577078532,0.5461086108641257,1.6569712261766887,PASS,0.30483114346397533,0.15887446540722747,0.524187448283909,FAIL,3.5570118162085578,3.4826489733946517,3.6389810170877066,PASS,0.3775277496023264,0.2252326342932066,0.49678751973970103,FAIL,0.6142751479289941,0.6142751479289941,0.6142751479289941,FAIL,0.0015833221189812052,0.0015833221189812052,0.0015833221189812052,PASS,0.08879022080240917,0.08879022080240917,0.08879022080240917,FAIL,0.2222970516048579,0.2222970516048579,0.2222970516048579,PASS,0.2109926998463887,0.2109926998463887,0.2109926998463887,PASS,0.43707032995168577,0.4370703299516857,0.4370703299516857,PASS,-2.0682139204986267,-4.340116977265886,-0.6909505838760175,PASS,2.6040299870520585,0.8577324012527258,5.752681244681809,PASS,2.21353921549747,0.9896340402686421,3.120210702373158,PASS,-1.324664809056712,-1.9468444811852266,-0.768926941713534,PASS,1.2501729395850298,1.0793603489302706,1.5049679635120656,PASS,2.071113746430373,1.7173406751128861,2.418129733586322,PASS,-1.852271880602626,-4.7670386365817885,-0.9337319994637934,PASS,2.0729469126534106,0.9689450750235796,4.3973349166560585,PASS,1.8861728037721552,1.1611662657708124,2.45846909065622,PASS,-1.8200072971497168,-5.411448232929631,-0.20758102278515203,PASS,1.9415223285427854,0.29013610928088485,4.197704880488223,PASS,1.9998715562373022,0.6225590512739052,2.7994979949611065,PASS,-0.24049495899853218,-0.40758819439154875,-0.13421671049633832,PASS,0.22964450628982547,0.11813861596563259,0.3354053995565045,PASS,1.5281091298526932,0.8973372619471717,2.598517246069611,PASS,-1.351178264710783,-2.447207238989044,-0.6567763030190124,FAIL,1.1947476920478897,0.5187722499513306,1.8541483254192006,PASS,1.9151852241221003,1.163568803073166,2.5115181141670417,PASS,0.022550273787383328,0.020112457000004306,0.024347333437004296,FAIL,0.18349218749999996,0.1775,0.184,FAIL,4.607120975541791,3.5263144508577358,5.978554577581744,PASS,0.3703537711561576,-0.008087527185298215,0.6843603158787036,PASS,0.7190104709673294,0.07954860938490116,0.9371153592315745,FAIL,0.8609699940935718,0.5885085576029228,0.958023165910135,FAIL,0.5392624647185597,0.08623354741079317,0.773912681376872,PASS,0.26206313537000586,-0.22808157622208497,0.6129808799123808,PASS,0.39134554543796174,0.013583033764842205,0.6887530146085914,PASS,0.24310865058234926,-0.11328681440582217,0.5466139276740042,PASS,0.7931230275564526,0.17281050908471582,0.9613018897645066,PASS,0.5097127680640069,-0.10752808914338075,0.7819283998249398,PASS,0.6043698905223766,0.11394102896099467,0.8281437721119251,PASS,0.375390625,0.12875,0.5808333333333332,FAIL,30.270874142862674,15.080284548197172,60.787598315882484,PASS,-0.18184050619002134,-0.36694127285742323,0.049421365905092406,PASS,0.9997844871343158,0.9996375957657824,0.9998876281079548,FAIL,12720.914933238568,8019.370024219245,20217.13710594693,4,5,38,49,4,7
F13808,F14,P01,64,true,FAIL,24.730575917286217,16.39785557574388,30.17945972838003,PASS,-0.05635437091926335,-0.060108740518165345,-0.053386126631333804,PASS,0.06424603174603175,0.02,0.12256944444444445,PASS,0.11994919398533452,-0.0063138006001675195,0.31231314251992925,PASS,-0.026277277380986497,-0.10658508894712196,0.06795486005924992,PASS,0.6360541189429509,0.6336543987839268,0.6378896748510635,PASS,5.020935872395837,4.830197916666671,5.15379947916667,PASS,1546.093764299923,1543.930976154792,1549.1986460617811,PASS,1.053537862830851,0.5568963519818696,1.9083703087580521,PASS,0.28625111600326025,0.1545189831225705,0.48394584846744,FAIL,3.546904901173714,3.468663173031276,3.6651979835390107,PASS,0.3462565787569897,0.20709514283359517,0.47590229421643904,FAIL,0.6142751479289941,0.6142751479289941,0.6142751479289941,FAIL,0.0015833221189812052,0.0015833221189812052,0.0015833221189812052,PASS,0.08879022080240917,0.08879022080240917,0.08879022080240917,FAIL,0.2222970516048579,0.2222970516048579,0.2222970516048579,PASS,0.2109926998463887,0.2109926998463887,0.2109926998463887,PASS,0.43707032995168577,0.4370703299516857,0.4370703299516857,PASS,-1.8427946287510313,-3.853995227768667,-0.7148587671713668,PASS,2.241346893749077,0.8522206524322078,4.98575280661108,PASS,2.1512378139223287,0.9316228230826024,2.880961902972572,PASS,-1.3787319013257604,-1.9493287362007612,-0.9728833582135548,PASS,1.2190770833545703,0.9555828231962166,1.4407392810989532,PASS,2.0931806621806706,1.7248007445781397,2.482942151201077,PASS,-1.6054181711664643,-4.2144964126364135,-0.947571902927476,PASS,1.890898725539976,0.9046563311184496,3.4983127572192183,PASS,1.816403842282965,1.1212375857605603,2.439986053339539,PASS,-1.4924980844138855,-4.849218998166645,-0.20194899191135995,PASS,1.730170983749039,0.2878789956951264,3.9861467549039986,PASS,1.8737090143721162,0.5000638900632939,2.4297470671569883,PASS,-0.20914227440885647,-0.26906119305797516,-0.135157210304115,PASS,0.21902192242003746,0.11533912094019162,0.33799032445171856,PASS,1.4093026088269665,0.7988169709965112,2.3710999521391334,PASS,-1.3556154324457823,-2.3684729238145517,-0.6132087735443411,FAIL,1.2390806136326282,0.6016451176643469,3.4028495191854846,PASS,2.038068202716447,1.3762107671556738,2.5682437686664885,PASS,0.022892917065049753,0.020935154647792158,0.024301010506623467,FAIL,0.18369531249999999,0.1812375,0.184,FAIL,4.471415138879113,3.4672667606633043,5.54789828563871,FAIL,0.3722836569810931,0.06719701008822067,0.6406722723460614,PASS,0.7068079871195443,-0.12461292569921234,0.9191226110640437,PASS,0.8306803725501917,0.025659661077924622,0.9530344586579229,FAIL,0.5420528489796297,0.057410974254867256,0.7650603774348259,PASS,0.2571162901522047,-0.21031941433433604,0.5865714936614732,PASS,0.3867663017783356,0.0456697143819983,0.6513604728794087,PASS,0.22032601673366448,-0.18905164778009687,0.48450182420122656,PASS,0.8011858235023027,0.07198905029536048,0.9567465725066817,PASS,0.5357443978397018,-0.05278871527138894,0.7918266087058713,PASS,0.5994744047027201,-0.22740011917823494,0.8308198459054378,PASS,0.3783854166666667,0.1,0.6070833333333332,FAIL,31.615845696990917,16.279824035538578,60.54825700908341,PASS,-0.1727469142140737,-0.31479349485061414,0.034596389331826766,PASS,0.9997702844397486,0.9995710904145092,0.9998850610934333,FAIL,12819.335532249917,6709.662095617321,20687.019942170653,4,5,38,49,4,7
F14062,F14,P01,64,true,FAIL,24.572673060928846,19.534260042973,29.44434756979047,PASS,-0.06038567707746091,-0.06726971523043604,-0.05681915242658563,PASS,0.060982142857142846,0.02,0.11502083333333328,PASS,0.15321101388211844,-0.003859692534006208,0.3494708647469652,PASS,-0.03363987773646854,-0.11331522282814918,0.011949273718544694,PASS,0.6348991949416298,0.6333022951166558,0.6368528095158702,PASS,5.009672851562504,4.8643463541666705,5.168958333333337,PASS,1546.2771066652908,1543.6842164070913,1548.6427689665047,PASS,0.9884829918019084,0.54332768983402,1.9910948095907377,PASS,0.29056246915315564,0.1227550977834339,0.42723219760811726,FAIL,3.5519529761284154,3.4495899227018807,3.657727401475726,PASS,0.38342398483084417,0.23202690692742936,0.5181953152210653,FAIL,0.6142751479289941,0.6142751479289941,0.6142751479289941,FAIL,0.0015833221189812052,0.0015833221189812052,0.0015833221189812052,PASS,0.08879022080240917,0.08879022080240917,0.08879022080240917,FAIL,0.2222970516048579,0.2222970516048579,0.2222970516048579,PASS,0.2109926998463887,0.2109926998463887,0.2109926998463887,PASS,0.43707032995168577,0.4370703299516857,0.4370703299516857,PASS,-1.8480187695027328,-3.853995227768667,-0.7536054386980877,PASS,2.175793465450225,0.8522206524322078,4.98575280661108,PASS,2.0943548768239615,0.9777217865247256,2.8368734060004073,PASS,-1.334692331937926,-1.9479002895668287,-0.7925346719104182,PASS,1.2691441588157581,1.0806615462748592,1.3932659071414357,PASS,2.099769032892374,1.770632385674215,2.476241924662096,PASS,-1.4527286299779347,-4.2144964126364135,-1.0067436326620935,PASS,1.8555228286001655,1.016035335502386,3.4983127572192183,PASS,1.7471188530856943,1.1350698507217263,2.281231985043023,PASS,-1.40401598678123,-4.849218998166645,-0.19238112138499175,PASS,1.6539011657378215,0.28804995112911314,3.9861467549039986,PASS,1.8363143142209273,0.45293857744261157,2.8276947933612457,PASS,-0.20741068651231043,-0.2696659864592612,-0.12964247034470625,PASS,0.22262897591252306,0.08661403093059841,0.3354053995565045,PASS,1.3885378064480502,0.8748389567005963,2.36498580942546,PASS,-1.3499333419104964,-2.4344512483910234,-0.6466190013525611,FAIL,1.1845192424614035,0.5088430327035777,3.4028495191854846,PASS,2.0211304250938924,1.2756317344831258,2.6426708919341517,PASS,0.02261723710686842,0.020970579957668024,0.024363872162380423,FAIL,0.18349218749999996,0.1775,0.184,FAIL,4.4311182871206185,3.2356247010641193,5.616796988263216,FAIL,0.3677949763690083,0.0997320560575081,0.607709402785289,PASS,0.7151787769523789,-0.050050323077242456,0.9146204146546062,PASS,0.8467972452761188,0.2835563693972168,0.950278801258245,FAIL,0.5555218416274077,0.12595908557215588,0.7788674518363157,PASS,0.2555400832246064,-0.16494338775044332,0.5364273617870801,PASS,0.38232746957649744,0.01553673069518006,0.6228714324588178,PASS,0.22580444000173103,-0.16899475228441468,0.4849994127559486,PASS,0.8094777651292786,0.1332904527002918,0.956059923450237,PASS,0.5565114492627625,0.002320603478089444,0.789712269329235,PASS,0.6317942862487637,0.01078238609311194,0.8299407375884753,PASS,0.36106770833333335,0.1,0.6,FAIL,30.413546091107776,17.425749799628065,53.17833422312355,PASS,-0.17818281368601735,-0.3271783231136752,0.012442899532214606,PASS,0.9997862479684615,0.9995385095989866,0.9998794707819247,FAIL,12909.120460419112,8040.306540619665,20175.023461961406,4,5,38,49,4,7
F14275,F14,P01,64,true,FAIL,22.717716524097618,16.78334343500393,27.761111598999435,PASS,-0.057337984060585025,-0.061312652299104854,-0.054683791257431426,PASS,0.06823102678571427,0.026222222222222227,0.1310644841269841,PASS,0.14700776238726904,0.03077707731490277,0.3579896051170387,PASS,-0.03779370277510983,-0.1172695145545208,-0.0010285894603740777,PASS,0.6344397212939377,0.6321763123410332,0.636396678272458,PASS,4.98380045572917,4.8280078125000045,5.144690104166671,PASS,1546.698264214408,1544.0792609164241,1549.2342971436944,PASS,1.0442004640886227,0.5640848813818603,1.7848671716155016,PASS,0.280833435653425,0.1437477990855795,0.42612000633737335,FAIL,3.5625667050682672,3.45574348976826,3.648631228380448,PASS,0.4008320822384762,0.21979556146023932,0.5790762473058851,FAIL,0.6142751479289941,0.6142751479289941,0.6142751479289941,FAIL,0.0015833221189812052,0.0015833221189812052,0.0015833221189812052,PASS,0.08879022080240917,0.08879022080240917,0.08879022080240917,FAIL,0.2222970516048579,0.2222970516048579,0.2222970516048579,PASS,0.2109926998463887,0.2109926998463887,0.2109926998463887,PASS,0.43707032995168577,0.4370703299516857,0.4370703299516857,PASS,-1.7820958697756424,-3.3729956071624545,-0.7536054386980877,PASS,2.2432507567755247,0.8508626853315004,4.98575280661108,PASS,2.138850620523052,0.9310864047245065,2.830556652768488,PASS,-1.2928335979845738,-1.9510677147116355,-0.7864163446091642,PASS,1.2523659168201968,1.0562606232523333,1.4407392810989532,PASS,2.093329825731489,1.720811602492199,2.5246599746081175,PASS,-1.5487496391050584,-4.2144964126364135,-1.0067436326620935,PASS,1.85982758854245,1.0145376462731321,3.4983127572192183,PASS,1.8579771059763122,1.0808454844553028,2.4470736533377724,PASS,-1.4094893238720765,-4.849218998166645,-0.2179332642679625,PASS,1.7107058848858268,0.2878789956951264,3.9861467549039986,PASS,1.9893145626560063,0.6192525872568637,2.7451384592666552,PASS,-0.20618251600856258,-0.26815586999898733,-0.12851252096383148,PASS,0.22507966776079888,0.11680641080209422,0.3414875757805377,PASS,1.5065671286080304,0.9534113180402393,2.3975930820586844,PASS,-1.3650104588779925,-2.5139841352370165,-0.5564774647575252,FAIL,1.1921798729624151,0.47098972295219105,3.3694760300526974,PASS,2.0151067948688355,1.4226441084449304,2.5722845239472307,PASS,0.022836711439389618,0.020436761788502848,0.024287624346566266,FAIL,0.18379687499999997,0.184,0.184,FAIL,4.531347813018423,3.6703737810997823,5.61194225500647,PASS,0.34757613715073293,0.013108902512412486,0.6040403937849268,PASS,0.6924144216981383,0.08069085785363093,0.9082757865096854,FAIL,0.8529206143261181,0.6197136713915073,0.9469222406729222,FAIL,0.5250357893274908,0.12592195691851793,0.7393760920276808,PASS,0.22573963915726486,-0.21950650439940209,0.5341981993357604,PASS,0.36344014082656184,0.01675701939661547,0.604665769552947,PASS,0.2097957797286124,-0.15753831301245005,0.4459797402348775,PASS,0.7754865275387972,0.16152679451947843,0.9485265910711347,PASS,0.49339764248664825,-0.09141104734540101,0.7547065685144656,PASS,0.5927016363965724,0.06348594440925204,0.8072477683935434,PASS,0.41354166666666664,0.2,0.6666666666666666,FAIL,29.876464894535417,12.291581346837136,58.901988217981085,PASS,-0.17558831932081845,-0.3032372050460347,0.008046649847448184,PASS,0.9997774358099007,0.9995599592957384,0.9998852964800305,FAIL,13184.086593814525,8548.798031163207,20095.905444022348,4,5,38,49,4,7
F15992,F16,P01,64,true,FAIL,21.776018978872823,16.275967946157493,25.99240156807446,PASS,-0.0398253625221475,-0.04406204474697625,-0.03800141688631362,PASS,0.0632080853174603,0.025750000000000006,0.11895337301587301,PASS,0.10452761528355288,-0.012075089428879093,0.27956408843837666,PASS,-0.020652784908629505,-0.0863597190768749,0.04223824646933384,PASS,0.6328451138664818,0.6311617194154563,0.6348710435165322,PASS,4.994578450520837,4.863270833333337,5.169882812500004,PASS,1546.5228172283578,1543.6691674961764,1548.6602765727234,PASS,0.9939812243535151,0.5581056427524586,1.737516024536425,PASS,0.3055408442865365,0.13040028460171274,0.534632667760628,FAIL,3.5670110781494397,3.4224708172794034,3.6790307852025896,PASS,0.45324609569815333,0.26933784808468986,0.6303183808061295,FAIL,0.6142751479289941,0.6142751479289941,0.6142751479289941,FAIL,0.0015833221189812052,0.0015833221189812052,0.0015833221189812052,PASS,0.08879022080240917,0.08879022080240917,0.08879022080240917,FAIL,0.2222970516048579,0.2222970516048579,0.2222970516048579,PASS,0.2109926998463887,0.2109926998463887,0.2109926998463887,PASS,0.43707032995168577,0.4370703299516857,0.4370703299516857,PASS,-1.823891347555389,-3.3729956071624545,-0.7355210907415896,PASS,2.088163212675399,0.8490254357246612,4.98575280661108,PASS,2.1089649443845486,0.8859005316254339,3.025732918597561,PASS,-1.3514749332343428,-1.9567815012473653,-0.8592133761218603,PASS,1.2370877406035086,0.9715994757885721,1.4407392810989532,PASS,2.087383779493992,1.703261008512692,2.4578909429494695,PASS,-1.426418724999676,-4.2144964126364135,-0.8954102377257266,PASS,1.7148771303750514,1.0145376462731321,3.4983127572192183,PASS,1.7809559116024012,1.0706410797305077,2.2255844889832015,PASS,-1.3701634858108254,-4.849218998166645,-0.19349666641672106,PASS,1.503569012159568,0.22919633599055322,3.9861467549039986,PASS,1.842377070500743,0.289913535236615,2.573723809982735,PASS,-0.20051107972632112,-0.2677475870508163,-0.130073614561541,PASS,0.22042086350649384,0.09093476711173608,0.33799032445171856,PASS,1.4914088463668924,0.9379811258851775,2.4801964071305536,PASS,-1.2693832612084859,-2.506810846215132,-0.5792540760142473,FAIL,1.1306812219325435,0.5327998991759002,1.7164733063305728,PASS,1.9545105152678937,1.3126697640196707,2.6255272770059426,PASS,0.02275478348206162,0.020731981300067218,0.024648602869053838,FAIL,0.18339062499999997,0.171,0.184,FAIL,4.567935495789852,3.481957480537592,5.9093892966576425,FAIL,0.34202703573820176,0.052537271310621136,0.5707534200437578,PASS,0.6357799030960675,-0.18011624460940856,0.893590435773767,PASS,0.7775942692866297,0.0026872714717330083,0.9407293334969846,FAIL,0.5196770620771787,0.08574928913926337,0.7747261150435085,PASS,0.21600348507567912,-0.20650003103403713,0.4896842895263052,PASS,0.34420148066515727,-0.04200949543251292,0.5964778938794778,PASS,0.19328816997111606,-0.21514356705861612,0.46977102279187677,PASS,0.7497779306477468,0.122849211118814,0.9451633211082203,PASS,0.508683866584157,-0.05064307371920671,0.7724830761671566,PASS,0.5530244729077478,-0.1810295159144655,0.817955773477247,PASS,0.36835937500000004,0.2,0.6,FAIL,27.86484487251292,10.903825369297044,48.15805115263833,PASS,-0.1519264851826896,-0.2770240611807495,0.02856610052771826,PASS,0.9998824668098389,0.999785338985613,0.9999397736092931,FAIL,12460.422140295412,7807.013474375351,17274.49253626108,4,5,38,49,4,7
F18080,F18,P01,64,true,PASS,6.40037981560792,4.127101104307658,8.336150075149105,PASS,-0.04374318275810031,-0.045633724386809314,-0.04148068792663997,PASS,0.05744295634920635,0.026222222222222227,0.09597916666666664,FAIL,-0.13016229022401266,-0.29756470824078235,0.06341403316612429,PASS,-0.0007818828043079218,-0.020999655945280384,0.027813379485367346,PASS,0.635584043464545,0.6344321393509049,0.6368030330596282,PASS,4.982189127604171,4.834440104166671,5.141817708333337,PASS,1546.7244938302624,1544.1260185185051,1549.1295906367673,PASS,0.9999420110752155,0.5709451983401737,1.698545664175336,PASS,0.30765501836439235,0.1635675930156869,0.4614384142041071,FAIL,3.5381413070157492,3.44074188313491,3.626156550677763,PASS,0.37807892403924737,0.24435376824921767,0.48699797994887756,FAIL,0.6142751479289941,0.6142751479289941,0.6142751479289941,FAIL,0.0015833221189812052,0.0015833221189812052,0.0015833221189812052,PASS,0.08879022080240917,0.08879022080240917,0.08879022080240917,FAIL,0.2222970516048579,0.2222970516048579,0.2222970516048579,PASS,0.2109926998463887,0.2109926998463887,0.2109926998463887,PASS,0.43707032995168577,0.4370703299516857,0.4370703299516857,PASS,-1.806267577771153,-3.3729956071624545,-0.7446483913126617,PASS,2.1573188470808518,0.8468781148359366,4.98575280661108,PASS,2.039416379519662,1.0012533742648897,2.7820798580394452,PASS,-1.319165472291778,-1.9541258148186627,-0.8659620003269142,PASS,1.2486186719518853,0.968586207312963,1.5684665807052014,PASS,2.0844656856591293,1.714039815176645,2.449601843062513,PASS,-1.453243680078642,-4.2144964126364135,-0.9688876999429707,PASS,1.8047000103587978,0.8217727508244933,3.4983127572192183,PASS,1.8144672596507694,1.1205563706113206,2.3255282054380384,PASS,-1.3625417187437816,-4.849218998166645,-0.19835675357613844,PASS,1.5882213462302537,0.2652939537071958,3.9861467549039986,PASS,1.916251145149632,0.5044672740514187,2.7997036603975745,PASS,-0.2046199216566248,-0.26815586999898733,-0.12385860011239781,PASS,0.22169938639471917,0.08661403093059841,0.3354053995565045,PASS,1.4522612147096086,0.8658885737644088,2.5497303588348443,PASS,-1.446722267037111,-2.471580375021793,-0.5908744945105352,FAIL,1.1371520663917924,0.5525060111336096,1.8541483254192006,PASS,1.9998836295599758,1.2079714368294228,2.5051971062257223,PASS,0.022769663088294194,0.020867361053079868,0.02414904681621562,FAIL,0.18369531249999999,0.1812375,0.184,FAIL,4.551689873190671,3.5636930570859504,5.818418579651515,PASS,0.34137361343154354,0.007887060479385428,0.6221067429954342,PASS,0.6720896490384499,0.04946781146301802,0.9209557149199046,FAIL,0.8408247250389154,0.5612205920844995,0.948724116003734,FAIL,0.5260854994469769,0.06320664109877239,0.7753818966916297,PASS,0.20635865804252917,-0.34383772470294277,0.5820959740266518,PASS,0.35619039736440367,0.00494718683598305,0.631488415287587,PASS,0.21091523643326748,-0.1489643922702586,0.48982744664318767,PASS,0.7563463297864934,0.1364972804807916,0.9595256021995547,PASS,0.5012457347291721,-0.03717366355478721,0.7762940256686326,PASS,0.6040430306216102,0.08757260615817435,0.820006273302556,PASS,0.4024739583333334,0.15750000000000003,0.7,FAIL,25.72850001683109,9.452905593972076,48.12563790007281,PASS,-0.15728495975483606,-0.33668720963790255,0.0854298185834919,PASS,0.9998377258895992,0.9997536978827889,0.9998721969244025,FAIL,7483.013671406364,4565.518479723388,10964.428398813994,4,5,38,49,4,7
F18549,F19,P01,64,true,PASS,6.662144048541467,4.315858231965463,9.127527516907456,PASS,-0.050183569352618626,-0.053716803889759135,-0.047098837518136524,PASS,0.06593315972222222,0.030000000000000006,0.12049007936507934,FAIL,-0.15341796748073827,-0.3969530434729655,0.028361373492543196,PASS,-0.005258468483503162,-0.04288368948041546,0.02892105969279308,PASS,0.6324302727584774,0.6309795810465951,0.6337078539651335,PASS,4.976158854166671,4.827140625000005,5.10219010416667,PASS,1546.8226561805066,1544.771086905512,1549.2484134460453,PASS,1.0582313696427885,0.5308698763491002,1.9446066506702218,PASS,0.3072029387064112,0.14524506529519504,0.44197545864597937,FAIL,3.6036832553076468,3.4818973403567925,3.709202464858717,PASS,0.5082369942359802,0.3651299990285028,0.6184194606692757,FAIL,0.6142751479289941,0.6142751479289941,0.6142751479289941,FAIL,0.0015833221189812052,0.0015833221189812052,0.0015833221189812052,PASS,0.08879022080240917,0.08879022080240917,0.08879022080240917,FAIL,0.2222970516048579,0.2222970516048579,0.2222970516048579,PASS,0.2109926998463887,0.2109926998463887,0.2109926998463887,PASS,0.43707032995168577,0.4370703299516857,0.4370703299516857,PASS,-2.036082834447632,-4.504759420353543,-0.7364989365138314,PASS,2.3823267946569837,0.8442143422511272,4.98575280661108,PASS,2.1770881404452713,0.9106691171581633,3.0102755616036503,PASS,-1.2937537813445295,-1.952496161345568,-0.7796624905885627,PASS,1.250764058552781,1.0520100862486468,1.5049679635120656,PASS,2.0918443485583786,1.7785916696532813,2.478927622201753,PASS,-1.45578271802599,-4.2144964126364135,-0.9954375626135321,PASS,1.8471872743000084,1.0171423231935734,3.4983127572192183,PASS,1.8286791192643745,1.147587234747285,2.3538175255463347,PASS,-1.4741224809056366,-4.849218998166645,-0.2215017400328153,PASS,1.7682322063981117,0.290921048084246,3.9861467549039986,PASS,1.9160253417523103,0.3098559070480192,2.49452217681756,PASS,-0.2148768994342578,-0.2705713095182491,-0.13028852934975946,PASS,0.23020066919551335,0.10817508186087449,0.3354053995565045,PASS,1.3854629875188076,0.9625415372989683,2.382295180129899,PASS,-1.3429359300747556,-2.506810846215132,-0.6502812271247456,FAIL,1.2716485517539209,0.6585005855231619,3.7013551953366357,PASS,1.9379552922794974,0.9922005418622387,2.5414303261904356,PASS,0.02281455323968895,0.020964712906743302,0.024073325298444328,FAIL,0.18318749999999995,0.1747375,0.184,FAIL,4.5658861301917,3.5577188589278315,5.752338359653428,PASS,0.3700938689346586,0.033554561093161656,0.5456661129919813,PASS,0.7431560371772112,0.13171072634605088,0.8946717150951717,FAIL,0.8706881608789909,0.6858499386004273,0.9395049982663934,FAIL,0.5696196754043288,0.05514980409056329,0.77904380073599,PASS,0.26083865156520714,-0.21551785641119162,0.47941945430624566,PASS,0.39614095650736414,0.004726242887618573,0.5806773747035239,PASS,0.26028212716152915,-0.13851072300966188,0.5033931828793268,PASS,0.8273145729934919,0.24145286468673657,0.9420778349214307,PASS,0.5594111954377952,-0.02975037238926848,0.7672563585574783,PASS,0.6570639951100581,0.11214819646266687,0.8135067126615974,PASS,0.42161458333333335,0.2,0.7,FAIL,18.98772604966466,8.382882478541298,34.432279958559334,PASS,-0.19703892875485612,-0.4213764870530031,0.013030206446098798,PASS,0.9997645839505929,0.999583469722217,0.999824885304814,FAIL,8723.423020841523,5826.726484725997,12038.924661385114,4,5,38,49,4,7
F21651,F22,P01,64,true,PASS,5.110676634882546,2.9687602775162243,7.475801336846436,PASS,-0.024127969766361692,-0.02531394034891609,-0.022541809281667345,PASS,0.05789124503968254,0.02,0.10591567460317457,FAIL,-0.16235337374813844,-0.3869385556741419,0.020188854086865826,PASS,-0.001423585602853496,-0.03500599572807471,0.036466105705696146,PASS,0.6255021342731916,0.6245538126522477,0.626865649980748,PASS,5.025004882812504,4.881463541666671,5.180330729166671,PASS,1546.0275278962495,1543.499093607192,1548.3641309624436,PASS,1.0282263569833219,0.5580919988355801,1.7976465127284187,PASS,0.311734699152053,0.1458395257232535,0.4584956497214738,FAIL,3.810191165644748,3.6860584153964013,3.9103059097603876,PASS,0.6424264896967085,0.4250411091294828,0.771253539769785,FAIL,0.6142751479289941,0.6142751479289941,0.6142751479289941,FAIL,0.0015833221189812052,0.0015833221189812052,0.0015833221189812052,PASS,0.08879022080240917,0.08879022080240917,0.08879022080240917,FAIL,0.2222970516048579,0.2222970516048579,0.2222970516048579,PASS,0.2109926998463887,0.2109926998463887,0.2109926998463887,PASS,0.43707032995168577,0.4370703299516857,0.4370703299516857,PASS,-1.7387175551522138,-3.853995227768667,-0.7302292195035749,PASS,1.9012753339010522,0.8458101655933249,4.98575280661108,PASS,1.9927013382295926,0.9325087126148572,2.802764588666197,PASS,-1.2938837825973515,-1.9479002895668287,-0.8207197692532852,PASS,1.2342207983909164,1.0520100862486468,1.3932659071414355,PASS,2.105034952979481,1.746450715833721,2.5198678580644485,PASS,-1.5080865731180362,-4.2144964126364135,-1.0120044101251093,PASS,1.6643747820542218,0.8890898114715362,3.4983127572192183,PASS,1.6868989220305017,1.064180338965139,2.3470621413829473,PASS,-1.2900155288037023,-4.849218998166645,-0.1858079011890802,PASS,1.4292129300567633,0.23639136661738874,3.9861467549039986,PASS,1.737987064114634,0.2946418819222738,2.8137633803491395,PASS,-0.19826571105358984,-0.26663141401496165,-0.11138721235051172,PASS,0.21774305060365554,0.08422619781220125,0.3342396491135648,PASS,1.4743544650869764,0.8225922839300549,2.4997341974295737,PASS,-1.4023518223324256,-2.400605401012825,-0.6191592948205812,FAIL,1.2140822676319525,0.5505406377480053,2.4497631606155315,PASS,1.9972937950599927,1.3619350390744136,2.597638631535322,PASS,0.022915592244920846,0.02115376242042167,0.024365835594028124,FAIL,0.18359374999999994,0.178475,0.184,FAIL,4.458087774349925,3.3856176464387127,5.476400883616258,FAIL,0.3403098691081445,0.08035430759536469,0.5898212783005178,PASS,0.6563163388607107,-0.018355320260988094,0.9052868802371897,PASS,0.8205510869497108,0.2694264474991767,0.9405808212358975,FAIL,0.5196959264184202,0.08298489861421172,0.743205870518494,PASS,0.2057403898964763,-0.2591373035463047,0.5605239718983025,PASS,0.345985579045352,-0.03726650225973889,0.6405173805578726,PASS,0.19119570961504834,-0.1532473058545089,0.5092142782156579,PASS,0.7645611490737846,0.14283720990622284,0.9459521631230656,PASS,0.5081057750175174,0.007114931287670323,0.7575463532863157,PASS,0.5860683270643275,-0.030840470259871855,0.7980399211487251,PASS,0.35911458333333335,0.17875000000000002,0.6,FAIL,29.86583238649408,13.187509089726419,54.848799150188974,PASS,-0.17620130122490124,-0.40704068667038606,0.05902102225984282,PASS,0.9999419354777638,0.9999107598571111,0.9999555977756482,FAIL,8221.661987685744,4671.419783593551,12339.219549620593,4,5,38,49,4,7
F24042,F24,P01,64,true,PASS,5.468699380677351,3.7120588800247414,8.298150771173567,PASS,-0.029723595921850185,-0.030940357269481588,-0.02817897985156759,PASS,0.05823474702380953,0.02063888888888889,0.10198115079365078,FAIL,-0.1321303523008314,-0.2981687557433923,0.034636588557713274,PASS,-0.005587405331805273,-0.031582751230867324,0.022820176492486566,PASS,0.6342665184437393,0.6332193561451112,0.635671831444919,PASS,4.988824869791671,4.846007812500004,5.117460937500004,PASS,1546.6164755031518,1544.522504331982,1548.9412884894925,PASS,0.9819239904296834,0.5868311825345569,1.6829932895303874,PASS,0.2760532192644296,0.13001308614109522,0.466867843293336,FAIL,3.585938636119104,3.4767962000950443,3.6769607258115253,PASS,0.442746470033502,0.27704132505736,0.588176502998307,FAIL,0.6142751479289941,0.6142751479289941,0.6142751479289941,FAIL,0.0015833221189812052,0.0015833221189812052,0.0015833221189812052,PASS,0.08879022080240917,0.08879022080240917,0.08879022080240917,FAIL,0.2222970516048579,0.2222970516048579,0.2222970516048579,PASS,0.2109926998463887,0.2109926998463887,0.2109926998463887,PASS,0.43707032995168577,0.4370703299516857,0.4370703299516857,PASS,-1.9062915576539992,-3.3729956071624545,-0.7135357993618631,PASS,2.490860220336905,0.8490254357246612,4.98575280661108,PASS,2.1210936213400995,1.0276273922657686,2.797915954197695,PASS,-1.3813225926233734,-1.9493287362007612,-0.811235837126245,PASS,1.2509401162753349,1.0675496202693717,1.3932659071414355,PASS,2.098206116336157,1.7430787832749217,2.5465743067511926,PASS,-1.7520251636931068,-4.2144964126364135,-0.9480429583373262,PASS,1.9917960110590234,0.9678380873323921,3.4983127572192183,PASS,1.9029626349892543,1.1805380740232114,2.4482424274071697,PASS,-1.7268812557197928,-4.849218998166645,-0.1923603252409162,PASS,1.822821675686579,0.29087401179930583,3.9861467549039986,PASS,1.9733618041002814,0.7677714150908007,2.808772564203924,PASS,-0.20961086461458744,-0.2663296396619657,-0.13028852934975946,PASS,0.2104664177483339,0.08661403093059841,0.3354053995565045,PASS,1.3372149501487973,0.814048319260267,2.3971873034552664,PASS,-1.330696195006431,-2.4472072389890434,-0.657370816768362,FAIL,1.1722706939564815,0.5733097858716832,2.521664696571735,PASS,1.9978358861523309,1.350849307814392,2.615312928495377,PASS,0.02287668032404895,0.021258304422829156,0.024159532389154244,FAIL,0.18339062499999997,0.1747375,0.184,FAIL,4.620853568577407,3.485342109867369,5.812795130531761,FAIL,0.38079998930727066,0.061754667079554244,0.6410521143524196,PASS,0.6999874342460115,-0.11675543647570491,0.9106299161502229,PASS,0.8381835687217523,0.0830750490341704,0.9463951936738138,FAIL,0.5568689785269548,0.09026289240540605,0.7449021829249565,PASS,0.26937910436842805,-0.27551173221444103,0.5762036589253458,PASS,0.39631397717821726,0.008594919940265589,0.6536577582425493,PASS,0.24286639712025782,-0.1793931562794138,0.4855631001181737,PASS,0.7772554342614031,0.1479842182588638,0.9508630378412082,PASS,0.5557908360550554,0.02133732124976508,0.7665082701274062,PASS,0.6220386000373429,-0.16414439333830896,0.8071803742117963,PASS,0.35911458333333335,0.2,0.6424999999999996,FAIL,18.877782010448776,8.726757867140497,35.10927225035105,PASS,-0.16616605004747276,-0.3255258251869937,0.031332718174978506,PASS,0.9999303233449187,0.9998782343397631,0.9999454899331428,FAIL,8362.970823768781,4567.885461518181,12795.686525915591,4,5,38,49,4,7
F24487,F24,P01,64,true,PASS,5.182748120844767,3.427476383388082,8.101873888539231,PASS,-0.02981515924063752,-0.03218485656444631,-0.02770789224896769,PASS,0.057169518849206354,0.01,0.12102777777777779,FAIL,-0.16005363901330255,-0.36082472109950603,0.026724665442819658,PASS,-0.0011340652745205344,-0.04545848036994902,0.03711224218866692,PASS,0.6271163641133082,0.6257193374726764,0.6285818891512174,PASS,5.018097330729171,4.841458333333337,5.1516432291666705,PASS,1546.1399708151255,1543.966076149827,1549.0153460877116,PASS,1.0991189965731776,0.5648861556330002,1.7317395644978932,PASS,0.296487846693517,0.1213427144226174,0.49126697554028986,FAIL,3.753862261874988,3.6333142607610505,3.867602520499541,PASS,0.6302569160208068,0.4378836118142759,0.7797320916471139,FAIL,0.6142751479289941,0.6142751479289941,0.6142751479289941,FAIL,0.0015833221189812052,0.0015833221189812052,0.0015833221189812052,PASS,0.08879022080240917,0.08879022080240917,0.08879022080240917,FAIL,0.2222970516048579,0.2222970516048579,0.2222970516048579,PASS,0.2109926998463887,0.2109926998463887,0.2109926998463887,PASS,0.43707032995168577,0.4370703299516857,0.4370703299516857,PASS,-1.9468761925809441,-3.3729956071624545,-0.7315521873130786,PASS,2.2472729521809427,0.8487153644427758,4.98575280661108,PASS,2.215336121190646,1.0701259516766888,2.880062002670143,PASS,-1.3572331871645902,-1.9479002895668287,-0.8876651725029807,PASS,1.2323844042171395,1.021366782863204,1.4407392810989528,PASS,2.0821224910586418,1.771717759405989,2.424698939929613,PASS,-1.562502625214428,-4.2144964126364135,-1.0328637936453653,PASS,1.8650786583126133,0.9359947941896531,3.4983127572192183,PASS,1.9090071917771043,1.1481103131471873,2.449695400261448,PASS,-1.5901953755399574,-4.849218998166645,-0.2118214700226613,PASS,1.745212204157158,0.2878789956951264,3.9861467549039986,PASS,2.009655308225724,0.644642761808324,2.767580164847188,PASS,-0.20691071319777632,-0.2670396969631327,-0.12964247034470625,PASS,0.2176257298936648,0.0941283547238813,0.3354053995565045,PASS,1.406423228860155,0.9128213612949418,2.380266252265868,PASS,-1.4214042443256594,-2.4810087158985907,-0.5560869483975514,FAIL,1.2239188224926028,0.5438154111070544,2.5970176833316163,PASS,1.941248131775044,1.172367477555317,2.6130649880648056,PASS,0.022707883763013456,0.020981543302749237,0.024041305435101853,FAIL,0.18339062499999997,0.1747375,0.184,FAIL,4.481383276188963,3.4725455601990403,5.825689211060128,FAIL,0.37680997902507485,0.09097683842330291,0.6072069024464081,PASS,0.6915756601198018,-0.146956313576079,0.9269477791662186,PASS,0.8201474274489229,0.005373313676871494,0.9507944740701592,FAIL,0.5405299650222679,0.06998436476959757,0.7720879892048708,PASS,0.2588357162698022,-0.18646898826245797,0.550449580045593,PASS,0.38490465573941607,-0.04355395545300098,0.6267061737790478,PASS,0.22747117661373595,-0.18494460515941388,0.4560813097294097,PASS,0.7905958274702258,0.12791095352855886,0.9579351219726384,PASS,0.5358571764417116,-0.0012728525619553023,0.7719504922857054,PASS,0.5955331075663761,-0.16957644141923148,0.8201444553266687,PASS,0.3665364583333333,0.1,0.7,FAIL,29.975097429556627,11.895452237559795,54.35703786404434,PASS,-0.17841767754153046,-0.377527916364919,0.08781215186206444,PASS,0.9999044191226747,0.9998270540938438,0.9999358362028458,FAIL,8143.143847794894,4668.865618665865,11617.82264127577,4,5,38,49,4,7
F05419,F06,P01,64,true,FAIL,29.014700101642333,25.17818680404049,32.66521768894832,PASS,-0.034133845991352094,-0.036308429600750446,-0.031714042644662106,PASS,0.05731832837301587,0.01575,0.11352777777777777,FAIL,-0.08785846321432667,-0.27442505722022104,0.14379712055315844,PASS,-0.02325770964978435,-0.09281136287628981,0.040956166327185975,PASS,0.6370309922516204,0.635562088259571,0.6387405429033405,PASS,4.990037434895837,4.846117187500004,5.17633072916667,PASS,1546.5967370548574,1543.5642066414596,1548.9395080549616,PASS,1.0414994620217026,0.5685778045956565,1.8093012407894313,PASS,0.3074877217801183,0.16402949616282142,0.4899585495841469,FAIL,3.5379355033132533,3.4693284728328417,3.6284259378837413,FAIL,0.31698614021354377,0.23777829146882334,0.40526530722976706,FAIL,0.6142751479289941,0.6142751479289941,0.6142751479289941,FAIL,0.0015833221189812052,0.0015833221189812052,0.0015833221189812052,PASS,0.08879022080240917,0.08879022080240917,0.08879022080240917,FAIL,0.2222970516048579,0.2222970516048579,0.2222970516048579,PASS,0.2109926998463887,0.2109926998463887,0.2109926998463887,PASS,0.43707032995168577,0.4370703299516857,0.4370703299516857,PASS,-1.6055630476201577,-3.3729956071624545,-0.7315521873130786,PASS,1.748855288537903,0.81434879596337,4.613279124918207,PASS,2.0562655197786395,0.9972751689526549,2.883335609237581,PASS,-1.212326395938994,-1.9493287362007612,-0.8207197692532852,PASS,1.2250022161729146,1.0429147458358003,1.3932659071414357,PASS,2.059542615378407,1.664534531526919,2.4782808484703973,PASS,-1.3349154848995828,-4.2144964126364135,-0.9517027361336876,PASS,1.5896872243721496,0.7083816919262313,2.6638198697533793,PASS,1.7947287354387993,1.127908373914871,2.242642772205741,PASS,-1.1139026332855781,-4.849218998166645,-0.19835675357613844,PASS,1.4414753953722266,0.2795979445874011,2.703505745289817,PASS,1.9187917306786184,0.4693859691949872,2.639396042473411,PASS,-0.1952137146193037,-0.26815586999898733,-0.12993323741111945,PASS,0.2188918567403979,0.08660726620029455,0.3354053995565045,PASS,1.6406834862689554,0.931851786874205,2.52201995082878,PASS,-1.388877853472493,-2.4344512483910234,-0.6612614142989268,FAIL,1.2948186054258946,0.5169554427011444,3.5587482590026704,PASS,1.999633021425898,1.098436945039199,2.5943210573550513,PASS,0.022760585633972735,0.020537436231450074,0.024382665643414063,FAIL,0.18318749999999995,0.171,0.184,FAIL,4.472683077465481,3.4811932713577596,5.639031579973531,PASS,0.3094382056498017,-0.022530402372202617,0.5987312869679465,PASS,0.554648489626675,-0.16920608568307316,0.9107893427793216,PASS,0.7401730370503052,0.00906208550178235,0.9438621840609551,PASS,0.44788519657276793,-0.01597011878743934,0.7699360021044956,PASS,0.14904275669342407,-0.25380070806282395,0.5606915729809367,PASS,0.29941280120139224,-0.052712185765564315,0.6143406655227841,PASS,0.13818304679214877,-0.20810815128027962,0.47737351486778934,PASS,0.6519078491818822,0.012203743515445408,0.9477095506849985,PASS,0.4161677835280009,-0.06760296762403725,0.7723315276395164,PASS,0.46654274773137044,-0.23606310428332658,0.8143894460914912,PASS,0.3740885416666666,0.15750000000000003,0.7,FAIL,40.566744619891935,21.10455535882825,72.59997270797271,FAIL,-0.262718072632588,-0.4425683636186076,-0.0322195757326398,PASS,0.9998953949241183,0.9997356679449834,0.9999484426269438,FAIL,13851.143689533606,8095.118503796735,23097.971582047347,3,5,38,49,4,7
F07420,F08,P01,64,true,FAIL,28.573340471878765,21.87940064936139,32.2619565690448,PASS,-0.034344813422647905,-0.03617500373417343,-0.03184758118785381,PASS,0.06651785714285714,0.026222222222222227,0.11274107142857143,FAIL,-0.11239804544540913,-0.2492863317737138,0.09093968210612588,PASS,-0.033427135041559766,-0.13082765098907556,0.03738045740221254,PASS,0.6368132585290454,0.6351777226576347,0.6386803389470667,PASS,5.006743164062504,4.875638020833338,5.1563098958333375,PASS,1546.3247968759356,1543.8901109431818,1548.4589602968547,PASS,0.9412513231743831,0.5861994758302305,1.6173311435006996,PASS,0.30217853953521034,0.1474852908327481,0.5685260756733583,FAIL,3.5498921921583144,3.469276276366724,3.6367979888607223,PASS,0.33187282009779634,0.22323218686663426,0.4744767435736209,FAIL,0.6142751479289941,0.6142751479289941,0.6142751479289941,FAIL,0.0015833221189812052,0.0015833221189812052,0.0015833221189812052,PASS,0.08879022080240917,0.08879022080240917,0.08879022080240917,FAIL,0.2222970516048579,0.2222970516048579,0.2222970516048579,PASS,0.2109926998463887,0.2109926998463887,0.2109926998463887,PASS,0.43707032995168577,0.4370703299516857,0.4370703299516857,PASS,-1.910616167506166,-3.3729956071624545,-0.7394324738305569,PASS,2.2659050436708132,0.8490254357246612,4.98575280661108,PASS,2.097095773450069,1.0590266157864776,2.895406442597313,PASS,-1.3231941508169043,-1.952496161345568,-0.7914955390899868,PASS,1.2523202554046589,1.020015519035315,1.4407392810989532,PASS,2.0989849858686584,1.7008349988767322,2.424234857255039,PASS,-1.5260921638676352,-4.2144964126364135,-0.9534563286213595,PASS,1.8579496021560566,0.9522715676854787,3.4983127572192183,PASS,1.841460325439114,1.1477802060093318,2.521965704779873,PASS,-1.4694035045944736,-4.849218998166645,-0.19200927304108198,PASS,1.7389597022583154,0.29087401179930583,3.9861467549039986,PASS,1.9208006939162536,0.68679950543172,2.802842848652315,PASS,-0.20668022543382716,-0.2678540956459914,-0.11993494143024962,PASS,0.23448468725462426,0.10389697565514906,0.3414875757805377,PASS,1.527361172246958,0.8219717797468536,2.5146807212159947,PASS,-1.2110350869336806,-2.474633998548207,-0.5915981460484728,FAIL,1.1159966001237485,0.572150412529088,1.8541483254192006,PASS,1.9662337162092545,1.303482312731668,2.600921005039361,PASS,0.02265909495116073,0.020736715904479848,0.024288700843119928,FAIL,0.18288281249999994,0.171,0.184,FAIL,4.556331328613162,3.5395061236348675,5.851696976223253,PASS,0.3354258562452517,0.04663689212281211,0.6155223687117013,PASS,0.6570701644056159,-0.0585697217939823,0.9221076844426704,PASS,0.8254986627187049,0.31806976054029285,0.9517074687205143,FAIL,0.49485738001822843,0.058014540738910055,0.7499270257356102,PASS,0.1976500424995178,-0.3082004740447126,0.5465115608870535,PASS,0.3477061675695965,0.005196289237759614,0.6106507920395629,PASS,0.18479106625538833,-0.17836287046438123,0.4799062073603721,PASS,0.7511249051744617,0.14394057525425108,0.9601116357536265,PASS,0.4670046027359815,-0.056652284606563824,0.7709475187083606,PASS,0.5569298185754974,0.005193311283404084,0.8157964347730619,PASS,0.42109375000000004,0.2,0.7424999999999997,FAIL,36.17856642636359,16.397733660794007,66.58332901744048,FAIL,-0.28946233242765274,-0.42840726408180346,-0.08431123578202017,PASS,0.9998808856707586,0.9997209981434292,0.9999493151267778,FAIL,15004.970655350711,7992.119155896314,23639.442702773937,3,5,38,49,4,7
F18127,F18,P01,64,true,FAIL,6.945412254616686,4.99494819530596,9.894053135813989,PASS,-0.047269109981837545,-0.04906332789340355,-0.045002950717737425,PASS,0.06191344246031745,0.025750000000000006,0.10291666666666666,FAIL,-0.10971303128122314,-0.2941986135720773,0.07070763132177373,PASS,-0.0036070161771408387,-0.03627408131665469,0.03442395900226857,PASS,0.6352351845444744,0.6339500076306012,0.6366497886745418,PASS,5.000686848958338,4.852091145833337,5.171593750000004,PASS,1546.4233831391634,1543.64131641316,1548.8422624165444,PASS,1.0591219261757008,0.6241355513332618,1.9374697431262342,PASS,0.2951898110747134,0.15190926766736407,0.4964035184790178,FAIL,3.547829486166288,3.4362359558701288,3.6249129998651677,PASS,0.40668190095236095,0.28442991473500795,0.5151236689800351,FAIL,0.6142751479289941,0.6142751479289941,0.6142751479289941,FAIL,0.0015833221189812052,0.0015833221189812052,0.0015833221189812052,PASS,0.08879022080240917,0.08879022080240917,0.08879022080240917,FAIL,0.2222970516048579,0.2222970516048579,0.2222970516048579,PASS,0.2109926998463887,0.2109926998463887,0.2109926998463887,PASS,0.43707032995168577,0.4370703299516857,0.4370703299516857,PASS,-1.88170669612877,-4.504759420353543,-0.7135357993618631,PASS,2.273052081141235,0.8522206524322078,4.98575280661108,PASS,2.1380695818736593,1.0602034113601326,3.16823578160599,PASS,-1.2997095909664969,-1.952496161345568,-0.7864163446091642,PASS,1.2747578733580616,1.0793603489302706,1.3932659071414357,PASS,2.0848081426030363,1.6960499131316162,2.4786268169815506,PASS,-1.4414948434068715,-4.2144964126364135,-0.9833512516375211,PASS,1.920157617376188,0.8905875007007901,3.4983127572192183,PASS,1.8209922954652118,1.1358932287106347,2.517108333193473,PASS,-1.3832302042730447,-4.849218998166645,-0.19238112138499175,PASS,1.8038504306437741,0.2812341470593789,3.9861467549039986,PASS,1.898973762160367,0.641315201760326,2.535623676415091,PASS,-0.2119921986750287,-0.27016302657007807,-0.11933347749187274,PASS,0.22066844725334744,0.08660726620029455,0.3414875757805377,PASS,1.4706104250718948,0.8696621730974734,2.465524443665022,PASS,-1.4547142872824192,-2.552542256151578,-0.6610981482618307,FAIL,1.2838997880180412,0.5463817761331435,4.609306632785146,PASS,2.0288034105808896,1.1109000569013467,2.9394272300995654,PASS,0.022744997270535708,0.021235807987789772,0.0240412264993971,FAIL,0.18318749999999998,0.171,0.184,FAIL,4.540365071866079,3.538946155733006,5.9034827423773475,FAIL,0.3505671722749909,0.05853903985353203,0.5630757564814424,PASS,0.6673185442889515,-0.19085083507332046,0.908740570489415,PASS,0.8068433036454039,0.017047403206052546,0.9473786690398563,FAIL,0.5328738326997357,0.16447180898009045,0.7239075752042899,PASS,0.21041838364891746,-0.24212238746085912,0.5040697284166333,PASS,0.3563321578771555,-0.036868478591469495,0.5973476348203073,PASS,0.20677164226611272,-0.15998133888720342,0.47629992110322633,PASS,0.764327208707133,0.1020571723709702,0.9455987720778631,PASS,0.5066042202639083,-0.04136829087013155,0.7423665597618552,PASS,0.5730837217343216,-0.19132251252158022,0.7911128696926111,PASS,0.38307291666666665,0.2,0.6,FAIL,23.544024846052057,6.6946120211127,51.8970006441971,PASS,-0.14948602756590812,-0.33835681591265365,0.0835310921887335,PASS,0.9998013295210801,0.999698432084598,0.9998502371656749,FAIL,7570.090116575856,4277.09398837438,11658.103615833857,3,5,38,49,4,7
F12914,F13,P01,64,true,FAIL,24.235569253038133,17.79203875075952,28.351733852661212,PASS,-0.052004105219722485,-0.05674129588461174,-0.04903647759044966,PASS,0.0658891369047619,0.02,0.10566666666666667,PASS,0.13612223781110455,-0.03069499861577088,0.30757602129174694,PASS,-0.036439279600864544,-0.14103284654059708,0.017832948327330487,PASS,0.6353172106912539,0.6332891173209351,0.6373620181165355,PASS,4.9954394531250035,4.836973958333337,5.113315104166671,PASS,1546.5088016053405,1544.5899912789566,1549.0883439034717,PASS,1.0770516501134617,0.5988690404504193,1.7590776049122059,PASS,0.2944144142763404,0.1351641892889734,0.4740541761565245,FAIL,3.5469602190141045,3.4362562011035043,3.628356088339172,PASS,0.36983234186069924,0.22941208672908212,0.516722031633886,FAIL,0.6142751479289941,0.6142751479289941,0.6142751479289941,FAIL,0.0015833221189812052,0.0015833221189812052,0.0015833221189812052,PASS,0.08879022080240917,0.08879022080240917,0.08879022080240917,FAIL,0.2222970516048579,0.2222970516048579,0.2222970516048579,PASS,0.2109926998463887,0.2109926998463887,0.2109926998463887,PASS,0.43707032995168577,0.4370703299516857,0.4370703299516857,PASS,-1.8442654141563213,-4.504759420353543,-0.7506719013813622,PASS,2.2042784440013907,0.8490254357246612,4.98575280661108,PASS,2.087341279197276,0.82787242582259,2.859913506844924,PASS,-1.3957309954853234,-1.9567815012473653,-0.8592133761218603,PASS,1.2768632043365609,1.0480945905093753,1.4407392810989532,PASS,2.144837769703676,1.7243332106149736,2.427580111048074,PASS,-1.6035776135307123,-4.2144964126364135,-0.9587422506692432,PASS,1.9148166553298356,1.016035335502386,3.4983127572192183,PASS,1.7844321546091755,1.0852106725367858,2.3999400958924046,PASS,-1.4391727225159736,-4.849218998166645,-0.20287323941820123,PASS,1.6680953605687154,0.2840565963235406,3.9861467549039986,PASS,1.8140479972208392,0.30182063671835757,2.68523485501062,PASS,-0.2104781289071665,-0.26925770351109024,-0.13014815219933792,PASS,0.21412092849957587,0.11667132610372997,0.3414875757805377,PASS,1.3574291766627422,0.8052411901852511,2.3746030672596934,PASS,-1.4039532649258606,-2.447207238989044,-0.6579453208962873,FAIL,1.1719097817434763,0.5191125761333278,2.087745899412223,PASS,1.923162704934623,1.2659958685421242,2.567417306718612,PASS,0.022846063569084057,0.021628837275701546,0.02439649217540415,FAIL,0.18267968749999997,0.171,0.184,FAIL,4.695957644710919,3.5500297682307007,6.0604415262792015,FAIL,0.3937724354071925,0.06384068047073219,0.6266277163292997,PASS,0.7371960734017526,0.110779078709516,0.9282836901426315,FAIL,0.8648874775318891,0.5742964675654462,0.9524576789158554,FAIL,0.5949568504261687,0.14783332782677042,0.7841958365702094,PASS,0.2832849897420905,-0.09751888488297161,0.5823700745854656,PASS,0.4039724313313333,0.08291002623260672,0.6536081567079086,PASS,0.24924926961316407,-0.14424083587934697,0.5116125208315727,PASS,0.8303456162393984,0.22127741453723468,0.9593801159016918,PASS,0.5870936442431933,0.04792595389403681,0.7911842026239315,PASS,0.6618877739385093,0.0952108311919032,0.823756460388819,PASS,0.3796875,0.18937500000000002,0.6141666666666665,FAIL,29.84605164024789,13.734840711365372,57.18534565152793,PASS,-0.16233677088693638,-0.30553362672970547,0.001956305345511288,PASS,0.999812297259133,0.9996494477006727,0.9998967600468885,FAIL,13132.200039676949,7212.169327995943,17953.74135158166,4,5,37,49,4,7
