CASE_ID,GROUP_ID,P00,REPLICATES,FINITE_STATE,STATUS__T003,VALUE__T003,LO__T003,HI__T003,STATUS__T002,VALUE__T002,LO__T002,HI__T002,STATUS__T006,VALUE__T006,LO__T006,HI__T006,STATUS__T005,VALUE__T005,LO__T005,HI__T005,STATUS__T004,VALUE__T004,LO__T004,HI__T004,STATUS__T009,VALUE__T009,LO__T009,HI__T009,STATUS__T010,VALUE__T010,LO__T010,HI__T010,STATUS__T011,VALUE__T011,LO__T011,HI__T011,STATUS__T012,VALUE__T012,LO__T012,HI__T012,STATUS__T013,VALUE__T013,LO__T013,HI__T013,STATUS__T014,VALUE__T014,LO__T014,HI__T014,STATUS__T015,VALUE__T015,LO__T015,HI__T015,STATUS__T016,VALUE__T016,LO__T016,HI__T016,STATUS__T017,VALUE__T017,LO__T017,HI__T017,STATUS__T018,VALUE__T018,LO__T018,HI__T018,STATUS__T019,VALUE__T019,LO__T019,HI__T019,STATUS__T020,VALUE__T020,LO__T020,HI__T020,STATUS__T021,VALUE__T021,LO__T021,HI__T021,STATUS__T022,VALUE__T022,LO__T022,HI__T022,STATUS__T023,VALUE__T023,LO__T023,HI__T023,STATUS__T024,VALUE__T024,LO__T024,HI__T024,STATUS__T025,VALUE__T025,LO__T025,HI__T025,STATUS__T026,VALUE__T026,LO__T026,HI__T026,STATUS__T027,VALUE__T027,LO__T027,HI__T027,STATUS__T028,VALUE__T028,LO__T028,HI__T028,STATUS__T029,VALUE__T029,LO__T029,HI__T029,STATUS__T030,VALUE__T030,LO__T030,HI__T030,STATUS__T031,VALUE__T031,LO__T031,HI__T031,STATUS__T032,VALUE__T032,LO__T032,HI__T032,STATUS__T033,VALUE__T033,LO__T033,HI__T033,STATUS__T034,VALUE__T034,LO__T034,HI__T034,STATUS__T035,VALUE__T035,LO__T035,HI__T035,STATUS__T036,VALUE__T036,LO__T036,HI__T036,STATUS__T037,VALUE__T037,LO__T037,HI__T037,STATUS__T038,VALUE__T038,LO__T038,HI__T038,STATUS__T039,VALUE__T039,LO__T039,HI__T039,STATUS__T040,VALUE__T040,LO__T040,HI__T040,STATUS__T041,VALUE__T041,LO__T041,HI__T041,STATUS__T042,VALUE__T042,LO__T042,HI__T042,STATUS__T043,VALUE__T043,LO__T043,HI__T043,STATUS__T044,VALUE__T044,LO__T044,HI__T044,STATUS__T045,VALUE__T045,LO__T045,HI__T045,STATUS__T046,VALUE__T046,LO__T046,HI__T046,STATUS__T047,VALUE__T047,LO__T047,HI__T047,STATUS__T048,VALUE__T048,LO__T048,HI__T048,STATUS__T049,VALUE__T049,LO__T049,HI__T049,STATUS__T050,VALUE__T050,LO__T050,HI__T050,STATUS__T051,VALUE__T051,LO__T051,HI__T051,STATUS__T052,VALUE__T052,LO__T052,HI__T052,STATUS__T053,VALUE__T053,LO__T053,HI__T053,STATUS__T054,VALUE__T054,LO__T054,HI__T054,STATUS__T055,VALUE__T055,LO__T055,HI__T055,STATUS__T056,VALUE__T056,LO__T056,HI__T056,STATUS__T057,VALUE__T057,LO__T057,HI__T057,CAL_PASS,CAL_TOTAL,DEV_PASS,DEV_TOTAL,SEP_PASS,SEP_TOTAL
L00020,G01,P01,16,true,PASS,0.0646701388888889,0.024444444444444446,0.1026736111111111,FAIL,27.512061301339664,22.65990450779266,31.241492377742954,PASS,0.017658993975543057,-0.13773240302303322,0.3266822630688003,PASS,-0.04164018887339089,-0.04819023740568941,-0.03719340186841473,PASS,-0.021638890001213103,-0.08272954532645563,0.05982242018224334,PASS,0.6365379491333838,0.6343002274902898,0.6376132813766838,PASS,5.008164062500004,4.8662890625000035,5.150234375000005,PASS,1546.3016671237729,1543.9890098422347,1548.611145057935,PASS,0.9731055523688175,0.6485116144800913,1.7112110111258405,PASS,0.253908528106037,0.0868359049874759,0.40012598469536326,FAIL,3.528933340742668,3.4621576268450336,3.5921531340363577,FAIL,0.3020513357200004,0.22791811244070168,0.3752278242921963,FAIL,0.6142751479289941,0.6142751479289941,0.6142751479289941,FAIL,0.0015833221189812052,0.0015833221189812052,0.0015833221189812052,PASS,0.08879022080240917,0.08879022080240917,0.08879022080240917,FAIL,0.2222970516048579,0.2222970516048579,0.2222970516048579,PASS,0.2109926998463887,0.2109926998463887,0.2109926998463887,PASS,0.4370703299516857,0.4370703299516857,0.4370703299516857,PASS,-1.829421252305341,-4.080347990406885,-0.7447473356558809,PASS,1.8560159776721057,0.8618063025548477,4.568999036884788,PASS,1.9666521295965596,1.2143683970167007,3.016401672008516,PASS,-1.3329158300777617,-1.8227005447674356,-0.9304018416944152,PASS,1.2647863844969973,1.0675115145127791,1.379303150095107,PASS,2.1278352361265602,1.7846456095908536,2.4480951290924193,PASS,-1.5700796775348107,-4.2144964126364135,-1.0082684956948518,PASS,1.6284016934527021,1.0371840874042912,2.5595082588201494,PASS,1.8553109150054783,1.2239629565453722,2.2779307612520983,PASS,-1.3899148596493576,-4.849218998166645,-0.16659431047032025,PASS,1.2078903920046646,0.2478671147989227,2.543175619088044,PASS,2.012707277505329,0.9368286720898942,2.897351503564217,PASS,-0.19865002850395025,-0.26600135347494963,-0.12364122269987247,PASS,0.2070933453941614,0.08660408279779862,0.3333780074818268,PASS,1.4577322441213085,0.8788016127445452,2.4199865332794843,PASS,-1.2977304265690646,-2.1396605621137437,-0.6495760337854246,FAIL,1.2740614578451774,0.6662597232566793,2.8777010897980855,PASS,2.0507938193407194,1.6217530155199258,2.457854099566471,PASS,0.022730234467127835,0.02138697702839499,0.02396950665286638,FAIL,0.18359375,0.1799375,0.184,FAIL,4.533972024574352,3.470436497233586,5.550357234206056,PASS,0.32646003505274335,-0.008842120660692808,0.5666548814615419,PASS,0.5924458012071296,-0.14526040293525225,0.907284702239685,PASS,0.7444180468665631,-0.09290428443629119,0.9459796093021641,PASS,0.46953308515339265,-0.13123537190714585,0.7749447096228501,PASS,0.17134392937166437,-0.2657504651872399,0.45505060956380455,PASS,0.31469432670811215,-0.017503378731420126,0.5664620975319012,PASS,0.16580095258088418,-0.19015428622631697,0.4464455585924747,PASS,0.6906756737103532,0.09629406741452584,0.9475681269360484,PASS,0.45802940745972215,-0.06360008305113403,0.7769987607164783,PASS,0.524172053387756,-0.19038677811659704,0.8229456215530675,PASS,0.43333333333333335,0.14375,0.6,FAIL,39.30926834433585,21.55149266231352,72.59494129341765,PASS,-0.1789376783552763,-0.32267980775254895,0.13146953512183746,PASS,0.9998426604843678,0.9997111650030708,0.9999225394279067,FAIL,12504.302247914184,7290.075840297889,17445.691913808332,4,5,39,49,4,7
L00021,G01,P01,16,true,PASS,0.06027777777777778,0.030000000000000006,0.09732638888888888,FAIL,27.347305697494992,21.178752894715313,29.845576376496652,FAIL,-0.05917894414264056,-0.18150766261390275,0.07206195390128471,PASS,-0.02984902507338354,-0.031346619884127874,-0.02779224469358142,PASS,-0.014948325502989548,-0.06544301513740843,0.04611520006227596,PASS,0.6369906638609831,0.6349979785309267,0.638718429020971,PASS,5.025774739583337,4.927213541666671,5.138515625000004,PASS,1546.0149959686742,1544.1797706848142,1547.6194006330134,PASS,0.9100391445007621,0.5634173065459963,1.4848048812781505,PASS,0.29125414057046495,0.1399261428429277,0.41644125876704846,FAIL,3.557233246552295,3.4938189725347204,3.679434895390123,PASS,0.30888655349773364,0.24257688889187934,0.41265927428229215,FAIL,0.6142751479289941,0.6142751479289941,0.6142751479289941,FAIL,0.0015833221189812052,0.0015833221189812052,0.0015833221189812052,PASS,0.08879022080240917,0.08879022080240917,0.08879022080240917,FAIL,0.2222970516048579,0.2222970516048579,0.2222970516048579,PASS,0.2109926998463887,0.2109926998463887,0.2109926998463887,PASS,0.4370703299516857,0.4370703299516857,0.4370703299516857,PASS,-1.6867754328575648,-2.9819108982675244,-0.8279367267081388,PASS,1.9228737019875015,0.8259051994905227,4.829470142963721,PASS,1.8854630129047643,1.0157919751974558,2.595274996588162,PASS,-1.2151519844106122,-1.8242532041521446,-0.758928678465743,PASS,1.1717239478555364,0.9715219394475001,1.3560318883512257,PASS,1.9974522384435454,1.6977389927816793,2.2532902275709454,PASS,-1.201929980896059,-1.4239422182297736,-1.0094324984374257,PASS,1.617380569439528,0.9046563311184496,3.081066313486299,PASS,1.6831554120889796,1.0399203000945652,2.245825985510227,PASS,-1.0353486329776764,-2.3003849327837953,-0.2325051307894349,PASS,1.4093235037977696,0.2898833934640915,3.344826250096908,PASS,1.7431874136431127,0.41954563111997356,2.9155995348181785,PASS,-0.2075574036392478,-0.26600135347494963,-0.13226298769030473,PASS,0.22592819759429772,0.08942593347339961,0.3333780074818268,PASS,1.4135753480010107,1.0795422643451298,2.136438697145769,PASS,-1.1889677693435936,-2.32243641724717,-0.4398789686904931,FAIL,1.0626684291764248,0.7561914927023478,1.658588589502327,PASS,2.0076716539175568,1.4898991070769416,2.574177292668085,PASS,0.022396298699555353,0.02026728410173314,0.0235475508251109,FAIL,0.18278125,0.1734375,0.184,FAIL,4.524138144453475,3.49805921185124,5.085384982314287,PASS,0.3513754863080363,0.043766134138084646,0.5078559453507391,PASS,0.7056480371037661,0.11324087916637376,0.864078381856245,FAIL,0.8601779355607909,0.6555840712828823,0.9270578141763938,FAIL,0.5521408359868272,0.11503361272280717,0.7320420854893022,PASS,0.24407350899697344,-0.1282389993786634,0.4515918820182344,PASS,0.37889953308785257,0.05754178361785081,0.545208746371719,PASS,0.2249686745585912,-0.09890410608838487,0.4113649419673779,PASS,0.793650043997367,0.18136846418715571,0.9188300311225552,PASS,0.5425507860715373,-0.004482451224052761,0.7305975313243652,FAIL,0.647406343927862,0.18071180960177394,0.7632552178604222,PASS,0.3828125,0.221875,0.5625,FAIL,37.74733452850403,20.451037163242212,68.15873668777476,PASS,-0.2044712029772314,-0.3279875421944,-0.0766631921183768,PASS,0.9999102172126103,0.9997897332310915,0.9999563043881741,FAIL,13334.562632414098,6258.653333066963,22693.605166346002,3,5,37,49,4,7
L00025,G01,P01,16,true,PASS,0.054561011904761904,0.030000000000000006,0.10871031746031745,FAIL,28.62247826371915,23.001627377322386,32.80548654542366,FAIL,-0.07902615159751979,-0.23689255902758333,0.10029063125490822,PASS,-0.031436163129014594,-0.032591195631457105,-0.03020257705338643,PASS,-0.022068170334901376,-0.0661890188259297,0.028743356388543077,PASS,0.6367476573135722,0.6356981990143276,0.6377026070950488,PASS,5.003391927083338,4.883528645833337,5.140781250000003,PASS,1546.3793491780011,1544.1428902552486,1548.3305146628513,PASS,1.008602529332236,0.7195655794310702,1.578299103208558,PASS,0.2841452231780933,0.17118963040908364,0.3770658986683939,FAIL,3.5656310260387998,3.5120717043309675,3.6548787603656145,PASS,0.34413214704833067,0.26410672506823896,0.42663877129049443,FAIL,0.6142751479289941,0.6142751479289941,0.6142751479289941,FAIL,0.0015833221189812052,0.0015833221189812052,0.0015833221189812052,PASS,0.08879022080240917,0.08879022080240917,0.08879022080240917,FAIL,0.2222970516048579,0.2222970516048579,0.2222970516048579,PASS,0.2109926998463887,0.2109926998463887,0.2109926998463887,PASS,0.4370703299516857,0.4370703299516857,0.4370703299516857,PASS,-2.172090101638755,-4.080347990406885,-0.7668695347052863,PASS,2.5638316679871176,0.9369678635485225,4.98575280661108,PASS,2.132617676016658,1.343737691195537,2.649016172849934,PASS,-1.3022940473276876,-1.8227005447674356,-0.9889237618775168,PASS,1.2673450168173748,1.062114333690481,1.3932659071414357,PASS,2.0804085138621464,1.7065099950875458,2.383573762285257,PASS,-1.6154142650634018,-4.2144964126364135,-1.0048375538711458,PASS,1.9201891103551896,0.830296389558272,3.4983127572192183,PASS,1.9574682255883853,1.330078569274717,2.2960677942419037,PASS,-1.7391133809293358,-4.849218998166645,-0.20984821827202205,PASS,1.8249205573636902,0.33041642173575725,3.9861467549039986,PASS,2.026816966966292,1.3854778337797637,2.6133891408062917,PASS,-0.2265293438682514,-0.26677342547519506,-0.13068627795826415,PASS,0.25193836478717613,0.11887541592503592,0.3406919121520981,PASS,1.585481987782394,1.014297368182318,2.6634296952709358,PASS,-1.5558719584192395,-2.3819935653991355,-0.5814370967730714,FAIL,0.9588128660900754,0.5033828911831815,1.7310993060623319,PASS,2.099835653218391,1.1185282605488,2.875416417774326,PASS,0.022855555695176936,0.02183297222025175,0.024456188871411426,FAIL,0.1831875,0.175875,0.184,FAIL,4.54469870141606,3.298331918652974,5.811854545397696,FAIL,0.33338631881158876,0.08462845078809549,0.5405780431162167,PASS,0.631507037147403,-0.04475347463260554,0.8871742972429093,PASS,0.7851134404716237,0.14141686655454297,0.9330943151019652,FAIL,0.5012435399846934,0.12852899275129387,0.7174136529331534,PASS,0.20634033641350982,-0.27386487399375037,0.49829402653684085,PASS,0.34424866004984955,-0.07935002977858227,0.5862738453018632,PASS,0.1992289520729932,-0.18137732072515794,0.4829814378103005,PASS,0.7208243263890527,0.15929638974134896,0.9333324132601043,PASS,0.501816971003235,0.07327240570517997,0.7382074750315978,PASS,0.5416894055338066,-0.10564565247496431,0.7982821892977087,PASS,0.3416666666666667,0.2,0.5,FAIL,36.805839725409626,21.197816764644116,63.33362057449989,PASS,-0.24323353049498156,-0.3726657932138011,-0.05813241956167779,PASS,0.9999187495200994,0.9998664126336778,0.9999468836823502,FAIL,14092.019739044092,7240.499711858366,20761.910028110928,3,5,38,49,4,7
L00026,G01,P01,16,true,PASS,0.058576388888888886,0.020416666666666666,0.09885416666666667,FAIL,28.510396123419763,21.997586079960456,31.46605153743238,FAIL,-0.03982902988178562,-0.23871039294941937,0.12966371651717568,PASS,-0.03935285292469602,-0.04244496015368578,-0.03689779171727908,PASS,-0.029711404771710456,-0.0638208968285231,0.03929253083667336,PASS,0.637092726328442,0.6354407741755933,0.6388405140252578,PASS,5.002376302083338,4.874544270833337,5.106640625000004,PASS,1546.395881784358,1544.6986401766303,1548.4767646421622,PASS,1.0685338270400868,0.791855017921332,1.811219051350054,PASS,0.2555542243691486,0.1323043221795615,0.3793026210844161,FAIL,3.5584070020454472,3.5062662560863447,3.652646951498387,FAIL,0.30039662055534977,0.2204463593410367,0.3602382177556833,FAIL,0.6142751479289941,0.6142751479289941,0.6142751479289941,FAIL,0.0015833221189812052,0.0015833221189812052,0.0015833221189812052,PASS,0.08879022080240917,0.08879022080240917,0.08879022080240917,FAIL,0.2222970516048579,0.2222970516048579,0.2222970516048579,PASS,0.2109926998463887,0.2109926998463887,0.2109926998463887,PASS,0.4370703299516857,0.4370703299516857,0.4370703299516857,PASS,-1.5226861621684713,-4.080347990406885,-0.7310920245967294,PASS,2.1155251716583012,0.8538182607859811,4.98575280661108,PASS,1.996781102002517,0.7853371446304234,2.759054747083641,PASS,-1.4101397934149957,-1.9530551187240632,-0.9355615908788051,PASS,1.2642464335339285,0.9825469764715205,1.5412621816161747,PASS,2.2267231911421064,1.7878710835011722,2.5551363056423817,PASS,-1.443497346512134,-3.44851674483074,-1.0520068673420047,PASS,1.8856207114519627,0.9497688396821177,3.4983127572192183,PASS,1.724005176180969,0.9791418657659704,2.4169500599818527,PASS,-1.0824442262311484,-4.186005432787363,-0.19127653812830717,PASS,1.645574675582041,0.24342202518822645,3.9861467549039986,PASS,1.7142745522581624,0.24819542763629984,2.839845833833309,PASS,-0.2100876442121159,-0.268681127898213,-0.13597443130806297,PASS,0.19759249352623626,0.11762825427453602,0.2944082371323492,PASS,1.3023543806326392,0.8533879759391658,1.9880797508613406,PASS,-1.7450685901205265,-2.504555794360219,-0.7874224843575564,FAIL,1.2680424444792255,0.6101318345070725,2.952027590614047,PASS,2.193424514478993,1.7884865697829224,2.621652416300199,PASS,0.023114306303880495,0.021074687616342166,0.02453124012820585,FAIL,0.184,0.184,0.184,FAIL,4.529818143715557,3.835669991631934,4.969718950961557,FAIL,0.3931769557884679,0.09663204106955077,0.5737093823756726,PASS,0.7212630776213118,-0.051324251739661625,0.9183461390296233,PASS,0.8311905519687391,0.17547219513359724,0.9428085401046247,FAIL,0.5877247382406163,0.05258672804056636,0.7905812157974557,PASS,0.2597568379416578,-0.1923133217503813,0.5585093170645485,PASS,0.382197017347824,0.0196602427187266,0.635984206438314,PASS,0.23013209233616766,-0.17204398192557724,0.5472414465804548,PASS,0.8170777922131565,0.2570792264939446,0.9437677272062462,PASS,0.5965733415651132,0.039583092121554767,0.7667362908175069,PASS,0.6355747358737134,-0.10451102141401872,0.807796748467928,PASS,0.390625,0.2,0.6625,FAIL,41.32204018314605,20.007774466918974,60.44346989919551,PASS,-0.21073981240814832,-0.3949490796419406,-0.0617097982131044,PASS,0.9998428915294055,0.9997116594395028,0.9999242989909263,FAIL,13975.364353116542,9093.111437052801,19469.81632499356,3,5,37,49,4,7
L00036,G01,P01,16,true,PASS,0.055399305555555556,0.035138888888888886,0.08722222222222223,FAIL,28.618602521358063,23.632456297264003,31.48175887137137,FAIL,-0.0379210290471846,-0.1387530533436069,0.07904381290089542,PASS,-0.03216675500722893,-0.033671897971566986,-0.03094983388841771,PASS,-0.02373557287277773,-0.07141095679689742,0.014040034568325654,PASS,0.6367188231500596,0.6349237091034741,0.6379532507546491,PASS,4.980514322916671,4.863398437500004,5.12322916666667,PASS,1546.7517567340146,1544.4286076061344,1548.6581993991044,PASS,1.0557819131169028,0.5547087289273053,1.8628326320406123,PASS,0.30501132786710694,0.1716867579021244,0.45869969808338706,FAIL,3.5369232877246675,3.495639877931378,3.593033300245772,PASS,0.3264559445753006,0.2305089260457419,0.45185144855410075,FAIL,0.6142751479289941,0.6142751479289941,0.6142751479289941,FAIL,0.0015833221189812052,0.0015833221189812052,0.0015833221189812052,PASS,0.08879022080240917,0.08879022080240917,0.08879022080240917,FAIL,0.2222970516048579,0.2222970516048579,0.2222970516048579,PASS,0.2109926998463887,0.2109926998463887,0.2109926998463887,PASS,0.4370703299516857,0.4370703299516857,0.4370703299516857,PASS,-1.8488512931301815,-3.2315251305135684,-0.7814796717018568,PASS,2.2401256187290035,0.8558152712281978,4.98575280661108,PASS,2.241860450425529,1.2107754947098324,2.82031775648924,PASS,-1.3795761653815308,-1.9530551187240632,-0.8614232120327772,PASS,1.2691510905668524,1.062114333690481,1.5412621816161747,PASS,2.1263533348834436,1.7912776862596624,2.416887953292953,PASS,-1.567240182864635,-4.2144964126364135,-0.9723430723318398,PASS,1.8887185195815503,1.0926209746372197,3.4983127572192183,PASS,1.8345732443498792,1.0532860945053268,2.4400798749535286,PASS,-1.5335278865152944,-4.849218998166645,-0.19127653812830717,PASS,1.7523622138265835,0.2220456041698102,3.9861467549039986,PASS,1.9802014658394826,0.771601861875782,2.8880162036846064,PASS,-0.20492697040247423,-0.2680865702232593,-0.12223362185158584,PASS,0.22278302254008903,0.09082416990824663,0.3354053995565045,PASS,1.3990756773209587,0.9144684441152894,2.3363705842023417,PASS,-1.3908849385227056,-2.6371590749762324,-0.647797843092812,FAIL,1.4288312980306288,0.6084857037357497,4.32789509643688,PASS,2.114504013074315,1.3497676373366692,2.9229350587717366,PASS,0.022463049665789613,0.02106668674549899,0.023433569298897082,FAIL,0.182375,0.171,0.184,FAIL,4.543081473644228,3.6273396890712206,5.324817674381392,FAIL,0.3636227802602028,0.08515202516784405,0.5818844187414054,PASS,0.7040078475525045,-0.024530049554921274,0.9142390879852585,PASS,0.828516975152119,0.2639509279444299,0.9450296011847357,PASS,0.5301476136502492,0.015307027555365421,0.7634408504823884,PASS,0.24535295646415034,-0.03536450793053445,0.5328953039040245,PASS,0.3756104867145466,0.1098764730368471,0.600452963885604,PASS,0.21231173505090026,-0.18805556959536424,0.4116652033116075,PASS,0.7881494283791506,0.1352064368271656,0.9490871489147973,PASS,0.527077449205144,-0.03599066600803328,0.7399942431686741,PASS,0.5963602136198676,-0.1096872752107499,0.819657240642265,PASS,0.37187499999999996,0.2,0.6,FAIL,36.1810463199174,20.94968145954742,64.19029320229376,PASS,-0.2100379425032169,-0.31224047385834475,-0.1048485338157398,PASS,0.9999099554603045,0.9998001238200195,0.9999522540190189,FAIL,14242.669341007231,10051.33754527104,17335.925484220676,3,5,39,49,4,7
L00056,G01,P01,16,true,PASS,0.0600843253968254,0.0175,0.10268353174603174,FAIL,27.33455952418125,21.514627850365045,31.535628378214227,PASS,0.015451640478638277,-0.15566176517640942,0.1592425978743119,PASS,-0.04212105723580488,-0.045473995451292396,-0.03982243069051747,PASS,-0.024509500109521742,-0.050489956174872674,0.0006872621611761129,PASS,0.6370831310226353,0.6355179985496451,0.6383371904293471,PASS,4.95549479166667,4.850195312500004,5.074648437500004,PASS,1547.1590311329217,1545.219417276872,1548.873123281744,PASS,0.9822420020630782,0.5403885404058333,1.7831454218057055,PASS,0.2775109897860764,0.15520774670983858,0.3945529618658031,FAIL,3.567864449363495,3.508312866724954,3.6204473137707964,PASS,0.32151265989744493,0.26036378805232296,0.4184581518572746,FAIL,0.6142751479289941,0.6142751479289941,0.6142751479289941,FAIL,0.0015833221189812052,0.0015833221189812052,0.0015833221189812052,PASS,0.08879022080240917,0.08879022080240917,0.08879022080240917,FAIL,0.2222970516048579,0.2222970516048579,0.2222970516048579,PASS,0.2109926998463887,0.2109926998463887,0.2109926998463887,PASS,0.4370703299516857,0.4370703299516857,0.4370703299516857,PASS,-1.4896705479340313,-2.746126770519381,-0.7549398871774894,PASS,1.8597498606159961,0.8538182607859811,4.829470142963721,PASS,1.9645705423917772,0.9836069234597076,2.703406175902962,PASS,-1.3399705318136634,-1.9539867143548888,-0.9214082935282503,PASS,1.2554895568212623,1.0799925723121817,1.3932659071414357,PASS,2.054534714728475,1.7877507863447697,2.4350892651774387,PASS,-1.373077378493504,-3.1261192577979378,-1.0178116649143039,PASS,1.7549099011760463,1.0597606753111153,3.081066313486299,PASS,1.7227748065523887,1.1610589862734497,2.351430190337178,PASS,-1.0311449870516909,-3.7741928558488667,-0.20984821827202205,PASS,1.4845491261255421,0.2931183951925733,3.344826250096908,PASS,1.781483352816869,0.43062257877530785,2.545271432324481,PASS,-0.20885514438605163,-0.27099734389894925,-0.14652769958032422,PASS,0.19946458756661567,0.0941283547238813,0.3134310729636533,PASS,1.3497156789975637,0.8617484924187127,2.0102053846408636,PASS,-1.138099926007948,-1.9429367329035157,-0.620705561518192,FAIL,1.2655425097627617,0.6551622422135339,2.9466032635257013,PASS,1.9026384837417634,1.0681587266817887,2.3211375881431824,PASS,0.022713148822920238,0.02162325653596955,0.023671582912063574,FAIL,0.1831875,0.175875,0.184,FAIL,4.76371224497916,3.6313393135256593,5.797378081610825,FAIL,0.35979726959586,0.07816185627080516,0.5726411086462565,PASS,0.7135738975199948,-0.024997948565185973,0.905376901290128,PASS,0.8397869551018987,0.3028926821439863,0.9458288526069504,FAIL,0.5603653858917023,0.2085951396427939,0.738872236872062,PASS,0.24179563849526903,-0.11134141381972751,0.5120966481243809,PASS,0.356782418586019,0.016885563899556408,0.5674311037860429,PASS,0.18799450942355547,-0.11053968886067086,0.36267312420918024,PASS,0.7987383535514369,0.17253353222154036,0.9447621329443194,PASS,0.5645621473848612,0.070300335595099,0.7578342936833549,PASS,0.625304115229899,0.029784324255342526,0.8120127547973787,PASS,0.415625,0.175,0.58125,FAIL,40.05503228454292,20.673969428670294,61.90198374615219,PASS,-0.1688419974288856,-0.34879325251534227,-0.043787258475630246,PASS,0.9998273509657329,0.9997107131559415,0.9999145014419509,FAIL,13582.080949617637,9228.269155705526,18051.124314635883,4,5,38,49,4,7
L00058,G01,P01,16,true,PASS,0.06005208333333333,0.03375,0.08402777777777777,FAIL,28.67069524942469,23.926542663526206,30.919280125545807,FAIL,-0.1178080389583256,-0.25137366543800743,0.12625358589822733,PASS,-0.03511706134051375,-0.03643931410266996,-0.03271265720285863,PASS,-0.029595465333883412,-0.0724859619297111,0.00040322331252533187,PASS,0.6366404739891566,0.6352606710128782,0.6379402455842367,PASS,4.96610026041667,4.848554687500004,5.089388020833337,PASS,1546.9863925703871,1544.9794825282056,1548.899829799705,PASS,1.0779275161367468,0.7262224343083317,1.6284225130005623,PASS,0.2775329305997891,0.17407833502380113,0.42262615399897824,FAIL,3.5516698507431714,3.4887673577585456,3.606676965221592,PASS,0.3230989953911201,0.23679524660219,0.4235239975745639,FAIL,0.6142751479289941,0.6142751479289941,0.6142751479289941,FAIL,0.0015833221189812052,0.0015833221189812052,0.0015833221189812052,PASS,0.08879022080240917,0.08879022080240917,0.08879022080240917,FAIL,0.2222970516048579,0.2222970516048579,0.2222970516048579,PASS,0.2109926998463887,0.2109926998463887,0.2109926998463887,PASS,0.4370703299516857,0.4370703299516857,0.4370703299516857,PASS,-1.3874333324844863,-2.746126770519381,-0.7404333101901082,PASS,1.4701400049677753,0.8439729159864856,4.205787658965759,PASS,1.8686744046037596,1.1050739531205669,2.666398326754244,PASS,-1.1741352621777643,-1.6157939840711173,-0.8378320048777917,PASS,1.2195998272929045,1.0171784682612794,1.3560318883512257,PASS,2.133372323268553,1.7977776660025557,2.493679180715814,PASS,-1.3446071308599226,-3.1261192577979378,-0.9064042371751166,PASS,1.4748507076589394,0.8296382152174595,3.081066313486299,PASS,1.8707506131900464,1.1163132983798858,2.342845216352255,PASS,-0.8592301518759913,-3.7741928558488667,-0.18342486430047883,PASS,1.325284804792915,0.24591384342663178,3.344826250096908,PASS,2.0468293490496965,0.3568681538163746,2.8382645557695185,PASS,-0.1674887232850138,-0.23872902223238618,-0.1220582324590333,PASS,0.20504315928069483,0.08310251163883789,0.33464512752850034,PASS,1.7298211609402412,0.9724892373145974,2.3542498593235086,PASS,-1.375970431602895,-2.2741693421173705,-0.7052179399039048,FAIL,1.371497329552073,0.7384514041575526,3.7198173401002856,PASS,1.9586357517733073,1.441948828911511,2.4653450956582255,PASS,0.022498527085890552,0.021121201135806573,0.023846933160824677,FAIL,0.184,0.184,0.184,FAIL,4.267535506895058,3.3755362502036506,4.784211385931225,PASS,0.24561433726568654,-0.009943985170380993,0.5387957191762995,PASS,0.44875607071951085,-0.09740950639762336,0.890917710316264,PASS,0.7427891646835008,0.22285891956235215,0.9388001466326874,FAIL,0.39018909570457394,0.0731920655477973,0.7753975493693288,PASS,0.09041538506823654,-0.20397433035230778,0.494413591660086,PASS,0.24753889772529314,-0.022551887453114067,0.5759986075078185,PASS,0.08215112878425886,-0.16848023070973112,0.4450873950750968,PASS,0.5670568432003682,0.131113295234952,0.938656649566712,PASS,0.33312603369021454,-0.08213376084688266,0.7561903347233296,PASS,0.4258450452685622,-0.03827337515532685,0.8047440516944916,PASS,0.371875,0.2375,0.5,FAIL,43.062192342610174,21.373805745227457,68.50254342041744,FAIL,-0.2778837392649811,-0.3989227564749386,-0.05769735007153477,PASS,0.9998812639325472,0.9997862550385853,0.9999429858641486,FAIL,14396.976420789773,9240.910466076568,21457.141048533853,3,5,38,49,4,7
L00088,G01,P01,16,true,PASS,0.07805803571428571,0.030000000000000006,0.12127480158730158,FAIL,27.0450887676691,22.45610944702517,31.156770765096464,FAIL,-0.022503272642752682,-0.13902037014361376,0.10345058458788789,PASS,-0.03823217056458822,-0.04357746991399986,-0.0354308212649068,PASS,-0.05299940161198252,-0.12560549486273326,0.014600110756805968,PASS,0.6368448172035761,0.6356103802968069,0.6380125349092822,PASS,5.003359375000004,4.8847265625000045,5.15994791666667,PASS,1546.3798790692304,1543.8308902993856,1548.3110146656097,PASS,0.9693033894413514,0.5557843416377493,1.8286574200747288,PASS,0.29989012589842023,0.17904296953673207,0.4146130460907248,FAIL,3.537879466060425,3.452390740651569,3.5956399867717592,FAIL,0.33803750483965583,0.2391296494163621,0.40509806967383083,FAIL,0.6142751479289941,0.6142751479289941,0.6142751479289941,FAIL,0.0015833221189812052,0.0015833221189812052,0.0015833221189812052,PASS,0.08879022080240917,0.08879022080240917,0.08879022080240917,FAIL,0.2222970516048579,0.2222970516048579,0.2222970516048579,PASS,0.2109926998463887,0.2109926998463887,0.2109926998463887,PASS,0.4370703299516857,0.4370703299516857,0.4370703299516857,PASS,-1.8924767053380167,-3.9388775137579985,-0.7970483921157456,PASS,2.090230626254386,1.0118990931039415,4.829470142963721,PASS,2.2710953594600882,1.560476881657892,3.2002487580296957,PASS,-1.3920929786396756,-1.9539867143548888,-0.9355615908788051,PASS,1.2440071661038945,1.0566541186196972,1.4630796923730793,PASS,2.067969287226761,1.876030554395138,2.3474967998123715,PASS,-1.5866384032863794,-4.2144964126364135,-1.0454075635312035,PASS,1.7834145628368714,0.9801697584867359,3.081066313486299,PASS,1.7801960416044036,1.3024426625843508,2.34068042713466,PASS,-1.5132297405236266,-4.849218998166645,-0.2691390322654198,PASS,1.6415042704269625,0.421689279361581,3.344826250096908,PASS,1.9521555194161344,1.493843425547906,2.310607384005495,PASS,-0.22101056596119578,-0.26600135347494963,-0.14937008778992397,PASS,0.2299264092780478,0.13502016132734446,0.33464512752850034,PASS,1.3830834757637913,0.8996997056751507,2.3228097059344277,PASS,-1.39301078940189,-2.4835111361386732,-0.6400556370807143,FAIL,1.136116288905638,0.4931488385332068,2.6787270995694685,PASS,1.9739247099054673,1.275041721152211,2.620474346099806,PASS,0.022738593125756792,0.021747211069933232,0.024096060401768562,FAIL,0.184,0.184,0.184,FAIL,4.471895823405063,3.906846499406228,4.938405469948261,PASS,0.36333933801547774,0.023238282207089414,0.5295048082610155,FAIL,0.7711125840426537,0.3779620678026469,0.8944883030104878,FAIL,0.8904939300234018,0.7856909826943036,0.9376981294655745,FAIL,0.5717023733739027,0.20720190834553046,0.7306855415908571,PASS,0.2662517599705567,-0.22890033376662622,0.5076494788518043,PASS,0.3976938812586951,0.11156150947524561,0.5912753715956024,PASS,0.24415180886629673,0.0007282126666904158,0.4829768563181509,FAIL,0.8381701622261166,0.38923480315272996,0.9442219700010267,PASS,0.5502976897614804,-0.05444321134515843,0.7389151966549524,FAIL,0.6546830785802034,0.26510033786513265,0.8116346916064964,PASS,0.4484375,0.175,0.725,FAIL,35.67983754596507,18.914172201072404,56.03762569712111,PASS,-0.1969712544175734,-0.32220362836699246,-0.07262708432578546,PASS,0.9998243601923363,0.9996454117189254,0.9999120368039116,FAIL,16883.87246030965,9670.024589676172,27622.308233172003,3,5,34,49,4,7
L00106,G01,P01,16,true,PASS,0.07012896825396825,0.03375,0.12972718253968255,FAIL,28.029155610500567,25.258977918951256,31.73822149157883,FAIL,-0.0008003345979381814,-0.11921580450329064,0.14734264596075858,PASS,-0.04252280584362508,-0.04915940197988735,-0.03753893016506628,PASS,-0.047534355592616054,-0.12563460913168104,0.022156648205210842,PASS,0.6367278834752312,0.6348799033473218,0.6382888039746091,PASS,5.0428059895833375,4.922343750000004,5.23361979166667,PASS,1545.7377568774589,1542.631640469036,1547.6986723609298,PASS,1.0160457621441514,0.6169518653248476,1.562751397194456,PASS,0.2898368253488486,0.15766848054790383,0.5041134144074294,FAIL,3.574402551849828,3.490399654249551,3.6404760443734054,PASS,0.3204169946112384,0.23070930817047924,0.47494977612884204,FAIL,0.6142751479289941,0.6142751479289941,0.6142751479289941,FAIL,0.0015833221189812052,0.0015833221189812052,0.0015833221189812052,PASS,0.08879022080240917,0.08879022080240917,0.08879022080240917,FAIL,0.2222970516048579,0.2222970516048579,0.2222970516048579,PASS,0.2109926998463887,0.2109926998463887,0.2109926998463887,PASS,0.4370703299516857,0.4370703299516857,0.4370703299516857,PASS,-2.4423184592415845,-4.080347990406885,-0.7509249492293142,PASS,2.9172403350185148,0.9649169235877276,4.98575280661108,PASS,2.315263468456591,1.455422019052749,2.830054050558617,PASS,-1.5162410567337312,-1.9483971405699356,-0.9780214829304698,PASS,1.2779525579611402,1.0799925723121817,1.5049679635120656,PASS,2.0557468676184065,1.705309674982833,2.3681932067107443,PASS,-2.274556679448065,-4.2144964126364135,-1.051286164393535,PASS,2.3257316891020356,0.8768398268265432,3.4983127572192183,PASS,2.0381630487710303,1.3253949447654736,2.476172386754273,PASS,-2.5425065915321268,-4.849218998166645,-0.24811999553755165,PASS,2.3909479289098114,0.36688349808960674,3.9861467549039986,PASS,1.9081841041610188,0.9785137875954898,2.3725588545778216,PASS,-0.22819555035151018,-0.27179615836276205,-0.15610074777556018,PASS,0.20719540242057363,0.12482722293431482,0.33464512752850034,PASS,1.2274619504127005,0.7943079130231612,2.303823678319038,PASS,-1.345355592857841,-2.49183026044173,-0.6886650185951629,FAIL,0.9531045871283677,0.5062430868714318,1.506462712602504,PASS,1.8955174002110668,1.4515428695193293,2.3788194715698787,PASS,0.02277810859106056,0.021575340794726703,0.024234756959159706,FAIL,0.1831875,0.175875,0.184,FAIL,4.60651882085427,3.507550007186837,6.128720490228119,FAIL,0.46200013489798253,0.15026093383159134,0.6176175458698442,PASS,0.7844041522471008,0.17875322273165137,0.9259460960872528,PASS,0.8793018363013412,0.5362645771620672,0.9499601166061736,FAIL,0.6179240703285277,0.1480611942719654,0.7595993293569122,PASS,0.36073738372823466,-0.1147101964604964,0.5978229167229064,PASS,0.4780153226540831,0.14115678581730534,0.663934890475413,PASS,0.32417732688906364,-0.15214643941456382,0.5639532909874787,PASS,0.8532093332401327,0.3155230574140597,0.9539846580123127,PASS,0.641213187286969,0.17983054115072247,0.7702648671579869,PASS,0.6840009084548775,0.06380422664907982,0.8165491089979094,PASS,0.4604166666666667,0.2,0.7416666666666666,FAIL,29.832085478657227,15.674447974559243,49.40270235444641,PASS,-0.18866894476421311,-0.31187300304579574,-0.04606236394735631,PASS,0.9998074286357561,0.9997031421501325,0.9998759180696632,FAIL,17399.306970045094,11266.358171959544,26188.06488251664,3,5,38,49,4,7
L00110,G01,P01,16,true,PASS,0.056361607142857144,0.020416666666666666,0.09649801587301587,FAIL,28.61525783452408,25.617780557327112,31.680431354005982,FAIL,-0.028306746823079758,-0.15810041188227586,0.1681246576531345,PASS,-0.036104656935380806,-0.041805440295802014,-0.03342500434805641,PASS,-0.044012957467426464,-0.12277288548057345,0.004799203055642591,PASS,0.6373061817896484,0.6354672237352378,0.6390077058251464,PASS,5.00824869791667,4.890820312500004,5.144296875000004,PASS,1546.3002894065767,1544.0856620024751,1548.2118190274684,PASS,1.1098843898740345,0.6448558448893029,1.7937482940535339,PASS,0.30495926515691385,0.18715129878951509,0.4134209603005826,FAIL,3.5303813955826677,3.4563951401120403,3.6249049206649318,FAIL,0.2970115674609575,0.24038763556066747,0.36161948886978773,FAIL,0.6142751479289941,0.6142751479289941,0.6142751479289941,FAIL,0.0015833221189812052,0.0015833221189812052,0.0015833221189812052,PASS,0.08879022080240917,0.08879022080240917,0.08879022080240917,FAIL,0.2222970516048579,0.2222970516048579,0.2222970516048579,PASS,0.2109926998463887,0.2109926998463887,0.2109926998463887,PASS,0.4370703299516857,0.4370703299516857,0.4370703299516857,PASS,-1.8144357343357136,-4.080347990406885,-0.7394324738305569,PASS,2.2498009608982295,0.8558152712281978,4.98575280661108,PASS,2.1620460865088496,1.225320546167252,3.09601985225037,PASS,-1.4419795742569455,-1.9493287362007612,-0.8617034112485185,PASS,1.292440700206416,1.0676815653915332,1.4630796923730793,PASS,2.070720314801905,1.7871149230922232,2.4315424007486306,PASS,-1.546228394401639,-4.2144964126364135,-0.9183793782961207,PASS,1.8416310437348198,1.0155144001182976,3.4983127572192183,PASS,1.8230703268422497,1.2083779868142732,2.257963658471854,PASS,-1.3475435490587877,-4.849218998166645,-0.16661793736986313,PASS,1.5797388383902455,0.28089328680982756,3.9861467549039986,PASS,1.9581071531470158,1.075394387092774,2.447060409781125,PASS,-0.19967280033369933,-0.268681127898213,-0.12191757069244105,PASS,0.18419259066774182,0.07899540543604923,0.31899936145910385,PASS,1.5353446242207935,0.9899086258665926,2.528873797219888,PASS,-1.2185028551725159,-2.2682706815924125,-0.42840557680295255,FAIL,1.5388814822235264,0.8066222143809973,3.6791725364076244,PASS,2.0338312097201223,1.5530232637740633,2.5050316858638717,PASS,0.022834843992284963,0.021525447417129456,0.023834530847890716,FAIL,0.184,0.184,0.184,FAIL,4.5010042418421845,3.705081890414388,5.5135511384188485,FAIL,0.34922787259940224,0.08729817321620284,0.6139976425802187,PASS,0.6398914036279844,-0.16867705997604532,0.9233932080140463,PASS,0.7724409809707019,-0.020049147042938448,0.9458054302494335,FAIL,0.5284733750778355,0.21226351748996053,0.720642155329681,PASS,0.180066703407458,-0.17606366501805581,0.5466812357231046,PASS,0.32408898763563365,-0.03581687311364988,0.6446532890931755,PASS,0.18685835644922294,-0.1720680971854674,0.510690838843396,PASS,0.7361135923409552,0.015175769467292488,0.953948270723782,PASS,0.491396314355,-0.011342400215412959,0.7480132814378703,PASS,0.5283652439240119,-0.233370964005306,0.8051172742705316,PASS,0.359375,0.2,0.6,FAIL,39.50915069550168,19.211965732730476,59.26812935842405,PASS,-0.21067956940343252,-0.34308904306791244,-0.03008094487163273,PASS,0.9998639423635618,0.9997513469826808,0.9999421908974877,FAIL,14004.215620336192,8609.55616469605,21748.74808774613,3,5,37,49,4,7
L00121,G01,P01,16,true,PASS,0.06920882936507936,0.0175,0.13805555555555554,FAIL,27.653186559138753,23.688334589873474,31.3055304381646,FAIL,-0.0218174301667054,-0.18236878894391317,0.20575725276644635,PASS,-0.0352566967520579,-0.03850363054393502,-0.032643027992013025,PASS,-0.025765801808718417,-0.08504782474560535,0.031911115860255246,PASS,0.6372054554533113,0.6353986386970824,0.6382831504796252,PASS,4.964095052083337,4.850000000000004,5.14529947916667,PASS,1547.0190338701175,1544.0693413526099,1548.8763026291203,PASS,1.0512098592104149,0.5398345691726144,1.5823066296414205,PASS,0.2766124174807786,0.1456111808021406,0.470521454479451,FAIL,3.5518523140983267,3.467193747393991,3.619743451449112,PASS,0.35673500754208376,0.25960695778495924,0.45819448637693944,FAIL,0.6142751479289941,0.6142751479289941,0.6142751479289941,FAIL,0.0015833221189812052,0.0015833221189812052,0.0015833221189812052,PASS,0.08879022080240917,0.08879022080240917,0.08879022080240917,FAIL,0.2222970516048579,0.2222970516048579,0.2222970516048579,PASS,0.2109926998463887,0.2109926998463887,0.2109926998463887,PASS,0.4370703299516857,0.4370703299516857,0.4370703299516857,PASS,-1.9782068726103081,-4.504759420353543,-0.8104943531663077,PASS,2.297173339784976,0.8626139282351838,4.98575280661108,PASS,2.068979023222843,1.1740102742126868,2.809797456284941,PASS,-1.42634324495966,-1.9483971405699356,-0.9511816356093705,PASS,1.27108936631176,1.0753222232928308,1.544126656417583,PASS,2.199878137552157,1.9192093195265667,2.4125290104429453,PASS,-2.115047421490268,-4.2144964126364135,-1.0454075635312035,PASS,1.9278522252526948,0.8675178791244761,3.4983127572192183,PASS,1.8904565119781416,1.1413791303387524,2.3880008693649404,PASS,-1.7735919996252232,-4.849218998166645,-0.22730596839527664,PASS,1.7933713114965701,0.2898322670674174,3.9861467549039986,PASS,1.8834907283785283,0.6901901237536269,2.78267492577328,PASS,-0.20583496603313395,-0.268681127898213,-0.13348579211421605,PASS,0.21252113197451916,0.12323234264963806,0.3354053995565045,PASS,1.5106764265193364,0.9663153481623425,2.4700516553447747,PASS,-1.3686371137440814,-2.404177896873953,-0.6010005377455666,FAIL,1.0628074097905067,0.4673784707213048,1.7852461516915845,PASS,1.8811295164168362,1.356969954557395,2.284995286570446,PASS,0.02250167942099336,0.020540950091813993,0.024065110083400846,FAIL,0.18359375,0.1799375,0.184,FAIL,4.411237322921416,3.5527214467579444,5.13703269768505,PASS,0.3879580948511292,0.03997554271431929,0.6381147068848373,PASS,0.6550043310841485,0.0521504155457708,0.917849119301667,PASS,0.8379183682061186,0.5372136277818134,0.9496665491266508,FAIL,0.5205228958426327,0.09743761379990948,0.7400499644631413,PASS,0.23578510779702094,-0.20135540407015315,0.5902515274551672,PASS,0.382496574458484,0.04966969044033229,0.6799875512733734,PASS,0.19422774157763995,-0.18164255091393355,0.5408206495814575,PASS,0.7413562071248055,0.13520230080886173,0.9541062753987364,PASS,0.504186271790213,0.08721406087462386,0.7491572188975275,PASS,0.5668021937103885,0.10408951679154746,0.808896385905606,PASS,0.41822916666666665,0.1375,0.63125,FAIL,34.93791053073673,16.39284218368115,58.81679582162322,PASS,-0.2035700628230785,-0.3648230000077956,0.04177953819856001,PASS,0.9998603803443942,0.9997110621060716,0.9999512001540246,FAIL,14788.198843309518,7995.711899190355,23728.685415954275,3,5,39,49,4,7
L00123,G01,P01,16,true,PASS,0.05670882936507937,0.02,0.09236111111111112,FAIL,27.382406153717753,20.814842622979057,30.91881439867973,FAIL,-0.0988606717452291,-0.2155681851415236,0.054171269236910166,PASS,-0.040122921752171095,-0.0422524018540488,-0.03580724753708859,PASS,-0.011341071039563642,-0.04807589484681779,0.060680388561481294,PASS,0.6372746368908759,0.6353771728076565,0.6387636598800991,PASS,5.013391927083337,4.917473958333337,5.157903645833337,PASS,1546.2165665923333,1543.864167468591,1547.7779440888462,PASS,1.0104552186448446,0.6275483568201772,1.665765282712272,PASS,0.30645961892071993,0.2102111671800513,0.4239981085390548,FAIL,3.5593366427723723,3.498129164498858,3.6015955235259183,PASS,0.3363725277456733,0.2540180141457197,0.424741704160287,FAIL,0.6142751479289941,0.6142751479289941,0.6142751479289941,FAIL,0.0015833221189812052,0.0015833221189812052,0.0015833221189812052,PASS,0.08879022080240917,0.08879022080240917,0.08879022080240917,FAIL,0.2222970516048579,0.2222970516048579,0.2222970516048579,PASS,0.2109926998463887,0.2109926998463887,0.2109926998463887,PASS,0.4370703299516857,0.4370703299516857,0.4370703299516857,PASS,-1.4187022807652139,-2.9819108982675244,-0.7105693010975607,PASS,1.7713824312500113,0.8558152712281978,4.829470142963721,PASS,1.8874612100868167,1.0615572342385082,2.61785411870971,PASS,-1.214279028794353,-1.5744126719318536,-0.9653349329599255,PASS,1.2497661402830038,1.0676815653915332,1.379303150095107,PASS,2.0495862144023613,1.7521436089015516,2.41403916638578,PASS,-1.300991577454175,-3.112564601890225,-1.0048375538711458,PASS,1.6269166290609607,0.8975537755994779,3.081066313486299,PASS,1.811561711077787,1.2648670440458272,2.244090724155489,PASS,-0.9214603434728533,-3.7741928558488667,-0.19185615901711914,PASS,1.2519484040334925,0.2858019400220929,3.344826250096908,PASS,1.920727159634021,0.8627942404190518,2.8244591297533734,PASS,-0.2056290652544877,-0.2670396969631327,-0.13122546058554543,PASS,0.23642462068236958,0.0988424447913288,0.33920675969652525,PASS,1.7420079578757361,1.234084674158141,2.512610066065456,PASS,-1.3452317164492547,-2.4455668268496424,-0.6634001974421659,FAIL,1.2403221406335672,0.5928628062945399,2.7358138237512466,PASS,2.0191528564242294,1.26859137437398,2.533114926082967,PASS,0.022613831195078107,0.021479523061224588,0.023781977231509054,FAIL,0.18196875,0.171,0.184,FAIL,4.47067683549409,3.3527231652963985,5.420107941887795,FAIL,0.3094128654844992,0.0849457940166397,0.5949197763079643,PASS,0.4955599618222948,-0.17333600402103494,0.9035717777675574,PASS,0.6697801691619555,-0.042834844165022395,0.9380568662081449,FAIL,0.4355506280200301,0.07436495170223255,0.68730046798671,PASS,0.10122672622747114,-0.3190166503142182,0.4924314851422792,PASS,0.2530094190624698,-0.11436032620435031,0.5878757322359727,PASS,0.08788583264066689,-0.17054759753896917,0.4005670395712109,PASS,0.616589925107397,0.10425118692256571,0.9490080420626026,PASS,0.42138795847238797,0.051817819384748165,0.7204616286141837,PASS,0.4297967282250201,-0.16394214542874708,0.7718560695118442,PASS,0.3260416666666667,0.2,0.5,FAIL,43.031696275434314,20.017423490303127,65.76418966685551,FAIL,-0.283530024642778,-0.41486864748536273,-0.11894677915773844,PASS,0.9998379052233952,0.9996798613488544,0.9999220481457226,FAIL,12756.505474701666,8468.377151977495,18409.723803805926,3,5,37,49,4,7
L00142,G01,P01,16,true,PASS,0.06017361111111111,0.034444444444444444,0.08895833333333333,FAIL,27.48167428212011,22.314552420078822,32.93510853564774,FAIL,-0.0796322547121121,-0.23195368380433548,0.026900770828050143,PASS,-0.030330481948416928,-0.034616442170400885,-0.028050315373302916,PASS,-0.03308245084046602,-0.15867890219693215,0.009674020462400595,PASS,0.63671524394776,0.6346835344786779,0.6392646510698325,PASS,5.025546875000003,4.93354166666667,5.17268229166667,PASS,1546.0187052072802,1543.623596850449,1547.5163897780205,PASS,0.9893870953683456,0.6649236342919236,1.53757509343714,PASS,0.3559261759845973,0.2199156351678247,0.5907163482447263,FAIL,3.564465941974005,3.4720424591533003,3.635400163756684,PASS,0.33806482553860623,0.20538665193978126,0.44681472031502445,FAIL,0.6142751479289941,0.6142751479289941,0.6142751479289941,FAIL,0.0015833221189812052,0.0015833221189812052,0.0015833221189812052,PASS,0.08879022080240917,0.08879022080240917,0.08879022080240917,FAIL,0.2222970516048579,0.2222970516048579,0.2222970516048579,PASS,0.2109926998463887,0.2109926998463887,0.2109926998463887,PASS,0.4370703299516857,0.4370703299516857,0.4370703299516857,PASS,-2.175823352140422,-4.504759420353543,-0.7894327700537215,PASS,2.838901089991425,0.8104568708736014,4.98575280661108,PASS,2.0704964948912727,0.8224634655626938,2.8901980757369694,PASS,-1.341899357389212,-1.8242532041521446,-0.9214082935282503,PASS,1.2094686337598182,1.0566541186196972,1.379303150095107,PASS,2.0271989030220023,1.7441501754571227,2.3575288684420985,PASS,-1.7615044147065486,-4.2144964126364135,-0.7523257482922594,PASS,2.0296870130298785,1.0358817489440706,3.4983127572192183,PASS,1.786685355439393,1.0706620364897483,2.461716158470687,PASS,-1.8678343673394346,-4.849218998166645,-0.18489491017972715,PASS,2.011606081655469,0.24342202518822645,3.9861467549039986,PASS,1.7841688116115715,0.2669855339561898,2.58896542322526,PASS,-0.21531756378987593,-0.270012485337901,-0.13767690775337993,PASS,0.22846747903314418,0.0988424447913288,0.33920675969652525,PASS,1.469518649631743,0.9315064010173844,2.291653897417863,PASS,-1.6463977516911745,-2.526540478253764,-0.6626033008879368,FAIL,0.9554545737510038,0.6217465382366062,1.266030014094348,PASS,1.976195639934152,1.2376331049232612,2.448718548333085,PASS,0.022647669408609725,0.021007458140423894,0.02406036594740577,FAIL,0.18359375,0.1799375,0.184,FAIL,4.759666963776121,3.514917838749327,7.031402559084002,FAIL,0.3478421829716576,0.06195849615272178,0.6386524300107896,PASS,0.7262355419036661,0.24852646959618885,0.9242856127208297,FAIL,0.8758088807912325,0.7103874030983541,0.9482741034583699,FAIL,0.5250023160678494,0.16221131421079224,0.7932178098428179,PASS,0.26756467572378584,-0.1260632208164922,0.6100885038529321,PASS,0.39394523257786945,0.10633238214670668,0.6761157328333722,PASS,0.22058073027164826,-0.10858798765917292,0.5175993471706613,PASS,0.7934719878564984,0.3073754157389509,0.9550968535592776,PASS,0.4898057124688029,-0.04590926908407208,0.7849951901404717,PASS,0.600848982261704,0.1541716834258199,0.8248396937729883,PASS,0.36614583333333334,0.2,0.5,FAIL,34.76360751909405,18.918239154415005,61.12849195910518,PASS,-0.24340451720451572,-0.39087610216359053,-0.15060787326662586,PASS,0.9999091489712348,0.999822674715795,0.9999546717448226,FAIL,14332.758480086202,7735.1115961169135,21264.704716156426,3,5,37,49,4,7
L00155,G01,P01,16,true,PASS,0.07598710317460317,0.03375,0.11046130952380952,FAIL,29.346451369260517,24.081983653862256,32.65258710093217,FAIL,-0.07386034420142526,-0.1795473507344059,0.033444835810563046,PASS,-0.039346214596277025,-0.0426295227683648,-0.03674242489484033,PASS,-0.03606975812171581,-0.09612176626699505,0.061634777240847614,PASS,0.6368341038896418,0.6352686582163215,0.6379112767981414,PASS,4.990110677083337,4.879244791666671,5.155325520833337,PASS,1546.5955447995912,1543.9061348539585,1548.4002483486388,PASS,1.050125215410768,0.5440904988273666,1.7055048410863392,PASS,0.2975260172820492,0.16371845656023015,0.4653142485968955,FAIL,3.5276276536126416,3.464045130337434,3.6159971737258063,PASS,0.33470649176298806,0.2533479678632466,0.45283326672972474,FAIL,0.6142751479289941,0.6142751479289941,0.6142751479289941,FAIL,0.0015833221189812052,0.0015833221189812052,0.0015833221189812052,PASS,0.08879022080240917,0.08879022080240917,0.08879022080240917,FAIL,0.2222970516048579,0.2222970516048579,0.2222970516048579,PASS,0.2109926998463887,0.2109926998463887,0.2109926998463887,PASS,0.4370703299516857,0.4370703299516857,0.4370703299516857,PASS,-1.888061597839508,-3.3729956071624545,-0.7695500241740599,PASS,2.22196434217875,0.8502236419899911,4.673187479316361,PASS,2.003385653560978,1.471875358577633,2.650893193052997,PASS,-1.2342493596346675,-1.8242532041521449,-0.7950976400892209,PASS,1.244325408143525,1.0795530732595253,1.3793031500951067,PASS,2.1599096043445964,1.8089125636984595,2.5133786387842223,PASS,-1.250298143011508,-1.4910131493273506,-0.9440962019648464,PASS,1.6629361421129394,1.0342538258687948,2.6638198697533793,PASS,1.799404890807593,1.1432614828021719,2.244746403371636,PASS,-1.2042102873016487,-2.4911263212625308,-0.19666628847721065,PASS,1.4483947021876886,0.2931183951925733,2.703505745289817,PASS,2.0360130208908345,1.333821460706699,2.764373616568205,PASS,-0.20450215304790237,-0.26677342547519506,-0.12992365135568543,PASS,0.24939422204550887,0.10157574865401268,0.33920675969652525,PASS,1.5146177159042682,1.0780163718945146,2.439572988693211,PASS,-1.475857855264607,-2.5265404782537635,-0.49242785419504836,FAIL,1.2795662343594116,0.6682897748289032,2.725527166591034,PASS,2.0938058131135486,1.3797218999306937,2.5085058508575226,PASS,0.022267118170202712,0.019871872599662086,0.024528315961791017,FAIL,0.18359375,0.1799375,0.184,FAIL,4.500649898307351,3.437240834128921,5.728956555706466,FAIL,0.3078403412203792,0.06980786169035598,0.507237468600479,PASS,0.638129106188271,-0.08777249454042851,0.8803124203906425,PASS,0.807017055769633,0.25530781993408214,0.933941691775637,FAIL,0.5296081401601412,0.2691277551047337,0.7142728608074279,PASS,0.18297370664661522,-0.3298446626399418,0.43711455382366393,PASS,0.3308717276510015,-0.059973888172723325,0.5324418412611802,PASS,0.20385412459122199,-0.10294702173308677,0.40284922739414675,PASS,0.737578754488303,0.13568069480829897,0.936885900921991,PASS,0.49950550281673994,-0.0026173963578137727,0.7215019994268381,PASS,0.5987208326575458,0.041769131613942356,0.7755992456817349,PASS,0.4479166666666667,0.2375,0.6,FAIL,31.36947025483428,16.756617162450674,58.882777554743676,FAIL,-0.26465984652687236,-0.35718572142228416,-0.1768950203836401,PASS,0.9998309204900063,0.999723568427843,0.9999191523851474,FAIL,17174.007231729596,8713.426615147018,26064.600273877324,3,5,37,49,4,7
L00159,G01,P01,16,true,PASS,0.06559027777777778,0.030416666666666668,0.10281249999999999,FAIL,28.581240677213266,23.85397675959023,33.05263038187142,FAIL,-0.03789928425795988,-0.1574375820973206,0.19540732200978145,PASS,-0.03358649104005554,-0.03819555478331434,-0.031058665113874638,PASS,-0.04730839795185082,-0.1873764818252374,0.009611185664037646,PASS,0.6366322593839007,0.6352112419122211,0.638450987513141,PASS,5.026074218750004,4.934466145833337,5.108958333333337,PASS,1546.010120969364,1544.6609119210977,1547.5013408671057,PASS,0.9843377571702,0.6394214253706269,1.402613124682992,PASS,0.2824396308008826,0.19080980354812713,0.437982772908059,FAIL,3.547976325973317,3.4523353521046087,3.598834458031048,FAIL,0.31135403471821155,0.2274143288363802,0.36989762460064796,FAIL,0.6142751479289941,0.6142751479289941,0.6142751479289941,FAIL,0.0015833221189812052,0.0015833221189812052,0.0015833221189812052,PASS,0.08879022080240917,0.08879022080240917,0.08879022080240917,FAIL,0.2222970516048579,0.2222970516048579,0.2222970516048579,PASS,0.2109926998463887,0.2109926998463887,0.2109926998463887,PASS,0.4370703299516857,0.4370703299516857,0.4370703299516857,PASS,-1.9333782890273545,-4.504759420353543,-0.749291413232315,PASS,2.446798374390191,0.8426857707108244,4.98575280661108,PASS,2.1807398827361766,1.2837403435518286,2.742448172387691,PASS,-1.3473008574976415,-1.9483971405699356,-0.868862112641642,PASS,1.2521125006891836,0.8901048339155315,1.4630796923730793,PASS,2.0899423443787883,1.788746385016636,2.4014550970318362,PASS,-1.6026723577097182,-4.2144964126364135,-0.8653608256765369,PASS,1.889519953969511,0.8788143498489807,3.4983127572192183,PASS,1.9139027780961526,1.2069558452708908,2.4249084597772113,PASS,-1.3456245335674604,-4.849218998166645,-0.19087185457735797,PASS,1.7477285567677323,0.2370919596498351,3.9861467549039986,PASS,2.0180142766705305,1.1549984792334833,2.3672690538273677,PASS,-0.20362792358079812,-0.26677342547519506,-0.12448476573281005,PASS,0.21172696078072098,0.09155329105279576,0.3333780074818268,PASS,1.368364526002542,0.8821073218303926,2.3636474983903746,PASS,-1.4330032246238282,-2.4969152932677896,-0.6149708043754022,FAIL,1.1124811971556365,0.6601139875194263,1.479283907666419,PASS,1.9530339212436205,1.249886426568725,2.5715291546061345,PASS,0.022444010439140117,0.021476576019009107,0.02405262357914778,FAIL,0.18359375,0.1799375,0.184,FAIL,4.401352020941283,3.617882832470147,5.862262727241131,FAIL,0.3905538231284855,0.21103164781235945,0.550195870451626,PASS,0.6899969015959698,-0.16909274602055663,0.8919820398125768,PASS,0.8040489091899491,0.08841306668002388,0.9418292412162037,FAIL,0.5430786499100125,0.10315269211998929,0.7407306961040376,PASS,0.27315546537688545,-0.05082441833193044,0.47431944202811394,PASS,0.3902616677908472,0.011634621273940864,0.5770264233795717,PASS,0.23159466694791775,-0.1907927757448959,0.4700002311932138,PASS,0.7776449804085716,0.0018870435779285918,0.9377203216554422,PASS,0.5603901746106663,0.1188588907345309,0.7560931075897112,PASS,0.5820402024885857,-0.2262216094485745,0.7959403997820721,PASS,0.40104166666666663,0.2375,0.6,FAIL,38.274086177481514,18.300233826371446,75.5308272562523,PASS,-0.20329104623666022,-0.32758305810322674,0.043842867482101554,PASS,0.9998814908317497,0.9997310542317442,0.9999541855883247,FAIL,16650.096765954077,8191.912535434351,26620.906936200518,3,5,37,49,4,7
L00163,G01,P01,16,true,PASS,0.06853174603174604,0.0346875,0.09885416666666666,FAIL,27.806636499051976,23.59947871557639,30.88244280701084,FAIL,-0.0774970814440829,-0.22688040300012294,0.14361169500502965,PASS,-0.042629223386084825,-0.04484355066221066,-0.03922022224884572,PASS,-0.014063302467242805,-0.07443289935446143,0.07202752250943259,PASS,0.6365988816586703,0.6353295798893128,0.6376427321931276,PASS,5.001171875000004,4.923476562500004,5.1036328125000034,PASS,1546.4154877598453,1544.7476021262255,1547.680232146147,PASS,1.1018372459584052,0.7224961444574837,1.8964565834424976,PASS,0.30392399060573905,0.15019393271780102,0.43889375589232843,FAIL,3.5462500317085177,3.4878351311180764,3.5956339700307236,PASS,0.3423835472735044,0.29498205694639473,0.41828942172593075,FAIL,0.6142751479289941,0.6142751479289941,0.6142751479289941,FAIL,0.0015833221189812052,0.0015833221189812052,0.0015833221189812052,PASS,0.08879022080240917,0.08879022080240917,0.08879022080240917,FAIL,0.2222970516048579,0.2222970516048579,0.2222970516048579,PASS,0.2109926998463887,0.2109926998463887,0.2109926998463887,PASS,0.4370703299516857,0.4370703299516857,0.4370703299516857,PASS,-1.7001495730963496,-2.995741002765425,-0.7683075431938773,PASS,1.7557799294257064,0.8625410432809254,4.205787658965759,PASS,2.1767392648762423,0.9539205570662481,3.0977169299941725,PASS,-1.2719191946497528,-1.9468444811852266,-0.924649948683055,PASS,1.1525734870857534,0.9293421852981114,1.3342765356260857,PASS,2.003994787647319,1.6553119032358217,2.4167357058129757,PASS,-1.5935162657281996,-4.2144964126364135,-1.002551063953238,PASS,1.4138390795146523,0.8206257436886228,3.081066313486299,PASS,1.6987207711746937,1.0179094831673636,2.3361435765448473,PASS,-1.3418686272719202,-4.849218998166645,-0.21145785809282872,PASS,1.370298185484247,0.28877779214303795,3.344826250096908,PASS,1.947534839056722,0.6540889115545119,2.801141011900132,PASS,-0.19980132804245138,-0.266445139288179,-0.14704194040455487,PASS,0.2502761182466592,0.14834712696362778,0.3354053995565045,PASS,1.6452722717402528,0.8699529782812168,2.5679618447590356,PASS,-1.443574731631705,-2.0495759727773537,-0.6756438102847934,FAIL,1.329987944756486,0.6193612547489448,3.590642038233354,PASS,2.1090522287484657,1.5417645989696573,2.521219478271181,PASS,0.022794044742948986,0.02132887759465099,0.02360658839091746,FAIL,0.18278125,0.1734375,0.184,FAIL,4.428463893619613,3.5328752175153366,5.280381651520658,PASS,0.28613153498600025,0.027279805070116715,0.5741261069758277,PASS,0.5927522270897161,-0.05230058878814281,0.8878272896524287,PASS,0.7904669266763462,0.2454838803881032,0.9377234856793595,FAIL,0.47981926003632475,0.07330145246037728,0.8080116236793294,PASS,0.16288228324979015,-0.1735646158793281,0.5120490012089723,PASS,0.3156283223651975,-0.025895454248133568,0.6017690000907443,PASS,0.15810968161462008,-0.16383747892758282,0.4570847713622382,PASS,0.6778658186665613,0.11772400712301731,0.9402268792464237,PASS,0.42457415684990985,-0.08114165932286654,0.788104993827538,PASS,0.5269169351967544,-0.051436209856469156,0.8257798976010398,PASS,0.44791666666666663,0.2375,0.725,FAIL,35.775846012624925,22.642172802575587,61.99168140030244,FAIL,-0.2672622013060312,-0.400223038961982,-0.020927692527618613,PASS,0.9998157325422881,0.9996398084096219,0.9999145995372627,FAIL,15220.15347976606,9928.262579044154,22502.262684999136,3,5,38,49,4,7
L00166,G01,P01,16,true,PASS,0.06420138888888889,0.024444444444444446,0.10920138888888889,FAIL,27.379266381869634,22.618887670058278,30.214178134251288,FAIL,-0.04623438354392234,-0.180005719044998,0.0801083257112769,PASS,-0.03018053203826376,-0.03127956544179216,-0.02909490541144369,PASS,-0.023768328964294993,-0.0613470602940973,0.02490521290791039,PASS,0.6364681832420027,0.6350798482046235,0.638479573554398,PASS,4.9983333333333375,4.834388020833337,5.150820312500004,PASS,1546.4616942750479,1543.9794718001058,1549.1304384627344,PASS,0.9047791322944936,0.632754492938951,1.4972680765793736,PASS,0.31307724326359126,0.2185792881670413,0.43285329677803247,FAIL,3.5708671468075854,3.4984010131112453,3.6530491216414513,PASS,0.35044231695939265,0.22882065630875717,0.4864288575950805,FAIL,0.6142751479289941,0.6142751479289941,0.6142751479289941,FAIL,0.0015833221189812052,0.0015833221189812052,0.0015833221189812052,PASS,0.08879022080240917,0.08879022080240917,0.08879022080240917,FAIL,0.2222970516048579,0.2222970516048579,0.2222970516048579,PASS,0.2109926998463887,0.2109926998463887,0.2109926998463887,PASS,0.4370703299516857,0.4370703299516857,0.4370703299516857,PASS,-1.9610814735272117,-3.2315251305135684,-0.7549398871774894,PASS,2.2508726022583043,0.9112354033595318,4.868540808875561,PASS,2.0436878144800774,1.0686730445306578,2.663671580342732,PASS,-1.4128217035647193,-1.9468444811852266,-0.9136013484680248,PASS,1.2067121940084555,0.9664196311149971,1.4491169353267506,PASS,2.147048465645115,1.9340560938136844,2.5468612533905985,PASS,-1.832732368430768,-4.2144964126364135,-1.089610499972503,PASS,2.0121132164118807,1.061388598386391,3.185377924419529,PASS,1.8215543496972995,1.21238020401732,2.228193066045507,PASS,-1.9303570292037862,-4.849218998166645,-0.20617515465867942,PASS,1.7657714690660151,0.3241553829959997,3.5051563762986806,PASS,1.8415205767924778,0.8618535462443738,2.384931594072227,PASS,-0.22839500215271397,-0.2670396969631327,-0.13348579211421605,PASS,0.20787448793524188,0.12195643842189666,0.3082158176071878,PASS,1.3032619031887616,0.8970310172473367,2.0407239754801294,PASS,-1.188341438436848,-2.201210272621059,-0.6041248478562684,FAIL,1.2245194909025885,0.5849055188679905,2.899507646800776,PASS,2.0436133456581436,1.6424178498734736,2.4640392882230366,PASS,0.02285039163070517,0.021789981044165248,0.023805089922046045,FAIL,0.1831875,0.175875,0.184,FAIL,4.4896887808729105,3.616280324354884,5.593604774664336,FAIL,0.40950054214693765,0.11938237955290698,0.6471555658671887,FAIL,0.7773699413335702,0.29309401895115156,0.9229925041981606,FAIL,0.8886571391115168,0.6842341189536889,0.9537781097066064,FAIL,0.6181731497831306,0.3557283142632887,0.7650334842376787,PASS,0.3331352796128389,-0.012285257242398054,0.5831021245919342,PASS,0.43629402844768306,0.13878593003879924,0.6501845184862128,PASS,0.2712332565560215,-0.017731494414564425,0.4998059481244803,FAIL,0.8516352529612439,0.43311857088993944,0.9517596668356793,FAIL,0.6261796377989701,0.34527805612940066,0.775739693405129,FAIL,0.6910685874902851,0.36167001809760085,0.8208077818099618,PASS,0.4135416666666667,0.2,0.725,FAIL,34.208925309540476,21.004640361433772,59.606031890935725,PASS,-0.19861530586687012,-0.3250852807558853,-0.05575389968510389,PASS,0.9999033523225382,0.999838328587147,0.999955038543196,FAIL,16012.180442920835,11577.665633340172,21129.82791448126,3,5,33,49,4,7
L00169,G01,P01,16,true,PASS,0.06566716269841269,0.023750000000000004,0.1158779761904762,FAIL,27.901769597198026,21.009972117281727,31.084631026536123,FAIL,-0.004940764213193116,-0.14413072914045197,0.2659208693701942,PASS,-0.04188641487435796,-0.04644192078739835,-0.03692909829005481,PASS,-0.040051406340664814,-0.14331311153324916,0.055885455048671005,PASS,0.6368423436938293,0.6350946873994899,0.6383479917991697,PASS,4.9992317708333385,4.847565104166671,5.176419270833337,PASS,1546.447069277117,1543.5627653373153,1548.9159384930786,PASS,0.8653610196288417,0.5364761491487695,1.2581104067444526,PASS,0.3206284269536023,0.18519002809016072,0.4658049915252468,FAIL,3.5431768079792465,3.481033335261033,3.6107772978572434,PASS,0.33660188382519673,0.25622658306905244,0.4475848235090505,FAIL,0.6142751479289941,0.6142751479289941,0.6142751479289941,FAIL,0.0015833221189812052,0.0015833221189812052,0.0015833221189812052,PASS,0.08879022080240917,0.08879022080240917,0.08879022080240917,FAIL,0.2222970516048579,0.2222970516048579,0.2222970516048579,PASS,0.2109926998463887,0.2109926998463887,0.2109926998463887,PASS,0.4370703299516857,0.4370703299516857,0.4370703299516857,PASS,-1.6959581504234915,-2.995741002765425,-0.6778577053334984,PASS,1.818905864067357,0.885067055874699,4.568999036884788,PASS,1.9173963155433336,0.9668274734333524,2.703415020042922,PASS,-1.282080062170849,-1.8242532041521449,-0.924649948683055,PASS,1.2742506036009502,1.1063941716565793,1.3932659071414355,PASS,2.028333393411602,1.7540054205626043,2.3000935480880096,PASS,-1.288896110388671,-1.9165574092193918,-1.0158928108586427,PASS,1.609247373119407,0.881764390461224,2.385655573931433,PASS,1.612798964552428,1.0781052179569608,2.1915639134661378,PASS,-1.16621104216474,-2.8595783020287984,-0.22615011254619932,PASS,1.3700458836151879,0.3017605258507278,2.2759587420850895,PASS,1.6845743915352367,0.44262693150530413,2.2858199004697424,PASS,-0.21428385396886415,-0.26974621384996345,-0.14652769958032422,PASS,0.24755797999116286,0.09788551662052275,0.3451473695188167,PASS,1.511513428854065,0.9721983767975186,2.2200120674167647,PASS,-1.3817524798951566,-2.5415383147204755,-0.5892754503038139,FAIL,0.984234257226905,0.5540572699876488,1.6116460011795368,PASS,1.9584682735567744,1.2235914849588558,2.472888800892916,PASS,0.022820340409763308,0.021672074444053155,0.02409280045885933,FAIL,0.1831875,0.175875,0.184,FAIL,4.563618908564146,3.6658565501141234,5.4975684277643575,FAIL,0.34411449907330605,0.1270422689322581,0.47289319425676124,PASS,0.7238125839095287,0.25831643854478475,0.8800151335960662,FAIL,0.8663633881411368,0.6686927906363402,0.9353552445475265,FAIL,0.5509108688211114,0.19917998315734076,0.741946647527729,PASS,0.21252261667898048,-0.13846884926351455,0.3809709234898371,PASS,0.35947875167059273,0.17842472402379553,0.5080177635532274,PASS,0.18569367696812328,-0.06444722489876589,0.4230005831166766,FAIL,0.8200552568435446,0.46423485165404965,0.9326018509853992,PASS,0.5344040559377762,0.0433344634580204,0.7543978897449565,FAIL,0.6173131316314313,0.24021179691243646,0.8028670411970484,PASS,0.4135416666666667,0.1375,0.6,FAIL,37.46976114142646,20.524097215959724,56.59764756745895,PASS,-0.19459855303568466,-0.33927915744207887,0.09318216548867915,PASS,0.9998210179525819,0.9996851617171221,0.9998873794432179,FAIL,15918.118430371578,9937.203845683951,23857.025285770294,3,5,35,49,4,7
L00186,G01,P01,16,true,PASS,0.06263888888888888,0.024444444444444446,0.08375,FAIL,27.354562073999592,22.03119703533689,30.430648395287072,FAIL,-0.10055435812416291,-0.2861869419319442,0.043701276593242806,PASS,-0.03426415229362081,-0.03571895063234546,-0.03242650574531839,PASS,-0.034289226511346874,-0.07964311327597112,-0.0010804099025829468,PASS,0.6371767852259658,0.635316526246592,0.6389606240362198,PASS,4.995657552083337,4.847864583333338,5.138177083333337,PASS,1546.5052513341034,1544.1852815535997,1548.911063493768,PASS,0.9553032337332746,0.6437901918132947,1.5423002828106225,PASS,0.2810599292333322,0.17343362302766463,0.4539620938941199,FAIL,3.559206879700911,3.496550253847598,3.6307308838090253,PASS,0.3409871154104736,0.2570573673656173,0.4813797953720754,FAIL,0.6142751479289941,0.6142751479289941,0.6142751479289941,FAIL,0.0015833221189812052,0.0015833221189812052,0.0015833221189812052,PASS,0.08879022080240917,0.08879022080240917,0.08879022080240917,FAIL,0.2222970516048579,0.2222970516048579,0.2222970516048579,PASS,0.2109926998463887,0.2109926998463887,0.2109926998463887,PASS,0.4370703299516857,0.4370703299516857,0.4370703299516857,PASS,-1.565668389931856,-3.9388775137579985,-0.7606919211318531,PASS,1.7685555624172564,0.8502236419899911,4.568999036884788,PASS,1.9546548342586805,0.9584246180968955,2.9221715096230687,PASS,-1.2537358890464714,-1.9493287362007612,-0.8936198409192048,PASS,1.1406053046061178,0.7940081166838889,1.3560318883512257,PASS,2.042473276360746,1.6972091576429276,2.3627014536880475,PASS,-1.1865025647148006,-1.8047725240567631,-0.7004508429472442,PASS,1.5046376052498436,0.7890908963752661,2.385655573931433,PASS,1.7418680495153422,1.123693936250921,2.1964895431087714,PASS,-0.7832698304864429,-2.4911263212625308,-0.18391060573996598,PASS,1.4078324922903276,0.25193538969628465,2.2759587420850895,PASS,1.9279916364716891,0.5065887713954436,2.7240572677841124,PASS,-0.17674680813721869,-0.26545420982992285,-0.14087572147140864,PASS,0.21829263501155394,0.08943190235307949,0.3354053995565045,PASS,1.638272114904107,0.9188351877644442,2.571262356233528,PASS,-1.322562684597792,-2.2993788097023913,-0.6826205164767489,FAIL,1.1890598258242946,0.6540966658066478,2.0001468091648396,PASS,1.9172966058361518,1.493214171340885,2.5549261704436717,PASS,0.0231201929862069,0.022085044604321202,0.024142664206388907,FAIL,0.18359375,0.1799375,0.184,FAIL,4.498252081026733,3.3723920108110095,5.601463871513586,PASS,0.29753804848858606,0.01202083475032565,0.5934433593831393,PASS,0.5974728837797072,-0.035754362586918303,0.8942144971275614,PASS,0.8129805040468033,0.40875675401157796,0.9379574093504242,FAIL,0.4435786452056948,0.042011852132755975,0.7093518451557294,PASS,0.14737050305446214,-0.27936050297362736,0.49479044153547624,PASS,0.30501746596637924,0.027693781682460256,0.5779269704263322,PASS,0.1428676743194639,-0.17979659653164534,0.4326622081517204,PASS,0.6727148534225023,0.034924177608027226,0.9437101795404812,PASS,0.37693707410206023,-0.11143738070925849,0.7253973186857425,PASS,0.49012709094397816,-0.06736121695591143,0.7779665733321202,PASS,0.39375,0.1375,0.5625,FAIL,41.183047715664046,23.7761502663258,63.494770017961,FAIL,-0.26500873687642973,-0.429782491658089,-0.12639790779824092,PASS,0.9998774636712191,0.9997335630465617,0.9999391720482311,FAIL,14174.032187643204,8526.703205903144,20750.155046640466,3,5,38,49,4,7
L00207,G01,P01,16,true,PASS,0.057115575396825394,0.011250000000000003,0.10966269841269842,FAIL,27.364705566458966,24.32163410296666,30.287325067519383,FAIL,-0.025239253907379938,-0.1788654256527251,0.12051583735092247,PASS,-0.03687279153488087,-0.04029470338091874,-0.03428035482759574,PASS,-0.03881266450394094,-0.12827983195716147,-0.008909145661511889,PASS,0.6370863981730481,0.6353820223905987,0.6382756488171921,PASS,5.007949218750005,4.913359375000004,5.083098958333338,PASS,1546.305164405887,1545.0818575137232,1547.8449223402408,PASS,1.1519546046506635,0.5229062167697168,1.6139473678777103,PASS,0.2784444491283557,0.14089305619895537,0.3862036868512112,FAIL,3.561940433506706,3.502951549470279,3.646083452143077,FAIL,0.3022618733596775,0.23040797874411023,0.37494780129579947,FAIL,0.6142751479289941,0.6142751479289941,0.6142751479289941,FAIL,0.0015833221189812052,0.0015833221189812052,0.0015833221189812052,PASS,0.08879022080240917,0.08879022080240917,0.08879022080240917,FAIL,0.2222970516048579,0.2222970516048579,0.2222970516048579,PASS,0.2109926998463887,0.2109926998463887,0.2109926998463887,PASS,0.4370703299516857,0.4370703299516857,0.4370703299516857,PASS,-1.713232375265529,-3.2315251305135684,-0.7351184483647841,PASS,1.911536320743438,0.870529085049792,4.868540808875561,PASS,2.0680993156004703,0.9996734370096745,3.0177635555481044,PASS,-1.2677715427297227,-1.9483971405699356,-0.812727478659156,PASS,1.2203388063201905,1.0088446719191952,1.357547797369967,PASS,2.179139342947294,1.7824963245418415,2.525951087336604,PASS,-1.5707681340498258,-4.2144964126364135,-0.7279745943571208,PASS,1.6954114285566257,1.0934023646557827,3.185377924419529,PASS,1.7058635210248536,1.1947457844661786,2.3700435056035474,PASS,-1.3588320860239749,-4.849218998166645,-0.16873887305078186,PASS,1.5266781263178968,0.2932104227065867,3.5051563762986806,PASS,1.8097786974813372,0.5268312739403085,2.634453855764328,PASS,-0.19883240725913032,-0.26600135347494963,-0.14001865343102424,PASS,0.2120777405207107,0.11922313455921278,0.3206507249604517,PASS,1.5412565581162114,0.9291240920211128,2.490322763854498,PASS,-1.3562046195314852,-2.1940753101460717,-0.6269928542573686,FAIL,1.119523534079159,0.6184847981823642,1.7852461516915845,PASS,1.8822038721409857,1.340147875235972,2.5095314184046793,PASS,0.022810075610510232,0.021200937780565643,0.024601590762177886,FAIL,0.1831875,0.1775,0.184,FAIL,4.595298232488233,3.293987732705128,5.7579497527771295,FAIL,0.3560773600660216,0.10931710226913886,0.6087868051448856,PASS,0.6362760107274085,-0.10060787001416259,0.9201231867463769,PASS,0.7698314583015382,-0.00939702862010379,0.9497435689964618,FAIL,0.5272284112261425,0.06258716056452386,0.779581676064442,PASS,0.21157224099612099,-0.21030800668655666,0.5524187894557658,PASS,0.33636483880522067,-0.02493373383739373,0.6051865714137649,PASS,0.18380088610013157,-0.19263142226310928,0.4484201810570982,PASS,0.7388647535459911,0.13426142737273428,0.9563482768599041,PASS,0.5072051177147676,-0.02659483719322582,0.7521689209437792,PASS,0.5534219303969546,-0.20700524616893526,0.7880150187182813,PASS,0.390625,0.07500000000000001,0.6,FAIL,37.10633758544767,24.48219414481271,59.66986119793458,PASS,-0.19776489743580755,-0.3331309655420576,-0.04277125628251143,PASS,0.9998772252977817,0.999736598286662,0.9999459633845897,FAIL,14408.845555318137,7393.72828815043,22361.21477734801,3,5,37,49,4,7
L00212,G01,P01,16,true,PASS,0.06390873015873016,0.030000000000000006,0.15658730158730158,FAIL,27.773309353093346,23.931560198850203,31.96930833622779,FAIL,-0.06930578658972458,-0.2641388571017011,0.08398663777647104,PASS,-0.02921729553141751,-0.030107544253317728,-0.027599016708422346,PASS,-0.0343822182019517,-0.14940450275110248,0.04861039113037816,PASS,0.6369381339607825,0.6352917495193614,0.637986349996139,PASS,4.977792968750004,4.820507812500003,5.115091145833337,PASS,1546.7960556407913,1544.5610804134812,1549.3563840829452,PASS,1.1223108695874853,0.5421881682868697,1.9658756225602112,PASS,0.277404112211743,0.177002216215343,0.44486907071006315,FAIL,3.55483944367381,3.4911228639152734,3.61565645279045,FAIL,0.3100520237241518,0.21344709070797568,0.38451631419090826,FAIL,0.6142751479289941,0.6142751479289941,0.6142751479289941,FAIL,0.0015833221189812052,0.0015833221189812052,0.0015833221189812052,PASS,0.08879022080240917,0.08879022080240917,0.08879022080240917,FAIL,0.2222970516048579,0.2222970516048579,0.2222970516048579,PASS,0.2109926998463887,0.2109926998463887,0.2109926998463887,PASS,0.4370703299516857,0.4370703299516857,0.4370703299516857,PASS,-1.624750202860176,-3.9388775137579985,-0.7336804398761931,PASS,1.61811796355415,0.8470658171536314,4.205787658965759,PASS,1.9660194395140356,1.1271330334087177,3.01286157952465,PASS,-1.3076346188139798,-1.8227005447674356,-0.8092980790301825,PASS,1.269386849809334,0.8545899540051456,1.787267548551095,PASS,2.214181659479639,1.8498957047620062,2.5796087452587035,PASS,-1.4020169126828366,-3.1931901888955148,-1.052540624703693,PASS,1.6436771070083405,0.8147169160087493,3.081066313486299,PASS,1.842029396736828,1.156063835459909,2.2292020250281843,PASS,-1.0226994859436158,-3.964934244327602,-0.1875787908007296,PASS,1.338704773673924,0.24798981815094048,3.344826250096908,PASS,1.942917393266268,0.7120586928775279,2.7767516778114567,PASS,-0.20685275903712627,-0.2696659864592612,-0.13253763863678164,PASS,0.21435904039266124,0.11762825427453602,0.33993164012409394,PASS,1.5080146526383942,1.0528545900412376,2.416699578605924,PASS,-1.6530770051303136,-2.6669839075434796,-0.7146863925559831,FAIL,1.296439316530582,0.5553022439644503,2.7786564525341007,PASS,1.9714460222580912,1.4180437893458497,2.6612749866019727,PASS,0.02250951307326551,0.021003023353081535,0.023704322457533743,FAIL,0.1831875,0.175875,0.184,FAIL,4.58027503462084,3.514354988694154,5.700854365478204,PASS,0.3459552208251687,0.002870524148700815,0.5722707800741282,PASS,0.6203458849450556,-0.1486073592257277,0.9050563364443895,PASS,0.8158156195073794,0.333878666570797,0.9434628978663051,FAIL,0.5568922553889595,0.1193104374114248,0.7316160324799127,PASS,0.18467911838239323,-0.30424921853463593,0.5240952499533246,PASS,0.33096657473944574,0.008441950293411486,0.5920622965835349,PASS,0.17237310501680286,-0.20961234131016332,0.4374344678717244,PASS,0.7102546601275772,0.032499392260433184,0.9474819303423989,PASS,0.5340401608668687,0.011280921418147863,0.7362689115372755,PASS,0.5988739386290987,-0.04240319292729902,0.8047367027822401,PASS,0.3927083333333333,0.2,0.7041666666666667,FAIL,39.20555226113616,19.985509891634454,65.1150308014067,PASS,-0.22404110178436998,-0.4170702481192833,-0.07485483914576718,PASS,0.9999141907794967,0.999815483200085,0.9999639490637796,FAIL,14341.940394496853,5014.892734420388,28564.666902802113,3,5,38,49,4,7
L00219,G01,P01,16,true,PASS,0.05956349206349206,0.02486111111111111,0.12233630952380953,FAIL,27.681876413876278,21.75970890810451,30.883254903107407,FAIL,-0.04864976369372549,-0.1599786843166046,0.09393411621571007,PASS,-0.03351698340623619,-0.03635595563801901,-0.03178647892379,PASS,-0.031088718833935797,-0.061921135964095694,-0.007085926120244026,PASS,0.6367982127513757,0.6346014033135263,0.6389075103875332,PASS,5.0303580729166715,4.872695312500004,5.137851562500003,PASS,1545.9403872835767,1544.1905804658936,1548.5068624639914,PASS,1.0929810376917313,0.612056291359142,1.8082144024418962,PASS,0.3538803764203292,0.17707223744929512,0.5809093972552394,FAIL,3.5475038483484447,3.4974495254630114,3.603748897695669,PASS,0.3321613169836741,0.24115726204334376,0.4517088365969185,FAIL,0.6142751479289941,0.6142751479289941,0.6142751479289941,FAIL,0.0015833221189812052,0.0015833221189812052,0.0015833221189812052,PASS,0.08879022080240917,0.08879022080240917,0.08879022080240917,FAIL,0.2222970516048579,0.2222970516048579,0.2222970516048579,PASS,0.2109926998463887,0.2109926998463887,0.2109926998463887,PASS,0.4370703299516857,0.4370703299516857,0.4370703299516857,PASS,-1.6381841009923817,-2.746126770519381,-0.7364068864220535,PASS,1.5943224163066707,0.7450626813680568,3.9453165528868266,PASS,2.078545854855437,1.0575037671985705,2.7052535995840397,PASS,-1.321824084564469,-1.9539867143548888,-0.8303733511060417,PASS,1.1468541200012607,0.6266958950196434,1.5084085466461146,PASS,2.114700128996907,1.7035945617052592,2.6197940266080475,PASS,-1.3643131939324666,-3.1261192577979378,-0.9202854570870684,PASS,1.5144652883253529,0.733883020661534,2.202040674400096,PASS,1.7545181752133727,1.1793138208561926,2.232503347462977,PASS,-1.2498049110882885,-3.7741928558488667,-0.19666628847721065,PASS,1.1718962841168432,0.2751291274394229,2.1302240801376726,PASS,1.8943108244905873,0.8622125304422467,2.7076435068532976,PASS,-0.19696367094733236,-0.2663296396619657,-0.13023970251483025,PASS,0.22242839358700714,0.10444653316643084,0.33993164012409394,PASS,1.5102158776829235,0.9601769727966164,2.2426810863022713,PASS,-1.3796066493631824,-2.2921271785461035,-0.7611238495241186,FAIL,1.1562886598173543,0.5301770311693856,2.6948199157703265,PASS,1.9013564118296813,1.2227204017784556,2.52128133742457,PASS,0.02299986306458634,0.021336265389456543,0.024117424315254387,FAIL,0.184,0.184,0.184,FAIL,4.589890192725841,3.840359034410978,5.031010628799377,PASS,0.3030254613848531,0.010382154388609125,0.595820225952213,PASS,0.6363567055065528,-0.08984086159124491,0.890990113963933,PASS,0.8103123660159891,0.30627162558644255,0.9433391083095778,PASS,0.4676648905362425,-0.10600568886859352,0.744010291313119,PASS,0.2088303358888936,-0.09304808350261272,0.49219427961100004,PASS,0.32978498551544866,0.047471203295369316,0.5501085672779911,PASS,0.15094240705774728,-0.2843361468545112,0.3485496072234858,PASS,0.7212234906807302,0.07600955996347346,0.9444125022015182,PASS,0.48078931553855975,-0.015562295132416998,0.7616742057376409,PASS,0.5495372562411941,-0.09111033235886282,0.7972483076400787,PASS,0.364375,0.16875,0.6,FAIL,39.88794248503954,22.21365454212781,72.49606730414648,PASS,-0.21942161055197734,-0.3315628437391367,-0.06751595001752804,PASS,0.9999004455948302,0.9998089790982272,0.9999532949195198,FAIL,13390.280942223606,8348.987585202356,22604.996233107708,3,5,40,49,4,7
L00221,G01,P01,16,true,PASS,0.061334325396825394,0.030000000000000006,0.09378472222222221,FAIL,25.15174525893566,21.291016271321713,30.08062495485299,FAIL,0.005248096693468517,-0.122454275559662,0.1784197808445613,PASS,-0.03617785969635504,-0.03750229056831989,-0.034401784367717396,PASS,-0.0259732907699375,-0.08662700720984097,0.02259414340903629,PASS,0.6364452099265923,0.6349721932916269,0.6375531079898821,PASS,4.997037760416671,4.891627604166671,5.101419270833338,PASS,1546.4827839459776,1544.783634729824,1548.1986777249797,PASS,0.9613289018972112,0.5439430429740288,1.8031026250730635,PASS,0.32656300901439983,0.21607092311480325,0.4556769623839923,FAIL,3.5887959354629975,3.525970523532064,3.645808954152044,PASS,0.33229920072744057,0.2682334635030241,0.4306150347608226,FAIL,0.6142751479289941,0.6142751479289941,0.6142751479289941,FAIL,0.0015833221189812052,0.0015833221189812052,0.0015833221189812052,PASS,0.08879022080240917,0.08879022080240917,0.08879022080240917,FAIL,0.2222970516048579,0.2222970516048579,0.2222970516048579,PASS,0.2109926998463887,0.2109926998463887,0.2109926998463887,PASS,0.4370703299516857,0.4370703299516857,0.4370703299516857,PASS,-1.7259382312097304,-3.2315251305135684,-0.7447473356558809,PASS,2.2686030611669494,0.8729519620908003,4.829470142963721,PASS,2.26453597058197,1.2729860970639049,2.846724599390311,PASS,-1.305524706960508,-1.6157939840711175,-0.8518467292601901,PASS,1.2056360946319309,0.7858521262357736,1.3932659071414355,PASS,2.096493722275031,1.8351783450511139,2.4281152721421564,PASS,-1.4770515093955694,-3.44851674483074,-1.0520068673420047,PASS,1.9630826838690207,1.327518827325122,3.081066313486299,PASS,1.8967297707523345,1.3275034718294163,2.4071429935047086,PASS,-1.2788059465946042,-4.186005432787363,-0.20820771087242013,PASS,1.7697232510191454,0.2931183951925733,3.344826250096908,PASS,2.0337594912607906,1.1544738896722846,2.418060081622558,PASS,-0.2057873993021647,-0.26600135347494963,-0.12637635495139637,PASS,0.19220842188715184,0.098832496658529,0.3121639529169797,PASS,1.3971327850858102,0.8622042739664708,2.236773196702115,PASS,-1.4424093876373503,-2.4472072389890434,-0.6632070706012133,FAIL,1.1325784218925876,0.5247943756380619,2.8777010897980855,PASS,2.0287002976701554,1.4162273006251422,2.6107928251596104,PASS,0.02296313843928697,0.02144964626560788,0.02402538155706749,FAIL,0.184,0.184,0.184,FAIL,4.574002939408019,3.8690574474471964,5.530507699541319,FAIL,0.3978116426514039,0.12394749023991553,0.6181317698373051,PASS,0.7274578929552351,0.09160999542023987,0.9119880520126552,PASS,0.8436560526779419,0.3074598862656355,0.9455124738839871,FAIL,0.5447785934231412,0.1628733220691012,0.7195136216899229,PASS,0.27848170373212006,-0.10915883493915884,0.5295486087179995,PASS,0.3908330289703448,0.006015542848241517,0.5851882275637127,PASS,0.23217688693907756,-0.16547628118925767,0.47003688598796795,FAIL,0.8160020041585042,0.3468888953713438,0.9515552840446936,PASS,0.5228154473280466,0.021300494420508076,0.7501439340185909,PASS,0.5874326096195881,-0.03179651645641074,0.801096114070208,PASS,0.378125,0.1375,0.6,FAIL,37.72291337372697,21.453722938340842,54.5413915904662,PASS,-0.17144023937462657,-0.300629155240108,0.009232329727092307,PASS,0.999868218324174,0.9997020521053926,0.9999445509118822,FAIL,14150.27108095809,9983.119486637916,21282.5608805255,3,5,37,49,4,7
L00276,G01,P01,16,true,PASS,0.06963541666666667,0.05222222222222222,0.09052083333333333,FAIL,28.560287242177697,22.830948253328245,30.812280080577626,FAIL,-0.07624901818637755,-0.21249424031334319,0.13288295814103324,PASS,-0.037095707155924154,-0.04183286160593381,-0.03571092821636167,PASS,-0.0391315605805118,-0.13926100085439716,0.005845636922432546,PASS,0.6368648308429777,0.6352701688247631,0.6384582154614571,PASS,5.0034179687500036,4.839257812500004,5.142317708333337,PASS,1546.3789252650176,1544.1178793892216,1549.051166734818,PASS,1.0059840437329768,0.554352826731507,1.6443988394875233,PASS,0.2774623316038263,0.13846890604861786,0.5048558709804934,FAIL,3.53849939116851,3.48592513053436,3.620980267567673,FAIL,0.3094168849580869,0.2527415401848767,0.38202072934686243,FAIL,0.6142751479289941,0.6142751479289941,0.6142751479289941,FAIL,0.0015833221189812052,0.0015833221189812052,0.0015833221189812052,PASS,0.08879022080240917,0.08879022080240917,0.08879022080240917,FAIL,0.2222970516048579,0.2222970516048579,0.2222970516048579,PASS,0.2109926998463887,0.2109926998463887,0.2109926998463887,PASS,0.4370703299516857,0.4370703299516857,0.4370703299516857,PASS,-1.607357133427091,-2.887597247168267,-0.7325300330853204,PASS,1.8865789693197015,0.8538182607859811,4.634116813404521,PASS,2.249770284278818,1.2784793261504102,3.2175895825968976,PASS,-1.2201687189052373,-1.8289111823062723,-0.851778963888145,PASS,1.247683657600834,1.0676815653915332,1.3560318883512257,PASS,2.120266286228858,1.878051396972593,2.4517208412406233,PASS,-1.1882311141728394,-1.4239422182297736,-1.026960843110853,PASS,1.5398113513898437,0.946838578146621,2.3758933592888125,PASS,1.7546172595486857,1.223641850377306,2.2650816625704437,PASS,-1.0151487763034437,-2.3003849327837953,-0.19185615901711914,PASS,1.2901870102340147,0.2887471163050335,2.397440957140627,PASS,1.8841849367944663,0.7034842171741842,2.4852754168305085,PASS,-0.18997692586716647,-0.26545420982992285,-0.12318295650295004,PASS,0.22540240355635052,0.11353672571893383,0.3354053995565045,PASS,1.6751241894686166,0.9343661211511619,2.546184247765079,PASS,-1.3880563382870506,-2.1396605621137437,-0.6588743319805136,FAIL,1.1989859772426783,0.47118413894815614,2.9466032635257013,PASS,1.978793455448299,1.307119174600688,2.3996062548324004,PASS,0.022589092236719788,0.021462755348011654,0.02339801723442444,FAIL,0.182375,0.171,0.184,FAIL,4.437112868078923,3.54051875832468,5.8349228694210495,PASS,0.3012414367300478,0.009092399127997707,0.5647291948134145,PASS,0.569577107905282,-0.11101649179907715,0.8867973510663751,PASS,0.7327434868655772,-0.052329118451468135,0.9397954687949758,FAIL,0.48990538891469787,0.22458069284873158,0.7772983779540572,PASS,0.12836880817841073,-0.28149733772051044,0.4362726341972817,PASS,0.2740817750336993,-0.10669134531808805,0.5282725475007892,PASS,0.1343569522140411,-0.16511792501518563,0.345474494040963,PASS,0.7077556240773519,0.24067375979747876,0.9461371796833924,PASS,0.4279910223808565,-0.06542763694202021,0.7802220041873539,PASS,0.476511686178981,-0.15699878681014345,0.8279896060946215,PASS,0.453125,0.3,0.58125,FAIL,35.899465735559126,18.75888807138434,72.45050923816453,PASS,-0.254274083954408,-0.37768840995350045,-0.06689447755078272,PASS,0.9998702224804832,0.9997504079536079,0.9999389490968325,FAIL,14981.87902290577,9270.038586199262,20210.137939158492,3,5,38,49,4,7
L00313,G01,P01,16,true,PASS,0.05538194444444444,0.0175,0.10868055555555554,FAIL,27.253742284758655,23.011165380345645,29.806039502379573,FAIL,-0.06425510414990229,-0.2584230492742367,0.08353791017100567,PASS,-0.0412998770030069,-0.04256333563109869,-0.03858429741224049,PASS,-0.017797772880800308,-0.06287290757576744,0.03441131420393493,PASS,0.6370206995653049,0.635628395121408,0.6379718447997693,PASS,5.009550781250004,4.858789062500003,5.1110807291666704,PASS,1546.279093757401,1544.6263630129417,1548.7332319971856,PASS,0.9452460819266496,0.603679695715285,1.4523353580988445,PASS,0.282869373221293,0.14951269989354918,0.4492372198170124,FAIL,3.5544509825535546,3.486503837313526,3.6281971951592897,PASS,0.3214785813134957,0.25792583696753735,0.4150637850897409,FAIL,0.6142751479289941,0.6142751479289941,0.6142751479289941,FAIL,0.0015833221189812052,0.0015833221189812052,0.0015833221189812052,PASS,0.08879022080240917,0.08879022080240917,0.08879022080240917,FAIL,0.2222970516048579,0.2222970516048579,0.2222970516048579,PASS,0.2109926998463887,0.2109926998463887,0.2109926998463887,PASS,0.4370703299516857,0.4370703299516857,0.4370703299516857,PASS,-1.7367071251489157,-3.2315251305135684,-0.7404333101901082,PASS,1.7065476092628704,0.6737522548690861,3.9453165528868266,PASS,2.035642841672982,1.0364150142161515,3.0830311803536192,PASS,-1.3037989633228646,-1.9483971405699356,-0.7766671336677514,PASS,1.2301594883200644,0.8806609149478147,1.3932659071414357,PASS,2.1728310458380573,1.6592378545149966,2.6448029140597646,PASS,-1.395018952062048,-3.1931901888955148,-1.0101745744857995,PASS,1.4924683025638192,0.720278175002006,2.385655573931433,PASS,1.8348554953943261,1.1852000001980794,2.365583374266919,PASS,-1.1595801450607073,-3.964934244327602,-0.1906636963639155,PASS,1.4442001181956912,0.2220456041698102,2.2759587420850895,PASS,2.052658999706898,0.7061501140136492,2.797040975747708,PASS,-0.196557682317125,-0.2663296396619657,-0.12964247034470625,PASS,0.24596758746066294,0.08661403093059841,0.3406919121520981,PASS,1.6630522276858373,0.8112191392102067,2.3769578546042895,PASS,-1.2994839925586843,-2.3890522163229413,-0.6380329452199656,PASS,1.0112367345247768,0.45087516476017997,1.5595725673814114,PASS,1.9394471530609685,1.1793235990892468,2.4018863393320298,PASS,0.022462065654644453,0.02139786534511514,0.023865358366416557,FAIL,0.184,0.184,0.184,FAIL,4.554472051184472,3.689068807260989,5.368080466262853,PASS,0.23440114400436912,-0.009125931293227803,0.47436939583040244,PASS,0.505379303536791,-0.10427086195724287,0.8773433081246086,PASS,0.7574352691190251,0.1978033484663187,0.9299792617749164,FAIL,0.4557698287872647,0.1300792823330667,0.7863112624363229,PASS,0.06332329739337976,-0.2676269091813758,0.4456594467529922,PASS,0.25266864993953075,-0.045643212125691,0.5220375797710264,PASS,0.12427960115909323,-0.16712227930114837,0.4050402656194797,PASS,0.6040890046307734,0.1437206279178266,0.9284214612303285,PASS,0.3892992699769694,-0.05265738439770101,0.7845378784915923,PASS,0.5000701688737255,-0.021496727356334525,0.8324599997283986,PASS,0.4,0.1375,0.64375,FAIL,38.0282254489081,20.222588885179295,68.28948218730048,PASS,-0.23973312632331456,-0.42490837668423725,-0.08725545910748905,PASS,0.9998775629222987,0.9997678045782131,0.9999274842215706,FAIL,11475.345633818175,6299.1982643612655,17628.429955994896,3,5,40,49,4,7
L00321,G01,P01,16,true,PASS,0.06334821428571429,0.021249999999999998,0.11851686507936507,FAIL,28.423328483565392,23.14209836192706,31.687640728965626,FAIL,-0.055124288723237144,-0.2263836174304328,0.1304698675445661,PASS,-0.0348057487943426,-0.03597660892613157,-0.03353720086449546,PASS,-0.02906485251159642,-0.08027902195068966,0.0023496186242028005,PASS,0.6371430006527753,0.6342932567121542,0.6385479393071561,PASS,5.006269531250004,4.904309895833338,5.1368359375000034,PASS,1546.3325067933233,1544.2071130722504,1547.9922321020103,PASS,0.9881060256527561,0.7139726459290878,1.4552172954599156,PASS,0.29226452045878326,0.15381436455901054,0.4403762432410055,FAIL,3.5661079993094513,3.51215177630362,3.6253599665406453,FAIL,0.31582412157928186,0.23964398699215692,0.3743033407907755,FAIL,0.6142751479289941,0.6142751479289941,0.6142751479289941,FAIL,0.0015833221189812052,0.0015833221189812052,0.0015833221189812052,PASS,0.08879022080240917,0.08879022080240917,0.08879022080240917,FAIL,0.2222970516048579,0.2222970516048579,0.2222970516048579,PASS,0.2109926998463887,0.2109926998463887,0.2109926998463887,PASS,0.4370703299516857,0.4370703299516857,0.4370703299516857,PASS,-1.5973184732131958,-2.995741002765425,-0.77262156865965,PASS,1.740678727983866,0.870529085049792,4.205787658965759,PASS,2.018184575904,0.8587763943897422,2.818606609873237,PASS,-1.3691615274649538,-1.6157939840711175,-0.9315294961306635,PASS,1.312036463844342,1.219078886885604,1.3793031500951067,PASS,2.17817403276011,1.8917823403518716,2.410033177997447,PASS,-1.3553551381182958,-3.1931901888955148,-0.9708292950788048,PASS,1.6785913830842203,0.9796988774727253,3.081066313486299,PASS,1.815306391141884,1.0651557535115592,2.3893700147586387,PASS,-1.0820963342375978,-3.964934244327602,-0.20038037401441727,PASS,1.540445631332279,0.28679384493274257,3.344826250096908,PASS,1.9766695531516452,0.2955642744867038,2.9147748321382756,PASS,-0.19876541024943223,-0.2554322644808466,-0.1323850547776278,PASS,0.23296969635318782,0.1080344402560856,0.33464512752850034,PASS,1.5706387408821998,0.9193229359243997,2.486378578914994,PASS,-1.418514426007313,-2.53485960255682,-0.7114930436305273,FAIL,1.1145720321355383,0.5364597166040476,1.7135741687619075,PASS,2.020411068792445,1.4006019407307089,2.3867626613616277,PASS,0.022847971856897062,0.021395453313413505,0.02463937150508662,FAIL,0.184,0.184,0.184,FAIL,4.574863347678884,3.8425477946075826,4.910930086818658,PASS,0.3332870175952042,0.04168432039985493,0.5695649084607287,PASS,0.6539539506650861,0.14118240006868743,0.9057599766168147,FAIL,0.846548798829615,0.6533832799150936,0.9438404140457773,FAIL,0.5374798253607884,0.18374919999529346,0.7401506229025147,PASS,0.1405417983690073,-0.3443714256621589,0.436700241687605,PASS,0.31694374701656614,0.008959456247049424,0.5459304315456681,PASS,0.16919224327005863,-0.08338738069166911,0.40979236395540486,PASS,0.7379120828137278,0.22019144752503164,0.9469988360343283,PASS,0.4760943952090227,-0.060180902732820694,0.7386978182106819,FAIL,0.6081415753863892,0.2337243340158589,0.797280020668576,PASS,0.375,0.1375,0.6625,FAIL,32.57955206541647,20.48198928290461,44.94851150322706,PASS,-0.22783330388908798,-0.3861949000414333,-0.048623772023686514,PASS,0.9998947628428512,0.9997891404279391,0.9999413788821231,FAIL,14634.782435761834,8809.014482709388,21428.38950711325,3,5,36,49,4,7
L00326,G01,P01,16,true,PASS,0.061336805555555554,0.034444444444444444,0.09104166666666667,FAIL,27.62615137208798,21.303391362432098,30.31300844254516,FAIL,-0.06262341152088642,-0.26762756189394,0.11729622990311231,PASS,-0.030691622367916244,-0.03243972445936688,-0.02689097211092042,PASS,-0.009999496755623484,-0.05072833791667078,0.08934077341361592,PASS,0.6367485329976872,0.6344058896162008,0.638326713912812,PASS,5.020488281250005,4.93076822916667,5.119856770833337,PASS,1546.1010503043267,1544.483504337499,1547.5615365107644,PASS,0.9636671172151738,0.488699483517518,1.8640816317502646,PASS,0.3178333336848909,0.1910485528378883,0.4855391521556079,FAIL,3.5483432080495785,3.477932889241892,3.623641966707867,PASS,0.3410845500150044,0.24430870947821914,0.465667104627744,FAIL,0.6142751479289941,0.6142751479289941,0.6142751479289941,FAIL,0.0015833221189812052,0.0015833221189812052,0.0015833221189812052,PASS,0.08879022080240917,0.08879022080240917,0.08879022080240917,FAIL,0.2222970516048579,0.2222970516048579,0.2222970516048579,PASS,0.2109926998463887,0.2109926998463887,0.2109926998463887,PASS,0.4370703299516857,0.4370703299516857,0.4370703299516857,PASS,-1.7447371302994332,-3.2315251305135684,-0.730390739910266,PASS,1.7020334112055804,0.8219229202135608,4.98575280661108,PASS,2.1250455982885423,1.2071943085098955,3.099445686498172,PASS,-1.3337759471356883,-1.9468444811852266,-0.8378320048777917,PASS,1.2524991179329628,1.0790996042495142,1.379303150095107,PASS,2.0617771723324165,1.7152401194687152,2.4219515032891032,PASS,-1.4429804630495713,-3.44851674483074,-1.023529901287147,PASS,1.7218287023135102,0.9458618243014555,3.4983127572192183,PASS,2.0019999018636563,1.3190835313771763,2.4673043568066295,PASS,-1.2555183441749986,-4.186005432787363,-0.1862948210661956,PASS,1.4153098364623806,0.2858019400220929,3.9861467549039986,PASS,2.0387281395835477,1.1677402861525883,2.4706134492763843,PASS,-0.21030016745535857,-0.2682373420849837,-0.1177416277089627,PASS,0.2033756249141319,0.0941283547238813,0.33920675969652525,PASS,1.5374896189330902,0.843169742685512,2.556278757115894,PASS,-1.2295854010252805,-2.4069372270011926,-0.6159607592618824,PASS,1.1704928610787757,0.465698916618867,2.4636163254370214,PASS,1.7976198292732066,1.0383897740445707,2.322820114693368,PASS,0.02271402016438956,0.020521833468440706,0.02396880165689327,FAIL,0.18359375,0.1799375,0.184,PASS,4.552980182450212,3.2069995035577032,5.747311604326841,PASS,0.3436769190625,-0.008508616003705016,0.5912094986205286,PASS,0.6403155627834238,-0.03345510146699532,0.914060550945357,PASS,0.8087454622304675,0.2448583300220972,0.9429411230371096,FAIL,0.5513598931017718,0.22234093301860822,0.7680666630645949,PASS,0.19396597857938408,-0.2556513300933565,0.5387381016049286,PASS,0.32982052913210635,-0.0962309890234,0.6253399551772161,PASS,0.2014045719888872,-0.0891162224739806,0.5021076650494851,PASS,0.7230098796532551,0.18373963431043785,0.9454100665903566,PASS,0.5109202098083714,-0.08262061412487373,0.7718267443273502,PASS,0.581906014580035,0.010452440678668962,0.8208134420495656,PASS,0.41875,0.2375,0.63125,FAIL,36.529424096454,18.820474184259677,63.23275841131779,PASS,-0.2322760536584006,-0.43991715701536627,-0.07285850945966466,PASS,0.9999217144466075,0.9998715506245855,0.999955328880576,FAIL,13653.982442790802,9680.598098879847,17984.727988218965,3,5,41,49,4,7
L00346,G01,P01,16,true,PASS,0.06785218253968253,0.024166666666666666,0.118125,FAIL,28.681562812738356,24.793957703098833,31.343469124146868,FAIL,-0.1176882888886567,-0.26931762128337516,0.029622397785040375,PASS,-0.03367857409936398,-0.034374941390408996,-0.032779482998672546,PASS,-0.03706961845802212,-0.06993156841418537,-0.004153991327573017,PASS,0.6370638989659745,0.6355586125009193,0.6379134647260128,PASS,4.983958333333337,4.854075520833337,5.162135416666671,PASS,1546.6956942419454,1543.795281608771,1548.809960247201,PASS,1.032011612991903,0.6115203362325261,1.946376735614019,PASS,0.29191355360420757,0.17198345939842058,0.4125584001653563,FAIL,3.5406228923286105,3.4828809031369485,3.606158602771792,PASS,0.3132644847077651,0.2551092592538052,0.4494774699384772,FAIL,0.6142751479289941,0.6142751479289941,0.6142751479289941,FAIL,0.0015833221189812052,0.0015833221189812052,0.0015833221189812052,PASS,0.08879022080240917,0.08879022080240917,0.08879022080240917,FAIL,0.2222970516048579,0.2222970516048579,0.2222970516048579,PASS,0.2109926998463887,0.2109926998463887,0.2109926998463887,PASS,0.4370703299516857,0.4370703299516857,0.4370703299516857,PASS,-1.896512830520162,-3.3729956071624545,-0.7563778956660803,PASS,2.5766916004281284,0.864538053723142,4.98575280661108,PASS,2.0416837424595586,1.0653536374621009,2.8172638580429408,PASS,-1.2805126623697074,-1.8227005447674356,-0.9114838461678769,PASS,1.3017477730893008,1.1365864699629282,1.4743128711859397,PASS,2.038945008568807,1.732955084017195,2.2738282788801953,PASS,-1.7602842453679473,-4.2144964126364135,-0.9229979240781291,PASS,2.0261375323615862,0.7750590602655172,3.4983127572192183,PASS,2.0133352319424933,1.2696910613927053,2.4372871012142743,PASS,-1.7741852621005094,-4.849218998166645,-0.19541692280101153,PASS,1.9045904843028592,0.28477931347710683,3.9861467549039986,PASS,2.0052961782459477,0.6458893460010064,2.7785224249532043,PASS,-0.20410180242166243,-0.26677342547519506,-0.1161828418992083,PASS,0.23927616316161468,0.10686749631902034,0.33464512752850034,PASS,1.584776752365017,1.0763873247044373,2.3477219340364592,PASS,-1.2494212046409812,-2.5348596025568204,-0.6210630786548671,FAIL,1.3839122512184021,0.5831665308867909,4.399567079366556,PASS,1.9368889742162863,1.4537657186299293,2.7181934568741117,PASS,0.022639615997695105,0.02150327958494458,0.023557910269056098,FAIL,0.1831875,0.175875,0.184,FAIL,4.348570070074972,3.5852135594873227,5.4017857129688425,PASS,0.324794993294893,0.04609456329314132,0.5655643344382412,PASS,0.5656342633937661,-0.08434415957864118,0.9116885220617217,PASS,0.7785854046921814,0.2608213279431445,0.9437564191447866,PASS,0.4577672789613698,-0.008373715468328255,0.693457397349214,PASS,0.1420921120850312,-0.31080293041384077,0.515057232155842,PASS,0.3213611361006105,-0.005558123207674848,0.6167019604972606,PASS,0.16585187654900438,-0.2102015703400647,0.44987747259902017,PASS,0.6439155363994394,0.033588211477630456,0.9472692306291177,PASS,0.4219065404851089,-0.025077984173723256,0.7108959501657843,PASS,0.487561309171302,-0.09882302577407692,0.7661862510061169,PASS,0.4229166666666667,0.2375,0.6,FAIL,34.43943565815076,17.066082402403158,59.52284618285949,FAIL,-0.2803082535301242,-0.4147057932089761,-0.12722541017801556,PASS,0.9998607504483246,0.9997232076223656,0.9999432024481818,FAIL,16342.580400144916,7489.619424406582,23128.870452678173,3,5,39,49,4,7
L00373,G01,P01,16,true,PASS,0.0585218253968254,0.028194444444444446,0.09444444444444444,FAIL,26.987697258645124,23.79295616220079,30.105299923084484,FAIL,-0.09161198818056925,-0.22488314769713993,0.04822399287786216,PASS,-0.0297914456350117,-0.032143594848966894,-0.0288082519348468,PASS,-0.030693567211508406,-0.11101278409715878,0.004049455722139923,PASS,0.6372226702728043,0.6358392603947922,0.6382585301674218,PASS,5.022109375000004,4.892031250000004,5.150234375000004,PASS,1546.0746617211034,1543.9890098422347,1548.1921070737353,PASS,0.9868878373042906,0.6331301530543952,1.497340723003838,PASS,0.30717820122795414,0.1708583571604157,0.43560290463359225,FAIL,3.569298879904899,3.5179733699138676,3.6521890219572164,PASS,0.31975789877409155,0.2558705355277887,0.41282361245282123,FAIL,0.6142751479289941,0.6142751479289941,0.6142751479289941,FAIL,0.0015833221189812052,0.0015833221189812052,0.0015833221189812052,PASS,0.08879022080240917,0.08879022080240917,0.08879022080240917,FAIL,0.2222970516048579,0.2222970516048579,0.2222970516048579,PASS,0.2109926998463887,0.2109926998463887,0.2109926998463887,PASS,0.4370703299516857,0.4370703299516857,0.4370703299516857,PASS,-2.2380132934479677,-4.080347990406885,-0.691813388969172,PASS,2.5568307987485603,0.9112354033595318,4.98575280661108,PASS,2.2152405474278796,1.4841182837615532,3.110957590195667,PASS,-1.1994481252219655,-1.6157939840711173,-0.7397589561294338,PASS,1.2798399820416027,1.127244097755582,1.3932659071414357,PASS,2.0974094321377748,1.7890304315383372,2.5302094610831665,PASS,-1.2603651605198578,-1.4910131493273506,-0.9109788262733912,PASS,1.91861441254777,1.0342538258687948,3.4983127572192183,PASS,1.9876779276597132,1.2645745260549957,2.431651485238964,PASS,-1.4788349519354786,-2.4911263212625308,-0.2371008046975237,PASS,1.9320208880756793,0.29341492829328303,3.9861467549039986,PASS,2.0796851000089536,1.4370310814846778,2.621159019977092,PASS,-0.21200804014274027,-0.2670396969631327,-0.125070128584737,PASS,0.25349922253142004,0.11565918090123864,0.33920675969652525,PASS,1.6612922769332807,1.091717021500176,2.5233511890265183,PASS,-1.220888705191829,-2.036895972046576,-0.602005985144884,FAIL,1.0724162806135378,0.4979077721978303,1.508492469833793,PASS,1.8005928876417832,1.176532123834067,2.149839833009543,PASS,0.022723569913630174,0.020867911988751712,0.02374784704421635,FAIL,0.1831875,0.175875,0.184,FAIL,4.552106260748857,3.6240730539289903,5.692235871387637,PASS,0.29827946065277416,0.003785760897104135,0.4986253611539465,PASS,0.5869659061586958,-0.07292616563766091,0.8848070900896641,PASS,0.7348519911016915,-0.14593459413408058,0.9319356388731448,FAIL,0.4905467267200005,0.18127057161336507,0.7148177260388225,PASS,0.11165868678448265,-0.3397986805517324,0.46849662791201063,PASS,0.2853136555457657,-0.181528940084733,0.5561616920630723,PASS,0.20304229533233856,-0.15020760233389013,0.44767499332762933,PASS,0.695609962592731,0.2538131925107343,0.9286987688840423,PASS,0.41307292275360913,-0.18706875575349505,0.7351033938782701,PASS,0.5078388479116667,-0.19283391903539585,0.7956101628429724,PASS,0.375,0.2,0.53125,FAIL,32.43115561552018,18.445260778088336,68.40220053364615,PASS,-0.2326441959458105,-0.3327304854327851,-0.09595634176964947,PASS,0.9999082923213483,0.9998335901096893,0.99994561223124,FAIL,14207.028073974992,6960.618889618069,20899.13292128234,3,5,39,49,4,7
L00390,G01,P01,16,true,PASS,0.05480902777777778,0.01375,0.08572916666666668,FAIL,27.818389026591888,22.448683751705616,32.732160965412426,FAIL,-0.04717570839705306,-0.24249403001276018,0.14425846810965107,PASS,-0.04268034741705697,-0.04567032282179757,-0.040253715598265995,PASS,-0.018367511541001934,-0.05518939027032485,0.034636190447192405,PASS,0.6371315880075723,0.635578089120079,0.6395623430665993,PASS,4.998645833333336,4.888489583333337,5.117786458333337,PASS,1546.4566073192457,1544.517205419688,1548.2497592394925,PASS,1.0313081410188683,0.7496298577980332,1.5077506651797274,PASS,0.2790573436575374,0.14894147959380288,0.46779032039616814,FAIL,3.5678049364920215,3.4877004805403136,3.6264938428354654,FAIL,0.30121813191721086,0.23179628260793841,0.37502765056213694,FAIL,0.6142751479289941,0.6142751479289941,0.6142751479289941,FAIL,0.0015833221189812052,0.0015833221189812052,0.0015833221189812052,PASS,0.08879022080240917,0.08879022080240917,0.08879022080240917,FAIL,0.2222970516048579,0.2222970516048579,0.2222970516048579,PASS,0.2109926998463887,0.2109926998463887,0.2109926998463887,PASS,0.4370703299516857,0.4370703299516857,0.4370703299516857,PASS,-2.2097760184489976,-4.080347990406885,-0.7523629577179051,PASS,2.583314111160623,0.8267472861135519,4.829470142963721,PASS,2.156499033954451,1.482295832314864,3.085369383827072,PASS,-1.322737317058471,-1.9530551187240632,-0.7841935528115466,PASS,1.1829692755330599,1.0791751824178493,1.3024088643547604,PASS,2.1650582269201495,1.7202890302205145,2.615545617833453,PASS,-1.5459439255674547,-3.44851674483074,-1.0301292050979483,PASS,1.7684109448054377,0.9655780038971182,3.081066313486299,PASS,1.941044912455773,1.3251137918584635,2.328593926707195,PASS,-1.7560970728542415,-4.186005432787363,-0.19349666641672106,PASS,1.6283577877473872,0.29138760455904666,3.344826250096908,PASS,2.043641993259273,1.5101788632903572,2.4907975453919304,PASS,-0.21943239425120414,-0.268681127898213,-0.12964247034470625,PASS,0.2597082511614459,0.10417684927600132,0.3354053995565045,PASS,1.5560972022737338,0.96034498036052,2.4212110728817344,PASS,-1.3060100360805689,-2.2424842604155395,-0.48358317087791597,FAIL,1.1469327737846016,0.5390955505352644,1.735380725764598,PASS,1.8482382238607666,1.3356939418238474,2.3614901036946474,PASS,0.022455217064750045,0.020895846489335457,0.024312466163846858,FAIL,0.18359375,0.1799375,0.184,FAIL,4.647548584115757,3.4578399498332297,5.7965928001461995,PASS,0.3054208083301202,0.015152154113284062,0.57002502910696,PASS,0.622596160094121,-0.14444043228089104,0.8813314074407624,PASS,0.8028626746425425,0.23923331205364579,0.9340089414258346,FAIL,0.4864336731295359,0.13477923844493278,0.7281761671354832,PASS,0.18991729941926924,-0.35195106614408234,0.5388021358163047,PASS,0.35376355225064837,0.03802453216567851,0.6324945759396994,PASS,0.21529902112186,-0.13798485203194866,0.4766895566035061,PASS,0.7028825770275262,0.11775441541579497,0.9300494681096827,PASS,0.4408885015301218,-0.2048921716138712,0.7437830250391246,PASS,0.5470594818673428,-0.05042907846891265,0.7976647915016268,PASS,0.3510416666666667,0.1,0.5625,FAIL,36.29053586082041,19.237502813805122,72.56113726309286,PASS,-0.22255977107957448,-0.4206505265437928,-0.04492774917815178,PASS,0.9998452701350569,0.9997259947255817,0.9999156853275114,FAIL,13548.823520037207,8559.50597810432,23219.47786541845,3,5,38,49,4,7
L00393,G01,P01,16,true,PASS,0.05561507936507937,0.020416666666666666,0.09997519841269842,FAIL,27.56726754078857,23.68830373059132,30.733428225189893,FAIL,-0.048352345773500185,-0.23921899339838332,0.12271531638775124,PASS,-0.03026341678179146,-0.03313637862736223,-0.026899319247913236,PASS,-0.02568526845016987,-0.1087942768843019,0.05275257496104889,PASS,0.6369611532036261,0.6358889289620457,0.6388964147582542,PASS,4.980501302083337,4.8254427083333375,5.201067708333337,PASS,1546.7519686905064,1543.1615316984235,1549.2760525725703,PASS,1.041823023945135,0.6100341681685566,1.9097194578233716,PASS,0.33737738698733455,0.2236385954647817,0.44932697313406583,FAIL,3.5625475524328434,3.5122368533076234,3.6396750283789143,FAIL,0.2916402858145305,0.23439786590561335,0.3606012662419039,FAIL,0.6142751479289941,0.6142751479289941,0.6142751479289941,FAIL,0.0015833221189812052,0.0015833221189812052,0.0015833221189812052,PASS,0.08879022080240917,0.08879022080240917,0.08879022080240917,FAIL,0.2222970516048579,0.2222970516048579,0.2222970516048579,PASS,0.2109926998463887,0.2109926998463887,0.2109926998463887,PASS,0.4370703299516857,0.4370703299516857,0.4370703299516857,PASS,-1.8894451074659857,-4.080347990406885,-0.7325300330853204,PASS,2.3442011203588153,0.8342403215044951,4.98575280661108,PASS,2.1593056191551483,1.2701224048094932,2.7536282981448954,PASS,-1.3162364108871687,-1.9468444811852266,-0.8067728102429319,PASS,1.229058321463762,1.0462929054055232,1.3793031500951067,PASS,2.0926942629062504,1.8192664676566672,2.440268549234969,PASS,-1.6514999176627723,-4.2144964126364135,-0.8869075482515331,PASS,2.0011315342304252,1.0342538258687948,3.4983127572192183,PASS,1.918978502170853,1.3259545210325738,2.3122949788591236,PASS,-1.476262994374371,-4.849218998166645,-0.19666628847721065,PASS,1.8856623297092665,0.2837259652977842,3.9861467549039986,PASS,2.0188351424812394,1.1559443391960993,2.4895162324836484,PASS,-0.1895583423403873,-0.26677342547519506,-0.11750768972762952,PASS,0.1925327073554396,0.08825526985274924,0.33464512752850034,PASS,1.4045157603833194,0.8297291228942335,2.232066664586846,PASS,-1.3700118636983833,-2.2311400000022803,-0.7135018906637596,FAIL,1.3662884011410437,0.7276484699225888,3.2241271620872514,PASS,2.082470236814622,1.607301321120161,2.4402312720732784,PASS,0.022994214600984636,0.021803500738592368,0.024172114622414222,FAIL,0.184,0.184,0.184,FAIL,4.430643161603738,3.237355855810472,5.289724045170938,FAIL,0.3670052100390733,0.08218720388235914,0.635018009949332,PASS,0.637529576616585,-0.18264630598878623,0.9186851558598781,PASS,0.7792070791776906,-0.011797384480664988,0.9500185908387256,FAIL,0.5103470620175845,0.1264890484235598,0.7378589780927272,PASS,0.247627882342235,-0.25655851724100337,0.5880007150189951,PASS,0.35955729936116276,-0.06554146317328387,0.6642847878721524,PASS,0.2058534914633917,-0.18089696515299444,0.5032883983671189,PASS,0.7366669213421633,0.15494817590213,0.9532535298597316,PASS,0.477891291958431,-0.14841263654350917,0.7575624910983706,PASS,0.5309155598123818,-0.19333847754742564,0.7980195738264868,PASS,0.359375,0.2,0.625,FAIL,35.72203449672568,17.444440908351545,65.61258375014279,PASS,-0.2079636791498326,-0.3747203715340402,-0.04247710720733674,PASS,0.9999194018119169,0.9998624065888319,0.9999567290932715,FAIL,14045.845911399769,8638.069086387617,22299.69643315602,3,5,37,49,4,7
L00399,G01,P01,16,true,PASS,0.055719246031746036,0.034444444444444444,0.08163194444444444,FAIL,26.567579965048463,20.12874776767041,29.698609928899614,FAIL,-0.07533470136735321,-0.2260769965233775,0.0414108145810016,PASS,-0.030023413163497263,-0.031404001724928104,-0.028819384814739453,PASS,-0.023896559618884004,-0.07122623822281308,0.020518493493245027,PASS,0.6367511776261454,0.6351247743963914,0.6379491493022365,PASS,5.01565104166667,4.894023437500004,5.141458333333338,PASS,1546.1797921410139,1544.1318685176775,1548.1596777304967,PASS,1.0101375636149514,0.6360834647837713,1.5801567582330736,PASS,0.32703799269101463,0.193468323327071,0.566244915137745,FAIL,3.5559926325423925,3.4947806411397893,3.6115939880892567,PASS,0.3210070908230668,0.2619356980070175,0.46799982944058494,FAIL,0.6142751479289941,0.6142751479289941,0.6142751479289941,FAIL,0.0015833221189812052,0.0015833221189812052,0.0015833221189812052,PASS,0.08879022080240917,0.08879022080240917,0.08879022080240917,FAIL,0.2222970516048579,0.2222970516048579,0.2222970516048579,PASS,0.2109926998463887,0.2109926998463887,0.2109926998463887,PASS,0.4370703299516857,0.4370703299516857,0.4370703299516857,PASS,-1.814931410162373,-3.2315251305135684,-0.7404333101901082,PASS,2.171774108509592,0.8907064012079748,4.868540808875561,PASS,2.1902055847384605,1.2165654052442534,2.7775597899702027,PASS,-1.2831723959526435,-1.9530551187240632,-0.8017716598863873,PASS,1.2290423492132907,1.0790051315390952,1.4630796923730793,PASS,1.9810963236219892,1.6559924089362865,2.3133955321923367,PASS,-1.2843732355082689,-1.9165574092193918,-1.0048375538711458,PASS,1.7816675203833057,1.0700443867303957,3.185377924419529,PASS,1.8407812013199696,1.1361332443568397,2.365885705097051,PASS,-1.3254314370313829,-2.8595783020287984,-0.21757963078173312,PASS,1.6429678721952357,0.29326154910326074,3.5051563762986806,PASS,1.9425399500991198,1.0714319746299634,2.4407285461572727,PASS,-0.21130174405831179,-0.2682373420849837,-0.13680472329143845,PASS,0.2367694129526214,0.11264644475448247,0.3406919121520981,PASS,1.5216520513434781,0.9489146575559032,2.2857377934590493,PASS,-1.4381423159529265,-2.5762485325325093,-0.8060887427698982,FAIL,1.115858372760149,0.5779476856399061,1.7381505349666588,PASS,1.9919706267557014,1.2112316513898331,2.779835635792547,PASS,0.022588530649178897,0.021024763441297833,0.023837028254093756,FAIL,0.184,0.184,0.184,FAIL,4.562472036402028,3.661491501834991,5.765638516728789,FAIL,0.3501388170861237,0.06848563346808237,0.5245493356289921,PASS,0.6591290311377269,-0.10648026282808987,0.8919036120591995,PASS,0.7815263245262833,0.02325164755318302,0.932578577733925,PASS,0.48907066650341513,0.0015730852434988063,0.687841223537098,PASS,0.2147078381129004,-0.2087910822342356,0.4756603902761547,PASS,0.35460566443074515,0.0013848780291731214,0.5668932696441187,PASS,0.19076650388604743,-0.21092212031150898,0.41708906559384856,PASS,0.7531742843796523,0.12513574174131048,0.9375036325934032,PASS,0.46916278043736304,-0.0787660821591821,0.716870287672568,PASS,0.5331633401073768,-0.2089646253609682,0.7883995704319636,PASS,0.37604166666666666,0.2375,0.53125,FAIL,35.98342864035372,20.4077906800552,61.51797475644007,PASS,-0.22286710133367882,-0.3536979375744664,-0.10993043429888787,PASS,0.9999130258790511,0.9997938745207261,0.99994999468259,FAIL,13848.032596692805,8278.115872182672,20931.728539283456,3,5,39,49,4,7
L00446,G01,P01,16,true,PASS,0.05874007936507937,0.0275,0.09024305555555556,FAIL,27.362752079519296,22.71578711266452,30.799768786465155,FAIL,-0.06403983958999614,-0.17222398901927843,0.05380516281639584,PASS,-0.03739517231351443,-0.03845667245976833,-0.0362589604598563,PASS,-0.02343925583410459,-0.05010647702876254,0.012985899329089608,PASS,0.6370910031208474,0.635947953431816,0.6380339647637409,PASS,4.996966145833337,4.926888020833338,5.074557291666671,PASS,1546.4839497066823,1545.2209009723144,1547.6246995453073,PASS,0.9810782666872074,0.5673510150812819,1.536519112175195,PASS,0.3048330079298895,0.19559232470218577,0.46183891027595664,FAIL,3.563809958683855,3.5210228397575483,3.631846400797448,PASS,0.34119657693099203,0.2604973059547223,0.4522608218301645,FAIL,0.6142751479289941,0.6142751479289941,0.6142751479289941,FAIL,0.0015833221189812052,0.0015833221189812052,0.0015833221189812052,PASS,0.08879022080240917,0.08879022080240917,0.08879022080240917,FAIL,0.2222970516048579,0.2222970516048579,0.2222970516048579,PASS,0.2109926998463887,0.2109926998463887,0.2109926998463887,PASS,0.4370703299516857,0.4370703299516857,0.4370703299516857,PASS,-2.0142161363304574,-5.219644346084747,-0.7091312926089698,PASS,2.173279522010607,0.8669609307641504,4.98575280661108,PASS,2.248366650494541,1.5079119853200198,2.9725169545796892,PASS,-1.3231666010787881,-1.9483971405699356,-0.8937207138477454,PASS,1.2667616428086017,1.0462929054055232,1.463079692373079,PASS,2.130038771657728,1.8263681981978428,2.3985762644307402,PASS,-1.6546991303007923,-5.02705850667373,-0.9711994250572713,PASS,1.9080251759149367,0.8322709125807096,3.4983127572192183,PASS,1.8685348124726864,1.3186872416748079,2.6076433190457173,PASS,-1.3714787635372945,-5.676026696347508,-0.18760347451496454,PASS,1.7939574818912352,0.2842111519994118,3.9861467549039986,PASS,1.9707448564277619,1.6343669808393668,2.313777933710497,PASS,-0.22941637507446838,-0.4697066559684698,-0.14576489406647,PASS,0.22505156097193993,0.15603380112762258,0.3206507249604517,PASS,1.615868448387174,1.099509076745013,2.3538220295878887,PASS,-1.430946598831393,-2.3819935653991355,-0.49590947481319736,FAIL,1.0567324060961103,0.5549375505733631,1.598737212549214,PASS,2.0760587867514966,1.398230619930313,2.4900219865323043,PASS,0.022959244456291286,0.02227760895409804,0.023957043070877433,FAIL,0.18196875,0.171,0.184,FAIL,4.460764072190698,3.663908642522846,5.560297835375912,FAIL,0.34303060861805545,0.11313565172250813,0.5803257431974509,PASS,0.601161897079549,-0.13103880524350675,0.9123201480731491,PASS,0.7624546711743179,0.04872408715594672,0.9447406719737568,FAIL,0.46186744506044963,0.03699079304659612,0.7499665583797931,PASS,0.17097073140994723,-0.2231633820630684,0.5602347605324379,PASS,0.32878204876240946,0.04437268693695338,0.6363338223595421,PASS,0.16980431036938934,-0.21023371905463226,0.5290824835092428,PASS,0.6978370358498542,0.02043990239406445,0.9501683365971947,PASS,0.45789396739752825,0.05980988400635364,0.7751720542906025,PASS,0.497062776240509,-0.2495781957693452,0.8229157136069212,PASS,0.3885416666666667,0.21875,0.58125,FAIL,39.784891661061565,18.655074176934477,77.00643165179446,PASS,-0.22717027285839408,-0.3358630290790799,-0.12324930552159821,PASS,0.9998915947464582,0.999843672739118,0.9999292761498502,FAIL,13242.793387219344,5749.853621055417,20205.266184485452,3,5,38,49,4,7
L00451,G01,P01,16,true,PASS,0.06351190476190476,0.03375,0.10894345238095238,FAIL,28.050860073575443,21.725021357690707,31.6137485086595,FAIL,-0.03605279367078532,-0.18552277253017682,0.17209350484646865,PASS,-0.043556861047156586,-0.04743122741367273,-0.041419369848551,PASS,-0.038834845585183436,-0.08728323921422525,-0.0011818980212755376,PASS,0.6369948215721113,0.6351824603644033,0.638649593702602,PASS,5.041640625000004,4.8714192708333375,5.234388020833338,PASS,1545.756726983471,1542.6191350360225,1548.5276342001835,PASS,0.9660570700879284,0.6671352422519626,1.5957802115664368,FAIL,0.28230624248415104,0.16633178405209686,0.3494679740248231,FAIL,3.5651863482130492,3.494994328319009,3.6393637503179033,PASS,0.32811390296246945,0.2577330479222388,0.4295688394734796,FAIL,0.6142751479289941,0.6142751479289941,0.6142751479289941,FAIL,0.0015833221189812052,0.0015833221189812052,0.0015833221189812052,PASS,0.08879022080240917,0.08879022080240917,0.08879022080240917,FAIL,0.2222970516048579,0.2222970516048579,0.2222970516048579,PASS,0.2109926998463887,0.2109926998463887,0.2109926998463887,PASS,0.4370703299516857,0.4370703299516857,0.4370703299516857,PASS,-1.7565666588624955,-4.080347990406885,-0.7695500241740599,PASS,1.8802630671318659,0.7522276215587799,4.98575280661108,PASS,1.9859244573496053,0.874718277775144,2.7000725315580536,PASS,-1.2264055002333445,-1.9468444811852266,-0.7891429716729967,PASS,1.2164290862435143,0.7866627859948443,1.4630796923730793,PASS,2.03626621955799,1.71549478469009,2.3808884797075853,PASS,-1.7191199518317726,-4.2144964126364135,-1.0082684956948518,PASS,1.6615202051264923,0.9458618243014555,3.4983127572192183,PASS,1.7647853936600968,1.116678678285411,2.378124058536292,PASS,-1.4068946503064113,-4.849218998166645,-0.19708765698219832,PASS,1.4434522502575071,0.21853933936983372,3.9861467549039986,PASS,1.8903110675944625,0.28755957950542177,2.83097419083749,PASS,-0.18995552598420637,-0.26545420982992285,-0.12070918019952728,PASS,0.21740068287945616,0.11432577291156418,0.33464512752850034,PASS,1.5788300978159573,0.9503613162509372,2.4413049761368972,PASS,-1.2762468592619736,-2.1226881461812863,-0.809409819541378,FAIL,1.0588373151873096,0.5707996078970746,1.575617546156978,PASS,2.0251388996932222,1.7441791508678472,2.432773539577643,PASS,0.02292971674925606,0.021857468004583464,0.02405124410926906,FAIL,0.184,0.184,0.184,FAIL,4.555536797407909,3.5722882822839135,5.865814292158032,FAIL,0.3220982100240156,0.09345370089587915,0.5466509821296233,PASS,0.5305350376095388,-0.14227176140436926,0.8879048846464944,PASS,0.7673544213507015,0.27153515880790324,0.9331816448671677,FAIL,0.4595157290267481,0.08389059275152272,0.7380802141959407,PASS,0.15401394503164895,-0.2990730336575461,0.5164243443486126,PASS,0.30498205592148947,-0.028196162894253758,0.6141455818723814,PASS,0.1531777749641032,-0.19494080242962647,0.5193481784716109,PASS,0.6457080253432388,0.08318499650852637,0.9330901376471931,PASS,0.43348777648551,-0.013619856188223423,0.7469433815414119,PASS,0.5202702107773902,-0.036358243375400126,0.7990934054592853,PASS,0.3927083333333334,0.2,0.58125,FAIL,39.803987002092214,18.011151089838155,62.136409575075426,PASS,-0.23445048665590024,-0.37667189516955735,-0.02290434974643592,PASS,0.9998514407960793,0.9996421799579294,0.999922101688826,FAIL,14186.494240999153,8166.46274029839,21824.825425155334,3,5,37,49,4,7
L00458,G01,P01,16,true,PASS,0.0711111111111111,0.02,0.12468749999999998,FAIL,29.232392368045552,23.621866357791625,34.94892925830378,FAIL,-0.05523341602696247,-0.17345030835862943,0.11625268763874219,PASS,-0.03012934053220679,-0.03127766368767608,-0.028796899149634667,PASS,-0.024664286778681013,-0.09235011498533852,0.0449574576143023,PASS,0.6373353771624645,0.6354256366996665,0.6387110522318695,PASS,4.997623697916671,4.883684895833337,5.162890625000005,PASS,1546.4732459038487,1543.7829881322489,1548.32797118495,PASS,0.9402608212630243,0.7037102342494882,1.460078935596577,PASS,0.3040975774314984,0.19606163798281567,0.46980490061792723,FAIL,3.543919076528221,3.4722669234400945,3.61001166795905,PASS,0.33325627447990014,0.2372702004704077,0.4244532095900909,FAIL,0.6142751479289941,0.6142751479289941,0.6142751479289941,FAIL,0.0015833221189812052,0.0015833221189812052,0.0015833221189812052,PASS,0.08879022080240917,0.08879022080240917,0.08879022080240917,FAIL,0.2222970516048579,0.2222970516048579,0.2222970516048579,PASS,0.2109926998463887,0.2109926998463887,0.2109926998463887,PASS,0.4370703299516857,0.4370703299516857,0.4370703299516857,PASS,-1.7343633384254589,-2.995741002765425,-0.8024357179790069,PASS,2.0832616718351926,0.8150645695929448,4.98575280661108,PASS,2.2140571170092844,1.1982376751721961,3.006249993355999,PASS,-1.3155936562015957,-1.9468444811852266,-0.8617034112485185,PASS,1.1902485698476615,0.9664196311149971,1.298017614417519,PASS,2.064849676314985,1.7293447623163256,2.338701400213167,PASS,-1.7270241234492514,-4.2144964126364135,-0.9218103201198266,PASS,1.8346205248250627,1.0155144001182976,3.4983127572192183,PASS,1.9142180505021513,1.2589621477244657,2.4297178614053876,PASS,-1.49520712944564,-4.849218998166645,-0.1950257810776087,PASS,1.7387943165197521,0.3959469424151442,3.9861467549039986,PASS,2.0787980242792954,0.9812016048757735,2.9589955673340373,PASS,-0.20207421847410473,-0.26677342547519506,-0.1303922863739841,PASS,0.2191159271785677,0.1314322542376897,0.3354053995565045,PASS,1.5056461796926697,0.7364473003144256,2.3398181158384648,PASS,-1.4288336977443223,-2.5348596025568204,-0.6407593789167362,FAIL,1.0919445108301717,0.739106871595121,1.5225076913780704,PASS,2.066900069184319,1.4140949883332732,2.5959431012406173,PASS,0.022491139568307058,0.02155439747283604,0.02382662874218501,FAIL,0.184,0.184,0.184,FAIL,4.524713343386062,3.4694945272154034,5.326445220706149,PASS,0.3591087675357235,0.03948665880720041,0.6262413150316672,PASS,0.6725406901559776,0.07166020727114021,0.9230875164620518,FAIL,0.849937887120533,0.6179386726689333,0.954242733060396,FAIL,0.5187263693927511,0.11224343976229569,0.7621279318518633,PASS,0.24261172005085743,-0.18174777663222913,0.535105862806954,PASS,0.37437003161663635,0.027914502217709296,0.5966643807607709,PASS,0.21149132981040225,-0.11866739256823232,0.42908662546156157,PASS,0.7458402917138853,0.14277859779366237,0.9616749560277931,PASS,0.4702629047966601,0.03369591277232167,0.7745363261801472,FAIL,0.5810949595643305,0.17195567505327836,0.8217614752279107,PASS,0.4372916666666667,0.1375,0.6799999999999999,FAIL,35.94614937843079,20.255339612740684,55.92073182009817,PASS,-0.22307794044825863,-0.32891047815133856,-0.05027606307329136,PASS,0.9999082210584042,0.9997616684703038,0.9999593209972739,FAIL,15816.921913198672,9062.577055463385,30137.740170119952,3,5,37,49,4,7
L00459,G01,P01,16,true,PASS,0.07185763888888888,0.04111111111111111,0.10513888888888888,FAIL,27.544503742786993,23.368564001577813,32.247967161862526,FAIL,-0.03360482429666893,-0.13058380422070381,0.22994394060746878,PASS,-0.03570317980213296,-0.03800044242877965,-0.033750901404637,PASS,-0.04839204899159612,-0.11906075422593783,-0.004191843215157043,PASS,0.637337082951875,0.6363957442078282,0.6389471676715047,PASS,4.994772135416671,4.8379687500000035,5.108554687500003,PASS,1546.5196643755428,1544.6674825723421,1549.0721504275018,PASS,1.029524051386389,0.5711627573392124,1.9165987151973516,PASS,0.31437609483282825,0.18100285254282,0.40004312680454107,FAIL,3.5585750932456017,3.465361998548658,3.6249520172816734,PASS,0.3419324979992351,0.23462683190920952,0.4219487427720527,FAIL,0.6142751479289941,0.6142751479289941,0.6142751479289941,FAIL,0.0015833221189812052,0.0015833221189812052,0.0015833221189812052,PASS,0.08879022080240917,0.08879022080240917,0.08879022080240917,FAIL,0.2222970516048579,0.2222970516048579,0.2222970516048579,PASS,0.2109926998463887,0.2109926998463887,0.2109926998463887,PASS,0.4370703299516857,0.4370703299516857,0.4370703299516857,PASS,-1.4973599747839588,-2.746126770519381,-0.8080539808284772,PASS,1.8315948378457665,0.7682466559634167,4.98575280661108,PASS,1.8404327093571693,0.9310564895918365,2.8873859735834086,PASS,-1.2474914660259948,-1.6157939840711175,-0.851778963888145,PASS,1.2483390940858716,0.80037091305728,1.5412621816161747,PASS,2.091429927187432,1.6902322612095366,2.4247940491841726,PASS,-1.3714460783298819,-3.3814458137331624,-0.9742491511227876,PASS,1.7152995648871543,1.0145376462731321,3.4983127572192183,PASS,1.674437181959755,1.0169157262630206,2.4067602748657344,PASS,-1.010088350328286,-3.7741928558488667,-0.19173759585355937,PASS,1.4386429090338737,0.28307487484035393,3.9861467549039986,PASS,1.622978561382804,0.4693526236079172,2.5147103076150437,PASS,-0.18830660234522748,-0.26941792766294737,-0.1225559917716895,PASS,0.19695908747892743,0.08239653213863973,0.3354053995565045,PASS,1.4340284559533876,0.8108740618636155,2.488413462679374,PASS,-1.3959588139895822,-2.4069372270011926,-0.7274515985573039,FAIL,1.2250351808792894,0.6245939258691865,2.8278356638710984,PASS,1.9649082527897215,1.2623465354485182,2.382531802481378,PASS,0.022798981538890553,0.0205144336089274,0.024059241738377337,FAIL,0.18278125,0.1734375,0.184,FAIL,4.666589410742376,3.6354675151031315,5.425032867702692,PASS,0.36819309119104315,0.04566602955904247,0.5694131408007215,PASS,0.6659045973434472,-0.05095218069643914,0.9048404497926411,PASS,0.8122747995915169,0.17652647592702148,0.9400274627476888,FAIL,0.5500259582936602,0.13830656963326504,0.8874052578648335,PASS,0.18468826825316892,-0.37283415713655843,0.48599311278422613,PASS,0.3331882913098675,-0.07654614988362994,0.562989924335756,PASS,0.18556173206324006,-0.17561784702505226,0.4006660650250131,PASS,0.7476652808714852,0.19534257777808572,0.9465388061686436,PASS,0.5276065886987066,-0.07481831193174004,0.837169391038952,PASS,0.588671467660319,-0.12664455165389443,0.868364364284624,PASS,0.4203125,0.2375,0.6,FAIL,40.17376828088965,22.046663472115807,58.90761908855603,PASS,-0.21363513947476293,-0.34480905738707646,0.048845585431755004,PASS,0.9998860144454551,0.9997952156292298,0.9999497382926539,FAIL,16452.984738768006,8830.049650361872,28848.507001754428,3,5,39,49,4,7
L00462,G01,P01,16,true,PASS,0.05998263888888889,0.034444444444444444,0.09600694444444445,FAIL,27.828625725338703,21.231063299494107,33.020901840280466,FAIL,-0.026715986058540357,-0.20354623089739665,0.11410479678410133,PASS,-0.03629197098368669,-0.03764567019087289,-0.03464743479336246,PASS,-0.032651929240477634,-0.11685634360758576,0.008064846473585104,PASS,0.6368017956138567,0.6346475710303865,0.6387059466273216,PASS,5.020019531250004,4.907734375000004,5.151927083333337,PASS,1546.10868073803,1543.9614554983066,1547.9364875446788,PASS,0.9757930119864913,0.7108539118766402,1.6185483895230963,PASS,0.27240492433060515,0.14809167359890613,0.38361972243747544,FAIL,3.5623805872414884,3.497449580043412,3.6490283089257898,PASS,0.33466575251800634,0.26019246298186083,0.45182155634285376,FAIL,0.6142751479289941,0.6142751479289941,0.6142751479289941,FAIL,0.0015833221189812052,0.0015833221189812052,0.0015833221189812052,PASS,0.08879022080240917,0.08879022080240917,0.08879022080240917,FAIL,0.2222970516048579,0.2222970516048579,0.2222970516048579,PASS,0.2109926998463887,0.2109926998463887,0.2109926998463887,PASS,0.4370703299516857,0.4370703299516857,0.4370703299516857,PASS,-1.9169417474262265,-3.2315251305135684,-0.6974970231472771,PASS,1.9535344897462616,0.8522206524322078,4.049504995318399,PASS,2.1330616463223686,0.9837168836161472,2.6604064600728714,PASS,-1.358005530592805,-1.8242532041521446,-0.92160504877029,PASS,1.244651122414595,1.0902971019001044,1.3560318883512257,PASS,2.156805474607114,1.8219619012167645,2.507582779345404,PASS,-1.581743800544326,-4.2144964126364135,-1.026960843110853,PASS,1.8001182809904634,0.9567023143864658,2.6638198697533793,PASS,1.8224294394524754,1.1334960866006498,2.164248399657811,PASS,-1.67861401192494,-4.849218998166645,-0.20984821827202205,PASS,1.6063407490482557,0.286764387432459,2.703505745289817,PASS,1.8991140088334575,0.5134985033258324,2.656878718302422,PASS,-0.21957700997906637,-0.26764278441003,-0.13179435267200607,PASS,0.21416113616968946,0.09390865039435711,0.3134310729636533,PASS,1.3745955794691913,0.9711899406277168,2.236737105311814,PASS,-1.442622822777748,-2.438888114685987,-0.7262467902551456,FAIL,1.0783258754926854,0.5857204224459911,1.8595726525075464,PASS,1.9861731449160744,1.7048012279972757,2.620693069201145,PASS,0.02295450114142713,0.021916650831232967,0.02343373177993573,FAIL,0.184,0.184,0.184,FAIL,4.622939107162,3.7393625965148747,6.751592548911658,FAIL,0.39160623382721377,0.1694819958510277,0.557979891657018,PASS,0.717024409301437,-0.07641234815332526,0.9031586066819695,PASS,0.8310393487891341,0.21387739594816996,0.9420947324655162,FAIL,0.5794540745506175,0.08011253232262514,0.7628680386580319,PASS,0.27346457329884094,-0.2557525059978746,0.5084805480140393,PASS,0.39383487088658115,-0.021532987461170286,0.6008490193501367,PASS,0.24888487712957325,-0.16336974237666274,0.48588758714598224,PASS,0.8061897824742488,0.16120554708922086,0.946815167732842,PASS,0.5947724390976482,0.14509210679123657,0.7482586778315071,PASS,0.6400979274162816,-0.05216823600123449,0.8033893679430667,PASS,0.39166666666666666,0.16875,0.64375,FAIL,38.61005492800401,22.89885904758091,61.568101539297885,PASS,-0.1965633516667697,-0.36154774266955664,-0.05264508744526576,PASS,0.9998793481737478,0.9998121497498986,0.9999381076710266,FAIL,14452.828009612702,9680.320198150439,21581.27218000262,3,5,38,49,4,7
L00472,G01,P01,16,true,PASS,0.06335813492063491,0.024583333333333332,0.08906249999999999,FAIL,28.60617754240551,24.221864791268246,31.314430805115954,FAIL,-0.051711840063414366,-0.1907309211690062,0.10140177268424808,PASS,-0.042373746989194896,-0.04468490055305868,-0.038793222985907344,PASS,-0.02080004629305126,-0.08916406288575011,0.09739203388722084,PASS,0.6371348118656921,0.6356473358547621,0.6378108543518193,PASS,5.001230468750004,4.90639322916667,5.083411458333337,PASS,1546.4145339556324,1545.076770557921,1547.9583190633296,PASS,1.054272560868169,0.5189222866818077,1.8367223800100048,PASS,0.29093180396774626,0.1877275958508337,0.4617463929832202,FAIL,3.561095005527929,3.51218493331137,3.6141202868810347,PASS,0.347371284517064,0.2740071414276336,0.4572846562029086,FAIL,0.6142751479289941,0.6142751479289941,0.6142751479289941,FAIL,0.0015833221189812052,0.0015833221189812052,0.0015833221189812052,PASS,0.08879022080240917,0.08879022080240917,0.08879022080240917,FAIL,0.2222970516048579,0.2222970516048579,0.2222970516048579,PASS,0.2109926998463887,0.2109926998463887,0.2109926998463887,PASS,0.4370703299516857,0.4370703299516857,0.4370703299516857,PASS,-1.5988675819978568,-2.746126770519381,-0.9639609242560603,PASS,1.749129320978093,0.8558152712281978,4.205787658965759,PASS,1.9609062641202297,0.9833996558169972,2.9426152068000064,PASS,-1.276661579001101,-1.9483971405699356,-0.8378320048777917,PASS,1.24281761263152,1.0792696551282683,1.379303150095107,PASS,2.0241552856657608,1.6163064608366837,2.449821315682492,PASS,-1.3429470402322947,-3.1261192577979378,-0.9218542768035605,PASS,1.5603568665034588,0.7288844405970243,3.081066313486299,PASS,1.8060106434653491,1.0757008249647437,2.3529067083286113,PASS,-1.0376200308043027,-3.7741928558488667,-0.2309790320086193,PASS,1.2880199536876422,0.2898322670674174,3.344826250096908,PASS,2.0209625472453183,0.5227341018834177,2.699192347818764,PASS,-0.18407519159501617,-0.26677342547519506,-0.1320313990252022,PASS,0.22505707918756007,0.09670888412019249,0.3354053995565045,PASS,1.681687721933213,0.9495427932144769,2.4904823225866166,PASS,-1.233333239371305,-1.7583451962043524,-0.7266923048736772,FAIL,1.3441569043870487,0.7305871187957996,3.4469137907692575,PASS,1.8777377990350006,1.0653330710881586,2.424140239316979,PASS,0.02276470640162449,0.02128904967642571,0.02396626323179748,FAIL,0.182375,0.1734375,0.184,FAIL,4.662307667179894,3.5178874915642604,5.629131051272223,FAIL,0.3038135049652475,0.05805752021817384,0.5502311503501401,PASS,0.5836686424494557,0.1360121864176198,0.8932532193292275,FAIL,0.80768136081494,0.5996027309882621,0.9420150314020705,PASS,0.4405632966591543,-0.08945372053624348,0.7312761902497548,PASS,0.12644231183546162,-0.25161404761194395,0.4971554741438367,PASS,0.30831851933368676,0.08971699432224933,0.5686774574188347,PASS,0.13071870151537063,-0.18417476839503624,0.41547278875328886,PASS,0.6814336521752483,0.10125775396873271,0.9382198133404358,PASS,0.3837706027704335,-0.14029264214463835,0.7256190001717898,PASS,0.5044787300101221,0.11173450670076121,0.7892402226645137,PASS,0.40625,0.2375,0.6,FAIL,37.06932177943069,23.019657506917305,50.16148415235751,PASS,-0.2475114973882789,-0.3812086919838992,-0.07889374070298784,PASS,0.9998081227288507,0.999621969409924,0.9998943494298587,FAIL,14952.587125588241,8453.142764548775,24486.993402993736,3,5,38,49,4,7
L00478,G01,P01,16,true,PASS,0.061614583333333334,0.028333333333333332,0.08673611111111111,FAIL,28.237894956350463,25.201813649567413,31.010965065070312,FAIL,-0.08168104926187247,-0.311870015335583,0.04549343314315722,PASS,-0.040574600574682276,-0.04255701181932904,-0.036023137441848346,PASS,-0.010163905796620598,-0.05775297562243745,0.055105300783564314,PASS,0.6364396806849335,0.6348487150007471,0.6379382602557527,PASS,5.037532552083337,4.914075520833337,5.121406250000003,PASS,1545.8235992566197,1544.4582815149802,1547.833264733194,PASS,0.8871145765168785,0.5489767015850814,1.4193720794664315,PASS,0.2620728440447011,0.14210187171427083,0.4022430590377354,FAIL,3.548354448468258,3.4736665435866048,3.6369875589044094,FAIL,0.3092967432777172,0.245711899081966,0.40794039271856325,FAIL,0.6142751479289941,0.6142751479289941,0.6142751479289941,FAIL,0.0015833221189812052,0.0015833221189812052,0.0015833221189812052,PASS,0.08879022080240917,0.08879022080240917,0.08879022080240917,FAIL,0.2222970516048579,0.2222970516048579,0.2222970516048579,PASS,0.2109926998463887,0.2109926998463887,0.2109926998463887,PASS,0.4370703299516857,0.4370703299516857,0.4370703299516857,PASS,-1.8887754115701982,-3.9388775137579985,-0.7563778956660803,PASS,2.39253288351025,0.885067055874699,6.113588744950395,PASS,2.171766662911656,0.7799024223937938,3.3634499401783677,PASS,-1.3835657974972912,-1.9483971405699356,-0.8067728102429319,PASS,1.2628988680605602,1.0792696551282683,1.4743128711859397,PASS,2.1264496871056613,1.7300458488404906,2.4459072869121448,PASS,-1.6435227284904457,-4.2144964126364135,-1.0454075635312035,PASS,2.0116549831605255,1.096199103768356,4.820404168155758,PASS,1.6905098805839245,1.0731511953331268,2.3842766866113116,PASS,-1.5850591026319172,-4.849218998166645,-0.24811999553755165,PASS,1.8356416990344142,0.2898833934640915,4.297261645469035,PASS,1.6930897828854041,0.2871926911342165,2.4185813540050365,PASS,-0.1990882574363498,-0.266445139288179,-0.1369573071505923,PASS,0.2287858882133223,0.10914298553723265,0.3354053995565045,PASS,1.443934350282921,0.9551222785548211,2.373022678607829,PASS,-1.198476978507085,-2.526540478253764,-0.6128866247045441,FAIL,1.0887079255398007,0.5789864071321994,1.473903733669545,PASS,1.9642239851153138,1.340785719066277,2.5222074265502483,PASS,0.022913813829491335,0.021014057449126027,0.024206418668381646,FAIL,0.18359375,0.1799375,0.184,FAIL,4.200738901505735,3.266803067096415,5.1305404933335055,PASS,0.3378773664456959,-0.0227062208277115,0.5602949744970596,PASS,0.7227627121730805,0.2736857281340138,0.8971367767400471,FAIL,0.875657557957304,0.7434134713622701,0.9364556956425831,FAIL,0.5277523917159759,0.20485128320658433,0.6941681791887325,PASS,0.22972770198528797,-0.30401686252207244,0.5399103565564409,PASS,0.3790888846743181,0.07038838388123553,0.6450426050675019,PASS,0.20818434665201757,-0.0941470537151249,0.5524527488393761,PASS,0.8007545970952377,0.2982853269136187,0.9429876120192534,PASS,0.5048249823508497,-0.06861912391745338,0.7273463500080548,FAIL,0.6204092606313188,0.22784518006705354,0.7973465119476592,PASS,0.44166666666666665,0.2375,0.6125,FAIL,37.27846051559506,20.135077338863592,69.06691992111317,PASS,-0.25517228129600517,-0.44568727931805047,-0.11768459636519707,PASS,0.9998413553325238,0.9996751835140967,0.9999217776417882,FAIL,14139.344907692564,7619.723404511154,20363.181787875925,3,5,36,49,4,7
L00482,G01,P01,16,true,PASS,0.0672891865079365,0.01375,0.0878125,FAIL,29.300341797458792,22.073693597942114,33.31362750285609,FAIL,-0.08153149663253526,-0.17526189310990584,0.15143723675156542,PASS,-0.03071804353314298,-0.03186379573890098,-0.02869577444346602,PASS,-0.03358181098212178,-0.11070995556801495,0.023285892178344845,PASS,0.6370273939570166,0.6346829831350047,0.6406393482240124,PASS,4.9659440104166706,4.840716145833337,5.140169270833337,PASS,1546.9889360482885,1544.1528522103613,1549.0274276077414,PASS,1.0764510574092196,0.6739918579660902,1.6582458634402293,PASS,0.2890288185151376,0.14102902468231332,0.39166055451766785,FAIL,3.530822934407634,3.448475631435309,3.6166682037663853,PASS,0.3370536044674975,0.2829980823013148,0.4468841257646588,FAIL,0.6142751479289941,0.6142751479289941,0.6142751479289941,FAIL,0.0015833221189812052,0.0015833221189812052,0.0015833221189812052,PASS,0.08879022080240917,0.08879022080240917,0.08879022080240917,FAIL,0.2222970516048579,0.2222970516048579,0.2222970516048579,PASS,0.2109926998463887,0.2109926998463887,0.2109926998463887,PASS,0.4370703299516857,0.4370703299516857,0.4370703299516857,PASS,-1.5909881891530824,-3.2315251305135684,-0.706542877329506,PASS,1.935257138191511,0.8522206524322078,4.98575280661108,PASS,1.8827088630531357,1.1635999287511372,2.707737510944347,PASS,-1.3016211533896178,-1.96010964610333,-0.8378320048777917,PASS,1.1914550196988425,1.0171784682612794,1.3229485285421019,PASS,1.9747065467662286,1.699516993112007,2.405223765177405,PASS,-1.5360424183875379,-4.2144964126364135,-1.0036939065965773,PASS,1.6430670445193065,0.6828748885681096,3.4983127572192183,PASS,1.9096842486141044,1.3314235356227242,2.3801435569371083,PASS,-1.2319865148745746,-4.849218998166645,-0.19349666641672106,PASS,1.4230835082329758,0.28681551382913306,3.9861467549039986,PASS,2.092447710524687,0.9928830650799706,2.825707898216751,PASS,-0.21040227188860894,-0.26939971497132364,-0.12992365135568543,PASS,0.23436025958732543,0.10444653316643084,0.34831927707617283,PASS,1.7062948184148143,1.0764054913859984,2.3949111461791923,PASS,-1.1421278234081826,-2.4233560458867562,-0.6474828652898377,FAIL,1.280468356124179,0.615156004647846,2.762864133585392,PASS,1.9083016834643756,1.1666411937277854,2.60883887413619,PASS,0.0229553422654913,0.021817769664000376,0.02425305190024684,FAIL,0.1831875,0.175875,0.184,FAIL,4.462373862358036,3.754541661853332,5.196255322932367,FAIL,0.3020450938996626,0.05959551179295851,0.6181900592979871,PASS,0.47553958510301686,-0.15066649227522178,0.9197816830201496,PASS,0.7008406918175539,-0.04057527741350144,0.9468510512101117,PASS,0.38454858873193065,-0.051904697849804116,0.7132155032418032,PASS,0.1230370858283832,-0.2599700154035731,0.5623360952038914,PASS,0.2778211321240562,-0.023143191670355202,0.6463464921173221,PASS,0.08483841458398018,-0.2206363900564639,0.4804706046959885,PASS,0.5679168370268285,0.11529955858809757,0.9538081649755171,PASS,0.3720918017200801,-0.06513566928200774,0.7400821606275931,PASS,0.4061645079868039,-0.18072507960258571,0.7924057279292944,PASS,0.3802083333333333,0.1,0.6,FAIL,42.92572036867743,18.030515956587767,69.1354304947305,PASS,-0.24683650022803705,-0.3434250293892658,-0.012610047151705613,PASS,0.9999119653915299,0.9998754964589216,0.999950355472695,FAIL,14819.364476296036,6638.435499737366,23967.794479744043,3,5,39,49,4,7
L00487,G01,P01,16,true,PASS,0.06901785714285714,0.034444444444444444,0.11336805555555557,FAIL,28.47776088133275,25.406511147637694,30.604438714614414,FAIL,-0.10940109616006398,-0.23932271976843067,0.023085198224369663,PASS,-0.04122067248777675,-0.04374758232575017,-0.03870467219470526,PASS,-0.026758861456637806,-0.10138268041351646,0.0536753149993245,PASS,0.6369299971143181,0.6355415812684777,0.6383826954448337,PASS,5.02061197916667,4.859466145833338,5.155286458333338,PASS,1546.099036717655,1543.9067707234337,1548.7222102596143,PASS,1.1756519332415003,0.6216631514549028,1.9483768610505177,PASS,0.2891838310022614,0.15073141001870785,0.4319359163410039,FAIL,3.52704500552193,3.4432993240329193,3.5975395762788533,PASS,0.3467477373292973,0.251816049848449,0.4452153026257727,FAIL,0.6142751479289941,0.6142751479289941,0.6142751479289941,FAIL,0.0015833221189812052,0.0015833221189812052,0.0015833221189812052,PASS,0.08879022080240917,0.08879022080240917,0.08879022080240917,FAIL,0.2222970516048579,0.2222970516048579,0.2222970516048579,PASS,0.2109926998463887,0.2109926998463887,0.2109926998463887,PASS,0.4370703299516857,0.4370703299516857,0.4370703299516857,PASS,-1.51830156592689,-2.995741002765425,-0.7394324738305569,PASS,1.8270329818459072,0.8502236419899911,4.98575280661108,PASS,1.994369177062815,1.4342914644768583,2.8816236106073783,PASS,-1.2150679605282866,-1.6157939840711175,-0.9167103907947562,PASS,1.2324944499481485,1.0905805200313614,1.3793031500951067,PASS,1.9886894876733634,1.7254586171687316,2.395500441470599,PASS,-1.516769039503474,-4.2144964126364135,-0.8700632975141953,PASS,1.6027471883011324,1.0184446616537943,3.4983127572192183,PASS,1.8766794389177646,1.220597579962893,2.4284558453927096,PASS,-1.203423411802458,-4.849218998166645,-0.16376292926419467,PASS,1.234549205974883,0.25261939901976804,3.9861467549039986,PASS,2.0684355964649925,1.4409298197415448,2.9026813495255976,PASS,-0.1958250888965698,-0.2559794081258734,-0.1220582324590333,PASS,0.20783504189644222,0.08661403093059841,0.33920675969652525,PASS,1.5822097390628724,0.8169356964773332,2.3051893083370874,PASS,-1.4282628952121605,-2.438888114685987,-0.6992928521314238,FAIL,1.4354852791063242,0.6510762039867104,3.5013081397946415,PASS,1.9040769016789512,1.4074858111731408,2.4082371755401017,PASS,0.02261864871551863,0.021066002664326792,0.02440630959674693,FAIL,0.184,0.184,0.184,FAIL,4.348665353883666,3.5728515930204092,5.401068142635858,PASS,0.31748650499179626,0.02438445065513973,0.662200256246069,PASS,0.4971693954909366,-0.20393384987783203,0.9275307400724487,PASS,0.6805275911352506,-0.026065873580949177,0.9536615931376555,FAIL,0.4361649036879385,0.06698735810726233,0.7283755966619855,PASS,0.11876750349111598,-0.28391611299165287,0.5442161181777093,PASS,0.27680341921536694,-0.0733510106501868,0.6238922626698222,PASS,0.10795003722760516,-0.20325691910091606,0.4305333623361632,PASS,0.6317799577069088,0.12178134467632809,0.9633577397735528,PASS,0.395697506182399,-0.13829842614990956,0.7448716239773321,PASS,0.4221973340025466,-0.19367598895976518,0.7840452001657601,PASS,0.40937500000000004,0.2,0.58125,FAIL,41.86603396475378,18.557352284874522,71.33658841785896,FAIL,-0.29037632222355303,-0.3948604522489601,-0.1794042604826907,PASS,0.9998460253321441,0.9996033199128533,0.999910260838142,FAIL,16593.54532904697,9651.82551531955,28485.46102028407,3,5,38,49,4,7
L00505,G01,P01,16,true,PASS,0.054885912698412705,0.020416666666666666,0.0955952380952381,FAIL,27.802750762095442,22.277695360239406,30.252714319677004,FAIL,-0.07980834930940647,-0.20607513367579514,0.12709186980236026,PASS,-0.02925025625745579,-0.033626474691990225,-0.027819642077310847,PASS,-0.03130401848816725,-0.0999173627035328,0.011480925701660488,PASS,0.6366785208733862,0.634609893426052,0.6380429717636295,PASS,4.972376302083338,4.829453125000004,5.084218750000003,PASS,1546.8842295413615,1545.0636292554323,1549.2107699731096,PASS,0.9710769795934916,0.6627198102483762,1.560744606821493,PASS,0.2744915261221335,0.1457147822179686,0.4109984285575991,FAIL,3.548506290780912,3.4878218878294627,3.603874530010057,FAIL,0.3151376227798417,0.24378344252927037,0.3869991274741009,FAIL,0.6142751479289941,0.6142751479289941,0.6142751479289941,FAIL,0.0015833221189812052,0.0015833221189812052,0.0015833221189812052,PASS,0.08879022080240917,0.08879022080240917,0.08879022080240917,FAIL,0.2222970516048579,0.2222970516048579,0.2222970516048579,PASS,0.2109926998463887,0.2109926998463887,0.2109926998463887,PASS,0.4370703299516857,0.4370703299516857,0.4370703299516857,PASS,-1.7443781731781134,-2.995741002765425,-0.8172686142852477,PASS,2.1368965166216376,0.870529085049792,4.634116813404521,PASS,2.119086327278305,1.0212185589641853,2.7577340198083613,PASS,-1.3725641528855497,-1.8227005447674356,-1.0616633644801274,PASS,1.2235820697133464,1.0171784682612794,1.3932659071414357,PASS,2.091509647967828,1.7447622847667312,2.4516015484283242,PASS,-1.270183428996431,-1.9165574092193918,-0.9552509552822324,PASS,1.7124437322459052,0.7910654193977036,2.5595082588201494,PASS,1.7923220398116708,1.0953908860930741,2.219484026296832,PASS,-1.1771018551946104,-2.8595783020287984,-0.2371008046975237,PASS,1.611376503318509,0.3670880036763031,2.543175619088044,PASS,1.9985614336197048,0.6722847979998865,2.8161427981024527,PASS,-0.20168157449994706,-0.26600135347494963,-0.1340000329384467,PASS,0.24455548319168946,0.1423672818142032,0.3177322414124303,PASS,1.4773013145721678,1.0234814643237806,2.0817522283132313,PASS,-1.4046413929694648,-2.3073932743594012,-0.8043742475898646,FAIL,0.9718680661593244,0.6792684687495574,1.4254139856814168,PASS,1.9413949194743059,1.2341752626762803,2.4960614764233577,PASS,0.022858921793746764,0.02064378884542828,0.024163092950778252,FAIL,0.1831875,0.175875,0.184,FAIL,4.546493221955847,3.8659628772328283,5.086867150515615,PASS,0.3153613475689824,0.029387498985235665,0.5200295248188895,PASS,0.6543222726988138,0.11322043357725066,0.8781008583294962,FAIL,0.8438194647842713,0.6446054278581637,0.9331654675457507,PASS,0.49883410505746484,0.027897869918688648,0.692759716622194,PASS,0.19862583778422968,-0.23197336065700075,0.46550961073963276,PASS,0.3506433239305598,0.0773061466737142,0.5483506306566627,PASS,0.18619610098682762,-0.11769961434901445,0.4010524056583813,PASS,0.731217188085189,0.10392589476546402,0.9334690377086694,PASS,0.485701079431735,-0.076028756512837,0.6994931891963376,PASS,0.6034622400567623,0.13441202969601096,0.7688338916910233,PASS,0.375,0.2,0.64375,FAIL,35.35091664883837,22.785088029724555,53.63445847680919,PASS,-0.223578965095062,-0.35076766435889606,-0.005648455263664101,PASS,0.9999281013078194,0.9998760517186499,0.9999610884408863,FAIL,13687.03691065835,8304.009426953777,20366.18271526747,3,5,38,49,4,7
L00514,G02,P01,16,true,PASS,0.05911458333333333,0.023750000000000004,0.09638888888888891,FAIL,28.508033862747123,25.175931901194502,31.229381251392063,PASS,0.023126400522766353,-0.11204358479575256,0.21543257961209356,PASS,-0.051009276669185366,-0.054001864560580065,-0.04793514937530649,PASS,-0.019617661843082126,-0.08274872395554332,0.051788267571020015,PASS,0.6366214163576689,0.634543274983741,0.6379350930356144,PASS,5.018164062500004,4.903125000000004,5.130820312500004,PASS,1546.1388845381052,1544.3050369714415,1548.0115201427602,PASS,0.9942736112439132,0.60130624044758,1.5423820854710806,PASS,0.2886377937856104,0.15874647530125038,0.45890685780231877,FAIL,3.530478098089506,3.4456495991101947,3.609632672750399,PASS,0.31939166886133563,0.20956597908608157,0.4360488696070506,FAIL,0.6142751479289941,0.6142751479289941,0.6142751479289941,FAIL,0.0015833221189812052,0.0015833221189812052,0.0015833221189812052,PASS,0.08879022080240917,0.08879022080240917,0.08879022080240917,FAIL,0.2222970516048579,0.2222970516048579,0.2222970516048579,PASS,0.2109926998463887,0.2109926998463887,0.2109926998463887,PASS,0.4370703299516857,0.4370703299516857,0.4370703299516857,PASS,-1.6667255026444403,-3.2315251305135684,-0.7404333101901082,PASS,1.8751414728414164,0.8830195698442748,3.984387218798666,PASS,1.9558752824304633,1.175880377057344,2.584082237845665,PASS,-1.2672267893045075,-1.8242532041521449,-0.9634459258013497,PASS,1.2461640890641914,1.0676815653915332,1.3793031500951067,PASS,2.056953826854433,1.7355512358706875,2.380626966500821,PASS,-1.5444006315258796,-4.2144964126364135,-0.7939377836474178,PASS,1.6673906684187543,1.0155144001182976,2.5595082588201494,PASS,1.7826183598063694,1.066379498699566,2.221809523077201,PASS,-1.3187366411112227,-4.849218998166645,-0.18645489241941007,PASS,1.3603769475922622,0.28270333875279813,2.543175619088044,PASS,2.0165222185730807,0.7396203724625685,2.931117124539865,PASS,-0.20662083358721342,-0.26545420982992285,-0.12839019342239003,PASS,0.20247855085914376,0.09037888239108575,0.31899936145910385,PASS,1.5341861218374127,0.9830913219502561,2.4801662203571744,PASS,-1.5219420726593142,-2.390312689702192,-0.5717111953188232,FAIL,0.9687985326908919,0.4977391774679242,1.4561642412741826,PASS,2.0151605789127793,1.3067033339814285,2.5532140726202655,PASS,0.02263732404206241,0.020627706893109745,0.02464547680290028,FAIL,0.18359375,0.1799375,0.184,FAIL,4.443458558349637,3.881585766268389,4.9059015576285585,FAIL,0.32496533539300676,0.0688520086735964,0.5844784133798516,PASS,0.5917921588186965,-0.11315372504700796,0.89889251226966,PASS,0.7449500962708713,-0.059624790473711956,0.9397747573541656,PASS,0.45318042336381037,-0.10606267255442196,0.7525100871982353,PASS,0.16959490600708504,-0.1697242560058396,0.486323837563466,PASS,0.31103224292237047,-0.03784171978220412,0.5867424521891179,PASS,0.15681746697873894,-0.1961780960590883,0.4710077830159488,PASS,0.6979670823270245,0.13584465943845944,0.9480038307804083,PASS,0.43820397707521397,-0.17533557714817996,0.7752227922833704,PASS,0.5002144076622858,-0.19086825559742546,0.8208331600734218,PASS,0.35625,0.1375,0.53125,FAIL,44.387928333277564,21.78779176963329,74.38610548948904,PASS,-0.20800225534902136,-0.32162686941407326,-0.010255764328082707,PASS,0.9998044305457043,0.9997047518960235,0.9998838399306758,FAIL,12220.630106561133,7266.789714168746,19074.719734075617,4,5,39,49,4,7
L00539,G02,P01,16,true,PASS,0.06471974206349207,0.017916666666666664,0.1149702380952381,FAIL,26.381424023788924,19.951332415526352,30.363751720735326,PASS,0.022260389835747685,-0.09598827206354836,0.24713715556664148,PASS,-0.02136127634440228,-0.022582162089207613,-0.020097634348137536,PASS,-0.021849984813528935,-0.047583749484147654,0.009815580557279107,PASS,0.637109092716637,0.6355177373128185,0.6381012340478078,PASS,4.98350260416667,4.758164062500004,5.1680468750000035,PASS,1546.7031127191567,1543.699053361514,1550.371231765468,PASS,1.018420360896253,0.6185159477530681,1.4627585089418043,PASS,0.2935506134929408,0.1269197941010725,0.4732526385880659,FAIL,3.5600294346235133,3.51520221748361,3.617830283918763,PASS,0.308529450466706,0.24561890937886915,0.4306105344683698,FAIL,0.6142751479289941,0.6142751479289941,0.6142751479289941,FAIL,0.0015833221189812052,0.0015833221189812052,0.0015833221189812052,PASS,0.08879022080240917,0.08879022080240917,0.08879022080240917,FAIL,0.2222970516048579,0.2222970516048579,0.2222970516048579,PASS,0.2109926998463887,0.2109926998463887,0.2109926998463887,PASS,0.4370703299516857,0.4370703299516857,0.4370703299516857,PASS,-1.6931379336065597,-3.9388775137579985,-0.7056800722363515,PASS,1.5935859760044264,0.8558152712281978,4.568999036884788,PASS,1.9412372769702055,0.8491288943975103,2.731831586137316,PASS,-1.2730930039097386,-1.9483971405699356,-0.8936198409192048,PASS,1.2422924485061304,1.0564273841146916,1.3932659071414355,PASS,2.045679943908016,1.75565396256893,2.3908022690529713,PASS,-1.2268980130535763,-1.4910131493273506,-0.9183793782961207,PASS,1.4788243758900022,0.9532093110671205,2.385655573931433,PASS,1.5026599650597072,1.0080793912780397,2.173947606832274,PASS,-0.9797998433985855,-2.4911263212625308,-0.22730596839527664,PASS,1.2100188754092165,0.2570951644684687,2.2759587420850895,PASS,1.5576477470635102,0.26571577542137415,2.295729879738706,PASS,-0.18809503720396376,-0.2554322644808466,-0.1395609018535627,PASS,0.2149127109219982,0.0941283547238813,0.33464512752850034,PASS,1.4000786431429515,0.9374387696314708,2.151985379406041,PASS,-1.2674800356452958,-2.395858772570896,-0.6185086983069312,FAIL,1.1965946490698403,0.7421259077925066,1.7135741687619075,PASS,1.8967337449321393,1.148564513373097,2.392859216883127,PASS,0.022757669358105127,0.021090617872500033,0.02407682625793419,FAIL,0.184,0.184,0.184,FAIL,4.509759147886344,3.6646712577694736,5.6179631977430295,FAIL,0.3376609065067091,0.14322618442555426,0.45450252099923777,PASS,0.7125785797499469,0.1742498300434643,0.848902625744807,PASS,0.8318667334396266,0.324747742368061,0.9206971293479674,FAIL,0.5550850921344775,0.16367325266752672,0.7481639563418971,PASS,0.23584454133052282,0.005629792289832068,0.3480246204645434,PASS,0.3574744403543004,0.11456632167895435,0.478395448819494,PASS,0.1926678008262353,-0.17740437164519535,0.3835503929273813,PASS,0.8119527570734546,0.3124498377285887,0.9192750838278413,PASS,0.5707501207498611,0.14790751965344892,0.7506004668076999,PASS,0.6196589549844955,-0.09845182085608822,0.8061917204237675,PASS,0.3979166666666667,0.1375,0.68125,FAIL,38.36276311410698,18.981917904190084,60.123040718709746,PASS,-0.13949295049157323,-0.25563081633146817,0.09561711074914912,PASS,0.9999596902332588,0.9999261938913458,0.999982220155874,FAIL,12756.193000471842,6945.26740560468,18315.353179469173,4,5,38,49,4,7
L00567,G02,P01,16,true,PASS,0.07113343253968255,0.030000000000000006,0.11021329365079365,FAIL,26.624673131556982,22.635543404924245,30.404054456515865,FAIL,-0.01927175629633571,-0.15559108107352138,0.13743647041615584,PASS,-0.053442866111563306,-0.06307723181350273,-0.0485988529392448,PASS,-0.05028031157370571,-0.11222187869143847,0.009721345700422424,PASS,0.6360123162550787,0.6333680511947314,0.6377139838331815,PASS,5.000664062500004,4.865781250000005,5.1042057291666705,PASS,1546.4237540630238,1544.7382760405885,1548.6194113611132,PASS,0.9769207163790085,0.655279801037827,1.5794411944764253,PASS,0.29196585032148087,0.20602226561226145,0.40906783259597773,FAIL,3.5510127143255676,3.470134317523494,3.6385059450752864,PASS,0.36723324948183694,0.2861880205005768,0.49352774616625433,FAIL,0.6142751479289941,0.6142751479289941,0.6142751479289941,FAIL,0.0015833221189812052,0.0015833221189812052,0.0015833221189812052,PASS,0.08879022080240917,0.08879022080240917,0.08879022080240917,FAIL,0.2222970516048579,0.2222970516048579,0.2222970516048579,PASS,0.2109926998463887,0.2109926998463887,0.2109926998463887,PASS,0.4370703299516857,0.4370703299516857,0.4370703299516857,PASS,-2.0643634326075624,-4.504759420353543,-0.7404333101901082,PASS,2.7998228481210328,0.8546258864663172,4.98575280661108,PASS,2.175548892704253,1.5482062444797715,2.6031548871169536,PASS,-1.2409543961534992,-1.8227005447674356,-0.8266744376695092,PASS,1.2482602041543172,1.0353217051535342,1.3793031500951067,PASS,2.1230886124493247,1.7943921082394927,2.501223812067212,PASS,-1.3368414711500178,-2.1718839651546165,-0.9572613815852612,PASS,2.0853018011032542,1.2289379293468088,3.4983127572192183,PASS,2.002079883729595,1.454511945514929,2.3530548264796876,PASS,-1.289749345194546,-3.0806494904885593,-0.16906160781906684,PASS,1.976995651649798,0.477217227988584,3.9861467549039986,PASS,2.201076717453412,1.676658248741089,2.820790537333448,PASS,-0.20831390906083952,-0.26677342547519506,-0.11548406370763674,PASS,0.2289711530418823,0.09670888412019249,0.33920675969652525,PASS,1.48992757282178,0.860280677746915,2.342742261615239,PASS,-1.2565894910132922,-2.0558762845747536,-0.6848894185502135,FAIL,1.1441452353594666,0.7679399104767132,1.4176314639537888,PASS,1.9064836631855582,1.4519521310157428,2.279798904170011,PASS,0.022992218690584067,0.022219688746538253,0.023825303311582908,FAIL,0.18359375,0.1799375,0.184,FAIL,4.548165400651255,3.505916688606632,5.839002766399613,FAIL,0.3618499660981321,0.11364282053595781,0.558718172745821,PASS,0.674054398793975,-0.10319663107637797,0.8829959222528838,PASS,0.8209170608579212,0.2375026049134849,0.9430811414229949,FAIL,0.5132370891152631,0.22360450509503713,0.7522061872876358,PASS,0.22868559902663776,-0.2655424573149862,0.48337496711044553,PASS,0.3725731026711755,-0.04749154448674893,0.5814623443770697,PASS,0.2509073935104604,-0.10207882461475137,0.48296478035234747,PASS,0.7673437938854903,0.19227236104942952,0.9333480176152462,PASS,0.4697430930066362,-0.03666381162428276,0.7596146046558679,PASS,0.5553431164716098,-0.0694430078591806,0.8009555594518774,PASS,0.42708333333333337,0.2,0.6625,FAIL,32.1033786643914,17.89928557520808,65.18767984879948,PASS,-0.23013002308482933,-0.35373001526003656,-0.12630805966359174,PASS,0.9997778510748514,0.9995844833446155,0.9998822124251308,FAIL,16272.05839829819,8540.38981936577,22363.259750007797,3,5,38,49,4,7
L00570,G02,P01,16,true,PASS,0.06938740079365079,0.030000000000000006,0.09428075396825397,FAIL,26.763840321102293,21.87632462959637,30.73143740101985,FAIL,-0.03729430151255617,-0.14567112790585054,0.14653356597834255,PASS,-0.03985345508404528,-0.04124245748269492,-0.038357703752021494,PASS,-0.04017326953582435,-0.12857589445575396,0.001624207481715649,PASS,0.6353314986617482,0.6334285774061283,0.6362148690288757,PASS,5.011575520833338,4.879427083333337,5.150442708333337,PASS,1546.246134522933,1543.9856185383665,1548.3972809577542,PASS,1.2006076879280247,0.6740951686916415,1.7851213837867297,PASS,0.3000565254489999,0.17133600734635046,0.4578045055673637,FAIL,3.5230133944281286,3.4588684942524446,3.5933063960627343,PASS,0.3843570558891875,0.29596675163865604,0.5078920988138493,FAIL,0.6142751479289941,0.6142751479289941,0.6142751479289941,FAIL,0.0015833221189812052,0.0015833221189812052,0.0015833221189812052,PASS,0.08879022080240917,0.08879022080240917,0.08879022080240917,FAIL,0.2222970516048579,0.2222970516048579,0.2222970516048579,PASS,0.2109926998463887,0.2109926998463887,0.2109926998463887,PASS,0.4370703299516857,0.4370703299516857,0.4370703299516857,PASS,-1.3495154998628414,-2.746126770519381,-0.6863784594710998,PASS,1.5278225897286801,0.8506604359496214,2.905845746223557,PASS,2.066234521810985,1.2041524118374929,2.9600281273421905,PASS,-1.2658512884043924,-1.8227005447674356,-0.8696429691368172,PASS,1.2456265608353672,1.062114333690481,1.4603501141396107,PASS,2.1489266926003108,1.753704418143516,2.4678038946005505,PASS,-1.3497347990482513,-3.1261192577979378,-1.0067436326620935,PASS,1.6101778176758963,1.0155144001182976,2.385655573931433,PASS,1.7049728058617442,1.2430334959166938,2.203483025755009,PASS,-0.7816374556720972,-3.7741928558488667,-0.19666628847721065,PASS,1.3063284781642366,0.2856792366700751,2.2759587420850895,PASS,1.8553461631527766,1.0438880939679966,2.6252817562504265,PASS,-0.19020503372601877,-0.26600135347494963,-0.13122546058554543,PASS,0.2021475316616261,0.08943190235307949,0.3354053995565045,PASS,1.5827447172308586,0.8961165096529619,2.5421753092358976,PASS,-1.3826088771276317,-2.3819935653991355,-0.5195592087868857,FAIL,1.3987171554064894,0.7895568658817769,2.626489073897066,PASS,1.9423466519458947,1.0837953759727728,2.5525141396041073,PASS,0.02270155334346674,0.021001301742248176,0.023764611839080813,FAIL,0.1831875,0.175875,0.184,FAIL,4.532378325206343,3.579731775656703,5.623305940558897,FAIL,0.3437218084920225,0.1260306401929994,0.5427981295505693,PASS,0.5585606791080515,-0.18862287453428916,0.8952174302130075,PASS,0.7028244464578747,-0.03877017897664156,0.9430273464502997,PASS,0.4800142215687767,-0.004208922120229259,0.7508702577091507,PASS,0.1593894080688807,-0.31081591883583104,0.47940554065181484,PASS,0.292850299373111,-0.09617512730934208,0.5668399290059507,PASS,0.15246742225921237,-0.1986072856811728,0.4233294085671541,PASS,0.6888456002223386,0.1064773018619733,0.9375911576976406,PASS,0.47733476583049683,0.07916818284826162,0.7498309250902913,PASS,0.4882635913861234,-0.17741712811463645,0.8045385920232194,PASS,0.44375,0.3,0.6,FAIL,43.35343455954131,24.78912060322928,73.51446674544997,PASS,-0.2222941197015376,-0.3522090588881466,-0.02539852322935726,PASS,0.9998276599698045,0.9996691988268799,0.9999147908491545,FAIL,15828.131641162545,8629.338451922127,27699.656863774693,3,5,39,49,4,7
L00584,G02,P01,16,true,PASS,0.047517361111111114,0.020416666666666666,0.08284722222222221,FAIL,27.074478694539582,22.442522322534256,32.171733413821954,FAIL,-0.026121926813779662,-0.14570771845487837,0.18197841027535783,PASS,-0.026733608514971995,-0.028514351471393546,-0.024932450755030373,PASS,-0.02074729965367108,-0.08096646835062578,0.03627166882528279,PASS,0.6367214500955202,0.6357180275416341,0.6379435454673426,PASS,5.025234375000004,4.8776041666666705,5.144075520833337,PASS,1546.0237921630821,1544.0892652628347,1548.4269548665998,PASS,1.0533237034065213,0.6396753064743336,1.6606209192507557,PASS,0.2690971737289707,0.17184541983081617,0.3739077672756808,FAIL,3.5660094112976486,3.4929588914322136,3.633846411571153,FAIL,0.32286841579079373,0.26453722008779146,0.3974237476040272,FAIL,0.6142751479289941,0.6142751479289941,0.6142751479289941,FAIL,0.0015833221189812052,0.0015833221189812052,0.0015833221189812052,PASS,0.08879022080240917,0.08879022080240917,0.08879022080240917,FAIL,0.2222970516048579,0.2222970516048579,0.2222970516048579,PASS,0.2109926998463887,0.2109926998463887,0.2109926998463887,PASS,0.4370703299516857,0.4370703299516857,0.4370703299516857,PASS,-1.6371022678921867,-3.9388775137579985,-0.7394324738305569,PASS,1.9761656888051897,0.824852591211736,4.829470142963721,PASS,1.9310829205484201,0.8940896576642151,3.0399820814206415,PASS,-1.1889181594645806,-1.8289111823062723,-0.8043013832149143,PASS,1.2586803273689275,1.0799925723121817,1.4491169353267503,PASS,2.106234097496043,1.692877420702586,2.409440178391249,PASS,-1.1996957019698136,-1.4910131493273506,-1.0082684956948518,PASS,1.6692300328590255,0.8296382152174595,3.081066313486299,PASS,1.7756852837800614,1.0624270659709185,2.5675343949839835,PASS,-0.9889011422519944,-2.4911263212625308,-0.1875787908007296,PASS,1.4328052160283906,0.2837259652977842,3.344826250096908,PASS,1.6828684556638471,0.29849600149434813,2.6513738500825026,PASS,-0.2079044403447175,-0.26764278441003,-0.12364122269987247,PASS,0.20509912046451056,0.08941598534059982,0.3354053995565045,PASS,1.4846587251896186,1.0001451188306547,2.246808363102406,PASS,-1.2431548220781279,-2.51842100153198,-0.6454571901817575,FAIL,1.2875167925234674,0.7844602062096677,2.7537845366259894,PASS,1.8755333635146016,0.986460001028991,2.391512049986468,PASS,0.022626357767044487,0.020745875024592547,0.023715494232772735,FAIL,0.184,0.184,0.184,FAIL,4.545318817198098,3.647941646487398,5.4017857129688425,PASS,0.34878826777037825,0.04616230870814462,0.5390701303497121,PASS,0.6287294782854197,-0.06789017672769457,0.8945600834028035,PASS,0.7899190515796362,0.13308036251784708,0.9393982052771109,FAIL,0.5249707072281873,0.12614559970752148,0.7607058358247808,PASS,0.16373239140555942,-0.33707316640045604,0.42371660283802,PASS,0.3162601500543095,-0.07279419723729699,0.5204722308689951,PASS,0.1754657041845109,-0.1833391899018763,0.4080198590276771,PASS,0.7364910003507199,0.1372800438030791,0.9407027265815809,PASS,0.4934745969042668,-0.13101585623672696,0.7435721889255413,PASS,0.5650015368700687,-0.05698843059049159,0.7892372789065125,PASS,0.33229166666666665,0.15625,0.6125,FAIL,41.67544255085775,17.522705018120263,64.71446358742506,PASS,-0.181797477351548,-0.3071487940306831,0.022620501084910895,PASS,0.9999420665890699,0.9998790084701074,0.9999711848701915,FAIL,13288.02167990942,4955.49940021111,23165.018666709286,3,5,38,49,4,7
L00591,G02,P01,16,true,PASS,0.06215029761904762,0.035277777777777776,0.09969742063492064,FAIL,26.798522184376267,22.434852468476144,30.23689569616491,FAIL,-0.0980859288693406,-0.1896679709675736,0.04760231697648855,PASS,-0.024370207740413746,-0.026353659170948764,-0.022993743095876738,PASS,-0.02362038442856291,-0.09312849905223043,0.05821312792000381,PASS,0.6356791805107156,0.6344559284886732,0.6367385868288503,PASS,4.957513020833337,4.858645833333337,5.059049479166671,PASS,1547.1261778766998,1545.4733411539946,1548.735563518595,PASS,0.9807065289274339,0.5934029753434663,1.6079795212687398,PASS,0.29641260603376185,0.19098402924754695,0.4616198158660312,FAIL,3.5297323232831532,3.4632048631858696,3.59038097515809,PASS,0.3666025594996264,0.27193722452908214,0.4955788726524262,FAIL,0.6142751479289941,0.6142751479289941,0.6142751479289941,FAIL,0.0015833221189812052,0.0015833221189812052,0.0015833221189812052,PASS,0.08879022080240917,0.08879022080240917,0.08879022080240917,FAIL,0.2222970516048579,0.2222970516048579,0.2222970516048579,PASS,0.2109926998463887,0.2109926998463887,0.2109926998463887,PASS,0.4370703299516857,0.4370703299516857,0.4370703299516857,PASS,-1.9871337464439236,-3.9388775137579985,-0.8290100271056272,PASS,2.2230469495015472,0.8490254357246612,4.98575280661108,PASS,2.1882130727032387,1.5680779117507941,2.687407280155982,PASS,-1.3197115539092743,-1.9483971405699356,-0.7766671336677514,PASS,1.2302163146177998,1.0144749378687332,1.463079692373079,PASS,2.051657720193464,1.682358820547334,2.321640510713253,PASS,-1.3052969615680348,-1.9165574092193918,-1.0335601469216542,PASS,1.770465520463292,0.8228969384264739,3.4983127572192183,PASS,1.9520585019244887,1.321307140512791,2.4277197857427546,PASS,-1.2899937291688275,-2.8595783020287984,-0.2364247560477155,PASS,1.9398053126005905,0.6552912317656903,3.9861467549039986,PASS,2.0801871324214183,0.9461121905928362,2.6866038415302027,PASS,-0.19947948278490404,-0.26545420982992285,-0.13366889274520066,PASS,0.23403585123988804,0.13661504161202123,0.33920675969652525,PASS,1.573610543062418,0.9918779298542855,2.5094891326191,PASS,-1.2432662236456067,-1.6960710387631235,-0.798144494187067,FAIL,1.0977946076749674,0.5895923896938108,1.7381505349666588,PASS,1.8335047187918652,0.9761004876290561,2.284401999737425,PASS,0.02231832135172016,0.020758759617208203,0.023679607406265346,FAIL,0.18278125,0.1734375,0.184,FAIL,4.33491746036394,3.50176843873147,5.027077077073188,PASS,0.2888168280165432,0.023263959965004508,0.47189746718160674,PASS,0.6213472160565688,0.15155342358282653,0.8749878897965516,FAIL,0.829152184453605,0.5854458026761203,0.9256401124568322,FAIL,0.5025891927142545,0.2630240953360126,0.7115971861828645,PASS,0.15784913405652726,-0.33146369133373965,0.42856847059053205,PASS,0.33188984139774186,0.038871357905960205,0.5237485259516766,PASS,0.1952712554313962,-0.12445127509285023,0.4786898437972732,PASS,0.7101862044551392,0.19206397120219695,0.922739943457022,PASS,0.4528284593152307,-0.04244224665833034,0.7143721170845224,PASS,0.5776268042987399,0.16000031007905877,0.7991005512637319,PASS,0.40625,0.2375,0.53125,FAIL,34.66862962457323,24.874230100656106,58.02009646690014,PASS,-0.22547813166102132,-0.3174692816277607,-0.06169585031230697,PASS,0.9999250358142094,0.9998205954734323,0.9999633817262122,FAIL,16797.411033480174,12447.294181792797,29564.84253777176,3,5,38,49,4,7
L00612,G02,P01,16,true,PASS,0.0659077380952381,0.02,0.09936507936507936,FAIL,25.31265871557825,20.327625941563788,28.81316810115697,FAIL,-0.054969203824133464,-0.10738916935403044,0.02570355557549768,PASS,-0.031086419246097313,-0.03268356766059626,-0.027854823027627332,PASS,-0.02531066542722674,-0.08171039377973884,0.0666556668510139,PASS,0.6352995587938799,0.6321771660773271,0.6378380202920987,PASS,5.030364583333338,4.941510416666671,5.13358072916667,PASS,1545.9402813053307,1544.2601021951893,1547.3866724050665,PASS,1.0762048812927905,0.5480690110214618,1.601123203018566,PASS,0.28197870081657517,0.14909344856798953,0.4255031994689943,FAIL,3.5103925312604525,3.4226117186715945,3.6121775778524126,PASS,0.3608155889701299,0.2719451186976011,0.4369282441876774,FAIL,0.6142751479289941,0.6142751479289941,0.6142751479289941,FAIL,0.0015833221189812052,0.0015833221189812052,0.0015833221189812052,PASS,0.08879022080240917,0.08879022080240917,0.08879022080240917,FAIL,0.2222970516048579,0.2222970516048579,0.2222970516048579,PASS,0.2109926998463887,0.2109926998463887,0.2109926998463887,PASS,0.4370703299516857,0.4370703299516857,0.4370703299516857,PASS,-1.9545928575824711,-3.3729956071624545,-0.7144461544342938,PASS,2.407342661511495,0.8325927194536584,4.634116813404521,PASS,2.1984694480359552,1.174129377696911,3.073967852430939,PASS,-1.2097039899637545,-1.6157939840711175,-0.7983560485068147,PASS,1.202387672972647,0.7960432885711934,1.5084085466461143,PASS,2.0492818885086943,1.7750789288602429,2.398252056411382,PASS,-1.2694339140775397,-1.4910131493273506,-1.0158928108586427,PASS,1.7590108152779758,1.0626909368466118,2.5595082588201494,PASS,1.8716429523542404,1.252307761961532,2.288358892688697,PASS,-1.4019905457724717,-2.4911263212625308,-0.2371008046975237,PASS,1.5849093974942465,0.2857099125080796,2.543175619088044,PASS,1.8524240660107774,0.5944281811462884,2.4009367929621988,PASS,-0.2160720063301927,-0.26764278441003,-0.12229217044036647,PASS,0.24309968103736002,0.0941283547238813,0.33920675969652525,PASS,1.5995992926886364,1.0645779268744098,2.565325576964879,PASS,-1.296975889089048,-2.4835111361386732,-0.6356576854267528,FAIL,1.3243302611541141,0.6112879842762609,2.8413836268733728,PASS,1.9450145671971968,1.1915238367562717,2.518100656136991,PASS,0.022324087670503787,0.021248450571551523,0.023252572614144026,FAIL,0.184,0.184,0.184,FAIL,4.282683979104681,3.5061901418818784,4.846976866829201,PASS,0.31915639015620423,0.010769607740966011,0.5430455236437405,PASS,0.6193903319531248,-0.05118709739442641,0.8949391535032163,PASS,0.79195894014381,0.29232984331625544,0.9362955452598607,PASS,0.4550500490610098,0.02790750361062405,0.6590030083845912,PASS,0.17807768340739924,-0.2851775604726702,0.4540571984403893,PASS,0.3292452682080054,-0.015587131812722362,0.5535167528147074,PASS,0.1730592938017066,-0.1910953881506346,0.3978561842255147,PASS,0.7246149084400262,0.1797242396241009,0.9362929824646102,PASS,0.4310190915414421,-0.07422041000689772,0.6768458274459497,PASS,0.5123679392266053,-0.06064412326084802,0.7524972408846389,PASS,0.42500000000000004,0.1,0.6625,FAIL,39.08442330214443,20.5699497288967,79.6162640589704,PASS,-0.21377105352575884,-0.2778075049473051,-0.11820693004610974,PASS,0.999912365976625,0.9997911896532019,0.999953957788106,FAIL,14778.230503083994,11325.554343397618,22264.578271462837,3,5,40,49,4,7
L00661,G02,P01,16,true,PASS,0.0675,0.02486111111111111,0.09885416666666667,FAIL,25.583529138449784,20.82812562480306,29.007825478768073,FAIL,-0.036713113843270584,-0.16064159584997337,0.1145283701907137,PASS,-0.05414843677396534,-0.056581399869734074,-0.051613586707853015,PASS,-0.03950487466291524,-0.08323898855946858,-0.013078827048468569,PASS,0.6372236016857047,0.6359739206657652,0.6393008948287549,PASS,5.017363281250004,4.871328125000003,5.149218750000004,PASS,1546.151919862348,1544.0055424485915,1548.5291178956256,PASS,1.1083185248140361,0.5286142472055769,1.8722102331099701,PASS,0.30753633103419376,0.23348619011039046,0.3903900653482933,FAIL,3.580722864050482,3.5228620249144544,3.6478159494567866,FAIL,0.31916278263678083,0.24784495923074146,0.37506846043516695,FAIL,0.6142751479289941,0.6142751479289941,0.6142751479289941,FAIL,0.0015833221189812052,0.0015833221189812052,0.0015833221189812052,PASS,0.08879022080240917,0.08879022080240917,0.08879022080240917,FAIL,0.2222970516048579,0.2222970516048579,0.2222970516048579,PASS,0.2109926998463887,0.2109926998463887,0.2109926998463887,PASS,0.4370703299516857,0.4370703299516857,0.4370703299516857,PASS,-1.5924158097465329,-2.995741002765425,-0.7325300330853204,PASS,1.9017043533638762,0.8506604359496214,4.829470142963721,PASS,2.1835987099991563,1.5659904965638094,2.8225023133761415,PASS,-1.2889812602431718,-1.8289111823062723,-1.0313836539291814,PASS,1.2220779080492603,0.853696985942478,1.379303150095107,PASS,2.070800015585254,1.7398959137748222,2.5266789525528597,PASS,-1.5389645329570287,-4.2144964126364135,-1.0082684956948518,PASS,1.6710773942757926,1.0200725847290701,3.081066313486299,PASS,1.8778381781560227,1.2117191285043787,2.394678323659814,PASS,-1.2976261570497867,-4.849218998166645,-0.17553840861383932,PASS,1.3461838398136774,0.24798981815094048,3.344826250096908,PASS,1.982968564330515,1.50224015521021,2.4342524864853283,PASS,-0.2141459776960799,-0.26797107059704606,-0.12964247034470625,PASS,0.2106347523291653,0.08660408279779862,0.3354053995565045,PASS,1.4676942683464465,0.9330118311704608,2.558525272670817,PASS,-1.255245327204794,-2.4506272667402014,-0.6247352770055671,FAIL,1.7709942609696405,0.6420065953776927,3.835673800382624,PASS,2.189618860437694,1.74111126023834,2.5023963080558107,PASS,0.022393078096528744,0.020573005978257772,0.02415164008766847,FAIL,0.182375,0.1734375,0.184,FAIL,4.653224410761901,3.8744360173338084,5.61194225500647,FAIL,0.3969192474356526,0.15141234241260887,0.6264877343074116,PASS,0.6476730373058601,-0.1753148977615891,0.9208847432689948,PASS,0.740655926546335,-0.008485801640699476,0.9444020020851669,FAIL,0.5529416850403623,0.19526280419393865,0.7371175517331834,PASS,0.2534109773181471,-0.24472188030567582,0.529129977887699,PASS,0.3600169896341832,-0.06608398294327698,0.597743451355027,PASS,0.18169584167260355,-0.17865649920438242,0.42114956440601353,PASS,0.7592794602950987,0.11602058672536811,0.9579475625829066,FAIL,0.5695864698429648,0.20111835194797478,0.7543553827097561,PASS,0.5504668399200604,-0.17574348403651224,0.8007959548198944,PASS,0.44062500000000004,0.2,0.7,FAIL,35.03844643390118,20.1352525808732,59.00655083267878,PASS,-0.24055773900605817,-0.35384481084384256,-0.08754419262042722,PASS,0.9997843490982732,0.9995969924145005,0.9998734026569753,FAIL,15006.279205790193,9078.89790188408,21319.26568969489,3,5,36,49,4,7
L00674,G02,P01,16,true,PASS,0.04864583333333334,0.02,0.0786111111111111,FAIL,26.193095123571815,21.224642105537367,28.5406731258538,FAIL,-0.07737630706742352,-0.31436324703213736,0.09188939142806565,PASS,-0.024391710229312732,-0.02658453719142029,-0.022197729993551553,PASS,-0.015328303708225603,-0.054560362601941116,0.03836867589074041,PASS,0.635372185545051,0.6341201861451503,0.6372764149047395,PASS,5.0275846354166704,4.937903645833337,5.12444010416667,PASS,1545.9855340163203,1544.4088956524015,1547.4453843532826,PASS,0.8971874302380025,0.552977865420924,1.5638645919145409,PASS,0.29507492194913276,0.17977156220261942,0.4864098278508601,FAIL,3.5216586445854254,3.452777868591593,3.587914578119097,PASS,0.3680542546304906,0.2950476341498365,0.47858453184470123,FAIL,0.6142751479289941,0.6142751479289941,0.6142751479289941,FAIL,0.0015833221189812052,0.0015833221189812052,0.0015833221189812052,PASS,0.08879022080240917,0.08879022080240917,0.08879022080240917,FAIL,0.2222970516048579,0.2222970516048579,0.2222970516048579,PASS,0.2109926998463887,0.2109926998463887,0.2109926998463887,PASS,0.4370703299516857,0.4370703299516857,0.4370703299516857,PASS,-1.936950594690792,-3.2315251305135684,-0.7695500241740599,PASS,1.9539138012513915,0.8502236419899911,4.244858324877598,PASS,2.204038132538926,1.407398891620123,2.8492331438746064,PASS,-1.4302240234818955,-1.9493287362007612,-0.8092980790301825,PASS,1.298038243481224,1.0902971019001044,1.4743128711859397,PASS,2.217637970499905,1.834773492716506,2.4768976115207937,PASS,-1.8415907815595212,-4.2144964126364135,-1.089610499972503,PASS,1.7692184886159312,0.8565105580502478,3.185377924419529,PASS,1.9039719235451178,1.2142556692047293,2.2664403427072974,PASS,-1.8549288019100816,-4.849218998166645,-0.26367734247321717,PASS,1.617295643083466,0.3276153408698476,3.5051563762986806,PASS,2.015622887558591,1.625602543307522,2.6029464080473095,PASS,-0.2074650096404015,-0.268681127898213,-0.13253763863678164,PASS,0.22269301014881798,0.12036155813721991,0.33464512752850034,PASS,1.4362988068090905,0.8783912118027482,2.5321185520029417,PASS,-1.3603188080382456,-2.310277995207318,-0.6421719863834192,FAIL,0.9445611634169382,0.5520833352007906,1.4866737415239986,PASS,1.9171903954402254,1.1253286440307915,2.525682232221415,PASS,0.022580462852075392,0.020793161460907445,0.023457239614770503,FAIL,0.1831875,0.175875,0.184,FAIL,4.870937825028659,4.129343382136646,7.04109420086763,PASS,0.34632807989415726,0.005900330400357735,0.6430212068547134,PASS,0.7030160766700136,0.08887657001933863,0.924040345033831,FAIL,0.8654456458453506,0.6358904034237858,0.9534032666879962,FAIL,0.5547367019070121,0.22595066148119797,0.7789429512062638,PASS,0.2175759725105516,-0.3344078246256847,0.5564271444445101,PASS,0.37001820978026023,0.026237802367213417,0.6255073308727648,PASS,0.21339229177173297,-0.1173126689652495,0.4625133354943895,PASS,0.7695972237641975,0.19992682486177735,0.9569624376382998,PASS,0.5332532312452147,-0.018438196099044485,0.7761461069123949,FAIL,0.6398246608949409,0.25285132889124773,0.8104711789627339,PASS,0.35,0.1375,0.5,FAIL,40.657430935782656,25.990577446109608,58.16630244143525,PASS,-0.21008432038194189,-0.4047479315682703,-0.05036812889048119,PASS,0.9999452186366722,0.9999006432948111,0.9999695609205319,FAIL,13201.788317713024,8249.550115354585,17095.964137723902,3,5,37,49,4,7
L00683,G02,P01,16,true,PASS,0.05673611111111111,0.023750000000000004,0.08190972222222223,FAIL,25.41827789126951,20.807442757077183,30.230692560267194,FAIL,-0.056632849820634226,-0.23253403339643583,0.08575787609451221,PASS,-0.04146588434554607,-0.0444158672286031,-0.03929084650133566,PASS,-0.028968619640526785,-0.0951684531833985,0.014685560997663247,PASS,0.6357364344170936,0.6343799780655799,0.6371749693126445,PASS,4.96223307291667,4.840976562500003,5.203710937500004,PASS,1547.0493436484385,1543.1185045305972,1549.0231884779064,PASS,1.2213628664067984,0.6937291687503155,1.9274528164839362,PASS,0.3180583675884714,0.18125798791824577,0.5157179641085531,FAIL,3.5445191089783976,3.483614869811491,3.612220537184723,PASS,0.3869813813952389,0.29147693691819815,0.4810382519706551,FAIL,0.6142751479289941,0.6142751479289941,0.6142751479289941,FAIL,0.0015833221189812052,0.0015833221189812052,0.0015833221189812052,PASS,0.08879022080240917,0.08879022080240917,0.08879022080240917,FAIL,0.2222970516048579,0.2222970516048579,0.2222970516048579,PASS,0.2109926998463887,0.2109926998463887,0.2109926998463887,PASS,0.4370703299516857,0.4370703299516857,0.4370703299516857,PASS,-1.8940674351009474,-4.080347990406885,-0.7695500241740599,PASS,2.4268275297875137,0.8538182607859811,4.634116813404521,PASS,2.028835810368715,1.09849643698188,2.717866175801624,PASS,-1.318883054482817,-1.953055118724063,-0.8836469154404819,PASS,1.2532373510932053,1.0799925723121817,1.3932659071414355,PASS,2.1096884958094053,1.7752508106166878,2.3477382108586515,PASS,-1.5921089925836713,-4.2144964126364135,-1.0101745744857995,PASS,1.8491571129764068,1.1262626639818871,2.6638198697533793,PASS,1.7722013842213287,1.1055063472013338,2.1930676269552842,PASS,-1.4975720883245889,-4.849218998166645,-0.20124646203502813,PASS,1.5355109780017917,0.28995497041943513,2.703505745289817,PASS,1.9650689774181131,0.7304391774035262,2.6486728132674657,PASS,-0.21047386342822982,-0.266445139288179,-0.1386127483761283,PASS,0.21033514102210682,0.09508528289468736,0.3354053995565045,PASS,1.4564466114299859,0.9215032272445319,2.4035721893589335,PASS,-1.3970912779194622,-2.404177896873953,-0.6537420643378651,FAIL,1.40469236484679,0.5516327127108028,3.5331740526619857,PASS,1.8532649129167846,1.0950414332570992,2.3374146512390785,PASS,0.022595209308888906,0.021533870620664006,0.02357336617894986,FAIL,0.182375,0.1775,0.184,FAIL,4.787318592321616,3.9608752164267664,5.898541894787542,FAIL,0.3482657883271556,0.08694786429306994,0.595805523168091,PASS,0.6887967820156732,-0.06274152668889924,0.9070710089610869,PASS,0.8238796383350894,0.1952575104906557,0.9489885376916047,FAIL,0.5214806528159551,0.11609645646893947,0.7816230305784199,PASS,0.22657416405917682,-0.1982396624254486,0.542357923732563,PASS,0.3609921049997956,0.001894220796256188,0.5895653019253496,PASS,0.2214551741028174,-0.18486788776236332,0.46918384994907836,PASS,0.774267470586009,0.1616063501179075,0.9506212161732794,PASS,0.48100901698051857,-0.0767800676253656,0.7974772424716273,PASS,0.5728339530552586,-0.0682255357751072,0.8229512290864989,PASS,0.38125,0.2,0.65625,FAIL,35.9243362116278,23.931231803008657,56.11048788400105,PASS,-0.24327394420969262,-0.3906118117405641,-0.10213909215754652,PASS,0.9998460953892929,0.9996516792267389,0.9999189012906708,FAIL,13234.402885792446,5375.6707345863615,20686.26818281612,3,5,38,49,4,7
L00712,G02,P01,16,true,PASS,0.05934771825396826,0.023750000000000004,0.09395833333333334,FAIL,28.39856608606204,25.147182419561496,32.335667573426655,FAIL,-0.0589947288663759,-0.20606434185776173,0.17283139138391482,PASS,-0.030572904986940416,-0.03489204937795583,-0.028828073154951513,PASS,-0.03617626083531347,-0.10004760462999715,-0.0002178076576837616,PASS,0.6366538127048257,0.6351734951227525,0.6387539677883549,PASS,5.00397135416667,4.8991276041666705,5.11807291666667,PASS,1546.369917114118,1544.5125423768695,1548.076590785729,PASS,0.9648419557896065,0.7562880400819607,1.3741629614424253,PASS,0.28678238685901775,0.1559538590972914,0.47712261622618035,FAIL,3.537128375925975,3.441653323805419,3.6361611771959303,PASS,0.33938681671661686,0.250551877088942,0.47394368509341545,FAIL,0.6142751479289941,0.6142751479289941,0.6142751479289941,FAIL,0.0015833221189812052,0.0015833221189812052,0.0015833221189812052,PASS,0.08879022080240917,0.08879022080240917,0.08879022080240917,FAIL,0.2222970516048579,0.2222970516048579,0.2222970516048579,PASS,0.2109926998463887,0.2109926998463887,0.2109926998463887,PASS,0.4370703299516857,0.4370703299516857,0.4370703299516857,PASS,-1.9804701716248232,-3.3729956071624545,-0.7695500241740599,PASS,2.471654050333658,0.8289981006576684,4.868540808875561,PASS,2.0187150397856453,1.1715945141660924,2.71870051514662,PASS,-1.2753980171441284,-1.9483971405699356,-0.8318773364615677,PASS,1.27733778831906,1.1007639057070413,1.4630796923730793,PASS,2.0144774218350037,1.7154633899780496,2.334538197692556,PASS,-1.768345691414651,-4.2144964126364135,-0.9218542768035605,PASS,1.9164082339052069,0.9191845590811448,3.185377924419529,PASS,1.9276666796833841,1.3166750624643595,2.2816579548532587,PASS,-1.7656717947012353,-4.849218998166645,-0.19185615901711914,PASS,1.6953487079193255,0.29138760455904666,3.5051563762986806,PASS,1.930603719967632,1.0079669350214082,2.552646174487542,PASS,-0.2062695130998593,-0.270012485337901,-0.12070918019952728,PASS,0.23389786641810065,0.12938272937212128,0.3406919121520981,PASS,1.5570844061356188,1.0322698921771791,2.5451546537375926,PASS,-1.296847184394978,-2.2442396147361494,-0.6812462723774579,FAIL,1.115320986034737,0.7679399104767133,1.4561642412741829,PASS,1.880538802655908,1.3063492763164337,2.3017287335005308,PASS,0.02284998904834354,0.020881690492426795,0.024195443904772376,FAIL,0.18359375,0.1799375,0.184,FAIL,4.540348654624095,3.5134153516673012,5.0559706567381415,FAIL,0.3608375634759676,0.07240806223699693,0.6328424940021478,PASS,0.6232123836919979,-0.07209119762206907,0.9211011363873017,PASS,0.8062048766228815,0.26663322409989626,0.9516808541731642,FAIL,0.5241687789070192,0.10506401552667738,0.7845120010045076,PASS,0.195977527994981,-0.2814343503304294,0.5452796690228151,PASS,0.35591988956326504,0.027048642518807967,0.6389253427190664,PASS,0.22147705060608408,-0.1415669009192413,0.5011650235384998,PASS,0.7026820295523943,0.07265191987737099,0.9550280722433013,PASS,0.49529002262995436,0.021300946448690534,0.7820300547356345,PASS,0.5616504898018144,-0.05528888056642123,0.8248081201678594,PASS,0.41041666666666665,0.2375,0.5625,FAIL,38.602745168680315,19.088871988088776,65.43502739389616,PASS,-0.20843592055435117,-0.3696939131897476,0.023041812188277583,PASS,0.999914514564229,0.9998104877724148,0.9999615769144141,FAIL,14640.964503267083,9213.889648055781,21921.694517229338,3,5,38,49,4,7
L00713,G02,P01,16,true,PASS,0.06273809523809525,0.021249999999999998,0.10790178571428571,FAIL,27.17407898012246,22.301477492324565,30.98128364216167,FAIL,-0.06776498795925677,-0.2228950602525036,0.1036690988891558,PASS,-0.021962593905497946,-0.023027338165952354,-0.02052160656005843,PASS,-0.021060919238400838,-0.05138141974540924,-0.0033554343790545907,PASS,0.6370647020756124,0.635303447673989,0.6384993749877508,PASS,4.9997981770833375,4.894739583333338,5.165781250000004,PASS,1546.4378491697255,1543.7359337910793,1548.1480201234504,PASS,1.0474365767648106,0.4781431863766404,1.877179434642247,PASS,0.2883961231057917,0.17727326625444972,0.47527747426565436,FAIL,3.549284426174548,3.4719532717423927,3.609021439827831,PASS,0.34642879640189095,0.27531144819988473,0.45867204318670685,FAIL,0.6142751479289941,0.6142751479289941,0.6142751479289941,FAIL,0.0015833221189812052,0.0015833221189812052,0.0015833221189812052,PASS,0.08879022080240917,0.08879022080240917,0.08879022080240917,FAIL,0.2222970516048579,0.2222970516048579,0.2222970516048579,PASS,0.2109926998463887,0.2109926998463887,0.2109926998463887,PASS,0.4370703299516857,0.4370703299516857,0.4370703299516857,PASS,-1.5613947752414143,-3.2315251305135684,-0.7404333101901082,PASS,1.867939991928388,0.7589151415219156,4.98575280661108,PASS,1.9023445340126288,1.0604247225117236,2.7258971181168,PASS,-1.2006847813872563,-1.781319232628172,-0.8067728102429319,PASS,1.2235175311253066,1.056484067740943,1.3342765356260857,PASS,2.0409515542244483,1.6907942235865325,2.390095377060842,PASS,-1.56012629172249,-4.2144964126364135,-1.0067436326620935,PASS,1.7465503209649405,1.0358817489440706,3.4983127572192183,PASS,1.6995714630423948,1.3195870797037101,2.2936994229829573,PASS,-1.152550713932207,-4.849218998166645,-0.19869884469095137,PASS,1.5291597546792333,0.3230702322336159,3.9861467549039986,PASS,1.8004352708198543,0.620204744085395,2.594515153893213,PASS,-0.19632971923416614,-0.25839291106119916,-0.12635383634813574,PASS,0.1981032960607282,0.08310251163883789,0.3354053995565045,PASS,1.6107690251409168,0.8589158566116715,2.4543142340876565,PASS,-1.5248778678229413,-2.584567656835566,-0.6406711435883177,FAIL,1.230579450431518,0.5803368751532009,4.287250292744218,PASS,2.006751802489817,1.513061934065326,2.8296955197022817,PASS,0.022809444291931928,0.021148072753988965,0.024172009145101918,FAIL,0.182375,0.171,0.184,FAIL,4.832176322818648,3.6964961640461143,5.942894761550145,FAIL,0.345854049881858,0.09078888269599102,0.6208243749673842,PASS,0.6569870221902185,0.07162930205879299,0.9111003383024101,FAIL,0.8421048781318933,0.6025005618481163,0.9483910084678464,FAIL,0.4719901559801585,0.060534418391136983,0.7422364997784829,PASS,0.19982984906434473,-0.21083402069879306,0.5550603195240421,PASS,0.3415254219549777,0.04872217498816157,0.6283239198087662,PASS,0.16132994555560148,-0.12651650904419035,0.4874042444602754,PASS,0.7502228919500865,0.1731191339007314,0.9518906826137897,PASS,0.44259706524032805,-0.06739962897647758,0.7571531090281465,PASS,0.5268753834498694,0.13382911869232886,0.8056932635051264,PASS,0.3583333333333333,0.1375,0.59375,FAIL,39.98204494104556,20.142997020173418,59.915846311437434,PASS,-0.22178498990374407,-0.3773562150305768,-0.05253946080415647,PASS,0.9999613390201354,0.9999313602155491,0.9999770815443894,FAIL,12911.996627824565,5425.563524468513,19261.355139012998,3,5,37,49,4,7
L00736,G02,P01,16,true,PASS,0.05805555555555555,0.02,0.10690972222222223,FAIL,26.683847371498686,23.093369939349152,29.942235373732103,FAIL,-0.06893968574665152,-0.20763529149282467,0.10406229257988345,PASS,-0.04981248679971666,-0.05234711157646294,-0.047770536518605966,PASS,-0.029079605027725285,-0.07558707624697264,0.01577290385815965,PASS,0.6372625530977698,0.635273028162671,0.6392519019970906,PASS,5.005481770833338,4.872851562500005,5.124882812500004,PASS,1546.3453301610743,1544.4016891316815,1548.5043189860903,PASS,0.9578085494361448,0.616718623531991,1.7289192342321629,PASS,0.24796367518728255,0.11579898172139723,0.3821336311342582,FAIL,3.5625525951996933,3.489570520015019,3.6398913400339565,PASS,0.33200987281884264,0.2473399123374712,0.4195443727396398,FAIL,0.6142751479289941,0.6142751479289941,0.6142751479289941,FAIL,0.0015833221189812052,0.0015833221189812052,0.0015833221189812052,PASS,0.08879022080240917,0.08879022080240917,0.08879022080240917,FAIL,0.2222970516048579,0.2222970516048579,0.2222970516048579,PASS,0.2109926998463887,0.2109926998463887,0.2109926998463887,PASS,0.4370703299516857,0.4370703299516857,0.4370703299516857,PASS,-2.1570182910544626,-3.9388775137579985,-0.7404333101901082,PASS,2.5365601666136595,0.864538053723142,4.98575280661108,PASS,2.2195915776080932,1.3454171289715822,2.7456719891523123,PASS,-1.261384844191457,-1.9468444811852266,-0.8661664279174369,PASS,1.2155484211333891,1.0171784682612794,1.3560318883512257,PASS,2.0230559031249817,1.6640828534879601,2.346373505234064,PASS,-1.6012666559626374,-4.2144964126364135,-1.026960843110853,PASS,1.9624790460785446,0.9685082654326147,3.4983127572192183,PASS,2.0027944421515453,1.211707851704876,2.4524132107138854,PASS,-1.8799874545051285,-4.849218998166645,-0.21513092170617137,PASS,1.9545624901685623,0.33026304254573496,3.9861467549039986,PASS,2.0914022097155334,1.3799812685094344,2.777474360680537,PASS,-0.2222159603185701,-0.26797107059704606,-0.11548406370763674,PASS,0.2615032755563826,0.11622440371133744,0.3406919121520981,PASS,1.5059046269771172,0.9720469909112666,2.334337734764813,PASS,-1.273735466078422,-2.4767045798907175,-0.5383393605061002,FAIL,1.2743848150245005,0.8463781974164677,1.7787953386593194,PASS,2.057710839014861,1.6070288988698664,2.4628401873653494,PASS,0.022662050959852083,0.02144015908335688,0.023542712209100355,FAIL,0.182375,0.171,0.184,FAIL,4.342713367082956,3.2799019512651193,5.224722114130425,PASS,0.3336544082913382,0.03526996638386335,0.562744147320592,PASS,0.6171198146995723,-0.10376140540474836,0.8971882438505756,PASS,0.7878159558430922,0.20050241997909385,0.9355044508874563,FAIL,0.4714420208519612,0.08986379457343169,0.6748028484939869,PASS,0.21164780852257103,-0.29186739681727464,0.519461778686754,PASS,0.3623113353648054,-0.046685553712626573,0.6021173198649318,PASS,0.18921984264460168,-0.17758379072295605,0.48194665558344874,PASS,0.710879099280548,0.12843855940683135,0.9391108806698037,PASS,0.46441734012860164,-0.03007658384421051,0.7083727955751715,PASS,0.5354194012099429,-0.08361209376025872,0.780641144022495,PASS,0.36875,0.1375,0.5625,FAIL,35.372674446439234,18.541874955581708,67.01004347324651,FAIL,-0.26717073301355626,-0.39501010088448557,-0.10330121244546002,PASS,0.9997632026235844,0.9996087951450036,0.9998719723692164,FAIL,13911.647431740923,6997.8793724558755,21672.354788502616,3,5,38,49,4,7
L00761,G02,P01,16,true,PASS,0.06415674603174604,0.0275,0.110625,FAIL,27.161756668807413,22.115592625782604,29.992584760180158,FAIL,-0.06196429817140351,-0.18114730750054245,0.04328377349021724,PASS,-0.04296099559724671,-0.045723503988014544,-0.04109944435470146,PASS,-0.03116744488746951,-0.08829397011695156,-0.0022319902105261964,PASS,0.6369330256060308,0.6352617356065512,0.63856482722796,PASS,4.995911458333337,4.815820312500004,5.160690104166671,PASS,1546.5011181825143,1543.8188087793555,1549.432688419977,PASS,1.0912435772286755,0.6504911641105895,1.8213740942383636,PASS,0.30992891515332255,0.13902282930109774,0.48584790470354705,FAIL,3.550131599825915,3.4904312217807276,3.6091833012281125,PASS,0.32212722326515797,0.25296936223728733,0.41836275207700624,FAIL,0.6142751479289941,0.6142751479289941,0.6142751479289941,FAIL,0.0015833221189812052,0.0015833221189812052,0.0015833221189812052,PASS,0.08879022080240917,0.08879022080240917,0.08879022080240917,FAIL,0.2222970516048579,0.2222970516048579,0.2222970516048579,PASS,0.2109926998463887,0.2109926998463887,0.2109926998463887,PASS,0.4370703299516857,0.4370703299516857,0.4370703299516857,PASS,-1.0824170073634687,-2.0828946136993345,-0.7325300330853204,PASS,1.3226825658796686,0.8267472861135519,2.905845746223557,PASS,1.8529500806686907,1.1678728400291039,2.654878205286025,PASS,-1.2178119589718839,-1.8289111823062723,-0.8318773364615677,PASS,1.1885109621872294,0.8199791475455114,1.3342765356260857,PASS,2.1241286107635533,1.749391675287717,2.472882437597775,PASS,-1.1440113215060095,-1.2898003560346196,-1.0158928108586427,PASS,1.491005302858475,0.967205926972394,2.385655573931433,PASS,1.7178373461249803,1.2490895426835331,2.187282767054367,PASS,-0.45811258525088205,-1.5306353017081689,-0.17159384299905003,PASS,1.190642215438634,0.2878789956951264,2.2759587420850895,PASS,1.9960922917303567,0.6088398003440281,2.960705102738957,PASS,-0.17871124505045283,-0.26600135347494963,-0.1149796104324052,PASS,0.21312042558621158,0.0941283547238813,0.32428587405469744,PASS,1.7975842362921095,1.0359600907550301,2.4928282269171063,PASS,-1.2700579702762997,-2.317336646131124,-0.7003679617119368,FAIL,1.2353926025112745,0.8078570712650676,2.831766307313008,PASS,1.9171722410307712,0.9533337189553582,2.48559928275854,PASS,0.02260132828476597,0.021334843103579814,0.02422596376558977,FAIL,0.1831875,0.175875,0.184,FAIL,4.4556136256980015,3.518014282022632,5.7385753263311905,FAIL,0.2519963719851833,0.09463058938309914,0.4222878406381862,PASS,0.5004574461989315,-0.07338674031496989,0.833106423668075,PASS,0.748652104753095,0.24333397936966655,0.9134392833011007,FAIL,0.39021189532576145,0.14638897918199295,0.6185038400702738,PASS,0.08837424099204122,-0.30551766789334817,0.37821151299521066,PASS,0.23927582215666726,0.005638001592268229,0.4934229516450339,PASS,0.05499693055278882,-0.18545228156578092,0.37592643134398396,PASS,0.6246258030116185,0.14660212542574963,0.8988813357348642,PASS,0.33936845477540445,0.02755498392445249,0.6453869395282982,PASS,0.37802670367659674,-0.06790328382908056,0.7312866301473641,PASS,0.4,0.1375,0.6625,FAIL,42.535890655531304,23.678556806481847,65.91463238590977,FAIL,-0.27535637376911515,-0.3807383997539665,-0.16131614239832492,PASS,0.9998366764480583,0.9996230753047655,0.9999092180531798,FAIL,12539.76090541832,7987.055743918566,20721.27773602471,3,5,37,49,4,7
L00764,G02,P01,16,true,PASS,0.07223462301587301,0.027916666666666666,0.12868551587301588,FAIL,26.462145748971817,22.323695359252646,30.247632620138774,FAIL,-0.05611669612441143,-0.1653307441674749,0.17504304978839325,PASS,-0.051255634553436014,-0.05373198789531658,-0.04501492476839654,PASS,-0.039524236423434896,-0.11757550293668649,0.05641255948456411,PASS,0.6347577996941164,0.6333526503463478,0.6360078775872285,PASS,4.963444010416671,4.8786197916666705,5.050026041666671,PASS,1547.0296316947054,1545.6202270027807,1548.410422260243,PASS,1.0385165217462071,0.5673246700230392,1.5138691642602342,PASS,0.3027666949360125,0.15846410972501354,0.48557785365491113,FAIL,3.528962493520743,3.470349803217887,3.5843627858704843,PASS,0.40943119828344354,0.27135772257655716,0.5351398379519032,FAIL,0.6142751479289941,0.6142751479289941,0.6142751479289941,FAIL,0.0015833221189812052,0.0015833221189812052,0.0015833221189812052,PASS,0.08879022080240917,0.08879022080240917,0.08879022080240917,FAIL,0.2222970516048579,0.2222970516048579,0.2222970516048579,PASS,0.2109926998463887,0.2109926998463887,0.2109926998463887,PASS,0.4370703299516857,0.4370703299516857,0.4370703299516857,PASS,-1.7164810562203132,-2.995741002765425,-0.8316731587531281,PASS,2.029523794437874,0.8315401111748718,4.868540808875561,PASS,2.1553619408680484,1.5879933556602976,2.7728103071484798,PASS,-1.257377748692189,-1.8289111823062723,-0.8795674164971906,PASS,1.1590384120291641,0.7535180787260594,1.3560318883512257,PASS,2.0445491834288037,1.7606401572375299,2.3623934799062947,PASS,-1.3905975388757033,-3.1931901888955148,-1.0067436326620935,PASS,1.6693025445573673,0.7958175658422251,3.185377924419529,PASS,1.9421507093555423,1.3340094124079216,2.374600282102826,PASS,-1.2049656512839815,-3.964934244327602,-0.1956819840374495,PASS,1.5409746251102918,0.24526275296920147,3.5051563762986806,PASS,2.050442771354854,0.9828294503615624,2.7380648171195103,PASS,-0.20204811122660477,-0.2670396969631327,-0.12224786315452017,PASS,0.22405702762254168,0.0834914064280147,0.33464512752850034,PASS,1.5317143028188447,0.9653047645353326,2.545976422286841,PASS,-1.4513096679323583,-2.5563653108210107,-0.745527003531838,FAIL,1.2019719374187536,0.666037793226729,1.825890955384245,PASS,1.9445620721212904,1.5802308116760375,2.5341305547445896,PASS,0.022653082504205245,0.021572356381541532,0.023861400666152124,FAIL,0.1831875,0.175875,0.184,FAIL,4.930844409503141,3.815414325181219,6.826660265560356,PASS,0.3595084161653296,0.03340030158174407,0.6110457103797974,PASS,0.6163240797721282,-0.09207142339549175,0.9027867357141235,PASS,0.7872148380059165,0.18141369066696533,0.9452707701066456,FAIL,0.47045277297267474,0.044074700341085266,0.7055625609336056,PASS,0.21092871840034044,-0.2545914529638922,0.5510709658195886,PASS,0.35024002192983583,-0.06705188678276713,0.6208095289310147,PASS,0.1597026150528834,-0.16056654375763402,0.40817656316648826,PASS,0.7301809261250114,0.19839879648073583,0.946329878308313,PASS,0.4833087603476726,0.06682094158338509,0.7407739099415233,PASS,0.529646177565958,-0.0401522577359926,0.7891969218190225,PASS,0.4364583333333334,0.21875,0.6416666666666667,FAIL,35.955689610422525,17.747941210636647,60.63382398981896,FAIL,-0.2734251498732796,-0.38210752496203976,-0.028946619425526676,PASS,0.9997488578908265,0.9994966819022265,0.9998693582272729,FAIL,15839.330522310316,7307.376569968172,25760.725868724046,3,5,38,49,4,7
L00771,G02,P01,16,true,PASS,0.05619791666666667,0.024444444444444446,0.09319444444444444,FAIL,25.481576086353826,21.654347448230872,27.83639754303234,FAIL,-0.021704154257908205,-0.17369409061338,0.12183755793269056,PASS,-0.05034398546267618,-0.052368045347370204,-0.04789587100090053,PASS,-0.0322567162679505,-0.09480468189678368,-0.0009455659496547669,PASS,0.6351561922899034,0.6337849222534595,0.6367365946391017,PASS,4.9986132812500035,4.8938802083333375,5.0886588541666695,PASS,1546.4571372104751,1544.9913520917437,1548.162009251906,PASS,1.146409786884878,0.5793689332332204,1.6589883385066044,PASS,0.2895935247062894,0.18603094940549375,0.45224704450890285,FAIL,3.5557226887398254,3.4712433015598694,3.635965421736847,PASS,0.4026325254680031,0.3095636115455277,0.486777174471963,FAIL,0.6142751479289941,0.6142751479289941,0.6142751479289941,FAIL,0.0015833221189812052,0.0015833221189812052,0.0015833221189812052,PASS,0.08879022080240917,0.08879022080240917,0.08879022080240917,FAIL,0.2222970516048579,0.2222970516048579,0.2222970516048579,PASS,0.2109926998463887,0.2109926998463887,0.2109926998463887,PASS,0.4370703299516857,0.4370703299516857,0.4370703299516857,PASS,-1.8993922043391125,-3.3729956071624545,-0.7606919211318531,PASS,2.508569885576726,0.8987769985192327,4.98575280661108,PASS,2.243070588916365,1.2846592913797814,3.0904236953163475,PASS,-1.3277251987889,-1.9468444811852266,-0.8619375779272554,PASS,1.269376322111654,1.0733118313410712,1.3932659071414355,PASS,2.122805229845777,1.769025679079221,2.39242659501053,PASS,-1.4089639505779927,-3.1931901888955148,-1.0396893271583605,PASS,1.9895470979127161,0.905633084963615,3.4983127572192183,PASS,1.8413557318274467,1.255510868810607,2.223018925433762,PASS,-1.3488950794396184,-3.964934244327602,-0.2041360621487022,PASS,1.9342075079472574,0.25171877317344027,3.9861467549039986,PASS,2.0014465069656393,1.0803441305709909,2.5174703192020917,PASS,-0.2151043282163028,-0.26545420982992285,-0.1477970865196248,PASS,0.2285979988041098,0.12482722293431482,0.33920675969652525,PASS,1.4539315852237213,0.9781381949317729,2.287797809611414,PASS,-1.1494593689353048,-2.1498855300328734,-0.5440724083153132,FAIL,1.2275570341960593,0.6661245951998147,2.8035089372780524,PASS,1.789445898844062,1.3391366414401353,2.3253072960966805,PASS,0.022949359957376698,0.021309561906877637,0.02431044502165082,FAIL,0.182375,0.171,0.184,FAIL,4.613072625608231,3.76343921713056,5.447311283826735,PASS,0.33559060737665625,-0.010078810272836636,0.520690790794997,PASS,0.6804931771167709,-0.04606726104772246,0.8828206574390572,PASS,0.828424756008763,0.3068815999944623,0.9295102539840355,FAIL,0.5373890137749658,0.20124784444665608,0.7007253147301878,PASS,0.2299985434211049,-0.17937544715855952,0.5004923397015315,PASS,0.37046983291836255,0.05663492587195043,0.5974967463194794,PASS,0.22363682770754548,-0.14504963657888742,0.48674858716216407,PASS,0.7716834606663937,0.13093679834515531,0.9325490114666352,PASS,0.5223560359014658,0.004036244089462619,0.7316258548460183,PASS,0.5956868001562645,-0.015150819894250961,0.7900123568800853,PASS,0.36562500000000003,0.1375,0.6125,FAIL,37.98482527728696,21.838434614444086,59.00123517132895,PASS,-0.24960205372201716,-0.3994897785617547,-0.09251244481027021,PASS,0.9998104710622996,0.9996680298446654,0.9998941394453177,FAIL,13163.885830037816,9103.521204863058,17757.898848995694,3,5,39,49,4,7
L00781,G02,P01,16,true,PASS,0.055121527777777776,0.023750000000000004,0.09378472222222221,FAIL,26.4791509757559,23.59634311601751,29.756441434219614,FAIL,-0.022224389733275438,-0.20102492174041003,0.13520461082921975,PASS,-0.024436187192421147,-0.025208724642279058,-0.023616620240872795,PASS,-0.024533069233875472,-0.07514224666542194,0.01428026417361293,PASS,0.6370214105631202,0.6361025129074179,0.638119442271083,PASS,5.015468750000004,4.870104166666671,5.1311848958333375,PASS,1546.1827595318985,1544.299102189672,1548.5490418058507,PASS,1.0100601445035409,0.5851752643154162,1.7843680245120987,PASS,0.3227287667392198,0.1856927634555185,0.5094362279495952,FAIL,3.590115733265829,3.492221169227191,3.6323388601309206,PASS,0.3432022259823413,0.23526676649373313,0.4242776082871742,FAIL,0.6142751479289941,0.6142751479289941,0.6142751479289941,FAIL,0.0015833221189812052,0.0015833221189812052,0.0015833221189812052,PASS,0.08879022080240917,0.08879022080240917,0.08879022080240917,FAIL,0.2222970516048579,0.2222970516048579,0.2222970516048579,PASS,0.2109926998463887,0.2109926998463887,0.2109926998463887,PASS,0.4370703299516857,0.4370703299516857,0.4370703299516857,PASS,-2.3415507025076767,-4.504759420353543,-0.7421589203764173,PASS,2.7421003699263315,0.866934466253802,5.267711791195908,PASS,2.218557578598599,1.5010254870502466,2.657995942640148,PASS,-1.4075739965453122,-1.953055118724063,-0.9355615908788051,PASS,1.2383561262712135,0.7970239992090183,1.463079692373079,PASS,2.0940183184099226,1.8278213017818734,2.305976680374931,PASS,-1.8855911965203145,-4.2144964126364135,-1.052540624703693,PASS,2.24102095962854,1.013163028732642,3.828835609953353,PASS,1.9893429225926735,1.3270926073382976,2.4468293552964493,PASS,-2.0795199141623124,-4.849218998166645,-0.18440916874024,PASS,2.111998815448021,0.28477931347710683,4.063925477545258,PASS,1.9696086363340595,1.415209489614403,2.3079682085251108,PASS,-0.2258537522040484,-0.2682373420849837,-0.13068627795826415,PASS,0.22727444708135036,0.11505771934380699,0.33464512752850034,PASS,1.4090909724208678,0.9987339096020068,2.151630527215579,PASS,-1.4066410741113713,-2.371094379894208,-0.8828381946286985,FAIL,1.1108363611863046,0.5364595050865648,2.577915926520568,PASS,1.9892687684918484,1.5578392820791065,2.399897380279665,PASS,0.022924317831691826,0.021434517662357315,0.024352838250492483,FAIL,0.1831875,0.175875,0.184,FAIL,4.617726153763497,3.5154438914495025,5.323394589998822,FAIL,0.40022706770593075,0.16125730520810394,0.6253600784636772,PASS,0.7002214218904144,-0.13603287260133182,0.9066620014508007,PASS,0.7909386023284651,-0.05106488193560879,0.9445925378868367,FAIL,0.5396441785099035,0.11938514915077109,0.7178895227604202,PASS,0.3044837618237973,-0.11596595349190705,0.6019617388259557,PASS,0.41038110123885774,-0.07538182128748461,0.6848346246159613,PASS,0.2503570219227074,-0.18195893512118497,0.5079626185391576,PASS,0.7919082912005262,0.08299859880329188,0.9483199567057928,PASS,0.5530525253633776,0.1381334166880037,0.7469818717091473,PASS,0.5721181523840893,-0.22343565636856522,0.8016964576714944,PASS,0.36979166666666663,0.1375,0.6416666666666666,FAIL,34.83916296486085,13.598815278568747,62.30168044195766,PASS,-0.1796968456160339,-0.3384685935489992,-0.021457893105240232,PASS,0.9999548464909203,0.9999259909831042,0.9999731169068422,FAIL,12789.009900214809,5836.359256699026,19547.53598140994,3,5,38,49,4,7
L00792,G02,P01,16,true,PASS,0.06128472222222223,0.027916666666666666,0.08680555555555555,FAIL,28.83664246976158,24.299466814855066,31.91642754163125,PASS,0.04465166559567999,-0.07984456533205744,0.24678440402232082,PASS,-0.05362145215569352,-0.05529509172409891,-0.050374209987210906,PASS,-0.02804012201445017,-0.07079734760712791,0.008781878858133203,PASS,0.6370205506487625,0.6358104195661834,0.6392369246257004,PASS,4.982838541666671,4.802968750000004,5.15139322916667,PASS,1546.713922500236,1543.9701457144686,1549.6418894773392,PASS,1.123158090831698,0.5773063630248552,1.875240785345001,PASS,0.2739800544593568,0.1578702361245016,0.4389850823252156,FAIL,3.5394257137747225,3.4738205156834376,3.5989880135397025,PASS,0.34284562109591377,0.2820226823307159,0.4310349862921217,FAIL,0.6142751479289941,0.6142751479289941,0.6142751479289941,FAIL,0.0015833221189812052,0.0015833221189812052,0.0015833221189812052,PASS,0.08879022080240917,0.08879022080240917,0.08879022080240917,FAIL,0.2222970516048579,0.2222970516048579,0.2222970516048579,PASS,0.2109926998463887,0.2109926998463887,0.2109926998463887,PASS,0.4370703299516857,0.4370703299516857,0.4370703299516857,PASS,-1.782394331963541,-3.2315251305135684,-0.7683075431938773,PASS,1.7287893263363014,0.8558152712281978,3.01003418865513,PASS,1.9869605012553835,1.011989601890298,2.5416334999455956,PASS,-1.4251982622158283,-1.9483971405699356,-1.0313836539291814,PASS,1.2681534661006992,1.0792696551282683,1.463079692373079,PASS,2.1321779959796716,1.842965659050071,2.3381461864007966,PASS,-1.609301583801683,-4.2144964126364135,-1.0572874706538302,PASS,1.6793465045384828,1.0200725847290701,2.6638198697533793,PASS,1.6583789966689073,1.03416575454798,2.389984203129918,PASS,-1.425290372717522,-4.849218998166645,-0.20194899191135995,PASS,1.3962996121489533,0.24342202518822645,2.703505745289817,PASS,1.5467874146696192,0.3904505157281948,2.4831589313506224,PASS,-0.2039080893237439,-0.27099734389894925,-0.13014815219933792,PASS,0.19593251842205428,0.0941184065910815,0.33993164012409394,PASS,1.3934951674119782,1.030930070203646,2.022877185407078,PASS,-1.3327119579247773,-2.317336646131124,-0.6698436257497922,FAIL,1.4915508719157669,0.5886037978386337,3.602076226389602,PASS,1.9766901939535393,1.3737169888585068,2.4825459246692603,PASS,0.022436603816740674,0.020367421705114797,0.02379242226961484,FAIL,0.18278125,0.1775,0.184,FAIL,4.877813574070461,3.616887094715149,6.026865864456513,FAIL,0.4030008344942565,0.24501971657471602,0.5775109533657804,PASS,0.7222781351318261,0.11862295719348312,0.9158727473319875,PASS,0.8462351877103531,0.4727265540321046,0.9499961126936667,FAIL,0.5741796188379806,0.1447883295852074,0.8137608493693784,PASS,0.25131264292617184,-0.11041621206899593,0.4699912924958811,PASS,0.3879086726848731,0.14588547004544095,0.547866660342926,PASS,0.22491369730169294,-0.10809065822018893,0.4263008726823896,FAIL,0.8531111104646188,0.564190933195915,0.9535087808060944,PASS,0.5878704301399469,0.18709738001081994,0.7982516621447231,PASS,0.6406090332953334,0.0977467133698861,0.828552570274012,PASS,0.3989583333333333,0.225,0.5,FAIL,39.48686199890416,23.06735834796604,69.72804766796968,PASS,-0.1888445052341613,-0.3098675078388386,-0.006013822203150873,PASS,0.9998026214159755,0.9997242485188284,0.9998751749665092,FAIL,13536.556061133364,8758.805156743652,17179.83968581668,4,5,37,49,4,7
L00809,G02,P01,16,true,PASS,0.0680109126984127,0.035138888888888886,0.09945436507936507,FAIL,28.809466787215577,23.88229138653393,32.40080423858642,FAIL,-0.11816166360755857,-0.20653424001112056,0.06722197435679401,PASS,-0.020420901573920285,-0.021522273496227855,-0.018888222823319294,PASS,-0.020243069561318383,-0.0565112060549022,0.03534965052632684,PASS,0.6368910734101685,0.6352035660498111,0.6381588231227878,PASS,5.008665364583337,4.8821223958333375,5.199817708333337,PASS,1546.2935067988403,1543.1818795216318,1548.3534059639608,PASS,1.0617051761881082,0.6351542288239778,1.4726251996175828,PASS,0.3094168597909944,0.23062903778481028,0.4174734312271617,FAIL,3.528178442562757,3.46251857023976,3.597861976412215,FAIL,0.31986678613197944,0.22662579193930443,0.3937979292088502,FAIL,0.6142751479289941,0.6142751479289941,0.6142751479289941,FAIL,0.0015833221189812052,0.0015833221189812052,0.0015833221189812052,PASS,0.08879022080240917,0.08879022080240917,0.08879022080240917,FAIL,0.2222970516048579,0.2222970516048579,0.2222970516048579,PASS,0.2109926998463887,0.2109926998463887,0.2109926998463887,PASS,0.4370703299516857,0.4370703299516857,0.4370703299516857,PASS,-1.36450752770345,-3.9388775137579985,-0.7302292195035749,PASS,1.6039739558099033,0.824852591211736,4.868540808875561,PASS,2.036234475163946,1.4465525734108045,2.753242754967506,PASS,-1.3367983927967466,-1.963836028626632,-0.8557487428322944,PASS,1.2377030650724858,1.0462929054055232,1.3560318883512257,PASS,2.1000081098872063,1.7028012948263112,2.5177388286179974,PASS,-1.4849184957589059,-4.2144964126364135,-0.8393125612874002,PASS,1.5555242355001724,0.8322709125807096,3.185377924419529,PASS,1.880037394766625,1.2421088830638531,2.425057498637388,PASS,-1.0177404788388296,-4.849218998166645,-0.15721421860733084,PASS,1.0846919581610948,0.22073475206553497,3.5051563762986806,PASS,1.833975849276467,0.8381768654651734,2.50567822688257,PASS,-0.1775980948031209,-0.266445139288179,-0.09828027043983928,PASS,0.17974409073451036,0.08309654275915801,0.3125169860559648,PASS,1.664818408096825,1.0244509683504344,2.289103839469218,PASS,-1.4972400428360277,-2.5939734789803306,-0.875806636792402,FAIL,1.1839779308257259,0.6013269694071557,1.971889439129884,PASS,1.933871313142805,1.3555472306552525,2.4869574479367693,PASS,0.022366321579108617,0.02030812275037265,0.023718877595510085,FAIL,0.184,0.184,0.184,FAIL,4.502847070155805,3.4110231536893556,5.735533752548408,FAIL,0.2918779894104338,0.111979380813335,0.5672152701474533,PASS,0.34519666687187023,-0.2022895646663561,0.902586143705192,PASS,0.5013943279338168,-0.11914239327974574,0.9407578168316193,PASS,0.33244223786863036,-0.1887679631653413,0.7109361029577386,PASS,0.09001828151879417,-0.21240641307562785,0.4980463243381401,PASS,0.20915585556690958,-0.13341929086684862,0.5993259807468222,PASS,0.05576711587911669,-0.21889332033223255,0.506013613012297,PASS,0.5335815070724576,0.037422835519937,0.9433117581719845,PASS,0.36788483970113856,0.00040021401036351503,0.7165913061837015,PASS,0.2639921219337573,-0.23763193972481586,0.7750888911990931,PASS,0.43385416666666665,0.26875,0.7,FAIL,45.93076589814506,21.4628299665575,63.553424311649096,PASS,-0.2457472044215347,-0.3520646709243547,-0.062199150042182086,PASS,0.9999525938601994,0.9998986995911315,0.9999757073946012,FAIL,15946.948121452688,11295.935082134687,25098.433184082518,3,5,38,49,4,7
L00815,G02,P01,16,true,PASS,0.05437499999999999,0.04,0.08336805555555556,FAIL,26.538312133979847,21.68203220371456,29.506844107200436,FAIL,-0.047939060530199286,-0.24802758266325448,0.14227676616069457,PASS,-0.024174490363555748,-0.026198324584594264,-0.021239576797502383,PASS,-0.017536987273380995,-0.06084343968989657,0.06426378041419753,PASS,0.63722123366676,0.635695570876451,0.6383550752090141,PASS,4.980332031250004,4.854583333333338,5.161992187500004,PASS,1546.754724124899,1543.79761313018,1548.8016939440224,PASS,1.0460145474086275,0.6162852942975984,1.8769796574110853,PASS,0.3079010423941454,0.11476103435822758,0.4526844560259441,FAIL,3.587074807128961,3.5303746546422383,3.6487033329154612,FAIL,0.3023270453628654,0.24409392740994568,0.37044365420400377,FAIL,0.6142751479289941,0.6142751479289941,0.6142751479289941,FAIL,0.0015833221189812052,0.0015833221189812052,0.0015833221189812052,PASS,0.08879022080240917,0.08879022080240917,0.08879022080240917,FAIL,0.2222970516048579,0.2222970516048579,0.2222970516048579,PASS,0.2109926998463887,0.2109926998463887,0.2109926998463887,PASS,0.4370703299516857,0.4370703299516857,0.4370703299516857,PASS,-1.6605291485428686,-3.2315251305135684,-0.7351184483647841,PASS,1.929091141849448,0.8470658171536314,4.829470142963721,PASS,2.100272104723116,0.9233761546255499,2.967610953076203,PASS,-1.3066841528986408,-1.9483971405699356,-0.8207197692532852,PASS,1.2634430719664596,1.0982264745711663,1.3793031500951067,PASS,2.100274322938349,1.7994928547508413,2.417740833120912,PASS,-1.4477033357704245,-3.44851674483074,-1.026960843110853,PASS,1.726737259388167,1.0155144001182976,3.081066313486299,PASS,1.7988369492066645,1.1018090655532191,2.3846956487300095,PASS,-1.23334328525074,-4.186005432787363,-0.25254285997280973,PASS,1.4355512515580775,0.2887471163050335,3.344826250096908,PASS,1.8855440444870748,0.5105335801205991,2.760933396467964,PASS,-0.19902827247673094,-0.266445139288179,-0.1367287542759455,PASS,0.21852182030295747,0.10258196899132455,0.33464512752850034,PASS,1.4812963564268293,0.8672613719168437,2.432833326271424,PASS,-1.4569839123713306,-2.324143202379079,-0.7272566668811461,FAIL,1.2663830663340627,0.6465239051511181,3.023699573543724,PASS,2.0711765513919564,1.6811648450663703,2.389915130885549,PASS,0.02291802936965183,0.02185522772150078,0.024020389461172076,FAIL,0.182375,0.171,0.184,FAIL,4.457152579520503,3.575784533196835,5.080057729400638,FAIL,0.3652112945736457,0.114946375714338,0.5465670529131592,PASS,0.6509498100079827,-0.06913669374030507,0.8984242394656727,PASS,0.815310567648892,0.3083412565655199,0.9418297324753284,PASS,0.5307791397308366,0.003062393313470531,0.7647212589832738,PASS,0.18269090529460727,-0.22910950369640204,0.46515932026737916,PASS,0.3473591752968377,0.04164589695766227,0.5610065773697344,PASS,0.20223569878796085,-0.11555603081086681,0.457920346051261,PASS,0.7601519283762578,0.17782381179897983,0.944743407256653,PASS,0.5052190479284355,-0.02942918963058437,0.7775694009766699,PASS,0.5851880417882368,-0.05056506024923689,0.8109309789081323,PASS,0.3875,0.2375,0.625,FAIL,34.93388378194774,16.10393500661862,53.57421971494075,PASS,-0.17925724257956088,-0.3790744549213113,0.0033594455936797087,PASS,0.9999373008961587,0.9998989741106,0.9999739488555583,FAIL,13637.404105255044,9497.375389553477,17084.622779536097,3,5,38,49,4,7
L00843,G02,P01,16,true,PASS,0.05991319444444445,0.02,0.09364583333333333,FAIL,27.285394852707025,23.569077851419244,32.07294846161851,FAIL,-0.02339985861055632,-0.1564847286849143,0.13656807529812381,PASS,-0.0432017754246934,-0.04540103557560766,-0.039710139442537304,PASS,-0.029467682754341126,-0.10650858717257683,0.02738361533468221,PASS,0.6361709768950263,0.6346350550894578,0.6382695557967482,PASS,4.964934895833338,4.807057291666672,5.0601432291666715,PASS,1547.0053626763993,1545.4555368086872,1549.575335138928,PASS,1.056485266375875,0.7213021229593125,1.8557481711250814,PASS,0.2793513151325283,0.14156287494792044,0.43187997792165944,FAIL,3.5498728915949336,3.4837443829073678,3.6111440261328016,PASS,0.34704546343012976,0.19716181139974792,0.45011113176976814,FAIL,0.6142751479289941,0.6142751479289941,0.6142751479289941,FAIL,0.0015833221189812052,0.0015833221189812052,0.0015833221189812052,PASS,0.08879022080240917,0.08879022080240917,0.08879022080240917,FAIL,0.2222970516048579,0.2222970516048579,0.2222970516048579,PASS,0.2109926998463887,0.2109926998463887,0.2109926998463887,PASS,0.4370703299516857,0.4370703299516857,0.4370703299516857,PASS,-2.020467594529967,-3.2315251305135684,-0.7509249492293142,PASS,2.4361897505430856,0.8506604359496214,4.98575280661108,PASS,2.0817067792419963,0.9493974448247338,2.781809446344105,PASS,-1.4598667992973344,-1.9493287362007612,-1.0943982910673782,PASS,1.2552199550425773,1.0790996042495142,1.3793031500951067,PASS,2.1592996950430106,1.846369327591638,2.4782975683480664,PASS,-2.014531754120581,-4.2144964126364135,-0.9328783523720369,PASS,1.9728283889437979,0.8778375960038152,3.4983127572192183,PASS,1.8942555783052735,1.0607504497171754,2.4369934351451374,PASS,-2.0637483987919922,-4.849218998166645,-0.1739209927502926,PASS,1.7249441583322536,0.24591384342663178,3.9861467549039986,PASS,1.7555160698989716,0.5011142095992025,2.309173879181177,PASS,-0.20253044345991894,-0.27179615836276205,-0.11850510780812881,PASS,0.20409597568427365,0.09507931401500748,0.34438709749081253,PASS,1.3500190177553917,0.9069346167644711,2.191874899511847,PASS,-1.3560908389819857,-2.5762485325325093,-0.6106172982098305,FAIL,1.3084197018060224,0.6777162925480703,2.738234528665048,PASS,2.0246844448291648,1.3793447178344656,2.5349765174301546,PASS,0.022749796437398356,0.02176440234006186,0.023860446490697473,FAIL,0.18359375,0.1799375,0.184,FAIL,4.475786634982736,3.7762551979995744,5.442916763926763,FAIL,0.41412172138329695,0.08093146896151839,0.6577083470340832,PASS,0.6729440653167811,-0.14188231221996928,0.9323725819456794,PASS,0.7894821903547218,0.026493076298368324,0.9531554529227476,PASS,0.5335485272661048,-0.004515260809853802,0.749066559743171,PASS,0.28101686000987874,-0.18144660154369918,0.6053402818353694,PASS,0.40068809986205856,0.02080874288559443,0.6648517440009107,PASS,0.2260880699498194,-0.19973281960821987,0.4892921375279895,PASS,0.7580618910028433,0.019012177947575135,0.9572864490172827,PASS,0.5710445555743525,0.09177082110560672,0.7667330790159588,PASS,0.5802840113077887,-0.23293505857427466,0.8216820613767868,PASS,0.384375,0.1375,0.6625,FAIL,36.720685623638225,18.716243625720477,71.22657131126282,PASS,-0.21334223587188372,-0.3449103355891852,-0.03507046624910933,PASS,0.9998587304660775,0.9997558293741776,0.9999130709386761,FAIL,14478.819077004657,6175.846434016242,21736.14214598766,3,5,39,49,4,7
L00849,G02,P01,16,true,PASS,0.05319444444444445,0.01,0.08614583333333332,FAIL,27.452228996815936,22.93419152177945,30.68009175716368,FAIL,-0.04889063288824445,-0.23114069563888165,0.22287207385703797,PASS,-0.05005394069962514,-0.05397045961714707,-0.04664525867587832,PASS,-0.03203282292928818,-0.1110808989653229,0.019214651310302727,PASS,0.6366865673046556,0.6346898413963599,0.6381850111209799,PASS,4.980442708333337,4.838372395833337,5.093033854166671,PASS,1546.7529224947193,1544.9201347105143,1549.0655797762574,PASS,1.0143572345343035,0.613767587262436,1.605666751118693,PASS,0.30140374755049804,0.15082134349129114,0.48202179611442525,FAIL,3.563741931666521,3.475116982384525,3.6424203189771323,FAIL,0.3207193618874692,0.25682414905792034,0.3948611170779904,FAIL,0.6142751479289941,0.6142751479289941,0.6142751479289941,FAIL,0.0015833221189812052,0.0015833221189812052,0.0015833221189812052,PASS,0.08879022080240917,0.08879022080240917,0.08879022080240917,FAIL,0.2222970516048579,0.2222970516048579,0.2222970516048579,PASS,0.2109926998463887,0.2109926998463887,0.2109926998463887,PASS,0.4370703299516857,0.4370703299516857,0.4370703299516857,PASS,-1.6766477853288562,-2.995741002765425,-0.7549398871774894,PASS,1.8965521773413134,0.6737522548690861,4.98575280661108,PASS,2.0589359904590987,1.3679988847265465,2.7018629144657407,PASS,-1.3771998638172156,-1.981273228241131,-0.8067728102429319,PASS,1.2732351858146256,0.8078813951021003,1.544126656417583,PASS,2.2335137784030588,1.7675083036727253,2.729389135359989,PASS,-1.6075044786213077,-4.2144964126364135,-0.9711994250572713,PASS,1.790267808971703,1.0155144001182976,3.4983127572192183,PASS,1.8763949976796304,1.3987726783634367,2.3952741084086724,PASS,-1.4288079615516276,-4.849218998166645,-0.1770695488534678,PASS,1.515743697423925,0.2551112172581734,3.9861467549039986,PASS,1.8370779211656323,0.5672090700452675,2.4692041600625343,PASS,-0.20330653048993227,-0.266445139288179,-0.13023970251483025,PASS,0.19812980822280846,0.09312213438656942,0.33464512752850034,PASS,1.5676752320060012,0.8670783754057005,2.436045090491631,PASS,-1.2164461941455964,-2.2424842604155395,-0.6293941351622439,FAIL,1.1929939967353207,0.6377646388987961,1.7071233557296424,PASS,1.9192385850186517,1.2402111014873338,2.439927029405597,PASS,0.022576300811187312,0.021020348548916164,0.023511302484836065,FAIL,0.1815625,0.171,0.184,FAIL,4.724966934317439,3.6762876517238934,5.781871830399985,PASS,0.3220051615927181,0.04586305978221333,0.5884146122438583,PASS,0.5916755133256815,0.07989972339808567,0.9049101601391449,PASS,0.8071924939849066,0.5127810297382609,0.9403460442135825,FAIL,0.476221360164357,0.10509243221508943,0.7502014240383983,PASS,0.16038134084865985,-0.2792321855358808,0.5198316471365243,PASS,0.3149118018747399,0.031128602549936123,0.6221338229221547,PASS,0.16924767519045741,-0.1768620113896936,0.4987480768415803,PASS,0.7043878128073623,0.1654267527537695,0.9449764284909231,PASS,0.44914525489699575,-0.12213574118205195,0.7589486532839066,PASS,0.530890034347749,0.09635414362167007,0.7956257962786899,PASS,0.3020833333333333,0.1,0.5625,FAIL,38.41976510854468,20.63989174164075,71.8939843400239,PASS,-0.2540811285460878,-0.4255814527188585,0.030971288881043224,PASS,0.9997690257957569,0.9995016453115193,0.999886287605984,FAIL,13409.645688774961,5457.6198665373595,23021.5551933102,3,5,38,49,4,7
L00860,G02,P01,16,true,PASS,0.06777777777777777,0.028194444444444446,0.10076388888888889,FAIL,28.03406682536921,23.15148280066305,32.40006989915745,FAIL,-0.048382201610483885,-0.20979107259691754,0.1870548986409334,PASS,-0.0325791005483989,-0.03381446616653222,-0.030302485242831106,PASS,-0.02386595245437686,-0.11213211051117539,0.03029780842935064,PASS,0.636972245662575,0.6358296394820883,0.6385503505830654,PASS,5.005826822916671,4.888255208333337,5.12201822916667,PASS,1546.339713314043,1544.4483195598677,1548.253574456344,PASS,0.9803662553388979,0.5530955904338295,1.7217692611520912,PASS,0.23284377313753668,0.12477361798732066,0.43325925090289413,FAIL,3.5392915689766706,3.4649208753924916,3.5891464722741993,PASS,0.3337703557671983,0.23354507694507587,0.42187070489204015,FAIL,0.6142751479289941,0.6142751479289941,0.6142751479289941,FAIL,0.0015833221189812052,0.0015833221189812052,0.0015833221189812052,PASS,0.08879022080240917,0.08879022080240917,0.08879022080240917,FAIL,0.2222970516048579,0.2222970516048579,0.2222970516048579,PASS,0.2109926998463887,0.2109926998463887,0.2109926998463887,PASS,0.4370703299516857,0.4370703299516857,0.4370703299516857,PASS,-1.9466589257405897,-4.087880532893659,-0.7695500241740599,PASS,2.2722539434772275,0.8538182607859811,4.98575280661108,PASS,1.9905684268199897,1.3384644052782377,2.687608062371822,PASS,-1.2462940439899062,-1.6157939840711175,-0.8617034112485185,PASS,1.2479400030960912,1.0902026291896854,1.3560318883512257,PASS,2.1782796015679255,1.8095841753196602,2.475418214373444,PASS,-1.8543673809062824,-5.02705850667373,-0.9394776561828381,PASS,1.9025195570395022,0.9458618243014555,3.4983127572192183,PASS,2.006804530802003,1.5751003095465712,2.363636375727637,PASS,-1.6590747840670772,-5.676026696347508,-0.17035591265793346,PASS,1.7594076906416465,0.2733747348845824,3.9861467549039986,PASS,2.0939239395353164,1.226793153321938,2.692823298785346,PASS,-0.2179369445049247,-0.4726794443432382,-0.11548406370763674,PASS,0.22100493176152441,0.13387490246535658,0.3333780074818268,PASS,1.808131090933627,1.0065449641417485,2.6108701452392413,PASS,-1.3882575770962924,-2.395858772570896,-0.6462441212600641,FAIL,1.2097863580131847,0.5574357693062402,2.8306054730731596,PASS,2.022365508925761,1.3757222599545902,2.5535725953564636,PASS,0.022433163831911265,0.020765072984577002,0.024046680176741605,FAIL,0.1831875,0.175875,0.184,FAIL,4.580761816405396,3.473199633786174,6.194960344820234,FAIL,0.3378413607408436,0.07422590558672856,0.7371825730476363,PASS,0.5415098877702439,-0.13431410688781192,0.9459647577544302,PASS,0.7869051911279075,0.3315090971151814,0.9615487026527518,PASS,0.4254126642698466,0.008867048713516817,0.7729589353464414,PASS,0.14448438902672026,-0.32763359529727865,0.6602416789923313,PASS,0.3086417647143026,-0.0048975207644952334,0.7151530383164921,PASS,0.1450930093125169,-0.23467479463948213,0.5150269257602046,PASS,0.6306999676290124,0.06268912972200502,0.9746294363470029,PASS,0.3680662768743035,-0.0596340042009518,0.7919329102226207,PASS,0.4563264911411308,-0.09417726295286113,0.8213440737467725,PASS,0.39770833333333333,0.21875,0.6,FAIL,35.674803315544764,18.34335904663584,54.53535033919966,PASS,-0.2101263831327038,-0.3534484249765212,0.014895729646179884,PASS,0.999901681192047,0.9998413830720332,0.9999533139637161,FAIL,14760.25557292525,9378.375060588905,22731.723044388855,3,5,39,49,4,7
L00882,G02,P01,16,true,PASS,0.06307291666666666,0.03375,0.09361111111111109,FAIL,26.90638194461453,23.203981221374615,30.315819183269085,FAIL,-0.10017753163308216,-0.21474352463961105,0.018454342807782867,PASS,-0.03645178030158068,-0.03819147535631367,-0.034551172722570044,PASS,-0.025527036003844112,-0.0743128338107464,0.04292024012252719,PASS,0.636190832957848,0.6346694953542844,0.6381636569685589,PASS,5.004121093750005,4.864661458333337,5.178632812500004,PASS,1546.3674796144628,1543.5267327337174,1548.6376396194041,PASS,0.9684982837856484,0.6654430948911756,1.6908442704030173,PASS,0.30550709152422545,0.2122865367501409,0.41327683386677105,FAIL,3.5399776194890107,3.4651150184693953,3.594137892325108,PASS,0.3512029565574427,0.22211696418467933,0.47112227047719557,FAIL,0.6142751479289941,0.6142751479289941,0.6142751479289941,FAIL,0.0015833221189812052,0.0015833221189812052,0.0015833221189812052,PASS,0.08879022080240917,0.08879022080240917,0.08879022080240917,FAIL,0.2222970516048579,0.2222970516048579,0.2222970516048579,PASS,0.2109926998463887,0.2109926998463887,0.2109926998463887,PASS,0.4370703299516857,0.4370703299516857,0.4370703299516857,PASS,-2.0786177078824686,-3.3729956071624545,-0.7958842161697371,PASS,2.2280344171267474,0.8566228969085339,4.568999036884788,PASS,2.320367661247504,1.172730810403965,3.2760487843149604,PASS,-1.2202149163873748,-1.6157939840711175,-0.7891429716729967,PASS,1.210837161603497,1.078948447912844,1.3342765356260857,PASS,2.102349755209806,1.6965660482493325,2.450651407815333,PASS,-1.262454933902629,-1.4910131493273506,-1.007526419646478,PASS,1.721861168000514,0.9014805700568866,2.385655573931433,PASS,1.9585924562027701,1.329072062980659,2.364735141547211,PASS,-1.434869141353314,-2.4911263212625308,-0.25315595989266126,PASS,1.6525747054197966,0.381338175583205,2.2759587420850895,PASS,2.0844474270844704,1.157899827317196,2.758821090845474,PASS,-0.21422422111435496,-0.26545420982992285,-0.13644306632636163,PASS,0.2544103548627777,0.11667132610372997,0.33464512752850034,PASS,1.5008851891580521,0.9218137007095115,2.3730030326862135,PASS,-1.3123668499995573,-2.244111770651849,-0.6739603252797398,FAIL,1.1361143921518946,0.5261205388298632,1.9312446354372235,PASS,2.0355527961855033,1.417494652475034,2.3450398049394865,PASS,0.022560526137345098,0.020217718636654686,0.0241612013308932,FAIL,0.184,0.184,0.184,FAIL,4.590538037580826,3.4304133174061433,5.634470062211808,PASS,0.29348988502254353,-0.019839661621468576,0.5033869750053553,PASS,0.6599491140268547,0.0818287404975599,0.8687547470692295,FAIL,0.8503852076290541,0.6638070041143082,0.9299823388627529,FAIL,0.5124946810489068,0.11125877630909667,0.718136686133022,PASS,0.19259054072765436,-0.2973030897917344,0.42225280473017346,PASS,0.3673280158866207,0.043131820757358955,0.5326017175497044,PASS,0.2537064884241087,-0.10516113445439135,0.44149403248985497,PASS,0.7297712724723103,0.14927622936915128,0.9275779270464097,PASS,0.44359094121356946,-0.22837939498995577,0.7375089787862585,FAIL,0.6173234651126691,0.25065771411446786,0.7929524201253082,PASS,0.43125,0.2375,0.7,FAIL,35.1537214609485,23.479968531888257,56.70202887736222,FAIL,-0.2806690336392458,-0.37684345695939836,-0.15871937879536735,PASS,0.9998905892768046,0.9998176658344149,0.9999373867323464,FAIL,13804.011416993664,9455.14759461824,17655.457552192875,3,5,36,49,4,7
L00911,G02,P01,16,true,PASS,0.07318452380952381,0.041527777777777775,0.11885912698412697,FAIL,26.753603961127666,20.873778917360347,30.511022926213137,PASS,0.024259951002701143,-0.1477705566193935,0.1809454537292196,PASS,-0.05146239332396242,-0.053862744214507874,-0.04772055174338298,PASS,-0.028340213877159237,-0.06860836276394462,0.025828504391714142,PASS,0.6369945567670187,0.6350387299653086,0.6385922956608379,PASS,5.013600260416671,4.86256510416667,5.154921875000004,PASS,1546.2131752884652,1543.912705505203,1548.671764614577,PASS,1.155651980784255,0.6706932205919337,1.7880895256215288,PASS,0.28990923409266406,0.1557984038034468,0.4329699635407923,FAIL,3.560041117122604,3.51960187297243,3.6252507397074463,FAIL,0.32428722538066135,0.24977810947070633,0.37968057669315325,FAIL,0.6142751479289941,0.6142751479289941,0.6142751479289941,FAIL,0.0015833221189812052,0.0015833221189812052,0.0015833221189812052,PASS,0.08879022080240917,0.08879022080240917,0.08879022080240917,FAIL,0.2222970516048579,0.2222970516048579,0.2222970516048579,PASS,0.2109926998463887,0.2109926998463887,0.2109926998463887,PASS,0.4370703299516857,0.4370703299516857,0.4370703299516857,PASS,-1.6485769921828022,-3.9388775137579985,-0.7695500241740599,PASS,1.800215645740817,0.8502236419899911,4.98575280661108,PASS,1.918575387771579,0.9468999029979719,2.7543669315179615,PASS,-1.2757629161205988,-1.953055118724063,-0.851778963888145,PASS,1.2530807516006144,1.0876332302134792,1.4491169353267503,PASS,2.1035600426698755,1.843129429663934,2.4922284505183905,PASS,-1.7069570665212506,-4.2144964126364135,-0.7679683696427442,PASS,1.6396075201163869,0.946838578146621,3.4983127572192183,PASS,1.6767431120267793,1.0915868856687452,2.298648477834196,PASS,-1.3550184941909778,-4.849218998166645,-0.18806453224021671,PASS,1.365041488484706,0.25706448863046427,3.9861467549039986,PASS,1.8068708503507485,0.5156363105451298,2.835053112661188,PASS,-0.1924423768648917,-0.26545420982992285,-0.13348579211421605,PASS,0.2242710114694237,0.1411705480498277,0.3354053995565045,PASS,1.4953855667406493,0.8921232671787883,2.417039130072829,PASS,-1.4780340134115493,-2.5265404782537635,-0.6308433663044448,FAIL,1.2233205804776794,0.5597932383870924,2.5754630331550166,PASS,1.9496229887657988,1.4232729178853765,2.3923593264639296,PASS,0.022111847973706307,0.01972379833157263,0.023816940283848762,FAIL,0.18196875,0.171,0.184,FAIL,4.491066282848591,3.4040541765260897,5.530070696278728,FAIL,0.34288644626783077,0.06719077573730793,0.6542962586363746,PASS,0.5973493972748369,-0.08951479038107521,0.9203911496313238,PASS,0.7977436681059934,0.32274724205681227,0.948889602341995,FAIL,0.5262616819946013,0.08485175203939446,0.7687151185556835,PASS,0.1861036085626455,-0.16398540400802403,0.5773499269414605,PASS,0.3390179219830374,0.06229001940413751,0.6567477717407075,PASS,0.17252481357401345,-0.18991394881918,0.48889951809085974,PASS,0.6984473242109401,0.02239288589088897,0.9583127706535493,PASS,0.50997980469502,0.10201299457137156,0.7640822021876937,PASS,0.5760796291251757,-0.06780684548251575,0.8169460968050926,PASS,0.46041666666666664,0.2375,0.73125,FAIL,37.14789143919159,15.511677147322668,62.9536588631876,PASS,-0.20227345972364955,-0.38065539592297354,-0.04120322184643074,PASS,0.9998109304736434,0.9996645075848716,0.9998891842345203,FAIL,13600.929164954749,6778.013876368692,20072.91616813044,4,5,37,49,4,7
L00914,G02,P01,16,true,PASS,0.06895833333333333,0.035277777777777776,0.11430555555555555,FAIL,26.711223048993467,23.44411833229434,30.22456620927047,FAIL,-0.07900231344683122,-0.18367891877778975,0.06850014321325797,PASS,-0.049249303614053205,-0.050992914847983184,-0.04747741408875674,PASS,-0.0469454736080961,-0.15591251275330417,0.04421938168513314,PASS,0.6358295875053526,0.6343841169677057,0.6374905198966536,PASS,4.987682291666671,4.829609375000004,5.099088541666671,PASS,1546.6350746853036,1544.8215749418482,1549.2082264952085,PASS,1.0575179773539973,0.5935232059576188,1.7998363526122063,PASS,0.3033944975578041,0.20019239292394186,0.4117070823071933,FAIL,3.534763475368022,3.4988588012255843,3.578060298354727,PASS,0.36931589657672287,0.29063105665894606,0.46140816266262635,FAIL,0.6142751479289941,0.6142751479289941,0.6142751479289941,FAIL,0.0015833221189812052,0.0015833221189812052,0.0015833221189812052,PASS,0.08879022080240917,0.08879022080240917,0.08879022080240917,FAIL,0.2222970516048579,0.2222970516048579,0.2222970516048579,PASS,0.2109926998463887,0.2109926998463887,0.2109926998463887,PASS,0.4370703299516857,0.4370703299516857,0.4370703299516857,PASS,-1.7859134479979388,-3.2315251305135684,-0.7549398871774894,PASS,2.1197351529658786,0.6517550593999027,4.868540808875561,PASS,1.9747886363320675,0.9292397893055554,2.5469232367572414,PASS,-1.3759966197853353,-1.9554516679492027,-0.9555063679130511,PASS,1.1933501773879605,0.7457891159326284,1.3932659071414355,PASS,2.1432427177838203,1.7321419826446014,2.7011974879363407,PASS,-1.6299112373297535,-4.2144964126364135,-1.0036939065965773,PASS,1.8186879462520675,0.7750590602655172,3.185377924419529,PASS,1.804397854767247,1.0375226843850636,2.2200817251099254,PASS,-1.5235138989369927,-4.849218998166645,-0.2056220555247026,PASS,1.6337116135579148,0.284656610125089,3.5051563762986806,PASS,1.8629267727614995,0.5998531897981665,2.6111041754461035,PASS,-0.20727741364807453,-0.2682373420849837,-0.13023970251483025,PASS,0.21321171684933304,0.09788551662052275,0.3406919121520981,PASS,1.3393110098509458,0.8169304723091513,2.352065620590965,PASS,-1.53125342715938,-2.395858772570896,-0.9580611996628381,FAIL,1.3826583784761093,0.6101198223099189,4.356152466471835,PASS,2.0649311158961696,1.5001964269412538,2.825680473863944,PASS,0.022938849417383528,0.021784910299343586,0.024254563722207013,FAIL,0.184,0.184,0.184,FAIL,4.687255953738112,3.919439635509767,5.621389928557545,FAIL,0.38634612771137494,0.1081822140376367,0.6407334185588272,PASS,0.6750631910303995,-0.05670183276533026,0.9213071606815046,PASS,0.8274403418621259,0.3427272885367091,0.9488640360892736,PASS,0.5461299104279395,-0.061593486720775775,0.791020157599878,PASS,0.2529133346870057,-0.261246689882336,0.5687105560918168,PASS,0.38257057061206795,0.024922661967208243,0.6510844833195637,PASS,0.22077729997656023,-0.2132309316817914,0.5149227739097143,PASS,0.7548793043381505,0.038349021615246344,0.9581169524037784,PASS,0.561783452557323,0.028738424867306756,0.7861099696999269,PASS,0.6151310176441295,-0.051109199354032867,0.824385256745413,PASS,0.434375,0.2,0.6625,FAIL,41.681580121664496,22.969991414755803,80.90925482245976,FAIL,-0.26444790911537847,-0.35884059504391613,-0.09190779745091654,PASS,0.9997442770142935,0.9994988122003782,0.9998908626262017,FAIL,16491.093804715198,7215.9080820552235,28317.720239829236,3,5,38,49,4,7
L00929,G02,P01,16,true,PASS,0.0676264880952381,0.03302083333333333,0.09810515873015874,FAIL,25.300630356049375,19.481622579167542,32.15493959877962,PASS,0.006006782599728776,-0.12331031932690002,0.23988951043476758,PASS,-0.04906122839506369,-0.05166615381403122,-0.04571655996531304,PASS,-0.02895270761485342,-0.10745379513548046,0.031381589604278365,PASS,0.6366950318986687,0.6349264431487209,0.6384327010433767,PASS,5.03965494791667,4.9407161458333375,5.196875000000004,PASS,1545.7890503484637,1543.2297816887685,1547.3996017510633,PASS,1.0122353650155782,0.5856248984843082,1.5218866559774265,PASS,0.34124126712421465,0.1533555492539354,0.47900302729822103,FAIL,3.5729475215417645,3.509321086427007,3.688199542384342,PASS,0.33952942585012513,0.21509109318733224,0.44676318333514,FAIL,0.6142751479289941,0.6142751479289941,0.6142751479289941,FAIL,0.0015833221189812052,0.0015833221189812052,0.0015833221189812052,PASS,0.08879022080240917,0.08879022080240917,0.08879022080240917,FAIL,0.2222970516048579,0.2222970516048579,0.2222970516048579,PASS,0.2109926998463887,0.2109926998463887,0.2109926998463887,PASS,0.4370703299516857,0.4370703299516857,0.4370703299516857,PASS,-2.27357139812777,-5.219644346084747,-0.7695500241740599,PASS,2.6624037338023196,0.8907064012079748,4.98575280661108,PASS,2.1710850556586863,1.0378488641028665,3.2050849919983073,PASS,-1.2892786747580507,-1.8227005447674356,-0.7593708614067285,PASS,1.2431674286784173,0.7986672852355418,1.5049679635120652,PASS,2.0683650485934972,1.75250019495212,2.4799432981335103,PASS,-2.004948683859682,-5.02705850667373,-0.9183793782961207,PASS,1.9298169073110192,0.8976952454938014,3.4983127572192183,PASS,1.8152731227595087,0.9947968861549916,2.4378074685122337,PASS,-2.1007604062247918,-5.676026696347508,-0.2664853136042649,PASS,1.847500851593976,0.3189797260536714,3.9861467549039986,PASS,1.8296350079107822,0.5119680027619622,2.6212806171364336,PASS,-0.23825579093791238,-0.47339803141634884,-0.14576489406647,PASS,0.24418180631039665,0.15603380112762258,0.33920675969652525,PASS,1.5784601971179997,1.0127477160112763,2.495307315441327,PASS,-1.5297238318588944,-2.395858772570896,-0.75239048698117,FAIL,1.1145631147652475,0.642102916993798,1.6676393862768302,PASS,1.9852206178435572,1.4628844732836852,2.5177579040176745,PASS,0.02207566378830228,0.019541093307228648,0.023716848835970125,FAIL,0.1831875,0.175875,0.184,FAIL,4.451596237013197,3.619231096336775,5.38973928311857,PASS,0.33798415510456004,0.01982658133204802,0.6137505548248912,PASS,0.685697689260402,0.15599087834488817,0.9033485236275847,FAIL,0.8513026367529098,0.6113151709907925,0.9391657161893583,FAIL,0.5454618582371071,0.25611024327896825,0.7193724494849879,PASS,0.2184486520905512,-0.24598496112356255,0.6168497540454594,PASS,0.36979772261261334,0.03538402426690953,0.7037619999815781,PASS,0.2503170817035417,-0.0639196599198075,0.5928496412651161,PASS,0.7704968551729826,0.24186094007642772,0.942703569718534,PASS,0.489125495166945,-0.09336701278460852,0.7236066720766956,FAIL,0.6130220763623686,0.22826758004020617,0.7976821792581903,PASS,0.40104166666666663,0.2375,0.53125,FAIL,31.416621744067207,16.967345459126246,48.848157282979294,PASS,-0.22720029735125424,-0.3569447960342886,-0.029049208741697956,PASS,0.999805102532616,0.9997009707849975,0.9998865466173664,FAIL,13832.392696269293,9046.61731623095,24258.710501482667,4,5,37,49,4,7
L00956,G02,P01,16,true,PASS,0.04987847222222222,0.023750000000000004,0.07461805555555555,FAIL,29.00376682962657,26.37988072393812,30.12481662921217,FAIL,-0.03165054369892884,-0.14926841547122577,0.08686873427192725,PASS,-0.023133744115683558,-0.025118245549467563,-0.02182036583740515,PASS,-0.014918995395261571,-0.07227273101832606,0.0376711081544053,PASS,0.6368006449577768,0.6353929593623504,0.6383305688081892,PASS,4.991367187500004,4.873802083333338,5.127604166666671,PASS,1546.5750909981366,1544.357390224905,1548.488846162192,PASS,0.9717790748257338,0.5999869487961873,1.8980389242327835,PASS,0.3414113214546071,0.2057462684331535,0.5039552234668975,FAIL,3.5260671109852364,3.4667142392076244,3.6113565431375783,PASS,0.3403259746973848,0.2484449156901252,0.45773487650767863,FAIL,0.6142751479289941,0.6142751479289941,0.6142751479289941,FAIL,0.0015833221189812052,0.0015833221189812052,0.0015833221189812052,PASS,0.08879022080240917,0.08879022080240917,0.08879022080240917,FAIL,0.2222970516048579,0.2222970516048579,0.2222970516048579,PASS,0.2109926998463887,0.2109926998463887,0.2109926998463887,PASS,0.4370703299516857,0.4370703299516857,0.4370703299516857,PASS,-2.2059739251223,-4.080347990406885,-0.8462832957496985,PASS,2.3311141302532867,0.8980434753351849,4.829470142963721,PASS,2.107410431657387,1.2646370389610602,2.621674401106128,PASS,-1.3456298217955862,-1.6157939840711175,-1.0599738392175113,PASS,1.2519528608193238,1.0564273841146916,1.463079692373079,PASS,2.177109623314643,1.9276953592923227,2.529911261361666,PASS,-1.4476433556416795,-2.1718839651546165,-1.1515499650443555,PASS,1.841286201522822,0.8361779279613717,3.081066313486299,PASS,1.978590409735467,1.1972726322853453,2.3379927250684225,PASS,-1.5873840373328467,-3.0806494904885593,-0.2125019369331769,PASS,1.7416162572202005,0.3646885917339734,3.344826250096908,PASS,2.086433856528094,1.002639454334266,2.6489636853913012,PASS,-0.2174376792762158,-0.266445139288179,-0.13394354369167757,PASS,0.21035159211534804,0.11242258774729771,0.33464512752850034,PASS,1.323529604942225,1.0025101645174836,2.225635824109033,PASS,-1.1454998191713617,-2.1547277153552664,-0.6865632469147734,FAIL,1.3464266976170944,0.538800382313463,3.719817340100285,PASS,2.0204517105600246,1.5788416230179676,2.4189471662842044,PASS,0.022822064712965752,0.021781821128077892,0.024452857677675976,FAIL,0.1831875,0.175875,0.184,FAIL,4.563963132653399,3.90005623818852,5.478859832183605,FAIL,0.3957141982471817,0.10498207668693599,0.5638892682602441,FAIL,0.7724273864242006,0.31158517247243667,0.8888591928692372,FAIL,0.8928117469347895,0.7577648687209194,0.9378706205735483,FAIL,0.5988573561972355,0.18534206347810642,0.8011616615624465,PASS,0.2982120820831038,-0.1489967803463937,0.4819130638512874,PASS,0.4289136872862721,0.10019748106468224,0.5613435347661783,PASS,0.28400631078261757,-0.10715975494258803,0.48970851807650684,FAIL,0.8454801357749175,0.4014986487255211,0.937340353657479,PASS,0.591398527181242,0.1028444947732676,0.785553912319588,FAIL,0.6789501083344132,0.21985924108385324,0.8156434860700605,PASS,0.334375,0.2,0.5625,FAIL,35.44439949491567,24.880206860332898,56.14119270465304,PASS,-0.18102910705527592,-0.2997839433885127,-0.04983527921180213,PASS,0.9999492862430389,0.9999155691821172,0.9999740599750958,FAIL,13300.670555909202,8806.173440272874,17986.760530489875,3,5,34,49,4,7
L00962,G02,P01,16,true,PASS,0.05596230158730158,0.030833333333333338,0.09094246031746031,FAIL,28.383721199800092,25.38926653336647,30.687715884006188,FAIL,-0.035672988615275354,-0.1795848083434539,0.09004648664199208,PASS,-0.024272091060404365,-0.025641434458650723,-0.021179855324070573,PASS,-0.009169942019060158,-0.04191109738304322,0.08219054730707595,PASS,0.6375335721106464,0.6363737524150297,0.6390011323135665,PASS,5.006009114583337,4.864166666666671,5.144531250000004,PASS,1546.3367459231586,1544.0818467856232,1548.6456939660911,PASS,0.9104699754537569,0.5161280686840317,1.504051526541536,PASS,0.273329092396032,0.132362241513988,0.5368372318599018,FAIL,3.5634948899810226,3.5114975062122893,3.6092702168980653,FAIL,0.3215519349309176,0.25805197890749865,0.37712484842582245,FAIL,0.6142751479289941,0.6142751479289941,0.6142751479289941,FAIL,0.0015833221189812052,0.0015833221189812052,0.0015833221189812052,PASS,0.08879022080240917,0.08879022080240917,0.08879022080240917,FAIL,0.2222970516048579,0.2222970516048579,0.2222970516048579,PASS,0.2109926998463887,0.2109926998463887,0.2109926998463887,PASS,0.4370703299516857,0.4370703299516857,0.4370703299516857,PASS,-1.5307698405784012,-4.080347990406885,-0.7302292195035749,PASS,1.740454387123147,0.8566228969085339,4.868540808875561,PASS,1.8785793423221022,0.9607491360607198,2.5393457657598457,PASS,-1.327648476004286,-1.9468444811852266,-0.9511816356093705,PASS,1.245794302453584,0.7832846264251215,1.5049679635120652,PASS,1.9964143852515113,1.686646977502373,2.3736971638275315,PASS,-1.4411524311281307,-3.44851674483074,-0.9191418098124998,PASS,1.6825132819057884,0.8537827147301408,3.185377924419529,PASS,1.8103361448321842,1.1328370229987474,2.278546762333777,PASS,-0.9837406330369728,-4.186005432787363,-0.20194899191135995,PASS,1.3666725650333276,0.2725247656097017,3.5051563762986806,PASS,1.8940950554189608,0.4996793208774184,2.9213343061508996,PASS,-0.19618132260936183,-0.266445139288179,-0.13644306632636163,PASS,0.19484993716181054,0.11667132610372997,0.3354053995565045,PASS,1.4492017802702746,0.9973449375748145,2.4926546764608553,PASS,-1.2331165389568317,-2.533219190417419,-0.7077705706459605,FAIL,1.1371605500014428,0.580925837857273,1.8770977898079706,PASS,1.9214217626513235,1.5361502025959108,2.399699070363547,PASS,0.022820581642241974,0.021631300435327575,0.02385671067524985,FAIL,0.184,0.184,0.184,FAIL,4.48650507025949,3.571079422229013,5.405178351532522,PASS,0.36887764971063636,0.031693619740391525,0.5703849286495007,PASS,0.6465641888107336,-0.0666437080540293,0.9101789059247163,PASS,0.810230202422372,0.2479064975765266,0.9431072050424736,PASS,0.5041649074004477,-0.11616254444231078,0.7214827307452502,PASS,0.20830088966738391,-0.2221857798816903,0.5066372741057343,PASS,0.3516702653870911,0.03838389462215241,0.5889932067431134,PASS,0.18710453882689076,-0.17660831565525176,0.4678836644235447,PASS,0.7271920221830408,0.08291548819159252,0.9483104367873102,PASS,0.5116513226638331,-0.11175817881052055,0.7404110322804052,PASS,0.5638412537151654,-0.0846274735960422,0.8072970695715429,PASS,0.38125,0.11875,0.58125,FAIL,40.765755344952,21.02773619578101,55.688254260338766,PASS,-0.1702531165106298,-0.3093634000487964,-0.04462675725249153,PASS,0.9999358168859938,0.9998636434311484,0.9999714245097315,FAIL,14807.553864716774,8844.329342306224,22164.99422587584,3,5,39,49,4,7
L00984,G02,P01,16,true,PASS,0.06078869047619047,0.030416666666666668,0.10744047619047618,FAIL,27.47801823246806,23.84239799974574,32.01092915215598,FAIL,-0.08715214719851576,-0.26650815245902776,0.13588725126827728,PASS,-0.03388375359079829,-0.036087777821568814,-0.029525955362377957,PASS,-0.017484609985037793,-0.06823661227492016,0.05054340698112815,PASS,0.6373079411581197,0.6355412766906896,0.6394477754778092,PASS,4.992044270833337,4.843906250000003,5.098971354166671,PASS,1546.5640692605655,1544.8234825502739,1548.9754982672616,PASS,1.1681703863873374,0.5366081061752592,1.8739970480945929,FAIL,0.2634026695106533,0.13033625568075183,0.3415234693353849,FAIL,3.569237533187076,3.4903092736727124,3.6232958334024414,FAIL,0.3015243913822849,0.2086630285245528,0.39616832368136645,FAIL,0.6142751479289941,0.6142751479289941,0.6142751479289941,FAIL,0.0015833221189812052,0.0015833221189812052,0.0015833221189812052,PASS,0.08879022080240917,0.08879022080240917,0.08879022080240917,FAIL,0.2222970516048579,0.2222970516048579,0.2222970516048579,PASS,0.2109926998463887,0.2109926998463887,0.2109926998463887,PASS,0.4370703299516857,0.4370703299516857,0.4370703299516857,PASS,-1.576785000535528,-2.995741002765425,-0.7056800722363515,PASS,1.9562706026847705,0.824852591211736,4.829470142963721,PASS,1.9857487169841679,0.8836719599984998,2.672984184610208,PASS,-1.3329632477166473,-1.9483971405699356,-0.8182483422252675,PASS,1.255637118841427,1.0917853820045504,1.4603501141396107,PASS,2.1704512760889707,1.7517982732143644,2.6409700768114726,PASS,-1.5821753631135391,-4.2144964126364135,-1.0852109640986354,PASS,1.818086885337314,1.2503504114025208,3.081066313486299,PASS,1.7296923015569687,1.0898787364098819,2.3928459956361534,PASS,-1.2732804011284042,-4.849218998166645,-0.20617515465867942,PASS,1.3312064409465654,0.2931183951925733,3.344826250096908,PASS,1.7392713009187224,0.3028294232115681,2.601047272432024,PASS,-0.19812079582312184,-0.26600135347494963,-0.12964247034470625,PASS,0.2015889003797117,0.08661403093059841,0.33920675969652525,PASS,1.469404261250541,0.8165417065324109,2.4496146288165686,PASS,-1.351921802763931,-2.4918302604417297,-0.7554658640040923,FAIL,1.5179435002947803,0.6665981881891722,3.5331740526619857,PASS,2.0097392356922206,1.525114383907318,2.4463678383642122,PASS,0.02217549211714231,0.020996195242382193,0.024016787362020783,FAIL,0.18075,0.171,0.184,FAIL,4.721916500312582,4.339830812691115,5.576144394827812,FAIL,0.332673581139733,0.07191223993990942,0.5945350921571746,PASS,0.6370620792411676,-0.1630742741772076,0.9036838888953685,PASS,0.7761167537419247,0.00984910909956339,0.94851721736174,FAIL,0.5443861406235774,0.15631176420515527,0.816254035728102,PASS,0.19032014122167995,-0.2619121832246122,0.499207438323632,PASS,0.3101400029272238,-0.06535767375446225,0.5922240565435446,PASS,0.16653800951323208,-0.18030523776514476,0.4284203332553853,PASS,0.7468700311000461,0.17811193226475353,0.9477153122391987,PASS,0.5335809506408743,0.02932430140152286,0.7993036386615234,PASS,0.5481408608714254,-0.1604749353817353,0.8257695383604378,PASS,0.39791666666666664,0.2375,0.7041666666666666,FAIL,39.357786053652674,19.867119144581753,62.508230748957985,PASS,-0.24758625624385555,-0.45447691227268794,-0.027025254000629304,PASS,0.9998847938014814,0.9996418293576603,0.9999502647850897,FAIL,14865.537495176268,8311.629965458971,27205.917034253518,3,5,36,49,4,7
L00995,G02,P01,16,true,PASS,0.06250744047619047,0.023750000000000004,0.11854662698412696,FAIL,27.067899552282995,22.729444681264646,31.712258338207537,FAIL,-0.08135401127699199,-0.2363630259435077,0.001436698258442306,PASS,-0.04502372130325297,-0.04740197860220133,-0.042477212459685915,PASS,-0.03964256340929394,-0.13739288199442062,0.006771311879585433,PASS,0.6359258948849051,0.6339015091602747,0.6377804188763294,PASS,4.995097656250004,4.851940104166671,5.156653645833337,PASS,1546.514365463249,1543.8845152917995,1548.844721111849,PASS,1.042351398887433,0.7475233846164371,1.8756505129411498,PASS,0.3432355535678344,0.13272199176942362,0.5400042258104887,FAIL,3.5396681555063476,3.4712253866845146,3.6043490391293114,PASS,0.36420844129603575,0.22976047128677768,0.5428225212665689,FAIL,0.6142751479289941,0.6142751479289941,0.6142751479289941,FAIL,0.0015833221189812052,0.0015833221189812052,0.0015833221189812052,PASS,0.08879022080240917,0.08879022080240917,0.08879022080240917,FAIL,0.2222970516048579,0.2222970516048579,0.2222970516048579,PASS,0.2109926998463887,0.2109926998463887,0.2109926998463887,PASS,0.4370703299516857,0.4370703299516857,0.4370703299516857,PASS,-1.4818074734119642,-3.3729956071624545,-0.6836303398800976,PASS,1.7008234047028996,0.8490628275958481,4.98575280661108,PASS,1.9203604153246405,0.9245946202083661,2.70674399183868,PASS,-1.2713814014853717,-1.8227005447674356,-0.9653349329599255,PASS,1.2793404874552254,1.1233794422156125,1.3932659071414355,PASS,2.014003505798009,1.641451499548458,2.3858756212630023,PASS,-1.535445732611318,-4.2144964126364135,-0.8895599864377789,PASS,1.557554529895126,0.9787221236275598,3.4983127572192183,PASS,1.715736831590708,1.0075385884795807,2.3655528497105265,PASS,-1.1110167725892368,-4.849218998166645,-0.1950257810776087,PASS,1.2592595117649363,0.2795979445874011,3.9861467549039986,PASS,1.584772336765985,0.2864761440314107,2.4405957704729286,PASS,-0.18302033494725278,-0.26941792766294737,-0.10850698770245622,PASS,0.2015334579306246,0.08754929035255109,0.31899936145910385,PASS,1.580237803857969,0.9142482587673265,2.624614573820119,PASS,-1.5286592648100168,-2.425022907514226,-0.7587314863299306,FAIL,1.3957435238430755,0.809055407181407,2.8995076468007754,PASS,2.040197307694186,1.5652366981758796,2.3670777809187533,PASS,0.02323594559478217,0.02200754777689954,0.024401918168345922,FAIL,0.184,0.184,0.184,FAIL,4.514694514629278,3.37733240799922,5.607069697145957,FAIL,0.341644432029537,0.08924073528041121,0.5862261017179168,PASS,0.503290226482212,-0.1528342130114198,0.9038670441139216,PASS,0.634319543741094,-0.1112984577998091,0.9384585437505418,PASS,0.47084380195648423,-0.13648898346075733,0.773300358386588,PASS,0.1318247310024774,-0.22368811712854866,0.544352303099876,PASS,0.28031573746982674,-0.13157533456878215,0.6381444990432286,PASS,0.13039768679218994,-0.24808107156111714,0.5119505274966538,PASS,0.6347986661046997,0.007435759601287131,0.9392449347317434,PASS,0.4744356195310336,-0.0861870672530598,0.762217689314018,PASS,0.4317161863768093,-0.2520637168567963,0.8341306406484237,PASS,0.396875,0.2,0.58125,FAIL,42.32929850788981,21.685457034246433,70.70662874379533,FAIL,-0.2672584793108582,-0.40191631146945533,-0.1744530987000901,PASS,0.9998081762389779,0.9995948859195393,0.9999072731321756,FAIL,15477.454437152843,8866.778800453809,29762.409460966788,3,5,38,49,4,7
L01030,G03,P01,16,true,PASS,0.06353174603174602,0.030416666666666668,0.09854166666666667,FAIL,25.01104318563788,20.203367020877824,27.12818957984545,FAIL,-0.07098610571503722,-0.24456867179560307,0.11338232983293298,PASS,-0.06610802318584173,-0.0722132562132729,-0.06247990258155388,PASS,-0.03685059016501315,-0.11874536219315608,0.0319846861967477,PASS,0.6350412120468762,0.6331494671772541,0.6362138157286146,PASS,4.997578125000004,4.868997395833338,5.1442057291666705,PASS,1546.4739877515697,1544.0871456979173,1548.5670581076497,PASS,1.0904374217935802,0.639746055064135,1.5030035240437787,PASS,0.24444410214472795,0.1309017791660696,0.3836602969282499,FAIL,3.5423611407176687,3.4696937154823644,3.620866122433705,PASS,0.39541059171471415,0.2701639024760256,0.5063343646712261,FAIL,0.6142751479289941,0.6142751479289941,0.6142751479289941,FAIL,0.0015833221189812052,0.0015833221189812052,0.0015833221189812052,PASS,0.08879022080240917,0.08879022080240917,0.08879022080240917,FAIL,0.2222970516048579,0.2222970516048579,0.2222970516048579,PASS,0.2109926998463887,0.2109926998463887,0.2109926998463887,PASS,0.4370703299516857,0.4370703299516857,0.4370703299516857,PASS,-1.8558134928475472,-3.3729956071624545,-0.7351184483647841,PASS,2.095628301888384,0.8618063025548477,4.829470142963721,PASS,2.144936818870987,1.2854251963939554,2.754449079360781,PASS,-1.3422573634990735,-1.8289111823062723,-0.8936198409192048,PASS,1.2254440727036906,0.7941392951761594,1.379303150095107,PASS,2.1633149275296644,1.889807054754805,2.4630601180681206,PASS,-1.621802709923634,-4.2144964126364135,-1.0601649398674837,PASS,1.7727559542500102,0.9655780038971182,3.081066313486299,PASS,1.8251522897313825,1.097518884699037,2.374377529589012,PASS,-1.4720299873246647,-4.849218998166645,-0.19185615901711914,PASS,1.4912475872926265,0.270070461901735,3.344826250096908,PASS,1.9384627245033812,1.0711758946602519,2.430760433354939,PASS,-0.2035380896228055,-0.266445139288179,-0.12364122269987247,PASS,0.21874705463900854,0.10156580052121289,0.3125169860559648,PASS,1.473415335373083,1.0227678048434239,2.192852586452609,PASS,-1.610611398090409,-2.5415383147204755,-0.72532401938704,FAIL,1.1444588663721764,0.5167004608953238,1.7824763424895236,PASS,2.0700974338192815,1.5289115681638805,2.4262021293959615,PASS,0.022801365754487816,0.021170835577438013,0.02425324489155583,FAIL,0.1831875,0.175875,0.184,FAIL,4.5847034751220495,3.425740733127897,6.073229672415352,FAIL,0.3635731913032604,0.13414376250984933,0.6760847228286165,PASS,0.595588484685412,-0.18898751172074024,0.918386702916989,PASS,0.7195026632899408,-0.02393833083511123,0.9454659393654962,PASS,0.48014325689533455,-0.16654441146275914,0.7054986032901707,PASS,0.20183716910202382,-0.21315003829815196,0.5893288574006095,PASS,0.34817742705898497,-0.02481314169781558,0.6621930921702702,PASS,0.19923642604622493,-0.20509633909010316,0.4580011625756878,PASS,0.7188237539193516,0.10971662668068359,0.9573840083270875,PASS,0.5106888152202557,0.026260581151404182,0.7354481548628419,PASS,0.5201918773580629,-0.25115329286002186,0.790026069269752,PASS,0.38229166666666664,0.11875,0.6625,FAIL,38.205416041532295,21.380111799566727,66.44700106130435,FAIL,-0.2985690136367516,-0.44698314352389484,-0.12187308415176275,PASS,0.9996715519771803,0.9993040151795496,0.9998157893428322,FAIL,15314.346632005978,7984.966016256418,20814.590654228974,3,5,38,49,4,7
L01038,G03,P01,16,true,PASS,0.0571875,0.024166666666666666,0.09013888888888888,FAIL,27.861235857953826,23.992359788088,32.95776575171962,FAIL,-0.11703592624632847,-0.2317451427700708,0.040788409401403616,PASS,-0.00919645984910273,-0.009734064094989848,-0.0079843229379883,PASS,-0.0038593023911439573,-0.048010479337522,0.07819566301880031,PASS,0.6365279524765415,0.6345346022846756,0.6380440757802923,PASS,5.023945312500004,4.917526041666671,5.1444140625000045,PASS,1546.044775855766,1544.0837543940493,1547.7770962628792,PASS,1.0787059716412375,0.598189523901149,1.6772934503972123,PASS,0.2865333921779609,0.13402341687663388,0.4041598847818949,FAIL,3.5267882355402254,3.45602281714334,3.6160572020011803,PASS,0.3138968964301872,0.22845673994434806,0.43360473178712877,FAIL,0.6142751479289941,0.6142751479289941,0.6142751479289941,FAIL,0.0015833221189812052,0.0015833221189812052,0.0015833221189812052,PASS,0.08879022080240917,0.08879022080240917,0.08879022080240917,FAIL,0.2222970516048579,0.2222970516048579,0.2222970516048579,PASS,0.2109926998463887,0.2109926998463887,0.2109926998463887,PASS,0.4370703299516857,0.4370703299516857,0.4370703299516857,PASS,-1.7354774504276032,-2.995741002765425,-0.749291413232315,PASS,1.921935913155726,0.8718737032390484,4.01043432940656,PASS,2.124376928575669,1.180751554339141,2.8950158004566386,PASS,-1.3106578474632817,-1.953055118724063,-0.8937207138477454,PASS,1.2648693878927793,1.0790996042495142,1.3932659071414355,PASS,2.044350227546246,1.656993465202829,2.365535744515354,PASS,-1.622589362546828,-4.2144964126364135,-1.089610499972503,PASS,1.6437440464546755,1.043695779705395,2.5595082588201494,PASS,1.8043529829077536,1.2160565698962715,2.2168679992061358,PASS,-1.4943968684238904,-4.849218998166645,-0.22615011254619932,PASS,1.4745976509254435,0.3274108352831513,2.543175619088044,PASS,2.1617478007741218,1.134701568740184,2.931363012922066,PASS,-0.20588714639811262,-0.26600135347494963,-0.1405328942552549,PASS,0.2636238175316855,0.10627220102481448,0.3429727282361105,PASS,1.6724047892258294,0.8469745043289989,2.5731379640677012,PASS,-1.326444274048417,-2.111343885768027,-0.6815880315298465,FAIL,1.2643818096453252,0.7008737651694136,2.8777010897980855,PASS,1.9955192797235808,1.2221172966332874,2.428645058075169,PASS,0.02208981302536963,0.02114775235841334,0.023544861663486294,FAIL,0.18278125,0.1734375,0.184,FAIL,4.765092701792534,3.7733718817726167,5.887475029162426,PASS,0.26957784368177584,-0.017557635927823445,0.5306806657303333,PASS,0.5948123118877362,0.07242731063303852,0.8900169827154387,FAIL,0.8214272696387245,0.5983944731162096,0.9359383120203394,FAIL,0.4572867007277731,0.13990748174045445,0.8016288089142415,PASS,0.1127600291713348,-0.2733868501166534,0.46094893828010464,PASS,0.2897735267265278,0.002260261058367643,0.5636516275054928,PASS,0.136059432072193,-0.12090263582133344,0.442738566994355,PASS,0.6746275101796824,0.1544948889088169,0.9411704423789218,PASS,0.393277478531504,-0.044910542564179826,0.7832631445709535,FAIL,0.5162390783001046,0.19452951505117244,0.8227498575790424,PASS,0.390625,0.15625,0.68125,FAIL,34.349798817820144,20.05999097163695,52.03386888897973,PASS,-0.18970724562997932,-0.3283163977186221,-0.02492719711123321,PASS,0.9999886171973649,0.9999799357523034,0.9999951555561439,FAIL,16512.449438469597,10628.58547942032,28330.910793366776,3,5,37,49,4,7
L01060,G03,P01,16,true,PASS,0.07028273809523809,0.024166666666666666,0.1132093253968254,FAIL,24.69539160346902,20.86857294037409,27.395089846414873,FAIL,-0.09995835682139478,-0.17921990391335896,-0.01976011925893069,PASS,-0.014211442473193267,-0.014963567176033102,-0.013533121802801473,PASS,-0.02571917212460182,-0.07022037581578403,0.0016894556675870454,PASS,0.6351062574699763,0.6334724561336942,0.6371735890169572,PASS,5.006406250000005,4.871692708333338,5.090820312500004,PASS,1546.3302812501597,1544.9561673141125,1548.5231831138565,PASS,0.8245691224894123,0.6052212733210658,1.2834853585630288,PASS,0.3031357422219717,0.15493706856719747,0.5224901213786604,FAIL,3.5252164068885246,3.4481881331699666,3.5911811672208236,PASS,0.37730621575720524,0.28527960000923785,0.48899713351989404,FAIL,0.6142751479289941,0.6142751479289941,0.6142751479289941,FAIL,0.0015833221189812052,0.0015833221189812052,0.0015833221189812052,PASS,0.08879022080240917,0.08879022080240917,0.08879022080240917,FAIL,0.2222970516048579,0.2222970516048579,0.2222970516048579,PASS,0.2109926998463887,0.2109926998463887,0.2109926998463887,PASS,0.4370703299516857,0.4370703299516857,0.4370703299516857,PASS,-1.9218361399120456,-3.3729956071624545,-0.7168389888603037,PASS,2.294854924756015,0.9152735317612124,4.98575280661108,PASS,2.2780326728811207,1.5122621129579614,2.7974935230161253,PASS,-1.4010118537777465,-1.9483971405699356,-0.8698493074770188,PASS,1.2362732343940137,1.0462929054055232,1.3560318883512257,PASS,2.2158273356688247,1.906687480340469,2.5088407475602987,PASS,-1.6681848481494213,-4.2144964126364135,-1.0610460073054417,PASS,1.9897389935829004,1.2928618271397214,3.4983127572192183,PASS,1.8507105750504693,1.315264728840135,2.455296156227229,PASS,-1.6495849740809745,-4.849218998166645,-0.25937243193191084,PASS,1.874883955110032,0.28995497041943513,3.9861467549039986,PASS,1.8827838142153852,0.9841540810050436,2.5219164039780995,PASS,-0.21413902029111265,-0.2670396969631327,-0.1416178651504853,PASS,0.2105390643629017,0.10914298553723265,0.3134310729636533,PASS,1.329345862319863,0.975482291495446,2.189635769044605,PASS,-1.4356018838135698,-2.4885961689647327,-0.7737327913341362,FAIL,0.9971257666166543,0.6404999570208042,1.464380936085055,PASS,2.1122141382394117,1.786041768169394,2.6526920610172415,PASS,0.02236602365043431,0.020700679835647665,0.023221807007206698,FAIL,0.18359375,0.1799375,0.184,FAIL,4.627124491104946,3.547110220652418,5.88309903924975,FAIL,0.41879520378598634,0.27026382638226326,0.6150044168755167,FAIL,0.7797549163038502,0.3820829902454101,0.9141503499403371,FAIL,0.8820487112057436,0.6225307444352036,0.9497763193726263,FAIL,0.629356326619686,0.4666655192513696,0.7299148500024938,PASS,0.3173644979893406,-0.030953752954165623,0.5708451848850139,PASS,0.4322332420063742,0.19854469444646772,0.6420567900063192,PASS,0.2881584372299601,-0.023329545276136038,0.537685030444395,FAIL,0.8747921888882366,0.6661818424415289,0.9529820307585591,FAIL,0.6292017539062277,0.36242554160334006,0.7524766787449166,FAIL,0.6903402027428978,0.28031249220949106,0.8026609114217137,PASS,0.4479166666666667,0.2,0.69375,FAIL,32.5438681552383,17.031993615217804,48.51578616320931,PASS,-0.20296472845422522,-0.28270486410670276,-0.11468205191672282,PASS,0.9999701152570482,0.9999387761465292,0.9999866920683853,FAIL,18343.74395844681,10215.787790689898,29672.808652584274,3,5,33,49,4,7
L01078,G03,P01,16,true,PASS,0.049687499999999996,0.0075,0.0878125,FAIL,22.254560008920897,18.978466759909125,24.265607463935723,FAIL,-0.08556273730679441,-0.17889357558580773,0.08792128504345655,PASS,-0.03432285973663618,-0.03545236131010979,-0.0323746881548306,PASS,-0.022610088207508976,-0.08538183232255497,0.02622294112586929,PASS,0.6333775244417208,0.6312518185780385,0.6343924006766076,PASS,4.972571614583337,4.880794270833338,5.057682291666671,PASS,1546.8810501939852,1545.4955965856288,1548.3750255261198,PASS,0.9245608403358333,0.5574790314392388,1.4312506361812998,PASS,0.28894384521102245,0.1432800274557503,0.4533154141530168,FAIL,3.579721912672669,3.510273109449937,3.6761954993164463,PASS,0.46621649712639357,0.3104889748969851,0.5850265920635335,FAIL,0.6142751479289941,0.6142751479289941,0.6142751479289941,FAIL,0.0015833221189812052,0.0015833221189812052,0.0015833221189812052,PASS,0.08879022080240917,0.08879022080240917,0.08879022080240917,FAIL,0.2222970516048579,0.2222970516048579,0.2222970516048579,PASS,0.2109926998463887,0.2109926998463887,0.2109926998463887,PASS,0.4370703299516857,0.4370703299516857,0.4370703299516857,PASS,-1.9103015538820052,-4.080347990406885,-0.7404333101901082,PASS,2.312819147734584,0.9213030111130063,4.98575280661108,PASS,2.3157496522275975,1.635698355753538,2.685857886534051,PASS,-1.1750243697746998,-1.5744126719318539,-0.7901482212277706,PASS,1.189585813776861,1.0790996042495142,1.3560318883512257,PASS,2.010189416207389,1.7102265051692374,2.5082785190685475,PASS,-1.7280734493366274,-4.2144964126364135,-1.023529901287147,PASS,1.989399023979669,1.0358817489440706,3.4983127572192183,PASS,1.8349001377104348,1.2204605244146352,2.424985512440101,PASS,-1.653141324771335,-4.849218998166645,-0.19499519851279173,PASS,1.9810892580320039,0.35816075422516713,3.9861467549039986,PASS,2.0337745740130577,1.492811592617271,2.6716131518237414,PASS,-0.21871872788645202,-0.2682373420849837,-0.1347073206865483,PASS,0.25971068223426963,0.15193503405328257,0.33464512752850034,PASS,1.5994851431413104,1.0374926012835999,2.3619508808689544,PASS,-1.3654402089862645,-2.2855136025306297,-0.6859744403625798,FAIL,1.1446147279453278,0.5505804316599251,1.7787953386593194,PASS,2.008560400798665,1.3464615320942888,2.4075558842224005,PASS,0.022699226064853258,0.021095408453671662,0.024309984442045594,FAIL,0.184,0.184,0.184,FAIL,4.661443987758222,4.090288545472097,5.7579497527771295,PASS,0.32707139990644685,0.0062847076317630035,0.6060230098978215,PASS,0.6741147032711734,-0.004541427348276922,0.9077878166574904,PASS,0.8188154241167449,0.24963704145844745,0.9403328669079192,FAIL,0.4899993900217179,0.11969077708641022,0.7125739878905963,PASS,0.24307772324635007,-0.12378983544137112,0.5809853289897713,PASS,0.36743604722417605,0.02979384680892931,0.6654124227513242,PASS,0.2086180529250374,-0.1478075159172808,0.5197271381214006,PASS,0.7665765781205637,0.20906354740633326,0.951801130094505,PASS,0.46009138624663415,0.008313541924498666,0.7422104431927776,PASS,0.5402272087183417,-0.08178689120801189,0.7875566412989394,PASS,0.35625,0.037500000000000006,0.58125,FAIL,32.547148182739775,19.126045576806018,55.73970276828814,PASS,-0.23182629682912917,-0.33132047277643595,-0.08524769140020357,PASS,0.9998731589525551,0.9997729626759781,0.9999458190390259,FAIL,14195.492211387394,9513.760226401777,18917.833023085725,3,5,39,49,4,7
L01093,G03,P01,16,true,PASS,0.06304563492063492,0.03375,0.10312500000000001,FAIL,26.039988970350603,21.93945380633714,28.73741699833286,PASS,0.13518601744542558,-0.018568985185837803,0.3143790844622667,PASS,-0.06266255794915228,-0.06569982910110225,-0.060641444769808074,PASS,-0.021876780659867694,-0.05023986683150098,0.02420222888943024,PASS,0.6373828706341386,0.63586529433331,0.6393009086108279,PASS,4.979563802083337,4.892578125000004,5.148424479166671,PASS,1546.7672295579127,1544.0184717945885,1548.1832049010814,PASS,1.0794457811121223,0.7209031581503957,1.5272051280262715,PASS,0.2731944167721343,0.14785933443305432,0.41659463324624146,FAIL,3.5598461835358384,3.49433177144263,3.6376300794249583,PASS,0.32934208558079336,0.20940856131270524,0.4160285166542701,FAIL,0.6142751479289941,0.6142751479289941,0.6142751479289941,FAIL,0.0015833221189812052,0.0015833221189812052,0.0015833221189812052,PASS,0.08879022080240917,0.08879022080240917,0.08879022080240917,FAIL,0.2222970516048579,0.2222970516048579,0.2222970516048579,PASS,0.2109926998463887,0.2109926998463887,0.2109926998463887,PASS,0.4370703299516857,0.4370703299516857,0.4370703299516857,PASS,-2.4048006576886163,-6.939887693331704,-0.7536054386980877,PASS,2.613218033877808,0.8490254357246612,5.9963767472148755,PASS,2.0339782889050757,1.0627350282147732,2.6569056208547686,PASS,-1.3464942233508517,-1.9483971405699356,-0.9035442882795781,PASS,1.211898822357292,0.8458249959494333,1.4491169353267503,PASS,2.0288646485027657,1.7753550478561038,2.2525828272233683,PASS,-2.1009829346981626,-7.464744788785678,-0.9099507216247474,PASS,2.015613284736682,0.9458618243014555,4.507469335356068,PASS,1.9186274084328474,1.2427957515792691,2.666712711188458,PASS,-2.1821116901440787,-8.156449790890093,-0.20076072059554098,PASS,1.6560248360317495,0.2516267456594269,3.8162712668637173,PASS,2.020690816808731,0.7238228243614947,3.0602457729216344,PASS,-0.30035983872427097,-1.0804140498713122,-0.13226298769030473,PASS,0.23258554802524498,0.13416737022615155,0.33920675969652525,PASS,1.5878022722083664,1.0657352537458071,3.338167554662302,PASS,-1.4480673555646613,-2.5563653108210107,-0.6407593789167362,FAIL,1.0816770796910948,0.5676166496787203,1.75338023882424,PASS,1.992029373025108,1.5398459743598383,2.5876556127447183,PASS,0.022588269943977307,0.02130165610216746,0.02362116469658752,FAIL,0.18359375,0.1799375,0.184,FAIL,4.64962448512018,3.5695743719173296,5.641382565413641,FAIL,0.38186347149924565,0.08037947142065337,0.6747018077902253,PASS,0.6811965330048202,-0.10133918130492922,0.9374719829778866,PASS,0.8228444174763336,0.2759485398278201,0.9553811179172841,FAIL,0.52143211916313,0.08707809020628184,0.7475361250461329,PASS,0.2623612403764183,-0.21391758644138864,0.6551187091494288,PASS,0.3931805637508523,0.04139555137043495,0.7194493572144909,PASS,0.2178646032182287,-0.1457159918017016,0.569810595620477,PASS,0.7631623370222391,0.10499491114918187,0.9687224026377207,PASS,0.5226513290421291,-0.05373924360715372,0.7726259400629515,PASS,0.5864253389845757,-0.0696318257025588,0.8112476051498976,PASS,0.4177083333333333,0.2375,0.6,FAIL,37.00680471056549,17.82735731337557,60.58723661151356,PASS,-0.15454768413869402,-0.2965464140097877,-0.002852147785550166,PASS,0.9996849357895998,0.9995295620642847,0.9997957581184337,FAIL,11418.389164970984,8068.031437505648,14681.206694740507,4,5,38,49,4,7
L01104,G03,P01,16,true,PASS,0.0634201388888889,0.023750000000000004,0.10562500000000001,FAIL,24.99100635187409,18.548303225257087,28.102960283646926,PASS,0.04606407289005998,-0.07704384172028284,0.22306972896305088,PASS,-0.04025259087997229,-0.04615201470842867,-0.03789243627871377,PASS,-0.04748221630110884,-0.12679352051825601,0.004401087597063017,PASS,0.6371482918568421,0.6352525044831314,0.6384007901109999,PASS,5.009348958333337,4.831328125000004,5.1287890625000045,PASS,1546.2823790830234,1544.338102184155,1549.1802482382968,PASS,1.03135648091966,0.5298652664753134,1.5501204860959157,PASS,0.29154436445944404,0.17152085421233118,0.4747337785877453,FAIL,3.5912743273216083,3.530349336146941,3.643706627018282,PASS,0.3072223106498432,0.20950436189114546,0.41019970725607924,FAIL,0.6142751479289941,0.6142751479289941,0.6142751479289941,FAIL,0.0015833221189812052,0.0015833221189812052,0.0015833221189812052,PASS,0.08879022080240917,0.08879022080240917,0.08879022080240917,FAIL,0.2222970516048579,0.2222970516048579,0.2222970516048579,PASS,0.2109926998463887,0.2109926998463887,0.2109926998463887,PASS,0.4370703299516857,0.4370703299516857,0.4370703299516857,PASS,-2.205961466120524,-4.080347990406885,-0.8290100271056272,PASS,2.383482086350872,0.8987769985192327,4.98575280661108,PASS,2.2792241081881093,1.6492808787019861,2.7656476439569477,PASS,-1.3960367931593292,-1.8289111823062723,-0.9064702749834145,PASS,1.2582333251242417,1.1089595979844213,1.3932659071414355,PASS,2.135652134316519,1.8108362005438674,2.5215928910396563,PASS,-1.5362233310746807,-3.44851674483074,-1.0513977820603537,PASS,1.7697377573302289,0.9426860632398927,3.4983127572192183,PASS,1.6554641479452912,1.0716258649995318,2.4592817337624964,PASS,-1.6670767364858434,-4.186005432787363,-0.23021385995317845,PASS,1.8231671649206755,0.44077068388964963,3.9861467549039986,PASS,1.823721158716276,1.3671200329322144,2.3032099633449916,PASS,-0.2000549131519967,-0.26939971497132364,-0.13611322574144424,PASS,0.2657370741973739,0.15193503405328257,0.33993164012409394,PASS,1.4413075388342818,0.9863088566841645,2.171110149038169,PASS,-1.5068207173235795,-2.666827653662668,-0.37172753102855527,FAIL,1.190796164616207,0.7224060669053436,1.7381505349666588,PASS,2.025898834502919,1.264153350386535,2.5081216309846095,PASS,0.022790565845110695,0.021309801593546864,0.024100558088837532,FAIL,0.184,0.184,0.184,FAIL,4.387586830668437,3.4649381316478465,5.647549995123605,FAIL,0.3290866945823031,0.13064617944293783,0.5345469681237334,PASS,0.697533425653187,-0.019083558697792324,0.9110069478321764,PASS,0.8290350820123014,0.32429494254168545,0.9394822670857425,FAIL,0.5287535914358578,0.06226279766118498,0.7539163498943898,PASS,0.24515189240843327,-0.13217517507561333,0.5199287515518406,PASS,0.38415038847474203,0.12393983487621431,0.584022916742271,PASS,0.22712596467134627,-0.11430056673042557,0.43851859859944786,PASS,0.8115899006254081,0.29359274183664,0.9426221866105238,PASS,0.5482186557164093,-0.016578992643274185,0.7542210314219031,PASS,0.629846873145856,0.04632614479495732,0.8000439997206841,PASS,0.3770833333333333,0.07500000000000001,0.6,FAIL,32.95062233455587,18.200312318911028,57.695886993411804,PASS,-0.19839857971792424,-0.3057750674188493,-0.002735106119264988,PASS,0.9999124176678728,0.9998473983019691,0.9999433828351229,FAIL,12460.962950847272,7092.291497282101,19599.4438806319,4,5,38,49,4,7
L01108,G03,P01,16,true,PASS,0.06102430555555556,0.024166666666666666,0.10250000000000001,FAIL,24.379933229562468,19.88247000324697,30.0484716880903,FAIL,-0.1768401573949528,-0.37434871266205105,-0.0835595330317014,PASS,-0.006461591809513047,-0.007695333239207565,-0.005952100938648991,PASS,-0.026217917155185035,-0.0739351999898374,0.005369888343466741,PASS,0.6353625388173649,0.6344154394196639,0.6365401750545969,PASS,4.972356770833337,4.780416666666671,5.151223958333337,PASS,1546.8845474760988,1543.9729011488612,1550.0089981210588,PASS,1.0377499219001844,0.6462100560472834,1.5322724472828748,PASS,0.3505134074853915,0.19908909629727012,0.508915595021389,FAIL,3.559012578210816,3.5064533075666353,3.6264719949066024,PASS,0.36030401869815853,0.25425523276956374,0.47271456047165333,FAIL,0.6142751479289941,0.6142751479289941,0.6142751479289941,FAIL,0.0015833221189812052,0.0015833221189812052,0.0015833221189812052,PASS,0.08879022080240917,0.08879022080240917,0.08879022080240917,FAIL,0.2222970516048579,0.2222970516048579,0.2222970516048579,PASS,0.2109926998463887,0.2109926998463887,0.2109926998463887,PASS,0.4370703299516857,0.4370703299516857,0.4370703299516857,PASS,-1.8314913057081808,-3.3729956071624545,-0.7549398871774894,PASS,2.3831438237507516,0.8650397713519862,4.98575280661108,PASS,2.1390558644510986,1.1943669977603761,2.8030494517435893,PASS,-1.3544081144134048,-1.8227005447674356,-0.9575050950707686,PASS,1.2072341486687077,1.0093338850160938,1.4491169353267503,PASS,2.153783159084428,1.8679907845177557,2.452322912909731,PASS,-1.6083661784749779,-4.2144964126364135,-0.8229937139115345,PASS,1.9584182320424832,1.0184446616537943,3.4983127572192183,PASS,1.9346659538379778,1.2808673145383396,2.4504983370785394,PASS,-1.5238234298359004,-4.849218998166645,-0.21513092170617137,PASS,1.7714304051715009,0.3018116522474019,3.9861467549039986,PASS,2.0182770846711495,0.7684292899554157,2.832685447679543,PASS,-0.2074112856102732,-0.268681127898213,-0.14001865343102424,PASS,0.21677008720156749,0.10258196899132455,0.3406919121520981,PASS,1.4591426539736463,0.8767055155489143,2.5779690028994535,PASS,-1.3507709381328117,-2.4918302604417297,-0.6269796825022205,FAIL,1.00321736322595,0.6045872198376122,1.3130617183349156,PASS,1.807839368709887,1.1320091147831708,2.486797541388512,PASS,0.0225849143924738,0.0207773096327066,0.02424103916454246,FAIL,0.184,0.184,0.184,FAIL,4.708841785615268,3.7461528577325827,5.854295748641602,FAIL,0.3947097544311655,0.09888719057662512,0.5946233262787083,PASS,0.7038629255720676,0.05957384749722795,0.9065795672977265,PASS,0.8503473482149023,0.5395378755036366,0.9453011840893006,FAIL,0.5649681547952683,0.20598368578015136,0.7584625680910728,PASS,0.27647752533788833,-0.22950532377224328,0.552518223906752,PASS,0.4032679135779115,0.021901957783736534,0.6343687733388743,PASS,0.2322150102770994,-0.11303281536759038,0.4942816354623887,PASS,0.7910685579849439,0.1556471947852902,0.9431964778617654,PASS,0.5564197878968866,0.042971723363201014,0.7714324776785291,PASS,0.626393944063867,0.1369054365080306,0.8121178338188216,PASS,0.39427083333333335,0.2,0.6,FAIL,36.824138811107915,15.565582381565003,66.57760140583608,PASS,-0.24348665427585878,-0.4329147053745941,-0.14633089510123137,PASS,0.9999931020519104,0.9999861953093188,0.9999964198698683,FAIL,17947.443092256377,9798.589486373754,31189.625466644437,3,5,38,49,4,7
L01136,G03,P01,16,true,PASS,0.053869047619047615,0.024166666666666666,0.1024156746031746,FAIL,24.22629341801356,20.211627551432116,28.137942151657732,PASS,0.13482520338982498,-0.026379868511016705,0.3168744713279894,PASS,-0.05377880382172853,-0.05514775221027379,-0.05155810045407003,PASS,-0.0171674441429799,-0.06527397853695256,0.08046316079481605,PASS,0.635376516338157,0.6340273716926773,0.6370915373749674,PASS,5.007591145833338,4.925312500000004,5.148020833333337,PASS,1546.3109932094103,1544.025042445833,1547.6503462808098,PASS,0.9824308860759798,0.5774855672306695,1.5139148980784152,PASS,0.30509507738186137,0.17041842024392406,0.4745240576568828,FAIL,3.5515932600449283,3.447161246188092,3.6294612443056207,PASS,0.38421683572025356,0.2727909778243506,0.4773056353260168,FAIL,0.6142751479289941,0.6142751479289941,0.6142751479289941,FAIL,0.0015833221189812052,0.0015833221189812052,0.0015833221189812052,PASS,0.08879022080240917,0.08879022080240917,0.08879022080240917,FAIL,0.2222970516048579,0.2222970516048579,0.2222970516048579,PASS,0.2109926998463887,0.2109926998463887,0.2109926998463887,PASS,0.4370703299516857,0.4370703299516857,0.4370703299516857,PASS,-2.1946757468415816,-4.504759420353543,-0.7325300330853204,PASS,2.495384136972662,0.8458676108883014,4.98575280661108,PASS,1.9072144657009387,0.7349027725059523,2.666481654391366,PASS,-1.473352701394906,-1.9822048238719565,-0.9214082935282503,PASS,1.3109916901863512,1.1420419382999294,1.5162011423249258,PASS,2.126183681996954,1.6674958129684527,2.429619060065,PASS,-1.757462685409331,-4.2144964126364135,-0.7534693955668279,PASS,1.9186030749982659,0.7288844405970243,3.4983127572192183,PASS,1.7471343431518918,1.0334579270550701,2.3457067626888843,PASS,-1.7974744208613467,-4.849218998166645,-0.1711837762056844,PASS,1.6427427941630328,0.21591360394389358,3.9861467549039986,PASS,1.669772302622606,0.2547294842688255,2.6036022864069817,PASS,-0.21336015030923228,-0.27099734389894925,-0.1304925434421461,PASS,0.21872543963759292,0.08661403093059841,0.3406919121520981,PASS,1.3811768591406204,0.8116091711288784,2.0111035157444497,PASS,-1.4758105840380682,-2.3958587725708966,-0.5380828438340108,PASS,1.0099283764031566,0.463267669606987,1.550987941236634,PASS,2.0925172073429805,1.4702790511752846,2.692683355107662,PASS,0.022757435141891377,0.021511850932460594,0.02370468409399004,FAIL,0.182375,0.1775,0.184,FAIL,4.547969456015984,3.3030106529833607,5.637435759665829,FAIL,0.354445822355667,0.13375126017406574,0.605003391514951,PASS,0.6309234944887371,-0.20805551314102835,0.9312805528022964,PASS,0.7727430835357195,-0.00688422993082026,0.9512225619375354,PASS,0.5249315104242305,-0.04121754307069275,0.7576802703199987,PASS,0.2206839523419752,-0.1786402221314693,0.5680262863822999,PASS,0.34298426362797485,-0.06953449653998497,0.6431222589113258,PASS,0.2028002849351822,-0.20954223715638493,0.51832982675523,PASS,0.733522171020786,-0.008350425568302858,0.9546433479656985,PASS,0.5447945149868436,0.028204324014361893,0.7638607506486697,PASS,0.5764133645430495,-0.20654802156073526,0.8125355942443804,PASS,0.33333333333333337,0.2,0.5,FAIL,33.00928582062916,19.16418393579016,71.91188608504325,PASS,-0.16910252463638892,-0.31076895983392383,-0.0333646047117975,PASS,0.9998186637149289,0.9997118886297972,0.9999030687583197,FAIL,12089.190551972875,7379.373187714189,17432.286941355498,4,5,40,49,4,7
L01150,G03,P01,16,true,PASS,0.05576388888888889,0.023750000000000004,0.10354166666666667,FAIL,21.316747480582478,16.29704936873515,24.353903195983577,FAIL,-0.16813848913536172,-0.31890995162888824,0.0019257634441379508,PASS,-0.013175416327319748,-0.014534927912444361,-0.012403600504190143,PASS,-0.023823458134914,-0.1274217281124659,0.03825298092504732,PASS,0.6283383626598377,0.6264821591665919,0.629524367027,PASS,4.984752604166671,4.85346354166667,5.11701822916667,PASS,1546.6827648959484,1544.5297108527016,1548.8199222023136,PASS,1.0272364708163986,0.5494631791722924,1.7544683623948225,PASS,0.31368910397659727,0.1877464370084766,0.4411667738927232,FAIL,3.676004601754302,3.58585370737426,3.7822753451613993,PASS,0.6470944979762003,0.5533341089950191,0.7615360751230318,FAIL,0.6142751479289941,0.6142751479289941,0.6142751479289941,FAIL,0.0015833221189812052,0.0015833221189812052,0.0015833221189812052,PASS,0.08879022080240917,0.08879022080240917,0.08879022080240917,FAIL,0.2222970516048579,0.2222970516048579,0.2222970516048579,PASS,0.2109926998463887,0.2109926998463887,0.2109926998463887,PASS,0.4370703299516857,0.4370703299516857,0.4370703299516857,PASS,-1.9831909446956293,-3.2315251305135684,-0.7563778956660803,PASS,2.092618980388362,0.8506604359496214,4.868540808875561,PASS,2.215797216251235,1.419322696125056,3.0682615280253387,PASS,-1.2632596030100869,-1.8242532041521446,-0.8067728102429319,PASS,1.240634095293163,1.0733118313410712,1.379303150095107,PASS,2.0461027856899183,1.7551834751733142,2.418200295719136,PASS,-1.4301823536017202,-3.44851674483074,-0.7863483960099971,PASS,1.750757405824114,0.8366321028208092,3.185377924419529,PASS,1.9439788819945556,1.193447373976927,2.3314526237080617,PASS,-1.579859612925394,-4.186005432787363,-0.17809460833349577,PASS,1.5985358715989162,0.24591384342663178,3.5051563762986806,PASS,2.1682618200799224,1.6731649465867537,2.795261106044403,PASS,-0.21491532376318695,-0.268681127898213,-0.14001865343102424,PASS,0.2269428021752018,0.10914298553723265,0.3414875757805377,PASS,1.5765627377088753,0.9519160049953399,2.363558248121768,PASS,-1.2961846248618265,-2.1965551114005955,-0.6573745005391349,FAIL,1.2602683080716415,0.5072150506180959,2.9466032635257013,PASS,1.9637770321786159,1.3002510530159637,2.4460869324567187,PASS,0.022600716192529787,0.020697206455705778,0.024020069400057794,FAIL,0.184,0.184,0.184,FAIL,4.482982618960239,3.5138667752025357,5.54301232417773,PASS,0.3039893699435253,0.0031745943963099603,0.5152865645622916,PASS,0.5451795418212627,-0.17726976197522687,0.8813324801136356,PASS,0.7455690378263424,0.05868954898209923,0.9318491437331928,PASS,0.44666412619293083,-0.031252028936462097,0.7039393686369357,PASS,0.13986848252385572,-0.3072081311110101,0.4770604209349614,PASS,0.3105039121279638,0.03922998056816631,0.5648829312954703,PASS,0.16614393057684934,-0.22104906769428617,0.42443213480615216,PASS,0.6207311320707876,-0.08371911654795278,0.9320967525369022,PASS,0.40088685962709797,-0.07882489771268664,0.72488744464072,PASS,0.48956278223554106,-0.27609425058242837,0.7987211371716014,PASS,0.384375,0.2,0.6,FAIL,30.031190689698956,19.214281278010787,49.71284621975825,FAIL,-0.26000441351546755,-0.4218051492949947,-0.08123108574660845,PASS,0.9999696799764424,0.999947504276844,0.9999851571124808,FAIL,16399.968867037198,10232.98599048429,25162.292378852224,3,5,39,49,4,7
L01182,G03,P01,16,true,PASS,0.05710813492063492,0.0175,0.09552083333333332,FAIL,22.90832085378679,15.225145999120171,26.931499792619977,FAIL,-0.06823319916888487,-0.23726583747255353,0.22986265324181274,PASS,-0.032571627226862535,-0.03402977620427207,-0.030967940518403715,PASS,-0.022927919621804054,-0.07144314770601407,0.04003682747951047,PASS,0.6333253398292977,0.6312623211976517,0.6362388047559515,PASS,5.005390625000004,4.9335937500000036,5.136289062500004,PASS,1546.3468138565167,1544.2160152449042,1547.5155419520536,PASS,0.9740460710243011,0.5572388933177397,1.4518191749948615,PASS,0.31632279101494704,0.20659066993815892,0.46912736302026264,FAIL,3.5523066263820544,3.477737220968293,3.6300641555272906,PASS,0.44537223901213163,0.29674184461941416,0.5406529635501482,FAIL,0.6142751479289941,0.6142751479289941,0.6142751479289941,FAIL,0.0015833221189812052,0.0015833221189812052,0.0015833221189812052,PASS,0.08879022080240917,0.08879022080240917,0.08879022080240917,FAIL,0.2222970516048579,0.2222970516048579,0.2222970516048579,PASS,0.2109926998463887,0.2109926998463887,0.2109926998463887,PASS,0.4370703299516857,0.4370703299516857,0.4370703299516857,PASS,-1.884892181294469,-4.504759420353543,-0.7351184483647841,PASS,2.2579436811310103,0.8439729159864856,4.829470142963721,PASS,2.028010480338264,1.327914959488901,3.0810672462797113,PASS,-1.285409923548786,-1.8289111823062723,-0.7682989582615395,PASS,1.251092298494176,1.0733118313410712,1.463079692373079,PASS,2.0943371257549632,1.684203251216245,2.5109397823835797,PASS,-1.4132067585909673,-3.1931901888955148,-1.0396893271583605,PASS,1.7349412562364548,0.9685082654326147,3.081066313486299,PASS,1.871143502096066,1.2682271481768197,2.3602953185179425,PASS,-1.2303182158260006,-3.964934244327602,-0.20453464725907747,PASS,1.5435658732724624,0.2657372951266232,3.344826250096908,PASS,2.0947497389145235,1.3448296453082407,2.6532783884452487,PASS,-0.196419749299352,-0.26545420982992285,-0.13264224908127847,PASS,0.23511519816316842,0.10444653316643084,0.3414875757805377,PASS,1.524351082544625,1.045237236101124,2.2972940197189073,PASS,-1.289946733565474,-2.2509183268998045,-0.671829448166305,FAIL,1.0757382675491534,0.5009124933471995,1.6162623498496385,PASS,1.9474395922908871,1.2672823097184558,2.416358807719013,PASS,0.022593929017733314,0.021017080768496087,0.023808782056277473,FAIL,0.1831875,0.175875,0.184,FAIL,4.635997843051328,3.968333718592163,5.843786092142443,PASS,0.29212920222029876,0.045347115215460844,0.5049644270846412,PASS,0.6047885526187845,-0.0966209372574326,0.8697666459205633,PASS,0.7994658399326557,0.24254346068482607,0.928343693054456,PASS,0.426493988664872,-0.015183876628171257,0.7075768345252851,PASS,0.15339865166828728,-0.2572371846674093,0.4254590333426474,PASS,0.3102626776430869,0.010593623276805828,0.538494485992203,PASS,0.15001776739045894,-0.23650596877558622,0.46004727245145893,PASS,0.7078703067812031,0.1571867613549887,0.9337857308134823,PASS,0.40576470723931723,-0.006173793845288543,0.7331547810751186,PASS,0.4934232214340392,-0.06395991462788479,0.7889384807205525,PASS,0.38229166666666664,0.1375,0.6,FAIL,38.66062712123967,23.114510664968986,58.094834496074796,PASS,-0.25158114486786864,-0.3886377825114473,0.026253840180886084,PASS,0.99991351346843,0.9998486044449868,0.9999435011267591,FAIL,13236.436120354436,7454.618512979958,17110.47636644514,3,5,40,49,4,7
L01216,G03,P01,16,true,PASS,0.056979166666666664,0.01375,0.08659722222222221,FAIL,20.183210138706478,16.18356864658542,25.334658156240984,FAIL,-0.05399928063682759,-0.2679159702365288,0.211644777860863,PASS,-0.026170135169705677,-0.02716397174452706,-0.024978373898505348,PASS,-0.020981930719996045,-0.04185613997877525,0.0053133390441886495,PASS,0.6190847236175285,0.6168068259878404,0.6205330545740959,PASS,5.006998697916671,4.843580729166671,5.1450260416666715,PASS,1546.320637229785,1544.0737924389366,1548.9807971795556,PASS,1.0953071738304931,0.6545041258900918,1.6009790095817498,PASS,0.2952671690211647,0.12737451463125077,0.48062117650555075,FAIL,3.8648293084235465,3.788271633416816,3.960287751788297,PASS,0.8810800811191606,0.7563988177637851,0.9970960894059033,FAIL,0.6142751479289941,0.6142751479289941,0.6142751479289941,FAIL,0.0015833221189812052,0.0015833221189812052,0.0015833221189812052,PASS,0.08879022080240917,0.08879022080240917,0.08879022080240917,FAIL,0.2222970516048579,0.2222970516048579,0.2222970516048579,PASS,0.2109926998463887,0.2109926998463887,0.2109926998463887,PASS,0.4370703299516857,0.4370703299516857,0.4370703299516857,PASS,-1.9135962246846159,-4.512291962840317,-0.7695500241740599,PASS,1.7599429519212257,0.9320528780170031,3.997893497633105,PASS,2.1638636968643263,1.4163412337981707,2.77152186574355,PASS,-1.3689067646130273,-1.9468444811852266,-0.8617034112485185,PASS,1.275631954430113,1.0731417804623171,1.5441266564175833,PASS,2.0520072457051324,1.7812441165764632,2.292479005565133,PASS,-1.5877103850968042,-5.02705850667373,-0.8193262336820537,PASS,1.7626363783511998,0.8322709125807096,3.081066313486299,PASS,1.8873676756253488,1.2263182729787268,2.4147745952685757,PASS,-1.5690356731312392,-5.676026696347508,-0.2309790320086193,PASS,1.5583493596112026,0.29332941662124795,3.344826250096908,PASS,2.012273316380342,1.2949471196227784,2.5650642453828567,PASS,-0.2359502443953495,-0.4714903289933308,-0.15265059167598855,PASS,0.22415296095113546,0.13502016132734446,0.3333780074818268,PASS,1.5224984211952282,0.980077518659147,2.3513272435032953,PASS,-1.4925390143256876,-2.0583560858292773,-0.6150506817931547,FAIL,1.1760863964922454,0.8636553706653551,1.6116460011795368,PASS,1.8278275933045731,1.2726723223224772,2.269288217798074,PASS,0.022861139986822356,0.02158292156951941,0.024252664088077382,FAIL,0.184,0.184,0.184,FAIL,4.571617913311343,3.4157251234887847,5.900828740338617,FAIL,0.373732182095914,0.07019679045943564,0.6381788997527869,PASS,0.6660757204088926,-0.04734769663924676,0.9230436661957885,PASS,0.8244064094228354,0.30171914630978436,0.9534723823803569,PASS,0.51093265223043,-0.03909298769537164,0.7876361243795997,PASS,0.21396452630041868,-0.29811133352460156,0.5831698443580549,PASS,0.3609427973855489,0.03138281412593705,0.6551322171553259,PASS,0.17947544379872513,-0.21101220772293366,0.5126153359702476,PASS,0.7420560820591497,0.1120315040889802,0.9600258755297597,PASS,0.49947362569874915,-0.02287587189191909,0.7904436512105464,PASS,0.564583376204651,-0.10545274190794494,0.828396235250733,PASS,0.328125,0.07500000000000001,0.5625,FAIL,28.275480622303665,17.57479033329422,52.146995488450216,PASS,-0.1745479075786404,-0.3608294700630252,0.08362034767659875,PASS,0.999923854182368,0.9998176923394675,0.9999667540925752,FAIL,16150.547183806131,6378.3028716773115,25273.338927050558,3,5,39,49,4,7
L01226,G03,P01,16,true,PASS,0.07295882936507937,0.03375,0.12305555555555557,FAIL,23.624181447251694,18.15468947970379,27.708833995010504,FAIL,-0.03556110324016644,-0.19467199909186272,0.10305457633857022,PASS,-0.025535803716006368,-0.028709356213730376,-0.02339322588088132,PASS,-0.036242543360821125,-0.10600742275116631,0.02033485442999885,PASS,0.6366940310542974,0.6348226494342375,0.6381258090681128,PASS,5.008255208333338,4.914283854166671,5.1358593750000034,PASS,1546.3001834283307,1544.2230098091322,1547.8298734293262,PASS,0.9838191554972311,0.7195065610313602,1.528300648174269,PASS,0.27580274485208317,0.15157956647581033,0.3666409122509153,FAIL,3.5894497892203887,3.509071805158865,3.694895184587742,PASS,0.3283314159550521,0.18857276021573796,0.4211883640360869,FAIL,0.6142751479289941,0.6142751479289941,0.6142751479289941,FAIL,0.0015833221189812052,0.0015833221189812052,0.0015833221189812052,PASS,0.08879022080240917,0.08879022080240917,0.08879022080240917,FAIL,0.2222970516048579,0.2222970516048579,0.2222970516048579,PASS,0.2109926998463887,0.2109926998463887,0.2109926998463887,PASS,0.4370703299516857,0.4370703299516857,0.4370703299516857,PASS,-2.3507813154988146,-4.080347990406885,-0.935725743707769,PASS,2.9057981651702014,0.9253411395146869,4.98575280661108,PASS,2.2064288588343066,1.1241469622679623,2.72055568874262,PASS,-1.3920131718771525,-1.9483971405699356,-1.0225743554003446,PASS,1.277033126390073,1.1086761798531646,1.463079692373079,PASS,2.1267142702760804,1.8730169885868204,2.4288612062568458,PASS,-1.790276496145959,-4.2144964126364135,-0.9394776561828381,PASS,2.1245680489839436,1.038812010479567,3.4983127572192183,PASS,1.8847912970283927,1.0844395633435717,2.429436740237876,PASS,-2.1478991234160354,-4.849218998166645,-0.2771001882488843,PASS,2.1144267880250456,0.5150293498597365,3.9861467549039986,PASS,1.9621690071829807,0.8015790986579653,2.55940616042101,FAIL,-0.22796902495246843,-0.26677342547519506,-0.15847653939108483,PASS,0.24148013690025188,0.13758264096017292,0.33464512752850034,PASS,1.3497332126639243,1.0617385869620357,2.152136514781888,PASS,-1.4229736607514099,-2.438888114685987,-0.7020742944340024,FAIL,1.1036382229350163,0.6590474603832148,1.735380725764598,PASS,1.999353743527597,1.3198749239284426,2.6060290991192234,PASS,0.022371325748597258,0.020091193703877706,0.024058924265815868,FAIL,0.184,0.184,0.184,FAIL,4.732067494755764,3.7726955412782046,7.561845145781995,FAIL,0.4012088447029398,0.14787018653982223,0.5982310178448526,FAIL,0.814390999346922,0.6495521498127352,0.8948848556315344,FAIL,0.901688949376815,0.8519813896448283,0.934188736978484,FAIL,0.5854759340280407,0.32091220718807656,0.705816077185444,PASS,0.32402173827446074,0.03461642766664381,0.5554024899080012,PASS,0.443740995831745,0.20851899900188658,0.6457930932278168,PASS,0.3009617990216456,0.097013849736911,0.5352957487735778,FAIL,0.8816972372918652,0.7040124599501971,0.9373435031066892,PASS,0.5777474261784904,0.10397215942321897,0.7098343884123812,FAIL,0.6836947295965738,0.40856137534066994,0.7854891469318537,PASS,0.43333333333333335,0.25,0.64375,FAIL,25.75967764942711,14.240662574439302,37.49362028298596,PASS,-0.16820582859863936,-0.32003896065348775,-0.014644170292090825,PASS,0.9999300531365681,0.999866627547304,0.9999620811506797,FAIL,18118.731407307198,11845.395590794495,24890.165064980185,3,5,33,49,4,7
L01273,G03,P01,16,true,PASS,0.05942708333333333,0.04,0.10038194444444445,FAIL,23.219301413581622,19.84886932632593,25.466554373450624,PASS,0.04890754709730916,-0.09745205762215896,0.1750161961929299,PASS,-0.023605728903158794,-0.02485179205126582,-0.022805283243767936,PASS,-0.027418384170771616,-0.09647409504397997,0.0026094467657488893,PASS,0.6270722779991152,0.6252224988572087,0.6292248662444291,PASS,4.986647135416671,4.822903645833337,5.108046875000004,PASS,1546.651925226398,1544.6757488755206,1549.3173840884622,PASS,1.1247373232786662,0.6479468111605033,1.7229862891553265,PASS,0.3177106718460668,0.23238211852440332,0.4637820986615432,FAIL,3.6457608838619313,3.540411308448759,3.7660750648496752,PASS,0.6505699451530749,0.4415578304581941,0.8338436363504468,FAIL,0.6142751479289941,0.6142751479289941,0.6142751479289941,FAIL,0.0015833221189812052,0.0015833221189812052,0.0015833221189812052,PASS,0.08879022080240917,0.08879022080240917,0.08879022080240917,FAIL,0.2222970516048579,0.2222970516048579,0.2222970516048579,PASS,0.2109926998463887,0.2109926998463887,0.2109926998463887,PASS,0.4370703299516857,0.4370703299516857,0.4370703299516857,PASS,-2.0418994349957003,-3.2315251305135684,-0.9002933315389419,PASS,2.271784615110662,0.8506604359496214,4.98575280661108,PASS,2.2160360838813817,1.2253160500046942,2.7911483854107733,PASS,-1.3468860499079955,-1.9483971405699356,-0.8557487428322944,PASS,1.2562761702932836,1.0905805200313614,1.3793031500951067,PASS,2.097500078560344,1.813459956726816,2.3432973812441484,PASS,-1.7866483495140288,-4.2144964126364135,-0.9760105525613207,PASS,1.9447237885209265,0.8228969384264739,3.4983127572192183,PASS,1.8701775805384664,1.1923009037503345,2.4630707588413014,PASS,-1.8278099086485726,-4.849218998166645,-0.2896062540326597,PASS,1.9334797952661975,0.3789387636408753,3.9861467549039986,PASS,2.038995114197693,1.1442893082823247,2.7272486664904343,PASS,-0.22688217284462453,-0.268681127898213,-0.12168203549110881,PASS,0.22889848172419752,0.10444653316643084,0.33464512752850034,PASS,1.4869610284706907,0.8825200876093497,2.3877653900418494,PASS,-1.4952346892035375,-2.5939734789803306,-0.7633310900820343,FAIL,1.3116918790883885,0.8146381209684551,2.987106737048159,PASS,1.966502258514407,1.4435244899130697,2.3565868162363275,PASS,0.0228576057687235,0.021389539797696356,0.024242437084378864,FAIL,0.18359375,0.1799375,0.184,FAIL,4.657432532170391,3.8231706106623697,5.566204409598486,FAIL,0.3717329545431999,0.07276543528371006,0.6118566155960761,PASS,0.7065354880696355,0.09336979745820341,0.9206934438138542,FAIL,0.8622014426610667,0.6288846244858549,0.9460723504894557,FAIL,0.5642112641580586,0.19379640698444128,0.7467390197122291,PASS,0.242943727233424,-0.3116030698641683,0.5703460251547265,PASS,0.3948954162422952,0.05725060730601912,0.6516669275781987,PASS,0.2428320272050194,-0.04005426828486217,0.5000541803622027,PASS,0.7800003436242284,0.1469556421559202,0.9507961237422605,PASS,0.5354526232365004,-0.034621683480063926,0.7372625413247832,FAIL,0.6501480144496097,0.26916336313666855,0.8016151043642796,PASS,0.41874999999999996,0.21875,0.63125,FAIL,43.0373719393856,18.992853957598985,66.98617620799705,PASS,-0.15278240738990462,-0.292090811050703,-0.0058634494986540275,PASS,0.9999568384234572,0.9999177195670044,0.9999792603298375,FAIL,14044.253707370648,9387.448770384526,18808.60380339323,4,5,36,49,4,7
L01277,G03,P01,16,true,PASS,0.059139384920634926,0.02,0.09674107142857143,FAIL,22.58358494233185,18.329059660813574,29.751906870519655,FAIL,-0.07396894265087293,-0.16484815991056603,0.08395614958417245,PASS,-0.04415364403195958,-0.04709660157696082,-0.04201102286926377,PASS,-0.025222102168085084,-0.08221171725766925,0.04768638178233604,PASS,0.6304405515167699,0.6282493838584046,0.6329939068663755,PASS,5.004602864583337,4.858164062500004,5.105052083333337,PASS,1546.3596372242678,1544.7244988686243,1548.74340590879,PASS,1.0999356359462555,0.7531512741902009,1.7924319878983768,PASS,0.30952576823674793,0.17695948503483253,0.4500191726245211,FAIL,3.6015096631259285,3.4901215548388813,3.70260176821133,PASS,0.6085407429053996,0.40522999825338135,0.7655159025176639,FAIL,0.6142751479289941,0.6142751479289941,0.6142751479289941,FAIL,0.0015833221189812052,0.0015833221189812052,0.0015833221189812052,PASS,0.08879022080240917,0.08879022080240917,0.08879022080240917,FAIL,0.2222970516048579,0.2222970516048579,0.2222970516048579,PASS,0.2109926998463887,0.2109926998463887,0.2109926998463887,PASS,0.4370703299516857,0.4370703299516857,0.4370703299516857,PASS,-1.3892171065184007,-2.9819108982675244,-0.6815218647881679,PASS,1.4678868986984346,0.8502236419899911,3.829224272911382,PASS,1.9531623744609408,1.1270111703586263,2.6648691182054765,PASS,-1.1966601660650895,-1.8289111823062723,-0.7701280956895801,PASS,1.2257675279274447,1.0802759904434387,1.3560318883512257,PASS,2.112702120957943,1.7597090815633412,2.4705088780763775,PASS,-1.181586743241605,-1.4239422182297736,-1.0212426067380098,PASS,1.444793224179683,1.0155144001182976,2.7503806771489274,PASS,1.577656544591084,1.087161683397493,2.192956837842433,PASS,-0.7221086109791051,-2.3003849327837953,-0.17311289127138418,PASS,1.2785639445552062,0.2478671147989227,3.1250405401221775,PASS,1.7702046171330768,1.0266863932530543,2.575740995587023,PASS,-0.18233610195776861,-0.2554322644808466,-0.1347073206865483,PASS,0.2414454792095459,0.11471220086323239,0.3333780074818268,PASS,1.7065431351129807,1.1474762712860096,2.4518491652182046,PASS,-1.5670616351616329,-2.244111770651849,-0.5106582186163027,FAIL,1.2492913837806836,0.8094667132176239,2.629858763972163,PASS,2.021061459160215,1.409940065728126,2.4463959806348448,PASS,0.022680193066703956,0.021215711925734123,0.02353953886106707,FAIL,0.1831875,0.1775,0.184,FAIL,4.685278596785423,3.8939555548917304,5.6654243456292175,FAIL,0.25503445169793204,0.06410502262665795,0.4540756406372586,PASS,0.4904538602890516,-0.20782893784327233,0.8393755837652236,PASS,0.6857958393441402,-0.025634620294493086,0.9128076986256313,PASS,0.44664213045411305,0.004983187791950172,0.6589180999742521,PASS,0.09307823518261249,-0.18920861860015217,0.4205472502942165,PASS,0.24261795444386203,-0.06022368714861261,0.4999031838842189,PASS,0.10500984113599232,-0.21176535251754092,0.4203939927596038,PASS,0.6365604263247204,0.08872802299460292,0.9062287912588032,PASS,0.42354667222994935,0.001973518314391038,0.6628724928221644,PASS,0.452083430629334,-0.2018205610909741,0.736563727841116,PASS,0.375,0.1,0.6,FAIL,45.62999500290529,22.637640161260137,69.34749724944677,PASS,-0.24671554654458341,-0.3440000492830372,-0.0672890433419708,PASS,0.9998588458506912,0.9996965404130704,0.9999183907361405,FAIL,14798.446935343705,8008.388935070259,24899.06473171119,3,5,39,49,4,7
L01309,G03,P01,16,true,PASS,0.05774305555555555,0.023750000000000004,0.12763888888888889,FAIL,21.37404252753916,15.893543855300118,25.497205686217438,PASS,0.062136653815955276,-0.07374385161151406,0.2429527187697441,PASS,-0.04191875027589222,-0.04397702163366551,-0.039472724322608135,PASS,-0.02346561986353763,-0.09852034147175512,0.06140562303665409,PASS,0.624342184684487,0.6213488299699769,0.6267158452666157,PASS,5.02986979166667,4.956875000000004,5.108138020833337,PASS,1545.9483356520175,1544.6742651800785,1547.1365637447955,PASS,0.9394774183500275,0.5840532799730974,1.4256144703086528,PASS,0.3101558447851933,0.16155887809394143,0.5153658528856188,FAIL,3.703661429083091,3.623019542739836,3.8270945442625757,PASS,0.7519219217261657,0.5049624141303185,0.9141790726265109,FAIL,0.6142751479289941,0.6142751479289941,0.6142751479289941,FAIL,0.0015833221189812052,0.0015833221189812052,0.0015833221189812052,PASS,0.08879022080240917,0.08879022080240917,0.08879022080240917,FAIL,0.2222970516048579,0.2222970516048579,0.2222970516048579,PASS,0.2109926998463887,0.2109926998463887,0.2109926998463887,PASS,0.4370703299516857,0.4370703299516857,0.4370703299516857,PASS,-1.7150897081494665,-2.995741002765425,-0.6909505838760175,PASS,2.3262734177431312,0.9112354033595318,4.98575280661108,PASS,2.2146346463228728,1.4515435034179687,2.862560827428515,PASS,-1.3246760927493026,-1.9483971405699356,-0.8936198409192048,PASS,1.2503324186013394,1.0564273841146916,1.3932659071414355,PASS,2.0471996970734416,1.7478690155844483,2.4320603671273124,PASS,-1.7675868280718081,-4.2144964126364135,-1.0036939065965773,PASS,1.9018092979159706,0.8366321028208092,3.4983127572192183,PASS,2.112294950254448,1.8222444296732487,2.4098106276690063,PASS,-1.675444140290373,-4.849218998166645,-0.178153675582353,PASS,1.719371078282931,0.24407311564565676,3.9861467549039986,PASS,2.1194553785807186,1.4219090974020432,2.6699456663402445,PASS,-0.19912142301599428,-0.268681127898213,-0.12606394858448686,PASS,0.1899133361505402,0.10157574865401268,0.2860876761346522,PASS,1.6727864910557735,0.936920564396809,2.634334467526369,PASS,-1.571211388826208,-2.4009192124614556,-0.6115202939467601,FAIL,1.0822554534364315,0.6827573150320996,1.5756175461569777,PASS,2.0937185774374787,1.650866262157587,2.514785414472465,PASS,0.022423565470204194,0.020654619060492617,0.02389364508605577,FAIL,0.184,0.184,0.184,FAIL,4.670679409833857,3.436310213045872,5.5661154396584545,PASS,0.3533087345778134,0.04461884325866629,0.5894906000550459,PASS,0.49095721500320866,-0.19153242304575546,0.9210229279950867,PASS,0.6580305071483508,0.0015871178732569137,0.9524580066029591,FAIL,0.48276541560192565,0.06487660485043664,0.729041020751235,PASS,0.18477894644631082,-0.1951356130450111,0.48505121577100757,PASS,0.3106237352553523,-0.02934901891199546,0.5766561513227723,PASS,0.14977200957850012,-0.2121667266156962,0.43467513438109423,PASS,0.5887790574661437,-0.03141749973499946,0.9572213919651948,PASS,0.4689432290357295,0.029057893490513194,0.7340854374180406,PASS,0.41749783453232026,-0.2568676729712739,0.7937773448386582,PASS,0.353125,0.2,0.69375,FAIL,53.82207909959914,11.304262522156803,79.24170091488001,PASS,-0.2083696706616755,-0.30909932486456215,-0.05177708914327485,PASS,0.9998881177834984,0.9997780408053079,0.9999317180438887,FAIL,12799.043575962594,6361.831938228979,18316.463606324767,4,5,39,49,4,7
L01312,G03,P01,16,true,PASS,0.06196924603174603,0.03163194444444444,0.09302083333333333,FAIL,24.98193025601051,19.27212155756176,28.34105963136731,FAIL,-0.005145234176888374,-0.12179027558494801,0.14411227599429652,PASS,-0.05403124800101591,-0.056427767947884386,-0.05200372902219085,PASS,-0.03031619290323058,-0.0886364073562484,0.025753310848811543,PASS,0.6362774244930206,0.6349612925361008,0.637652115090428,PASS,5.0512304687500045,4.890078125000004,5.1618619791666704,PASS,1545.6006210272935,1543.7997326950976,1548.2239005474985,PASS,1.0867223978754224,0.603356445782491,1.7545710236397436,PASS,0.2994967180398177,0.17057900252332053,0.43732636903688604,FAIL,3.555361418499807,3.4990061032988087,3.604948003483361,PASS,0.34300747568138945,0.25822983692064605,0.46088141713816505,FAIL,0.6142751479289941,0.6142751479289941,0.6142751479289941,FAIL,0.0015833221189812052,0.0015833221189812052,0.0015833221189812052,PASS,0.08879022080240917,0.08879022080240917,0.08879022080240917,FAIL,0.2222970516048579,0.2222970516048579,0.2222970516048579,PASS,0.2109926998463887,0.2109926998463887,0.2109926998463887,PASS,0.4370703299516857,0.4370703299516857,0.4370703299516857,PASS,-1.648349415485494,-2.995741002765425,-0.7404333101901082,PASS,1.7934948399139539,0.8413155019486026,4.205787658965759,PASS,2.0058856780400527,1.0157274455574357,2.818425728714084,PASS,-1.2897889689822124,-1.5759653313165631,-0.851778963888145,PASS,1.1414680212135633,0.7568962382957821,1.2907658301758058,PASS,2.027047803283159,1.7340176348072391,2.480853539524587,PASS,-1.4814270003632286,-3.44851674483074,-1.0362583853346545,PASS,1.6592043335281033,0.9046563311184496,3.081066313486299,PASS,1.798521433349256,1.1081375127422812,2.3575666484317725,PASS,-1.316658147046713,-4.186005432787363,-0.20984821827202205,PASS,1.359377308653074,0.28877779214303795,3.344826250096908,PASS,1.8187036615813152,0.42103710719786736,2.9472907544910614,PASS,-0.20128144457988179,-0.268681127898213,-0.13813465933084146,PASS,0.20709419680123345,0.11762825427453602,0.33464512752850034,PASS,1.436082996991221,0.8795178372426579,2.2376192648204984,PASS,-1.465360879988332,-2.3870540052896945,-0.6570060355408597,FAIL,1.2574592882613458,0.7954202319396417,3.180200837518724,PASS,2.003504160474816,1.4309834839802291,2.4451898520795754,PASS,0.02245738502012664,0.019795447287274157,0.02374306228229303,FAIL,0.1831875,0.175875,0.184,FAIL,4.5356050283062945,3.60983449827055,5.848308050312258,FAIL,0.3858809097568394,0.05447022311641617,0.6113591223580602,PASS,0.6979111564428911,0.09869041882031236,0.9120578807210435,PASS,0.8486812320295068,0.5335443529897388,0.9471968660090826,FAIL,0.5436273963821345,0.12272141688169727,0.7481943987431117,PASS,0.2819342475509274,-0.12572498048158087,0.5262551600301577,PASS,0.39552450435721626,0.06498174059925892,0.6018287455953371,PASS,0.2075216527657664,-0.11714129429967915,0.41571749964176996,PASS,0.7923115003775241,0.18008287324023892,0.9490308886692644,PASS,0.5476193891656335,0.07066623499606894,0.7543215143963696,PASS,0.6078641372831932,0.0957916338667166,0.7959341603288702,PASS,0.4041666666666667,0.2,0.6,FAIL,36.365873948715816,24.32707343001522,57.797895333373425,PASS,-0.24002890211764766,-0.34089759679637,-0.11807941603107011,PASS,0.9997319306858526,0.9995376696352734,0.9998505522913684,FAIL,13004.161145086073,8102.506265023516,17216.847001797752,3,5,38,49,4,7
L01325,G03,P01,16,true,PASS,0.05954613095238094,0.0075,0.10941468253968255,FAIL,20.977770696888697,14.525560202981524,25.960562261489336,FAIL,-0.02469234199486831,-0.1721363413890008,0.1318352302960162,PASS,-0.012857693103826826,-0.013952298306460545,-0.01208021052241344,PASS,-0.025713246897608774,-0.07392603425888103,0.006963783477215903,PASS,0.6221787092216885,0.61864706946713,0.6237878707549647,PASS,5.034570312500004,4.896471354166671,5.2203385416666706,PASS,1545.871819358494,1542.847836090626,1548.119829910047,PASS,1.0381418909195546,0.6528999903439162,1.663409423463286,PASS,0.307580581556125,0.1915764666981633,0.5671461343567417,FAIL,3.777883160949642,3.7025931090132036,3.8533848991410897,PASS,0.8371810064672542,0.6776602927212136,0.9489261426979498,FAIL,0.6142751479289941,0.6142751479289941,0.6142751479289941,FAIL,0.0015833221189812052,0.0015833221189812052,0.0015833221189812052,PASS,0.08879022080240917,0.08879022080240917,0.08879022080240917,FAIL,0.2222970516048579,0.2222970516048579,0.2222970516048579,PASS,0.2109926998463887,0.2109926998463887,0.2109926998463887,PASS,0.4370703299516857,0.4370703299516857,0.4370703299516857,PASS,-2.1740608513705224,-4.080347990406885,-0.8279367267081388,PASS,2.664829102190886,0.9253411395146869,4.98575280661108,PASS,2.1182048547925563,1.3912959568822605,2.8006456378017366,PASS,-1.3260341135707445,-1.8242532041521449,-0.9872784371518889,PASS,1.2522093555452993,1.0630073017531487,1.6110759668478183,PASS,2.0416620553140223,1.645701465474776,2.489769173358047,PASS,-1.6760156079516562,-4.2144964126364135,-1.0048375538711458,PASS,2.1057086967018654,0.8366321028208092,3.4983127572192183,PASS,1.9040780400720443,1.1364695248637786,2.482329296666512,PASS,-1.7974533365010765,-4.849218998166645,-0.24811999553755165,PASS,2.1470924113785568,0.421689279361581,3.9861467549039986,PASS,1.9805054319562685,1.4202053756247266,2.568882007082426,FAIL,-0.22360401913365274,-0.26677342547519506,-0.15970594149901415,PASS,0.2316717479816279,0.08217587193194795,0.34386381970945423,PASS,1.477417843513832,0.9652567089859947,2.394926941929559,PASS,-1.2754286491950797,-2.438888114685987,-0.7324228080853964,FAIL,1.3313620149950576,0.5666116577884632,3.378312325547772,PASS,2.0492127682609214,1.2519492261503506,2.6867153192246347,PASS,0.022868224385439,0.02131028666853888,0.02410706697531876,FAIL,0.18359375,0.1799375,0.184,FAIL,4.425115043927007,3.273072158941909,5.967566315535225,FAIL,0.37365259823354346,0.10126193064826597,0.6010889530101057,PASS,0.7324854354208112,0.2357665347583539,0.9220212605343527,FAIL,0.8694138481286114,0.6581696183556249,0.9471631511301735,FAIL,0.5449678955955841,0.16960892709202902,0.7097471672980296,PASS,0.2516939050352722,-0.278144654966132,0.5609315406770988,PASS,0.40398137787552146,0.0918352229674422,0.630625422111437,PASS,0.2401102317776433,-0.11510116613107947,0.48561291930946027,PASS,0.8061855549041321,0.30351328019843893,0.9549398120472788,PASS,0.5288535486926249,-0.03851274800543911,0.7505353600575428,PASS,0.6296507533821617,0.1103315023197427,0.8029994793916896,PASS,0.3572916666666667,0.07500000000000001,0.58125,FAIL,39.68591761940988,15.096728435041086,84.32975666263106,PASS,-0.19225567396215648,-0.3305434810003424,-0.048518307011505904,PASS,0.9999863059052224,0.9999776476432851,0.9999942013877319,FAIL,14238.091858711388,8770.227607981404,23759.058741718432,3,5,36,49,4,7
L01331,G03,P01,16,true,PASS,0.061865079365079366,0.024166666666666666,0.10483630952380953,FAIL,26.073115476018618,19.77913301659788,30.151956077429695,PASS,0.03990023840540706,-0.04983622569641055,0.2151948177855038,PASS,-0.046569490220634724,-0.050087080060347094,-0.04403594071817254,PASS,-0.03377914752393534,-0.09864541515211055,0.015961646139759866,PASS,0.6355322921244178,0.6341013155300681,0.6370559945246341,PASS,5.005859375000004,4.8513151041666704,5.111132812500004,PASS,1546.3391834228134,1544.6255151869748,1548.854895023453,PASS,0.9791734618504552,0.6041569145585108,1.5001865585155079,PASS,0.3190554502527589,0.1564624463763785,0.5060399085536094,FAIL,3.5089343046416515,3.4256536255525667,3.578341932495196,PASS,0.3665498427194929,0.1940827078461097,0.5405090328990678,FAIL,0.6142751479289941,0.6142751479289941,0.6142751479289941,FAIL,0.0015833221189812052,0.0015833221189812052,0.0015833221189812052,PASS,0.08879022080240917,0.08879022080240917,0.08879022080240917,FAIL,0.2222970516048579,0.2222970516048579,0.2222970516048579,PASS,0.2109926998463887,0.2109926998463887,0.2109926998463887,PASS,0.4370703299516857,0.4370703299516857,0.4370703299516857,PASS,-1.691744254036722,-3.2315251305135684,-0.8316731587531281,PASS,2.0571937200062314,0.8538182607859811,4.829470142963721,PASS,2.057189800643882,1.1865307697262628,2.6424154202669503,PASS,-1.2679130330168447,-1.8227005447674356,-0.9114838461678769,PASS,1.1942599722495324,1.0086179374141897,1.3793031500951067,PASS,2.0703400970081134,1.758367648686393,2.434250914469535,PASS,-1.5545132488248903,-4.2144964126364135,-1.0101745744857995,PASS,1.807402996994091,1.0171423231935734,3.081066313486299,PASS,1.8739012746673502,1.129055901350319,2.365217240517067,PASS,-1.229579569452644,-4.849218998166645,-0.2325051307894349,PASS,1.561609906453315,0.2898629429054218,3.344826250096908,PASS,2.0034218469227056,1.048319296457217,2.6986494824172493,PASS,-0.2027330153738321,-0.26600135347494963,-0.12421011478633313,PASS,0.20298852024516661,0.08543739843026817,0.3177322414124303,PASS,1.366946679201725,0.7448857108636413,2.318676857774747,PASS,-1.2996299364855126,-2.3292036422696385,-0.5105489325200582,FAIL,1.0414902069115386,0.6499537562277464,1.5084924698337927,PASS,1.892901406044082,1.111591598278438,2.409716496570743,PASS,0.02215880602830401,0.020166325479381728,0.024232827421892908,FAIL,0.184,0.184,0.184,FAIL,4.3863548158145935,3.2252575141079314,5.763732821100237,PASS,0.36936184120501625,0.042435644704828315,0.6157126703053624,PASS,0.6812825518839357,-0.05183675637564791,0.9121042813498885,PASS,0.8234803393170644,0.28184765832466013,0.9497452753840787,FAIL,0.5693521436728113,0.22649079880886516,0.7588168949251074,PASS,0.259887526213863,-0.1651411894529165,0.5649238595743203,PASS,0.3754313009327852,-0.05137975380051159,0.6239302813123974,PASS,0.2294257333861082,-0.08271164611368592,0.4920957497927034,PASS,0.7828133373395565,0.1908005161680678,0.9559789176884294,PASS,0.5479157591417896,-0.009407320651625646,0.7829486508030673,PASS,0.6147581312865851,0.0001241524952464157,0.8140363769807986,PASS,0.3661458333333333,0.2,0.5,FAIL,43.46232874629525,22.861585245728836,69.75811093446919,PASS,-0.20464264808965277,-0.3039049086421113,-0.027877152712310005,PASS,0.9997775846803492,0.999598411272362,0.999893938386675,FAIL,13385.011132373344,8057.525693068829,20060.578985051303,4,5,39,49,4,7
L01399,G03,P01,16,true,PASS,0.05246527777777778,0.01375,0.09031249999999999,FAIL,21.814633095321195,17.712582726765234,25.074051055223464,FAIL,-0.014568745529448854,-0.10654568421457106,0.20057500572095818,PASS,-0.06755138319510708,-0.07058247061351025,-0.06181216164281331,PASS,-0.0212021830302292,-0.08744884166340267,0.06939943873762897,PASS,0.6278737230940943,0.6254351989042027,0.6300218207551052,PASS,4.984225260416671,4.812187500000004,5.147916666666671,PASS,1546.6913491338642,1544.026738097767,1549.4918242811766,PASS,0.9423890738798193,0.5319228168552784,1.6878893395763102,PASS,0.318301452435952,0.1443686805300155,0.5040384849469973,FAIL,3.640513606523915,3.530491234172739,3.765967293381183,PASS,0.6875935747748579,0.4979158890651714,0.7961353561507534,FAIL,0.6142751479289941,0.6142751479289941,0.6142751479289941,FAIL,0.0015833221189812052,0.0015833221189812052,0.0015833221189812052,PASS,0.08879022080240917,0.08879022080240917,0.08879022080240917,FAIL,0.2222970516048579,0.2222970516048579,0.2222970516048579,PASS,0.2109926998463887,0.2109926998463887,0.2109926998463887,PASS,0.4370703299516857,0.4370703299516857,0.4370703299516857,PASS,-1.6585283756842588,-3.2315251305135684,-0.7389953017015172,PASS,1.5212528415545956,0.8669609307641504,2.905845746223557,PASS,1.97185068850419,1.0247611001424852,2.6025250591125166,PASS,-1.265694383044226,-1.8227005447674356,-0.9653349329599255,PASS,1.184277075545758,0.7545989584048203,1.3560318883512257,PASS,2.1726909054779786,1.7841117921214908,2.4399124829648065,PASS,-1.555337063669953,-4.2144964126364135,-1.0067436326620935,PASS,1.439137511005561,0.7502508824191194,2.202040674400096,PASS,1.6981659272910625,1.0751700600461498,2.198811459822201,PASS,-1.1984267544901166,-4.849218998166645,-0.22730596839527664,PASS,1.2979024575673206,0.2898322670674174,2.1302240801376726,PASS,1.9710078597066087,0.7163464185903246,2.803061713547291,PASS,-0.1886299778812935,-0.26545420982992285,-0.1284904818582636,PASS,0.2403158884212888,0.11667132610372997,0.3354053995565045,PASS,1.620199389538394,0.874165712015909,2.541093317143771,PASS,-1.2409277313903966,-2.389052216322941,-0.4306066385616237,FAIL,1.159316915344528,0.606798878909648,1.6190037843965783,PASS,1.9955186504243336,1.5879612291522291,2.36518260197217,PASS,0.022816884203102822,0.02123850703986063,0.023755709335859198,FAIL,0.18359375,0.1799375,0.184,FAIL,4.267128115221272,3.595729709869011,5.381055726813524,PASS,0.30892191670526115,0.02354294505977709,0.6192535066535396,PASS,0.5985262128785299,-0.0607687092822098,0.9003233056512189,PASS,0.7966559892188421,0.2966366245001195,0.9446062469524632,FAIL,0.5008217292295496,0.07189310099475349,0.7845124933012161,PASS,0.149144414322272,-0.3106757802026394,0.5453514530897556,PASS,0.3133191634363838,0.026018355081080812,0.6097384563858981,PASS,0.16087984748996237,-0.16416247304982864,0.46662868370650123,PASS,0.6832968863611147,0.07849291453445466,0.9499408641220127,PASS,0.47876393149730395,-0.003659404026960744,0.7928340161472768,PASS,0.5443843026254849,-0.07526996624995003,0.8339512071022287,PASS,0.33437500000000003,0.1,0.5,FAIL,36.896014305091136,21.54774296552261,60.18559912659527,PASS,-0.23719065005208362,-0.33538685778799915,-0.013354815031837372,PASS,0.9996746520114739,0.9994417268936173,0.9997772932233879,FAIL,13455.378368755717,8787.049007894608,20382.414575586237,3,5,39,49,4,7
L01401,G03,P01,16,true,PASS,0.06550099206349205,0.0275,0.11240079365079364,FAIL,26.775120921703294,23.10945419279819,29.937055138948875,FAIL,-0.12528946363667692,-0.2699518140749311,-0.007168728241070625,PASS,-0.007204446541105267,-0.00817763740159626,-0.006167485220562329,PASS,-0.003077095456923518,-0.04622294677139629,0.08926350417192717,PASS,0.6374426305337403,0.6360937945445629,0.6390798927290393,PASS,5.0498046875000036,4.9143489583333375,5.136093750000004,PASS,1545.6238302631407,1544.2191945922805,1547.8288136468673,PASS,0.9833213340949232,0.6075283600294978,1.5517654334122852,PASS,0.2870932216053742,0.13242784754059525,0.4491643077084909,FAIL,3.5690941376694543,3.5195928579082967,3.654434228414768,FAIL,0.32849370804220657,0.23258534867406297,0.399911746296346,FAIL,0.6142751479289941,0.6142751479289941,0.6142751479289941,FAIL,0.0015833221189812052,0.0015833221189812052,0.0015833221189812052,PASS,0.08879022080240917,0.08879022080240917,0.08879022080240917,FAIL,0.2222970516048579,0.2222970516048579,0.2222970516048579,PASS,0.2109926998463887,0.2109926998463887,0.2109926998463887,PASS,0.4370703299516857,0.4370703299516857,0.4370703299516857,PASS,-2.030365649754308,-3.3729956071624545,-0.7351184483647841,PASS,2.361732708571867,0.8538182607859811,4.98575280661108,PASS,1.9065919155727966,0.7866939534886106,2.6993584988044788,PASS,-1.393441693196456,-1.6157939840711175,-1.00779482501159,PASS,1.261758150390992,1.0790996042495142,1.3932659071414355,PASS,2.1436579656764976,1.9693175620347023,2.415971949399167,PASS,-1.677051907988291,-4.2144964126364135,-1.023529901287147,PASS,1.8962237601795573,1.1311464332077148,3.4983127572192183,PASS,1.8064278150725332,1.0637366264255863,2.3983066193194102,PASS,-1.7620980473728924,-4.849218998166645,-0.17476346505953963,PASS,1.5899630352246423,0.28307487484035393,3.9861467549039986,PASS,1.6649098683841423,0.27277828663559645,2.2596583806519037,PASS,-0.20552473445503452,-0.266445139288179,-0.1065390774879601,PASS,0.20357131903127318,0.06850770906054755,0.33464512752850034,PASS,1.3805518796771383,0.8896986970374112,2.4230521018142346,PASS,-1.335286420420792,-2.2356777041675837,-0.6401592792399101,FAIL,1.2396643881882907,0.6084293199272511,3.09260174727134,PASS,2.048730147228765,1.4684886768248453,2.558959963633009,PASS,0.02289869919260746,0.021222460042563007,0.024000421086123918,FAIL,0.18278125,0.1775,0.184,FAIL,4.911361632640026,3.5787350585060476,5.922527368083445,FAIL,0.3974707522587055,0.20495660304725596,0.5690182146688072,PASS,0.6765135727944706,-0.1337677974228086,0.8953091335197142,PASS,0.7693736006206404,-0.1124545758163055,0.9373897164080182,FAIL,0.5936153065649578,0.214701494303367,0.8291457336785083,PASS,0.24880607062751386,-0.20345902551654127,0.5052084018234194,PASS,0.36835127701590914,-0.15678468398970072,0.6164357271981284,PASS,0.2369225545163936,-0.15008232209083822,0.529818211018523,PASS,0.8042105048886984,0.251455723799397,0.9380082240400734,PASS,0.578095513832362,0.08063063789203927,0.7452549554884781,PASS,0.6007314958869292,-0.1795228589941569,0.8338025263931045,PASS,0.42500000000000004,0.1375,0.6,FAIL,38.83640693750823,18.21241162041461,60.91529146659575,PASS,-0.19716269560374533,-0.3164147787885969,-0.08122487871710722,PASS,0.9999920388307807,0.9999827044909844,0.999996842726183,FAIL,15995.17468162723,7185.789869448561,26600.731105964427,3,5,37,49,4,7
L01497,G03,P01,16,true,PASS,0.06598710317460317,0.03111111111111111,0.1010813492063492,FAIL,28.06746047018342,25.032769893359642,30.81339459322944,PASS,0.09726102812620173,-0.029080125279227095,0.22849008218781222,PASS,-0.06660185169413294,-0.06972398451938884,-0.06367152413386312,PASS,-0.02598943725860206,-0.11637455334225688,0.03308184724066292,PASS,0.6371567771938659,0.6352036022060525,0.6391204345805491,PASS,5.020644531250005,4.925625000000005,5.1594661458333375,PASS,1546.0985068264258,1543.8387326895804,1547.6452593250076,PASS,1.055632681254575,0.5794140365277275,1.5847378623305954,PASS,0.282928616857848,0.18997639327269564,0.44057561233557907,FAIL,3.5368006032925656,3.4234842883857715,3.6497290773098965,PASS,0.33307527457579755,0.24841426934873093,0.414917083304827,FAIL,0.6142751479289941,0.6142751479289941,0.6142751479289941,FAIL,0.0015833221189812052,0.0015833221189812052,0.0015833221189812052,PASS,0.08879022080240917,0.08879022080240917,0.08879022080240917,FAIL,0.2222970516048579,0.2222970516048579,0.2222970516048579,PASS,0.2109926998463887,0.2109926998463887,0.2109926998463887,PASS,0.4370703299516857,0.4370703299516857,0.4370703299516857,PASS,-1.945060355141694,-4.080347990406885,-0.7144461544342938,PASS,2.169396729902721,0.8558152712281978,4.98575280661108,PASS,1.9706184711626746,1.266677980361321,2.727280574864907,PASS,-1.27854464998203,-1.6157939840711175,-0.8936198409192048,PASS,1.188803479169542,0.8226893238667828,1.3575477973699668,PASS,2.10565318525643,1.7760237362775362,2.4474601671505187,PASS,-1.652342600238593,-4.2144964126364135,-1.019336527947062,PASS,1.8654905565749422,0.8366321028208092,3.4983127572192183,PASS,1.8762803198711708,1.1240326457160355,2.423151597079827,PASS,-1.5181842961156138,-4.849218998166645,-0.20617515465867942,PASS,1.6465321761901346,0.3390382823015499,3.9861467549039986,PASS,1.9786951368932744,1.321004811835727,2.669500188820118,PASS,-0.2030646071856701,-0.26677342547519506,-0.13611322574144424,PASS,0.21026483910439678,0.13488449280338816,0.3121639529169797,PASS,1.4722759991101735,0.8685928745506065,2.539275352773136,PASS,-1.3854834767784938,-2.602292603283387,-0.683804258712041,FAIL,1.139523631910913,0.47826011723824063,1.6630230376067285,PASS,2.0039424548704705,1.2976419438981248,2.6101836895893946,PASS,0.022896416540361668,0.021341499132653912,0.024083023338575538,FAIL,0.1831875,0.175875,0.184,FAIL,4.350314189679432,3.6257106691237153,5.033442429780829,FAIL,0.3832643104022935,0.11424265358418423,0.6618229456476745,PASS,0.6385991482329256,-0.07339900950204772,0.9244313526912593,PASS,0.8014919693223164,0.1956084339741827,0.9502154507961943,FAIL,0.5500561051124931,0.14700211079285747,0.7515614809005421,PASS,0.22743364641526392,-0.2572983326474682,0.6196018722727842,PASS,0.36631693858823167,-0.05759115744345995,0.6986485695177673,PASS,0.22224872656673203,-0.13136904348155576,0.5603014462582998,PASS,0.739685744649798,0.13877774214355976,0.9524921825410804,PASS,0.5480446822488556,0.0923491558658491,0.7762759087375081,PASS,0.5886882302065661,-0.06775916062799298,0.8243716653944854,PASS,0.3890625,0.21875,0.58125,FAIL,39.711424896977405,17.08070368123862,59.65314829697303,PASS,-0.14946591387481684,-0.2914855656470523,-0.023914848565483968,PASS,0.9997165993662656,0.9995479746739363,0.9998294424839023,FAIL,13305.033000750122,8612.445368613979,17662.711847698054,4,5,38,49,4,7
L01510,G03,P01,16,true,PASS,0.056423611111111105,0.023750000000000004,0.08437499999999999,FAIL,18.912651074112226,12.322235795221111,23.957764849616183,PASS,0.04289714793986337,-0.14264090824800651,0.17191403487931003,PASS,-0.06004149970610151,-0.06645052138888118,-0.05563149591421185,PASS,-0.01899708967381591,-0.0892226329147954,0.06179778073563991,PASS,0.6215993393068779,0.6194375202618735,0.6230031220207207,PASS,5.002994791666671,4.876197916666671,5.132890625000004,PASS,1546.3858138509995,1544.2713358892524,1548.4498461677094,PASS,1.084882753051187,0.5700695807437144,1.7131045082445018,PASS,0.29757400174366133,0.13563298769892101,0.40356800298390455,FAIL,3.8327364331027347,3.733617509235985,3.8869149694799123,PASS,0.7730875789410079,0.592723180056348,0.9433522146028179,FAIL,0.6142751479289941,0.6142751479289941,0.6142751479289941,FAIL,0.0015833221189812052,0.0015833221189812052,0.0015833221189812052,PASS,0.08879022080240917,0.08879022080240917,0.08879022080240917,FAIL,0.2222970516048579,0.2222970516048579,0.2222970516048579,PASS,0.2109926998463887,0.2109926998463887,0.2109926998463887,PASS,0.4370703299516857,0.4370703299516857,0.4370703299516857,PASS,-1.899282655660373,-3.3729956071624545,-0.7606919211318531,PASS,2.663611972245775,1.0211162912560479,4.98575280661108,PASS,2.1699995975011293,1.0464998627940176,2.79443334104479,PASS,-1.2298824519367022,-1.9483971405699356,-0.8067728102429319,PASS,1.2497883993712997,1.0790996042495142,1.3932659071414357,PASS,2.023235982435271,1.7423323712006273,2.3788048490079863,PASS,-1.5811958173424676,-4.2144964126364135,-0.9387321775074189,PASS,2.0073848610530622,1.0409497189604233,3.4983127572192183,PASS,1.8672426781946103,1.3095234844268662,2.4381319855406822,PASS,-1.5066677407622797,-4.849218998166645,-0.2125019369331769,PASS,2.0141193735841725,0.3242065093926738,3.9861467549039986,PASS,1.9542458094598376,0.861477751583413,2.62571970851008,PASS,-0.22756349390007513,-0.27099734389894925,-0.15111042520140044,PASS,0.2389368197711229,0.13416737022615155,0.33920675969652525,PASS,1.5352199758007585,0.9613350625382773,2.389371660461691,PASS,-1.6204900070129231,-2.483050086096028,-0.627030243675431,FAIL,1.1965193486308117,0.7162595936595992,1.754218972454568,PASS,2.046006061778792,1.7136950170459437,2.494803587183187,PASS,0.022548200944258218,0.020769879536360482,0.023666474111066208,FAIL,0.1831875,0.1775,0.184,FAIL,4.527155487227717,3.581295217057808,5.575917139428465,PASS,0.34081269642690515,0.019985768021594786,0.582217762300753,PASS,0.7193658585575766,0.21595415998233408,0.9093674683901368,FAIL,0.8699396366378298,0.6951525124353293,0.94745470647513,FAIL,0.5154436708717474,0.17047479446627828,0.710271525910361,PASS,0.21555222957514894,-0.24560997874347626,0.5502350503864792,PASS,0.37234693440523536,0.08054460223212265,0.6074605590748893,PASS,0.23581289623745877,-0.056182610769498306,0.4286362751120661,PASS,0.7894229588532042,0.2350187686739756,0.9491670599721339,PASS,0.4700598516547576,-0.014392867417968747,0.7236666640059581,FAIL,0.6000345893733474,0.1891034219207286,0.7780627639225939,PASS,0.40625,0.2375,0.5625,FAIL,47.312958748226656,26.006508428085283,66.88368584173726,PASS,-0.22195012093911454,-0.41170230465646224,-0.10292668127536457,PASS,0.9997209902240134,0.999517075374497,0.9998461847413592,FAIL,12232.845506957312,7238.105566932242,17495.260823505414,4,5,37,49,4,7
L01537,G04,P01,16,true,PASS,0.061041666666666675,0.030000000000000006,0.11211805555555554,FAIL,29.909585149433465,26.98135584832889,33.57069486008982,FAIL,-0.07913991296453488,-0.23305623389648525,0.025656787650556914,PASS,-0.03597658513886964,-0.037920146692159144,-0.0319857767062958,PASS,-0.035020632701718686,-0.15288532383615655,0.06408256600200926,PASS,0.6368698646669857,0.6352637383150034,0.6381194671230319,PASS,5.0056184895833375,4.842005208333338,5.15529947916667,PASS,1546.343104617911,1543.9065587669422,1549.0064439150578,PASS,1.0396082781525062,0.660848737304503,1.8237193151790754,PASS,0.32550925320413565,0.1706877856413334,0.4428346254273491,FAIL,3.55654084473636,3.4636056284207233,3.6277300531773182,PASS,0.3394269361413982,0.2486042139642257,0.43423915372023997,FAIL,0.6142751479289941,0.6142751479289941,0.6142751479289941,FAIL,0.0015833221189812052,0.0015833221189812052,0.0015833221189812052,PASS,0.08879022080240917,0.08879022080240917,0.08879022080240917,FAIL,0.2222970516048579,0.2222970516048579,0.2222970516048579,PASS,0.2109926998463887,0.2109926998463887,0.2109926998463887,PASS,0.4370703299516857,0.4370703299516857,0.4370703299516857,PASS,-1.966350197297137,-3.3729956071624545,-0.7549398871774894,PASS,2.6005304940397203,0.8750315280754082,4.98575280661108,PASS,2.126328152987962,1.0273564124248966,2.792636581474614,PASS,-1.4684804417598076,-1.953055118724063,-0.9653349329599255,PASS,1.2850692485133222,1.0902971019001044,1.463079692373079,PASS,2.1489571377352856,1.7784045396773276,2.4951568051333464,PASS,-1.7738251745892755,-4.2144964126364135,-1.0082684956948518,PASS,2.06948537799282,1.0934023646557827,3.4983127572192183,PASS,1.8123448842638028,1.068986539451814,2.5995698746446236,PASS,-1.7448618823134194,-4.849218998166645,-0.20033935209055329,PASS,1.9392199354356288,0.2898629429054218,3.9861467549039986,PASS,1.7840738928944835,0.6925173167639529,2.4959744014214125,PASS,-0.21567242036020765,-0.270012485337901,-0.14652769958032422,PASS,0.20397174136271737,0.08943190235307949,0.33920675969652525,PASS,1.302317558272959,0.8294000858974591,2.231601406771832,PASS,-1.4916295171691587,-2.675146777965725,-0.770349666241039,FAIL,1.2032304175627364,0.5027189617024728,2.643442879343135,PASS,2.005730491701778,1.1998509191845637,2.709020427138102,PASS,0.022844624017577076,0.021492198963395,0.023751954712097054,FAIL,0.18359375,0.1799375,0.184,FAIL,4.534053294032335,3.367584358830901,5.462877099938389,FAIL,0.39040772958413494,0.12417804256731671,0.5939552050955165,PASS,0.721824400175331,-0.03877580916001097,0.9155079499459677,PASS,0.8424057792118996,0.30111557676561307,0.9436144014978027,FAIL,0.5741320743095606,0.19624127456951615,0.761135904201153,PASS,0.25658790695556555,-0.21799943999595506,0.5355908270720224,PASS,0.39213262495921597,0.0013419052408574217,0.6298408833647556,PASS,0.25161834348753137,-0.13953284575518005,0.5132735441887317,PASS,0.8115078150921575,0.2210014534431098,0.9510874214791039,PASS,0.5766389390513234,0.06541687238740025,0.7731792679545515,PASS,0.643806367802531,-0.0037512072402000746,0.8183774523109295,PASS,0.39479166666666665,0.1375,0.6625,FAIL,34.435366262779354,18.185184875250876,69.57258309876548,PASS,-0.25527357162196473,-0.3863335550028997,-0.1619656727504342,PASS,0.9998751937833223,0.9997753903464724,0.9999254854237724,FAIL,16509.022886692597,7296.499024633244,33182.75129300448,3,5,38,49,4,7
L01601,G04,P01,16,true,PASS,0.07546875,0.03833333333333333,0.12875,FAIL,17.929297404641623,10.205495311041275,21.138138634718278,FAIL,0.5632976905837277,0.27662722972968046,0.7553779756124938,PASS,-0.07519785895856408,-0.07683917306415194,-0.07392777075981934,PASS,-0.03501951149553792,-0.09709303222053961,0.010949027104468304,PASS,0.6370453760912203,0.6348734491561615,0.6380822593872095,PASS,5.0075260416666705,4.846757812500004,5.182057291666671,PASS,1546.3120529918688,1543.4709881763858,1548.9290797955673,PASS,1.0783419143772095,0.5967369663226244,1.5951404482127587,PASS,0.33717217582815284,0.16842899614294252,0.5718621582365445,FAIL,3.573625279367337,3.496100221107631,3.662067459758824,PASS,0.31534398085911153,0.22824226999924144,0.42008875442924937,FAIL,0.6142751479289941,0.6142751479289941,0.6142751479289941,FAIL,0.0015833221189812052,0.0015833221189812052,0.0015833221189812052,PASS,0.08879022080240917,0.08879022080240917,0.08879022080240917,FAIL,0.2222970516048579,0.2222970516048579,0.2222970516048579,PASS,0.2109926998463887,0.2109926998463887,0.2109926998463887,PASS,0.4370703299516857,0.4370703299516857,0.4370703299516857,PASS,-1.4120924967142594,-2.9819108982675244,-0.7961243333006802,PASS,1.6085092027229941,0.7719711220978345,2.905845746223557,PASS,2.0028493694966847,1.200373084166846,2.8084969618941873,PASS,-1.2541812320282626,-1.8242532041521446,-0.8556960101264639,PASS,1.240541226812355,1.0676815653915332,1.379303150095107,PASS,2.073310841697732,1.717857556476332,2.4236559243398816,PASS,-1.1339069833947337,-1.4239422182297736,-0.7523257482922594,PASS,1.4871612359839093,0.7750590602655172,2.385655573931433,PASS,1.789333464279656,1.1637931148161922,2.191934370555125,PASS,-0.793437062361643,-2.3003849327837953,-0.17359289127037222,PASS,1.2399798573026297,0.22073475206553497,2.2759587420850895,PASS,1.8665138543767665,1.0461292094781593,2.4795926018812375,PASS,-0.19721624219553927,-0.2554322644808466,-0.11953015316380898,PASS,0.2180145409489551,0.10685780775575535,0.33920675969652525,PASS,1.6413869366017317,1.0099471835835148,2.3870772126412847,PASS,-1.2311269556960294,-2.106856187917783,-0.6373208232107539,FAIL,1.195054451776973,0.5848184958116966,1.971889439129884,PASS,1.8093966593500006,0.8301924005346182,2.5541151579137686,PASS,0.02273779134180954,0.02185580451966359,0.024080014055241503,FAIL,0.184,0.184,0.184,FAIL,4.596397795866772,3.5291608514446224,5.382583483557221,FAIL,0.2947040223054809,0.08043100219404453,0.506672124152848,PASS,0.5365181534275723,-0.2404504710120764,0.870329345667271,PASS,0.7158188960984546,0.024210839617982517,0.9362646773132114,PASS,0.44588138165233554,0.006552072494777475,0.7323796463445106,PASS,0.1348639543252926,-0.20074381992548862,0.4360680058016524,PASS,0.2719720714004101,-0.0700110842104706,0.5083361933678182,PASS,0.11170525671763362,-0.21261499724255792,0.3434877138769729,PASS,0.6434714112000199,-0.03200387971560318,0.9230577883594271,PASS,0.42695645738423726,-0.033533661851276916,0.7386883525003062,PASS,0.43981614457693746,-0.22341855180626347,0.7821817701841349,PASS,0.430625,0.175,0.5925,FAIL,32.55621187283273,18.492057049195772,43.16229924153549,PASS,-0.19050948785649036,-0.3057711541696079,-0.08156606998468792,PASS,0.9997323959945309,0.9997080473411171,0.999747479012571,FAIL,17476.04620710716,14062.93612759403,23518.572271280813,3,5,39,49,4,7
L01608,G04,P01,16,true,PASS,0.06956349206349206,0.03375,0.11958333333333332,FAIL,24.573450752644597,20.232452597671053,27.667956136602964,FAIL,-0.03806576413751232,-0.12557579715745856,0.11938623775441858,PASS,-0.0029764484410680775,-0.003281760875999821,-0.002859855206628274,PASS,-0.01701250275148435,-0.06415228714150319,0.02701321259739784,PASS,0.637127048856665,0.634911007967057,0.6389496156361727,PASS,5.009414062500004,4.8405338541666705,5.202578125000004,PASS,1546.2813193005645,1543.1369447453799,1549.0303949986262,PASS,1.0732056920684436,0.7172830101722849,1.6399450212986504,PASS,0.30735183582850484,0.1785322124979543,0.4763301726302702,FAIL,3.5522909214312657,3.4126204496516186,3.638035848819459,PASS,0.3407605674897045,0.25176687584411817,0.4454487606913705,FAIL,0.6142751479289941,0.6142751479289941,0.6142751479289941,FAIL,0.0015833221189812052,0.0015833221189812052,0.0015833221189812052,PASS,0.08879022080240917,0.08879022080240917,0.08879022080240917,FAIL,0.2222970516048579,0.2222970516048579,0.2222970516048579,PASS,0.2109926998463887,0.2109926998463887,0.2109926998463887,PASS,0.4370703299516857,0.4370703299516857,0.4370703299516857,PASS,-2.0075134509357646,-3.3729956071624545,-0.8085620199744956,PASS,2.481114199689212,0.870529085049792,4.98575280661108,PASS,2.2015268149381084,1.4329354706087007,2.811778222494676,PASS,-1.464569475093314,-1.8289111823062723,-0.9928010133192243,PASS,1.291042804213784,1.0902971019001044,1.589890360042877,PASS,2.180887083939772,1.782824604728685,2.4765901796384306,PASS,-1.955961514240742,-4.2144964126364135,-1.0630057070266732,PASS,2.041849865091023,0.8778375960038152,3.4983127572192183,PASS,1.9839264391014853,1.318898346892565,2.4368871655288116,PASS,-1.9610076335323245,-4.849218998166645,-0.2039572288943932,PASS,1.9270855836296286,0.3252280425224468,3.9861467549039986,PASS,2.085808019406941,1.4068844668515728,2.699458543117289,PASS,-0.20248468876524828,-0.26545420982992285,-0.10847169545676617,PASS,0.22327990937257916,0.12251573636681601,0.3121639529169797,PASS,1.5259348769331444,0.9535440198357059,2.396426097718626,PASS,-1.605681019886164,-2.6669839075434796,-0.7657572999043755,FAIL,1.2955826988775032,0.7401180146483028,2.708717287956139,PASS,2.040119593564297,1.566920444643494,2.5932003395890963,PASS,0.02271112917505461,0.020921906536500015,0.024463733193602417,FAIL,0.18278125,0.1734375,0.184,FAIL,4.544634647808339,3.8963127310386154,4.850265283196678,FAIL,0.3744700532150882,0.0905915346123119,0.6246050623730423,PASS,0.6345432803105786,-0.06900909969849242,0.9193025905056957,PASS,0.7911326806199845,0.1356987968436752,0.9461184801426027,FAIL,0.4949897821850168,0.14567912146368103,0.7361652173303239,PASS,0.23144597726935,-0.27397787298269655,0.5577639687953431,PASS,0.36578105403702493,-0.12298115722901551,0.6420605153459467,PASS,0.20256402635028106,-0.16554374547876033,0.49649790402416705,PASS,0.747110820899714,0.16587763984066806,0.959742012066356,PASS,0.47900928687148725,0.01757514225170184,0.7520741269914799,PASS,0.5494017074953521,-0.04384337869626001,0.8135125310266168,PASS,0.3770833333333333,0.17916666666666667,0.6,FAIL,39.90427284538248,20.750071637648656,58.35190304569571,PASS,-0.08443760245874149,-0.17846640374566788,0.06884067234105952,PASS,0.9999991261210595,0.9999982530065484,0.9999995398704691,FAIL,14689.715328633925,9322.066465701024,22813.168292556435,3,5,38,49,4,7
L01621,G04,P01,16,true,PASS,0.057333829365079365,0.014166666666666668,0.09618551587301587,FAIL,22.632591951430374,19.878502024130473,27.108518084604217,FAIL,-0.14987212100840647,-0.29383001086120375,0.08839530957195992,PASS,-0.002053746390269277,-0.002264841528707774,-0.0016228848727384046,PASS,0.011532284011259511,-0.04798525034019966,0.10240710600721277,PASS,0.6364920520909592,0.6351775053239228,0.6380794249125236,PASS,5.016184895833337,4.882552083333338,5.168072916666671,PASS,1546.1711019248519,1543.6986294485305,1548.346411399733,PASS,1.0305593253598175,0.5623419692960697,1.8527001800638656,PASS,0.30140383539893917,0.16992036629490498,0.525683122698584,FAIL,3.5378574340425057,3.4023625465198073,3.61840111777058,PASS,0.33319244630885936,0.2479001488223112,0.4179437100605489,FAIL,0.6142751479289941,0.6142751479289941,0.6142751479289941,FAIL,0.0015833221189812052,0.0015833221189812052,0.0015833221189812052,PASS,0.08879022080240917,0.08879022080240917,0.08879022080240917,FAIL,0.2222970516048579,0.2222970516048579,0.2222970516048579,PASS,0.2109926998463887,0.2109926998463887,0.2109926998463887,PASS,0.4370703299516857,0.4370703299516857,0.4370703299516857,PASS,-2.10034859944294,-3.3729956071624545,-0.7668695347052863,PASS,2.2772624641163484,0.8907064012079748,4.868540808875561,PASS,2.1751898795791025,1.0676996051892502,2.778213602474921,PASS,-1.3005561363694502,-1.9468444811852266,-0.9803241799035336,PASS,1.235058164531517,1.056484067740943,1.5860149275565691,PASS,2.0196474537925697,1.7930255205553456,2.333785883862939,PASS,-1.6969420067508791,-4.2144964126364135,-1.0048375538711458,PASS,1.760154022705096,0.946838578146621,3.185377924419529,PASS,1.8599183666478474,1.1130731359528994,2.3891419168736174,PASS,-1.9173334434423084,-4.849218998166645,-0.25315595989266126,PASS,1.635762311873414,0.2930877193545689,3.5051563762986806,PASS,1.879099004653777,0.8053878191944317,2.363008282224442,PASS,-0.22650663642482763,-0.26974621384996345,-0.15542682102714359,PASS,0.22805924957941187,0.10914298553723265,0.3333780074818268,PASS,1.3723544440441597,0.9609437513711352,1.8719084780567319,PASS,-1.4452887932006218,-2.425022907514226,-0.7452320091781508,FAIL,1.3637724468429442,0.5376106519449895,4.280441458812553,PASS,2.0603478973477864,1.5114153745258019,2.915645727101812,PASS,0.02239069896130632,0.020525640671141966,0.023887042376563028,FAIL,0.182375,0.1734375,0.184,FAIL,4.3510256274962815,3.426178950883997,5.00693230467404,FAIL,0.42558969171792876,0.1964841051556933,0.59570779154923,PASS,0.7648456471414782,0.1714700371312237,0.9097392387282738,PASS,0.8529928740111692,0.34113938001609556,0.9442653735446906,FAIL,0.6217943791492839,0.36928010897094143,0.8251202068262798,PASS,0.3345161381595877,0.0074438367650782045,0.5128075996184157,PASS,0.43821568317397896,0.09311569514465548,0.6122438832107157,PASS,0.26291676330419833,-0.09589592927636198,0.4659321203685211,FAIL,0.8550371590663115,0.41416081775988123,0.9545270706828692,FAIL,0.6339378498312932,0.38529264086244924,0.8115446933618586,PASS,0.670285035172978,0.11346240042106209,0.8235782892856908,PASS,0.36979166666666663,0.1375,0.5625,FAIL,24.11943003173908,16.074641863483,36.989276239706,PASS,-0.18024435943285955,-0.3373525827302267,0.056204457158194165,PASS,0.9999983299737945,0.9999962209807373,0.9999996013349476,FAIL,18253.75126874522,11271.274697634159,28914.870909055924,3,5,36,49,4,7
L01631,G04,P01,16,true,PASS,0.06474454365079366,0.04,0.11869543650793651,FAIL,20.726585244337215,16.563176855573918,23.99411406878,FAIL,0.5682572374844469,0.3184987914014364,0.8054142070573217,PASS,-0.00413850807792851,-0.00424268226455917,-0.004061079730431584,PASS,-0.0050458676221689855,-0.05432559800852104,0.049390123253602564,PASS,0.6372287398356368,0.6359619937449554,0.6383984105977311,PASS,4.977304687500004,4.825833333333337,5.144947916666671,PASS,1546.8040040092321,1544.0750641778873,1549.2696938778174,PASS,1.143750914118959,0.752873582412939,1.6488695994102038,PASS,0.2707876946744296,0.12008257663847882,0.4235148510080987,FAIL,3.5853100719121427,3.5268823106425273,3.6369692517257666,FAIL,0.2948836434487717,0.22488772949620736,0.3679224830941831,FAIL,0.6142751479289941,0.6142751479289941,0.6142751479289941,FAIL,0.0015833221189812052,0.0015833221189812052,0.0015833221189812052,PASS,0.08879022080240917,0.08879022080240917,0.08879022080240917,FAIL,0.2222970516048579,0.2222970516048579,0.2222970516048579,PASS,0.2109926998463887,0.2109926998463887,0.2109926998463887,PASS,0.4370703299516857,0.4370703299516857,0.4370703299516857,PASS,-1.6373280340704974,-3.2315251305135684,-0.7118577391548302,PASS,1.7124298285623163,0.8502236419899911,4.98575280661108,PASS,1.9377963613473257,0.9305457831397681,2.6690127898144578,PASS,-1.310666165572144,-1.8227005447674356,-0.7983560485068147,PASS,1.2162433840375768,1.0790051315390954,1.3793031500951067,PASS,2.1192189737642373,1.7787069957026111,2.5234288917042136,PASS,-1.5437782459507061,-4.2144964126364135,-1.0048375538711458,PASS,1.687206392882856,1.0145376462731321,3.4983127572192183,PASS,1.7640223188862296,1.0458509508929374,2.2821758339429223,PASS,-1.2910017656436341,-4.849218998166645,-0.21513092170617137,PASS,1.379613166725651,0.2837259652977842,3.9861467549039986,PASS,1.7812906470569883,0.2733528501925646,2.8262968270715225,PASS,-0.1904926492012936,-0.26764278441003,-0.13179435267200607,PASS,0.20086092752608078,0.10258196899132455,0.2944082371323492,PASS,1.5643538188590236,0.9076873438353774,2.4477295940949513,PASS,-1.148215867733894,-2.324143202379079,-0.6042449095797062,FAIL,1.3014502114896591,0.5994457059203804,1.6630230376067285,PASS,1.66088324916808,1.2391946649203194,2.2349831533480073,PASS,0.022633524758583434,0.02167645973013733,0.023600174936994015,FAIL,0.18359375,0.1799375,0.184,FAIL,4.446712633913547,3.8271949731188686,4.8933490160336355,PASS,0.3396931561594283,0.0072156337318044685,0.6315456153621518,PASS,0.6021369556466398,0.025299274281705746,0.916791401843582,PASS,0.778559189036669,0.1763098870679124,0.9489297239526885,FAIL,0.5177130277952982,0.1985647418487664,0.7531510404864696,PASS,0.1921672405289333,-0.2144928270757452,0.5539259659235402,PASS,0.32006937440186556,-0.02227290791903286,0.6343880969159181,PASS,0.16315712827523704,-0.16201063682149605,0.49303854379716133,PASS,0.7116405492664181,0.13880081056364849,0.9599602917470677,PASS,0.49813577991738106,0.030389970516708106,0.7614447208347822,PASS,0.5452391061779828,-0.1296488854681822,0.8056404534809496,PASS,0.403125,0.2375,0.5625,FAIL,33.10016326039036,17.295312914619636,51.92328756817259,PASS,-0.1709295285587839,-0.26599385610060733,-0.038233004882570774,PASS,0.9999995359268263,0.999999362880233,0.9999995904128965,FAIL,18016.46427741627,14853.504434121805,24458.8633321474,3,5,38,49,4,7
L01643,G04,P01,16,true,PASS,0.07763640873015873,0.04125,0.10993055555555556,FAIL,22.969740774840147,18.478004634840183,27.908361498975328,FAIL,-0.10609833112977365,-0.21987959810798766,0.04292827512750843,PASS,-0.027038330005035516,-0.028464505826611527,-0.025742447260610656,PASS,-0.03225106386530314,-0.08608360041844058,0.011483292512416518,PASS,0.63704690806435,0.6361574387964499,0.6376956904166532,PASS,5.049375000000004,4.861875000000004,5.18772135416667,PASS,1545.6308248273685,1543.3787871024722,1548.6829983086398,PASS,0.9605115445275743,0.7061682575730512,1.4081254673368007,PASS,0.3095796678885162,0.19770662779291334,0.4515981513634606,FAIL,3.5833065514218108,3.523262352559896,3.6472110523825485,PASS,0.3256729829987307,0.2531526060865453,0.42937170732652535,FAIL,0.6142751479289941,0.6142751479289941,0.6142751479289941,FAIL,0.0015833221189812052,0.0015833221189812052,0.0015833221189812052,PASS,0.08879022080240917,0.08879022080240917,0.08879022080240917,FAIL,0.2222970516048579,0.2222970516048579,0.2222970516048579,PASS,0.2109926998463887,0.2109926998463887,0.2109926998463887,PASS,0.4370703299516857,0.4370703299516857,0.4370703299516857,PASS,-2.0176163438398795,-4.504759420353543,-0.7447473356558809,PASS,2.190884699770902,0.8506604359496214,4.634116813404521,PASS,2.2180308053214466,1.4636461665202303,3.2250847649177348,PASS,-1.2647529685715833,-1.9483971405699356,-0.77482327301575,PASS,1.2666419399826145,1.0792696551282683,1.3560318883512257,PASS,2.0802222053069985,1.7453377308889313,2.4379108034089247,PASS,-1.3631929988145073,-2.1718839651546165,-1.0454075635312035,PASS,1.7009144367496853,1.0155144001182976,2.5595082588201494,PASS,2.0274302514695672,1.6361640020181816,2.3078354440064324,PASS,-1.255683124466791,-3.0806494904885593,-0.1950257810776087,PASS,1.5146901797630492,0.2369938276927046,2.543175619088044,PASS,2.2859098513525233,1.9303438465722842,2.826116427368464,PASS,-0.20331642842161346,-0.26545420982992285,-0.11953015316380898,PASS,0.22406139610196163,0.0941283547238813,0.3414875757805377,PASS,1.6729805963815705,1.0648119423474802,2.5452144096909235,PASS,-1.1695805128633463,-2.100049631669828,-0.6588308851497561,FAIL,1.1454523349551624,0.5824184304963508,1.754218972454568,PASS,1.8746896884426123,1.2704281089051161,2.320566127516248,PASS,0.0225266612767581,0.020308801135073593,0.024284244890091726,FAIL,0.18156250000000002,0.171,0.184,FAIL,4.455958744617673,3.876388119874866,5.090199522357778,PASS,0.2804802231441027,0.019962025636656226,0.513358595401558,PASS,0.5153461144312051,-0.22640291683528707,0.8807278158803507,PASS,0.7296203953339271,-0.012335295614299625,0.9351083816054423,FAIL,0.43703875718915497,0.08982062736674978,0.7181148348521098,PASS,0.10079383967121638,-0.26661236248270753,0.4577267577308041,PASS,0.28106038599901906,-0.047822496983229636,0.5588990074692541,PASS,0.16331557442693945,-0.1286057833893828,0.48345245541028714,PASS,0.6252541982110428,0.12447487459033965,0.9324243116638185,PASS,0.3638437806737249,-0.18172911133106112,0.7282071956186983,PASS,0.4611684897607696,-0.15007403491406374,0.7934677943949149,PASS,0.44895833333333335,0.26875,0.725,FAIL,31.414615338297345,16.792800082232084,51.27507509631531,PASS,-0.1694775533049256,-0.3001270499405419,-0.00937871892401003,PASS,0.9999322762273759,0.9998659539356842,0.9999701320287536,FAIL,20097.60337620794,12624.2739000198,28787.63642371819,3,5,39,49,4,7
L01660,G04,P01,16,true,PASS,0.0648859126984127,0.035277777777777776,0.08803075396825397,FAIL,23.985157826990104,18.670269210559027,27.44336308139516,FAIL,0.305128345882522,0.14917675335027586,0.493009884915816,PASS,-0.11288142466296355,-0.12842117962736402,-0.09069175378784335,PASS,-0.07275666093366517,-0.20939326456392576,-0.01404649232626387,PASS,0.6370636030650959,0.6353772894587439,0.6387898715141465,PASS,4.975273437500004,4.802343750000005,5.131575520833337,PASS,1546.8370692219457,1544.2927434949195,1549.6520633889436,PASS,0.9678670115103278,0.5474986498603467,1.6294145071785704,PASS,0.29795983696973716,0.11351213113090472,0.44289316384329674,FAIL,3.6047811355132398,3.552527757858998,3.6583835687028166,FAIL,0.3267831186746636,0.26170138308031793,0.36281642934842706,FAIL,0.6142751479289941,0.6142751479289941,0.6142751479289941,FAIL,0.0015833221189812052,0.0015833221189812052,0.0015833221189812052,PASS,0.08879022080240917,0.08879022080240917,0.08879022080240917,FAIL,0.2222970516048579,0.2222970516048579,0.2222970516048579,PASS,0.2109926998463887,0.2109926998463887,0.2109926998463887,PASS,0.4370703299516857,0.4370703299516857,0.4370703299516857,PASS,-1.8513487599244631,-3.2315251305135684,-0.7325300330853204,PASS,2.5781430414615736,0.8558152712281978,4.98575280661108,PASS,2.1784001009893754,1.476895923828803,2.8760663160190676,PASS,-1.3167477275285995,-1.8227005447674356,-0.852013130566882,PASS,1.2901482430397055,1.1456231757086424,1.3932659071414355,PASS,2.174189424514458,1.9350816220568685,2.4156073560964932,PASS,-1.6153013903750817,-4.2144964126364135,-1.0852109640986354,PASS,2.0698229027518478,1.0575868420102104,3.4983127572192183,PASS,1.9045408941495086,1.3247195439231574,2.4591067508981848,PASS,-1.6329772334374597,-4.849218998166645,-0.21513092170617137,PASS,1.8426334807656608,0.2931183951925733,3.9861467549039986,PASS,1.9618875407795433,0.9816010282558596,2.645465298628474,PASS,-0.21503371889886122,-0.26600135347494963,-0.11520941276115983,PASS,0.20398025053972987,0.08825195380848265,0.3228007215991246,PASS,1.3702986796084322,0.912752132119431,2.028545812013002,PASS,-1.1511079526562544,-1.9014206279426964,-0.5065982421641639,FAIL,1.234697478856103,0.6116257041777917,2.87125027676582,PASS,1.8986546899116568,1.201757257926278,2.3547595702393975,PASS,0.022618238709498487,0.021371082093970165,0.024184336463109475,FAIL,0.18156250000000002,0.171,0.184,FAIL,4.647647616773586,3.4078124147604654,5.5273649200722215,FAIL,0.3716158897426672,0.14735263146608454,0.6188371441332562,PASS,0.6774306923970406,-0.04392624127308249,0.9177090934008837,PASS,0.8059318182629975,0.15843345290913863,0.9504209524185441,FAIL,0.5421567707574155,0.1522805260353352,0.7463788545845613,PASS,0.23474540310439487,-0.1675596638948967,0.5227909362542512,PASS,0.36410194108657024,-0.03533015708119952,0.610187688621676,PASS,0.21261059091733575,-0.16288608395245838,0.4607766665006773,PASS,0.7810217808513871,0.16266974905224427,0.9529509123139126,PASS,0.5394531357952275,0.12395009544374164,0.7620936450123573,PASS,0.5816726529678119,-0.07362560074965502,0.8078533340944977,PASS,0.440625,0.2375,0.6,FAIL,33.11532010571747,21.66681817558858,48.08328037700179,FAIL,-0.390903088125948,-0.5100400736083882,-0.2934325954776145,PASS,0.9991435761007927,0.9983072121054077,0.9996845529614891,FAIL,17581.95746495859,14335.750316244106,20644.42337493182,3,5,36,49,4,7
L01717,G04,P01,16,true,PASS,0.06006944444444444,0.03111111111111111,0.09256944444444445,FAIL,24.948099900302978,18.853231557884577,30.45212780071167,FAIL,-0.012930576286884984,-0.15881765987872232,0.16189371347112605,PASS,-0.023794378210060446,-0.02502431441417882,-0.02241167812349485,PASS,-0.024549986543409195,-0.10195464569785717,0.02732840388701626,PASS,0.6366698077114229,0.635255980096841,0.6381370612588131,PASS,5.00539713541667,4.866940104166671,5.1053906250000045,PASS,1546.3467078782708,1544.7189879998386,1548.600547233347,PASS,1.0709226150196127,0.5742872747326742,1.5234128000845426,PASS,0.287397275720356,0.1778192636867581,0.5382483370227095,FAIL,3.5688328268767515,3.50444320653852,3.639614464183508,PASS,0.3291193178717473,0.2592515226319142,0.4404193533401897,FAIL,0.6142751479289941,0.6142751479289941,0.6142751479289941,FAIL,0.0015833221189812052,0.0015833221189812052,0.0015833221189812052,PASS,0.08879022080240917,0.08879022080240917,0.08879022080240917,FAIL,0.2222970516048579,0.2222970516048579,0.2222970516048579,PASS,0.2109926998463887,0.2109926998463887,0.2109926998463887,PASS,0.4370703299516857,0.4370703299516857,0.4370703299516857,PASS,-1.8518711377694888,-3.9388775137579985,-0.8537933809762865,PASS,2.176811872998661,0.8830195698442748,4.98575280661108,PASS,2.1223060169958172,1.260450928674779,2.7192681758509116,PASS,-1.4535653355835145,-1.9483971405699356,-1.0943982910673782,PASS,1.2749810414628395,1.0676815653915332,1.5162011423249255,PASS,2.212109140096319,1.9114787568972516,2.461284098358775,PASS,-1.6046351239589773,-4.2144964126364135,-1.0520068673420047,PASS,1.9737016940703533,1.1747376282709816,3.4983127572192183,PASS,1.8242240128216554,1.1235581875839948,2.431845646097109,PASS,-1.358435997879908,-4.849218998166645,-0.21513092170617137,PASS,1.8619657141951287,0.3252280425224468,3.9861467549039986,PASS,1.9453279832031787,1.0372878802807801,2.6988013199740517,PASS,-0.20339318926742583,-0.2670396969631327,-0.13644306632636163,PASS,0.20404305149389262,0.12938272937212128,0.2524949055361495,PASS,1.3713605595878637,0.9357315921262314,2.427468960219753,PASS,-1.4178303665585954,-2.606073365099757,-0.673058349787493,FAIL,1.1078278054286739,0.6586920451855072,1.4535068905742121,PASS,1.8760001336367236,1.2941368991687756,2.539468715487232,PASS,0.022915012867405465,0.02150177331218561,0.02404309479253536,FAIL,0.1831875,0.175875,0.184,FAIL,4.662893708627097,3.809771927460181,5.769468296293559,FAIL,0.3937532000281431,0.15827080797149473,0.5383701810568405,PASS,0.7203416434954513,0.018439412607945876,0.8873901527068548,FAIL,0.8713002855845695,0.6203679341369225,0.9356169616721024,FAIL,0.5799807440705704,0.14485428439680137,0.7173820819854969,PASS,0.2724106634010147,-0.3153725889125826,0.5459272851511929,PASS,0.4023284654398588,0.009899942678857262,0.6177225373322582,PASS,0.25221152445948825,-0.11666202906355884,0.48427926023004697,PASS,0.8074602399286986,0.18932445621746458,0.9345540904563825,PASS,0.5717452965797511,0.010255816024036675,0.723685725821279,PASS,0.6606638928689761,0.1603584322759106,0.7920701413133117,PASS,0.35,0.25,0.48125,FAIL,27.38338838277982,18.378957632065685,39.674810228065056,PASS,-0.1892283307267552,-0.33471406205321275,-0.011434985341218557,PASS,0.9999602458838257,0.9999213103185172,0.9999770044651551,FAIL,12863.5189141203,10185.172587678757,19140.663302524074,3,5,37,49,4,7
L01804,G04,P01,16,true,PASS,0.0658655753968254,0.023750000000000004,0.12635416666666666,FAIL,22.052093910692882,15.48637078040521,26.10496502164708,PASS,0.12382042491593297,-0.06597142689668302,0.3604767390055773,PASS,-0.10727592145815426,-0.11237107306211729,-0.10309454294571037,PASS,-0.03732104728554199,-0.0923381629227654,-0.0009373962984466589,PASS,0.6367882553256218,0.6340561010121318,0.638279531746162,PASS,4.97569010416667,4.814010416666671,5.0579427083333375,PASS,1546.8302866142099,1545.4913574557936,1549.462150372331,PASS,1.1746073717914793,0.7473788678454926,1.6554308591914073,PASS,0.32263784055994427,0.16610772586676348,0.48783234630323336,FAIL,3.5761151980594588,3.48304496894186,3.6785932800445083,PASS,0.3597353743645555,0.24729257706325747,0.5056045101474463,FAIL,0.6142751479289941,0.6142751479289941,0.6142751479289941,FAIL,0.0015833221189812052,0.0015833221189812052,0.0015833221189812052,PASS,0.08879022080240917,0.08879022080240917,0.08879022080240917,FAIL,0.2222970516048579,0.2222970516048579,0.2222970516048579,PASS,0.2109926998463887,0.2109926998463887,0.2109926998463887,PASS,0.4370703299516857,0.4370703299516857,0.4370703299516857,PASS,-2.0440997181472635,-2.995741002765425,-0.837068662292928,PASS,2.465116060156399,0.9081110830886594,4.868540808875561,PASS,2.316825104630235,1.2346009290935478,2.6455925242304636,PASS,-1.2224943048854477,-1.8242532041521446,-0.845824295471921,PASS,1.207462183025513,1.0622843845692351,1.379303150095107,PASS,2.042052903648011,1.896416511631197,2.413890671168132,PASS,-1.6998412778198282,-4.2144964126364135,-1.0630057070266732,PASS,2.017510596747583,1.3704621547927491,3.185377924419529,PASS,1.7961363205296204,1.2040932353066818,2.3238545365751695,PASS,-1.890523457929756,-4.849218998166645,-0.3385009065281634,PASS,1.8366179882815015,0.31621520334432607,3.5051563762986806,PASS,1.936331460929145,1.0739362540287463,2.398035531153054,PASS,-0.22122586137917968,-0.2696659864592612,-0.14789900844493928,PASS,0.22473260914183943,0.10914298553723265,0.3354053995565045,FAIL,1.2861112552342246,0.9993319771132003,1.6351380030524096,PASS,-1.4020953501859528,-2.1328540058657883,-0.74130806883006,FAIL,1.4393955463823132,0.7558005240773973,3.09260174727134,PASS,1.847627100508845,1.1930800540210225,2.3773458872991386,PASS,0.022874178644127406,0.02042325198906986,0.024080641175121615,FAIL,0.184,0.184,0.184,FAIL,4.516945243647401,3.877532465960262,5.27278036428974,FAIL,0.43581630457935455,0.2350389112615988,0.6736943402282107,FAIL,0.8231516880229472,0.7150933283203111,0.9309373702742414,FAIL,0.907716081176235,0.8612891487431095,0.9563350817160401,FAIL,0.6219823234181807,0.503900356739711,0.7707167920623111,PASS,0.337711214858587,0.1618863740079022,0.6016685583882693,FAIL,0.4610946995157317,0.31845216246345276,0.6568680643620228,PASS,0.3069014970927386,0.15796655664994907,0.45137671033363624,FAIL,0.8944032286917034,0.8178423609367709,0.9635650266267306,FAIL,0.6375883452421149,0.5220880542246761,0.7829168787550229,FAIL,0.7188785620408533,0.6259846867734409,0.8084895068911513,PASS,0.34479166666666666,0.13125,0.51875,FAIL,36.845545267015936,24.239768528902918,56.637593944454686,PASS,-0.1656032787689446,-0.3326585692967651,0.036122529820498114,PASS,0.9993638518451127,0.9989850208980121,0.999514420651877,FAIL,11374.361921501852,7478.486438876368,19083.20729144138,4,5,31,49,4,7
L01805,G04,P01,16,true,PASS,0.06703869047619049,0.03416666666666667,0.1243799603174603,FAIL,17.99670359750859,14.547934312916196,21.423681756562026,FAIL,-0.06254611110853446,-0.20638479264197668,0.11296997665597282,PASS,-0.009187045323639101,-0.009931148711227054,-0.00886239290800726,PASS,-0.021355039774990103,-0.05846511551286044,0.002340193380500291,PASS,0.6371528034185394,0.6360730615648137,0.6385345231557943,PASS,5.017102864583338,4.8893229166666705,5.160638020833337,PASS,1546.1561589921832,1543.8196566053225,1548.2361940240205,PASS,1.037903360434839,0.6407241271934518,1.510465654014019,PASS,0.3165906423947645,0.1652112312596352,0.4524867155857971,FAIL,3.5823548510009555,3.486248151418809,3.6646396674242694,PASS,0.3526758077272768,0.25144192799640014,0.5181630632195271,FAIL,0.6142751479289941,0.6142751479289941,0.6142751479289941,FAIL,0.0015833221189812052,0.0015833221189812052,0.0015833221189812052,PASS,0.08879022080240917,0.08879022080240917,0.08879022080240917,FAIL,0.2222970516048579,0.2222970516048579,0.2222970516048579,PASS,0.2109926998463887,0.2109926998463887,0.2109926998463887,PASS,0.4370703299516857,0.4370703299516857,0.4370703299516857,PASS,-2.0182482601051173,-4.504759420353543,-0.9873153321902153,PASS,2.1759285781049242,0.9152735317612124,4.634116813404521,PASS,2.161332787390519,1.1276121729033246,2.964792391847321,PASS,-1.3964137681862563,-1.6157939840711175,-1.1021501406819558,PASS,1.270741225274454,1.0676815653915332,1.3932659071414355,PASS,2.17706492336095,1.881156444454721,2.393029788276981,PASS,-1.4656905736621895,-3.44851674483074,-1.134222224271486,PASS,1.907781329013744,1.1189092140981032,2.5595082588201494,PASS,1.8204417830903301,1.1782994810886018,2.2098166954474436,PASS,-1.3916715844213448,-4.186005432787363,-0.2628326133576317,PASS,1.6161197739720778,0.33947821442934867,2.543175619088044,PASS,1.9816763669917559,0.9565280081377733,2.4769601291192425,FAIL,-0.23080929298676517,-0.27099734389894925,-0.16211004940476417,PASS,0.22196686873750315,0.10914298553723265,0.3206507249604517,PASS,1.3489931367144632,1.0760608019510567,2.1347758556356955,PASS,-1.5546644039902242,-2.404177896873953,-0.7228108606482023,FAIL,1.168517472617506,0.6364005544562417,1.8541483254192006,PASS,2.0519679289167123,1.5796903952801538,2.4954082819336807,PASS,0.022246911853978903,0.02114076641011592,0.023770032063736977,FAIL,0.1831875,0.175875,0.184,FAIL,4.231021676852402,3.2617578990972054,5.037375981507019,FAIL,0.3806170957412992,0.15743249222962633,0.5105845736699407,FAIL,0.7774749287807432,0.37429989672983305,0.8845911802027497,FAIL,0.8894212242884821,0.715821650110951,0.9362477659501335,FAIL,0.5829218270668184,0.18805761360950835,0.7334375659498755,PASS,0.2799294028878354,-0.13814097040817291,0.44787425906912803,PASS,0.4014416940640316,0.14536562919504925,0.5513047399477521,PASS,0.2398818593306554,-0.07500564808057225,0.4655695549777996,FAIL,0.8591114281602543,0.5639364555977874,0.9351012998150406,PASS,0.5738876455095887,-0.01376521250804857,0.7503804307618651,FAIL,0.6659730076293678,0.2028570471362645,0.8000207990177751,PASS,0.3755208333333333,0.16875,0.61875,FAIL,31.634468896979556,16.893739715945767,43.78688672052481,PASS,-0.11188246091098648,-0.25708337949813076,0.053274730158654776,PASS,0.9999856606152036,0.9999730610739792,0.9999930888069345,FAIL,17672.392549365628,10808.104435451887,25802.824665223605,3,5,33,49,4,7
L01807,G04,P01,16,true,PASS,0.05624007936507937,0.0175,0.11094742063492063,FAIL,23.82154459094486,20.518835353978805,27.01901204793839,PASS,0.07617810261593877,-0.06948600391998142,0.24587963265968943,PASS,-0.05687123053484116,-0.060802439916547484,-0.0532286979924551,PASS,-0.020780041934909094,-0.0702726991745409,0.028791531729905128,PASS,0.6361360044958211,0.6336270251516302,0.6377238840587794,PASS,4.996777343750004,4.838059895833338,5.117890625000004,PASS,1546.4870230758124,1544.515509767754,1549.0706667320594,PASS,1.2271953320621827,0.6929533746479903,1.9062118868894509,PASS,0.3036581601995889,0.19803093293668794,0.45525315578404535,FAIL,3.525750547466262,3.4268717380847136,3.645371980671075,PASS,0.3664327971749726,0.27504623410120316,0.4550824393785332,FAIL,0.6142751479289941,0.6142751479289941,0.6142751479289941,FAIL,0.0015833221189812052,0.0015833221189812052,0.0015833221189812052,PASS,0.08879022080240917,0.08879022080240917,0.08879022080240917,FAIL,0.2222970516048579,0.2222970516048579,0.2222970516048579,PASS,0.2109926998463887,0.2109926998463887,0.2109926998463887,PASS,0.4370703299516857,0.4370703299516857,0.4370703299516857,PASS,-1.947604304960136,-4.080347990406885,-0.6827675347869431,PASS,2.3915123447718023,0.8558152712281978,4.98575280661108,PASS,2.195385508192899,1.541569928917295,3.0351347239791204,PASS,-1.3910539452536788,-1.9530551187240632,-0.9214082935282503,PASS,1.257912277912067,0.8766535804947395,1.4630796923730793,PASS,2.1400404590096818,1.8417579507154476,2.4552326967098463,PASS,-1.6451314872446103,-4.2144964126364135,-1.0082684956948518,PASS,1.9297205218475648,0.8107815989933662,3.4983127572192183,PASS,1.912050019544521,1.1564890607280915,2.3939112723686495,PASS,-1.5866095395770108,-4.849218998166645,-0.18023917091395739,PASS,1.7602844604206545,0.2898629429054218,3.9861467549039986,PASS,2.058619567384167,1.5088689054684434,2.6514364037430793,PASS,-0.19295828915062618,-0.266445139288179,-0.1246965495270986,PASS,0.20582380207571757,0.11529337225971587,0.3030468442521978,PASS,1.5675939356002022,0.9891611076527159,2.34511627595822,PASS,-1.524188105234289,-2.438888114685987,-0.5967030897866142,FAIL,1.4861310372304506,0.8750907777732435,4.327056362806552,PASS,2.0339295512692037,1.4352491663538092,2.9605910983655157,PASS,0.022357941004317112,0.021059346169889144,0.023141874124840096,FAIL,0.1831875,0.175875,0.184,FAIL,4.6082582900633255,4.0074051655180085,5.545551689894104,FAIL,0.33614635648762625,0.12528336525281342,0.5909101240010822,PASS,0.5655115474723493,-0.15842922620276076,0.9085746300859328,PASS,0.7227757089397778,0.037976782939961234,0.9444951071711467,FAIL,0.485817741524716,0.0854907903131217,0.7287444323409764,PASS,0.19090265656442237,-0.2634443713594317,0.5325778851953858,PASS,0.3254711945943681,0.007483755300455907,0.6295699115273861,PASS,0.15954468534627772,-0.21188043690229905,0.5152368009166235,PASS,0.6627303700411051,-0.02626969496698739,0.9501612019844894,PASS,0.47474139657774356,0.04540269157415748,0.7507983360404898,PASS,0.46497721298308464,-0.22893773659113817,0.8033857883734281,PASS,0.325,0.1,0.58125,FAIL,33.45518998174267,17.569041802468966,69.75750769317054,PASS,-0.16321623579184028,-0.30262030148074626,0.0031394257664296085,PASS,0.9997706966350086,0.9995188135547945,0.9998636822987893,FAIL,11650.742853588794,5352.1959893050525,18484.207306766897,4,5,38,49,4,7
L01978,G04,P01,16,true,PASS,0.0643923611111111,0.034444444444444444,0.09666666666666666,FAIL,25.321065954590054,20.315077573292854,28.838225373943093,PASS,0.10799508767686011,-0.07849183755427999,0.3078203486990148,PASS,-0.055530032750673385,-0.06241295893514997,-0.05180204844544993,PASS,-0.030490814781120194,-0.08254697853819053,0.016929410389639996,PASS,0.6371774273748869,0.6356562289871289,0.6398640101110333,PASS,5.021184895833337,4.85166666666667,5.150963541666671,PASS,1546.089710632018,1543.9771402786964,1548.849172198176,PASS,1.0156285702551173,0.7112561484605056,1.397130594955886,PASS,0.26914931712470425,0.16290118932299533,0.42427832979283264,FAIL,3.5693806744967764,3.5255984397366102,3.6241533872087603,PASS,0.30743161183787143,0.2265720013625751,0.4554086733159423,FAIL,0.6142751479289941,0.6142751479289941,0.6142751479289941,FAIL,0.0015833221189812052,0.0015833221189812052,0.0015833221189812052,PASS,0.08879022080240917,0.08879022080240917,0.08879022080240917,FAIL,0.2222970516048579,0.2222970516048579,0.2222970516048579,PASS,0.2109926998463887,0.2109926998463887,0.2109926998463887,PASS,0.4370703299516857,0.4370703299516857,0.4370703299516857,PASS,-1.7860179389249689,-3.3729956071624545,-0.7695500241740599,PASS,2.0776746279822764,0.8259051994905227,4.98575280661108,PASS,2.1285519975672056,1.3977532074123074,2.823020667410266,PASS,-1.219345240528789,-1.8289111823062723,-0.8142474978916326,PASS,1.2946752640560844,1.1233794422156125,1.5441266564175833,PASS,2.265199865944831,1.895379630615755,2.555251135015356,PASS,-1.4519143766645743,-3.44851674483074,-1.0601649398674837,PASS,1.6899311837458504,1.0171423231935734,3.4983127572192183,PASS,1.8179263848597416,1.2287397684800183,2.3918081739598125,PASS,-1.2631627021757916,-4.186005432787363,-0.1950257810776087,PASS,1.5407625426955551,0.28481111606016807,3.9861467549039986,PASS,1.9353626328869011,0.7673902021037424,2.7974471467268933,PASS,-0.1878115434825009,-0.26941792766294737,-0.12964247034470625,PASS,0.23374076856590256,0.1127308926268874,0.33464512752850034,PASS,1.7911296065028122,0.9478567385854505,2.517498569837924,PASS,-1.3921735914356765,-2.2855136025306297,-0.7679796985589844,FAIL,1.1730004087388282,0.8550170051439733,1.7310993060623319,PASS,1.9278321604020157,1.1868945547148104,2.5269690315930027,PASS,0.023076561278711317,0.022067847572973205,0.024570619457691695,FAIL,0.18359375,0.1799375,0.184,FAIL,4.482305206549944,3.855496617628476,4.907110000356479,PASS,0.2646366873290141,0.03464415810610291,0.5929717674515319,PASS,0.48097851211901266,-0.05868876543389627,0.9217582408566299,PASS,0.7374965157182973,0.19005556713652957,0.9480987857147694,FAIL,0.4133934647116696,0.07723800527390405,0.725806071448837,PASS,0.051485406171266,-0.3432595098896024,0.5491455217774104,PASS,0.2491456785431775,-0.03808662218499617,0.6220707726301884,PASS,0.12663288221193292,-0.14810616810828137,0.4676577417449566,PASS,0.6068886541211025,0.1459957745810819,0.9479669169877682,PASS,0.3453741287108312,-0.11885136692074044,0.7495810439971369,PASS,0.4530526794839602,-0.10448222214586839,0.795312773739114,PASS,0.396875,0.1375,0.6,FAIL,38.51268891331274,21.033991531679256,52.001922324915995,PASS,-0.19228263695594333,-0.33374317077942406,-0.01601784175807209,PASS,0.9997801973204883,0.9996255638294587,0.9998812071561181,FAIL,12579.20060329522,8728.431768054048,17111.65064700927,4,5,39,49,4,7
L01992,G04,P01,16,true,PASS,0.06138640873015873,0.03111111111111111,0.11903273809523811,FAIL,24.618856090965345,19.789915170179405,28.504048314710232,PASS,0.0070000222427071815,-0.1265299522438649,0.18973085381751847,PASS,-0.016689481724882962,-0.018089228388037545,-0.015521957485312514,PASS,-0.005673987200254724,-0.03932518477100855,0.06665997947940511,PASS,0.6322843187911782,0.6306912282712627,0.634067446655527,PASS,5.015449218750003,4.906914062500004,5.1270703125000034,PASS,1546.183077466636,1544.3660804410665,1547.9498408036593,PASS,1.063276069403388,0.6394563378520454,1.5050462360476566,PASS,0.2988385380403662,0.1414115900451235,0.5011882691955468,FAIL,3.5746564464857196,3.4971061301067277,3.691191949955954,PASS,0.5038001602295699,0.37335381116275923,0.6727806867549385,FAIL,0.6142751479289941,0.6142751479289941,0.6142751479289941,FAIL,0.0015833221189812052,0.0015833221189812052,0.0015833221189812052,PASS,0.08879022080240917,0.08879022080240917,0.08879022080240917,FAIL,0.2222970516048579,0.2222970516048579,0.2222970516048579,PASS,0.2109926998463887,0.2109926998463887,0.2109926998463887,PASS,0.4370703299516857,0.4370703299516857,0.4370703299516857,PASS,-1.79937012942297,-3.9388775137579985,-0.7302292195035749,PASS,2.1389304406807397,0.8458676108883014,4.98575280661108,PASS,2.1557537078199953,1.1761557693137912,3.029150884566483,PASS,-1.3647378438018483,-1.9468444811852266,-0.92160504877029,PASS,1.1889283813277096,0.9808819210828074,1.3793031500951067,PASS,2.131955530440663,1.7490276012402899,2.565495448671227,PASS,-1.7463370939780636,-4.2144964126364135,-1.023529901287147,PASS,1.9234066910792462,1.0671141251948992,3.4983127572192183,PASS,1.8813812731038473,1.2182390809302877,2.484440185543048,PASS,-1.529886175035802,-4.849218998166645,-0.19349666641672106,PASS,1.67002699328455,0.24407311564565676,3.9861467549039986,PASS,1.997575414305845,1.043144293501627,2.7059323150397723,PASS,-0.20643644473683853,-0.26600135347494963,-0.13122546058554543,PASS,0.2080639589568689,0.08943190235307949,0.3354053995565045,PASS,1.494153866869362,0.914185560135576,2.242901767018656,PASS,-1.4393489224860072,-2.1688658425610514,-0.5582382281743363,FAIL,1.2581053106099354,0.822352889492118,1.684003689337406,PASS,1.9733734210208824,1.3074531932609819,2.439311395970503,PASS,0.02276889747590665,0.0206807726501404,0.024142640666856438,FAIL,0.184,0.184,0.184,FAIL,4.608214613500415,3.4623254487238353,6.228828851254666,PASS,0.3269500359253651,0.04608348594829112,0.6035121616027871,PASS,0.6124610864464054,-0.17448102737855642,0.9211033132422979,PASS,0.7710763375829345,0.04091791364550063,0.94955200663795,PASS,0.4410672890470663,-0.06793386315617647,0.7634362692689701,PASS,0.22303065084349136,-0.15661373170495804,0.5479849201307613,PASS,0.3330366641024456,0.01635307554135665,0.6006566655865773,PASS,0.16079435341512932,-0.21994224218574576,0.4901050737644514,PASS,0.7031497624568246,0.09279389926513747,0.9535101916868208,PASS,0.4354967668297798,-0.06540005858353155,0.7729771617387817,PASS,0.49222348852428416,-0.1681720950645743,0.8111281849329097,PASS,0.378125,0.3,0.6,FAIL,41.1377708335105,11.8384137356048,69.73325047935077,PASS,-0.17903590478548004,-0.3131378833635518,0.02373866565988704,PASS,0.9999692441089283,0.9999460084788593,0.9999807711418875,FAIL,12680.71875755744,7767.289280685543,22396.696688418022,4,5,40,49,4,7
L02004,G04,P01,16,true,PASS,0.06042410714285715,0.030833333333333338,0.09996527777777778,FAIL,20.63834653371388,18.32980016937811,23.52680727442059,PASS,0.05569345805218587,-0.03823391916484791,0.23840232346181936,PASS,-0.12975738761298705,-0.13328497038805182,-0.12485281858276226,PASS,-0.03379472748492444,-0.09807290696667816,0.010927038844554062,PASS,0.6377716033580838,0.636804543734911,0.6386367474733807,PASS,4.984414062500004,4.813606770833337,5.160143229166671,PASS,1546.688275764734,1543.8277109520093,1549.4687210235752,PASS,1.1381535098402422,0.7223511802785179,1.9067592737129173,PASS,0.30004259828805013,0.19821868749847532,0.45483717520081757,FAIL,3.546572207171807,3.474376041335936,3.602127159684148,FAIL,0.3026017942008502,0.20620632562783142,0.4086765952970473,FAIL,0.6142751479289941,0.6142751479289941,0.6142751479289941,FAIL,0.0015833221189812052,0.0015833221189812052,0.0015833221189812052,PASS,0.08879022080240917,0.08879022080240917,0.08879022080240917,FAIL,0.2222970516048579,0.2222970516048579,0.2222970516048579,PASS,0.2109926998463887,0.2109926998463887,0.2109926998463887,PASS,0.4370703299516857,0.4370703299516857,0.4370703299516857,PASS,-1.633611359024731,-3.2315251305135684,-0.7336804398761931,PASS,1.8238452692562201,0.8406920714523022,4.568999036884788,PASS,2.0567070264127834,0.9886017821597834,3.2144182069894023,PASS,-1.1438046621552669,-1.5744126719318536,-0.845824295471921,PASS,1.2216622027475874,0.8330505370809569,1.3560318883512257,PASS,2.09904854287431,1.74175137687256,2.3958495503249884,PASS,-1.206505921340148,-1.4910131493273506,-1.0323233535076977,PASS,1.4834507340994683,0.7753557319809308,2.385655573931433,PASS,1.7896165169718596,1.0898922947977152,2.201481776883046,PASS,-1.04705913426994,-2.4911263212625308,-0.20194899191135995,PASS,1.3181601040562392,0.2985050735635763,2.2759587420850895,PASS,1.8474449125399703,0.40143389198714985,2.71713271172793,PASS,-0.1812399532459784,-0.25642319393910273,-0.13253763863678164,PASS,0.25519748712410995,0.14381161213072638,0.3384464876685211,PASS,1.7576720380431494,1.1168705629943598,2.425981133904634,PASS,-1.4302757072222017,-2.584567656835566,-0.6997774800625626,FAIL,1.4375843003580315,0.6266078840634777,3.5013081397946415,PASS,1.9323038822260152,1.0793881444141402,2.433316981016713,PASS,0.022428079487193713,0.02065287545176558,0.023866915901769942,FAIL,0.184,0.184,0.184,FAIL,4.59792781671328,3.5977367124273343,5.417274811383191,PASS,0.23656716501767933,0.011587894223794352,0.4382809959871156,PASS,0.49714147098885475,0.05540955008797707,0.8584847957112051,PASS,0.7734228241685877,0.5202056766530769,0.9228925759210136,PASS,0.3741196468934456,0.017347644682817062,0.6826648749258827,PASS,0.06467165150161183,-0.3033925473075664,0.39730844288605527,PASS,0.26483581768893383,0.015650898896515823,0.5054594812926427,PASS,0.09566232614073558,-0.17105538506315238,0.39252159079302307,PASS,0.5977094336832109,0.12845060211521928,0.9089770937130041,PASS,0.34541298472807014,-0.07903331944145628,0.7114597037870977,PASS,0.4519355634767399,0.06241517436944129,0.7699747285591438,PASS,0.3666666666666667,0.2,0.6,FAIL,39.47026107484654,20.684245283452285,57.07418707914634,PASS,-0.21931883585627637,-0.29653155843836465,-0.04352840161866951,PASS,0.9991699114666037,0.9988825522541851,0.9993416196283726,FAIL,10611.427339916236,6966.841364217844,15213.519522993925,4,5,39,49,4,7
L02011,G04,P01,16,true,PASS,0.056448412698412706,0.020416666666666666,0.0873263888888889,FAIL,23.23246719026678,19.63482254639673,26.677731678735583,FAIL,0.6007624056253762,0.39650430574602097,0.7888804021715692,PASS,-0.10528534020788621,-0.11049292417863137,-0.09642169947588734,PASS,-0.012289115573930798,-0.06268139904423986,0.06397879339305014,PASS,0.6343388636542511,0.6328038681822337,0.6363206733465238,PASS,4.993437500000004,4.880611979166671,5.125585937500004,PASS,1546.5413899159475,1544.3902434811266,1548.3779929170046,PASS,1.014539132816826,0.6452842979719936,1.6491256692306733,PASS,0.2727261645237811,0.11821199097811953,0.4696922168677803,FAIL,3.560376266989666,3.484543755573696,3.6210649722664066,PASS,0.4416732009781419,0.3269977194454423,0.5695264694663484,FAIL,0.6142751479289941,0.6142751479289941,0.6142751479289941,FAIL,0.0015833221189812052,0.0015833221189812052,0.0015833221189812052,PASS,0.08879022080240917,0.08879022080240917,0.08879022080240917,FAIL,0.2222970516048579,0.2222970516048579,0.2222970516048579,PASS,0.2109926998463887,0.2109926998463887,0.2109926998463887,PASS,0.4370703299516857,0.4370703299516857,0.4370703299516857,PASS,-1.5523439958391476,-2.995741002765425,-0.7549398871774894,PASS,1.6455863593480982,0.8718751278503521,3.9453165528868266,PASS,1.931289649970695,0.9164017518860686,2.6723431014713306,PASS,-1.3179788449923406,-1.6157939840711175,-0.9511816356093705,PASS,1.244107086651581,1.0902971019001044,1.3560318883512257,PASS,2.091696292783981,1.6617387158141903,2.4324474568578425,PASS,-1.350022963696857,-3.1931901888955148,-1.0101745744857995,PASS,1.5058445081001013,0.8155337454378877,2.202040674400096,PASS,1.7264452148894716,1.1583739477162536,2.2795149702091124,PASS,-1.1222553860303468,-3.964934244327602,-0.19869884469095137,PASS,1.2303384624244962,0.30196503143742415,2.1302240801376726,PASS,1.9212751190522872,0.5055505785187786,2.8083490139975424,PASS,-0.213695544132476,-0.26764278441003,-0.1395609018535627,PASS,0.25154928541271915,0.12195643842189666,0.3474281856028291,PASS,1.62037246655342,1.0005220236872419,2.4595364148083037,PASS,-1.3917682776183564,-2.5646844351240676,-0.6730195278415845,FAIL,1.1206834824845409,0.6051213597314905,1.7071233557296424,PASS,1.9664157533591755,1.1456465290538511,2.559152575146042,PASS,0.022289594713218154,0.02063200701568977,0.023388620949899783,FAIL,0.184,0.184,0.184,FAIL,4.391170000091573,3.359971559763858,5.4120442535320645,PASS,0.2819768069761346,0.03653407579013675,0.5571799751493736,PASS,0.6238429992532988,0.08150262218978417,0.891402215819324,FAIL,0.835060996594123,0.6090702756895489,0.937364065011042,FAIL,0.45060994179968816,0.162531598385876,0.7264695435344686,PASS,0.12459743966143098,-0.25152671486619826,0.4402773361000497,PASS,0.28947772598477306,0.044175086447151436,0.5412727706233995,PASS,0.10730175736029929,-0.15061832888880375,0.397572247069437,PASS,0.6955126850545343,0.14386738669011973,0.9442657710724263,PASS,0.3870190847377104,-0.12001861566568575,0.7373838002370074,FAIL,0.5147046219544698,0.1753019829903465,0.7896842148207976,PASS,0.36875,0.1375,0.5,FAIL,43.213569068574614,32.941067158526835,63.373824551700615,PASS,-0.2578328897069093,-0.41989523551306646,-0.02955408100411619,PASS,0.9995343640347594,0.9992979244138802,0.9997255669319468,FAIL,18066.39160106802,15987.215407774107,22942.950855807976,3,5,37,49,4,7
L02047,G04,P01,16,true,PASS,0.05631944444444445,0.02,0.12531250000000002,FAIL,17.65353671948797,13.495199223244699,23.898300514728604,FAIL,-0.1280266531432533,-0.27013634076285387,0.011475748842124923,PASS,-0.052406630378443286,-0.05811554060957576,-0.04999246096096672,PASS,-0.03818210867179449,-0.10784110552102784,0.0032095084120615375,PASS,0.6372803571494843,0.6365872471479799,0.6380078345610604,PASS,4.989401041666671,4.881575520833337,5.124114583333337,PASS,1546.607096428392,1544.4141945646952,1548.3623081366145,PASS,1.2100339531311515,0.8234042880371786,1.543639681360632,PASS,0.31810863122108746,0.2063531107919644,0.42338694742838373,FAIL,3.6122220536979164,3.555590547824104,3.6928072817966076,FAIL,0.29817718270595645,0.2519046739940975,0.3675459193276368,FAIL,0.6142751479289941,0.6142751479289941,0.6142751479289941,FAIL,0.0015833221189812052,0.0015833221189812052,0.0015833221189812052,PASS,0.08879022080240917,0.08879022080240917,0.08879022080240917,FAIL,0.2222970516048579,0.2222970516048579,0.2222970516048579,PASS,0.2109926998463887,0.2109926998463887,0.2109926998463887,PASS,0.4370703299516857,0.4370703299516857,0.4370703299516857,PASS,-2.0442979561693955,-5.219644346084747,-0.7351184483647841,PASS,1.7950630420139582,0.8458676108883014,4.829470142963721,PASS,2.2391468040013476,1.616388797901258,3.0139353648404024,PASS,-1.365998828030942,-1.9554516679492027,-0.965135451063966,PASS,1.1997838989548186,0.8086723143564924,1.3932659071414355,PASS,2.061118976023417,1.6258477788470296,2.5341724853361294,PASS,-1.502225560735015,-4.005752282932831,-1.140551125359687,PASS,1.5541359941989654,0.9230915744618069,3.081066313486299,PASS,1.7267690822693063,1.1510729751435635,2.2912873428359806,PASS,-1.4338504212195862,-4.791741942508464,-0.20984821827202205,PASS,1.5499477552571128,0.286764387432459,3.344826250096908,PASS,1.9520390274377208,1.489369762901918,2.5222917726348695,PASS,-0.225318720341323,-0.4720666739766608,-0.12364122269987247,PASS,0.2398133059226118,0.10258196899132455,0.3354053995565045,PASS,1.598622730457317,0.8992448744313832,2.2835957192018044,PASS,-1.5479519099245713,-2.4747309617929716,-0.7773054509279438,FAIL,1.1437133521006282,0.6950856366971656,1.634765667571773,PASS,1.9190525534644562,1.3855418250768319,2.65004581172904,PASS,0.022581521807760917,0.021083892578674275,0.024400771399206895,FAIL,0.1831875,0.175875,0.184,FAIL,4.300544366199171,3.5647477122616826,4.745536627060937,FAIL,0.3410509130984847,0.05986376803787005,0.6227197192792202,PASS,0.6249480657165816,-0.1483763273945173,0.9249810918138032,PASS,0.7629352418846137,-0.03649905851299498,0.9507857452823314,FAIL,0.5150507778863248,0.0548882531879037,0.7751861417502871,PASS,0.19995108871909856,-0.30706147198812833,0.5920267082196643,PASS,0.3431876312597759,-0.07312802865819117,0.6443213355465548,PASS,0.20081891646900502,-0.17116323857565938,0.5117666296879375,PASS,0.7359215918241349,0.16986001979295445,0.9531836624051837,PASS,0.5091869197113927,0.02442366524200604,0.7779889083123693,PASS,0.5567151022388102,-0.17876209168593232,0.8214117944913495,PASS,0.384375,0.2,0.68125,FAIL,30.063993549708698,15.750548274579602,38.836083453053284,PASS,-0.20151802586797096,-0.3413367682291574,-0.042882764400417814,PASS,0.999787304781848,0.9995807029479077,0.9998901694721304,FAIL,17741.656542593286,10538.279169691892,32964.28886854721,3,5,37,49,4,7
L02068,G05,P01,16,true,PASS,0.055181051587301584,0.030000000000000006,0.08705853174603174,FAIL,7.129019230258682,4.983326601355424,9.28433961155377,FAIL,-0.17153830658845642,-0.3837155336581922,-0.026698502629932903,PASS,-0.03676611222851124,-0.03839829928857705,-0.03458914695365732,PASS,-0.0011420494646342478,-0.027831286701325227,0.015257286398697372,PASS,0.6337593099856124,0.6329392502761311,0.6345363727349109,PASS,4.976236979166671,4.876184895833338,5.0754817708333375,PASS,1546.8213844415561,1545.2058520613998,1548.450058124201,PASS,1.11511273825415,0.6780121355410513,1.5368546113394301,PASS,0.2868737885161071,0.1386690615672333,0.41077600015126203,FAIL,3.5765314665824013,3.4968641486091943,3.624842785017471,PASS,0.48118417033216254,0.3468598040964451,0.5647152777758038,FAIL,0.6142751479289941,0.6142751479289941,0.6142751479289941,FAIL,0.0015833221189812052,0.0015833221189812052,0.0015833221189812052,PASS,0.08879022080240917,0.08879022080240917,0.08879022080240917,FAIL,0.2222970516048579,0.2222970516048579,0.2222970516048579,PASS,0.2109926998463887,0.2109926998463887,0.2109926998463887,PASS,0.4370703299516857,0.4370703299516857,0.4370703299516857,PASS,-1.459898893375097,-2.995741002765425,-0.7325300330853204,PASS,1.3361772009384412,0.8609434349271521,3.5687531668324497,PASS,1.9427713132750664,0.8907843016094062,3.2412001555119736,PASS,-1.212269442530398,-1.8359657096855393,-0.8378320048777917,PASS,1.2052030642125702,1.0462929054055232,1.3793031500951067,PASS,2.056819667287022,1.7776918697312272,2.453667876958336,PASS,-1.3241638710435186,-3.1931901888955148,-1.0036939065965773,PASS,1.3175743405686597,0.9046563311184496,1.8960158418478674,PASS,1.7815144355376717,1.0909166106533705,2.4485576751207403,PASS,-1.0137393054790322,-3.964934244327602,-0.21757963078173312,PASS,0.9622831684465314,0.28468728596309345,1.8873329768919778,PASS,1.8847873644461215,0.4233721806622559,2.805545832107247,PASS,-0.18282934008487906,-0.268681127898213,-0.13394354369167757,PASS,0.22986714954213905,0.12036155813721991,0.33464512752850034,PASS,1.780495221026623,0.8966600520184628,2.595144574631736,PASS,-1.5903116260877836,-2.4009192124614556,-0.6172392653136057,FAIL,1.200460507463811,0.6754694519059066,3.09260174727134,PASS,1.9912112344702282,1.1994381185041745,2.63165686928874,PASS,0.0227023507180626,0.020232550566114015,0.0246517399442821,FAIL,0.1831875,0.175875,0.184,FAIL,4.41566976082537,3.6122095416627245,5.386402695181806,PASS,0.25643053755161804,0.004714940193322654,0.5146041646162138,PASS,0.4822098127143471,-0.06495418186598628,0.88865557494668,PASS,0.7204858315654411,0.07911284765806872,0.9362728706951234,PASS,0.4154924217495164,-0.048477563355478585,0.763288350407818,PASS,0.07862363211351112,-0.3635068600681491,0.48095876999843734,PASS,0.24629056078429923,-0.005427180097985906,0.5303752684271495,PASS,0.07902916909424125,-0.20952097474522974,0.4080673918210736,PASS,0.5739769525523453,0.08037161493480355,0.9423559038725045,PASS,0.3674114529781994,-0.09900940195621422,0.7796807123280958,PASS,0.4267245242891257,-0.20540481281240885,0.8192518956934116,PASS,0.43125,0.2375,0.6,FAIL,26.265599119579605,11.714090589464853,38.07284120365477,PASS,-0.17185391424780827,-0.3840710652933512,-0.02186612329465902,PASS,0.9998891070473024,0.999864708938301,0.9999076315568902,FAIL,6092.588943284945,4219.877656805711,8067.656936890369,3,5,40,49,4,7
L02094,G05,P01,16,true,PASS,0.053350694444444444,0.021249999999999998,0.06628472222222222,FAIL,7.380885668316477,5.9826683181437454,8.707863221980935,FAIL,-0.1434886137196647,-0.25676821889399254,-0.026579747995684622,PASS,-0.03039574613747527,-0.033694197191080556,-0.028699168898250922,PASS,-0.00868289899774757,-0.0577887482442245,0.024859751008264954,PASS,0.6348149810453318,0.6335944174391057,0.6361285404101673,PASS,5.013287760416671,4.892890625000003,5.167486979166671,PASS,1546.2182622442674,1543.7081674906594,1548.1781179452796,PASS,0.9783871888368025,0.665121616614785,1.525675530024784,PASS,0.30630888084280916,0.19734281908566437,0.4454926204919591,FAIL,3.5592212794614198,3.4398030736335246,3.6405236106634806,PASS,0.4319981904625839,0.3043102282462913,0.5371678823050183,FAIL,0.6142751479289941,0.6142751479289941,0.6142751479289941,FAIL,0.0015833221189812052,0.0015833221189812052,0.0015833221189812052,PASS,0.08879022080240917,0.08879022080240917,0.08879022080240917,FAIL,0.2222970516048579,0.2222970516048579,0.2222970516048579,PASS,0.2109926998463887,0.2109926998463887,0.2109926998463887,PASS,0.4370703299516857,0.4370703299516857,0.4370703299516857,PASS,-1.6210647132079932,-4.080347990406885,-0.7351184483647841,PASS,1.8258616262200462,0.8470658171536314,4.98575280661108,PASS,1.8620699822447953,0.9496313560185738,3.0449105843223054,PASS,-1.449669664735894,-1.956781501247365,-0.9067859434343829,PASS,1.2683472625696206,1.0905805200313614,1.3932659071414355,PASS,2.1348261026152553,1.7115890365295066,2.4536718506629778,PASS,-1.5419739251660047,-4.2144964126364135,-0.805005815899628,PASS,1.674659000021578,1.0671141251948992,3.4983127572192183,PASS,1.7288030251173303,1.123060665967131,2.426987332835011,PASS,-1.1872944865276607,-4.849218998166645,-0.16726065280460461,PASS,1.289068074885538,0.20390674930667851,3.9861467549039986,PASS,1.7021608983448395,0.4882424756533938,2.391557016604747,PASS,-0.1816084166867507,-0.2663296396619657,-0.12983210104019313,PASS,0.19786781985920243,0.08661403093059841,0.33464512752850034,PASS,1.5568860447935848,0.9246586417358517,2.3615256667408344,PASS,-1.39731033895458,-2.224333443754325,-0.6982447866662473,FAIL,1.1321185805814897,0.589323502532034,1.7381505349666588,PASS,1.982928704533127,1.2946501924359293,2.6650917571132595,PASS,0.02289368384441586,0.021606833604373262,0.02421103931227062,FAIL,0.184,0.184,0.184,PASS,4.547767514794812,3.049828559195581,5.98052640951296,FAIL,0.304595016113623,0.0629883243530967,0.5228775244556088,PASS,0.5330147807546514,-0.20858996442190186,0.8921143418822275,PASS,0.7014908215508168,-0.09178814292886753,0.9338241233653749,PASS,0.4257666730397117,-0.005529231881915831,0.7115267511048531,PASS,0.12635391224638537,-0.15881107900982688,0.47595487354285204,PASS,0.2758213116153536,-0.023108600815058007,0.5888312725057581,PASS,0.1171239965080646,-0.22956379572233557,0.46044555019923733,PASS,0.665790332266393,0.14463539457051877,0.9395652259653486,PASS,0.40289457301095555,-0.08540543359819786,0.7318478265358586,PASS,0.4468427001862427,-0.19497300225494774,0.7917923520088685,PASS,0.340625,0.1,0.5,FAIL,30.423536908354706,12.477396936909877,82.99914183107974,PASS,-0.1465726538843457,-0.331938538546607,0.020843320019645402,PASS,0.9999227183009614,0.9999076147248693,0.999932514455722,FAIL,7184.766370397662,4960.207224773832,10481.904191039852,3,5,40,49,4,7
L02106,G05,P01,16,true,PASS,0.06630208333333334,0.04111111111111111,0.10104166666666667,FAIL,6.952138183391457,4.941920302848565,8.798157943550208,FAIL,-0.14186580830120937,-0.2891041227302017,-0.022551177571797174,PASS,-0.04243653111650503,-0.04387266356040149,-0.041404070746472836,PASS,0.0007367563264281053,-0.036762366060935,0.026904203806556483,PASS,0.630311189802238,0.6285128056668601,0.6320546859509751,PASS,5.012356770833337,4.888893229166671,5.148893229166671,PASS,1546.233417133428,1544.0108413608855,1548.2431885882484,PASS,0.9889651931868425,0.5206840176855952,1.5625803649194085,PASS,0.3013308357550035,0.18568849820762898,0.4221364258745413,FAIL,3.6700774610024895,3.5233843984079742,3.781299380374824,PASS,0.6090847847495547,0.49524461893205135,0.6991493341913807,FAIL,0.6142751479289941,0.6142751479289941,0.6142751479289941,FAIL,0.0015833221189812052,0.0015833221189812052,0.0015833221189812052,PASS,0.08879022080240917,0.08879022080240917,0.08879022080240917,FAIL,0.2222970516048579,0.2222970516048579,0.2222970516048579,PASS,0.2109926998463887,0.2109926998463887,0.2109926998463887,PASS,0.4370703299516857,0.4370703299516857,0.4370703299516857,PASS,-2.1415498022519603,-3.3729956071624545,-0.7132957476434211,PASS,2.597493868410389,0.9152735317612124,4.98575280661108,PASS,2.213185083509295,1.234533849475569,2.981576206732206,PASS,-1.3594591823969493,-1.8227005447674356,-0.9045094724860527,PASS,1.2192380486531837,0.8458249959494333,1.3793031500951067,PASS,2.111101321440572,1.8527426311918918,2.4342319101838106,PASS,-1.7263915726708334,-4.2144964126364135,-1.0630057070266732,PASS,1.9902799573612011,1.1254209063992067,3.4983127572192183,PASS,1.8229194872905592,1.168720942214988,2.246507973908495,PASS,-1.9065510072200837,-4.849218998166645,-0.24199822284864725,PASS,1.7973898125023626,0.3018730039234108,3.9861467549039986,PASS,1.9171285214350033,1.05138089071059,2.324762093940212,PASS,-0.2197613231244478,-0.266445139288179,-0.14001865343102424,PASS,0.22283292492089823,0.12938272937212128,0.3354053995565045,PASS,1.407147225438991,1.041830204374,2.4603639603971548,PASS,-1.2414661285261994,-2.395858772570896,-0.601221438585765,FAIL,0.9490460018332477,0.5382500401560911,1.477116518349739,PASS,1.8274128698653607,1.1729443584827304,2.5617740630177956,PASS,0.022938568909404766,0.021395674267701052,0.024244072853045934,FAIL,0.184,0.184,0.184,FAIL,4.459013350163157,3.494536685612446,5.156592630938989,FAIL,0.3889059350271858,0.09666661437817116,0.6368642773430876,PASS,0.7383702288895828,0.10579787162496385,0.9077016693963037,PASS,0.841083103855631,0.30134557072537166,0.9427552590668401,FAIL,0.5593508794174926,0.18331425163059312,0.7430813453819832,PASS,0.2803230436863723,-0.140374213679766,0.5916895745010957,PASS,0.4100491849188982,0.03146397055980478,0.6880164330850147,PASS,0.260664638027431,-0.14056602708842936,0.5232365378000784,FAIL,0.8244172204092832,0.35857614336548405,0.950441522039134,PASS,0.5337064560714995,-0.07315187516789343,0.750030611261618,PASS,0.6068995148219916,-0.04534931985961768,0.8115013584741101,PASS,0.4125,0.2375,0.6,FAIL,25.124777359008867,9.503895293971368,50.990444773408306,PASS,-0.17385768406265562,-0.29908038157177436,-0.026640838445141226,PASS,0.9998224332672601,0.9997605599507664,0.9998821322044206,FAIL,7752.265810294994,4632.873441317186,9975.95254130952,3,5,37,49,4,7
L02110,G05,P01,16,true,PASS,0.05803819444444444,0.02,0.09631944444444444,FAIL,6.691522222402815,5.172499723980889,9.270220765247442,FAIL,-0.16994777394347474,-0.4215270678732747,-0.02673627409386268,PASS,-0.03480101476118795,-0.03665911924885925,-0.03338608750876282,PASS,-0.0019358435776998932,-0.020756013918861945,0.01429978251753284,PASS,0.6320144944591944,0.6312867167443896,0.6325915422855539,PASS,4.987200520833337,4.883645833333338,5.071562500000003,PASS,1546.6429170754984,1545.2696509654181,1548.3286070544254,PASS,0.9291777000610304,0.6102509823403998,1.7837850104400368,PASS,0.3161914733070518,0.15346425819007722,0.48133968778480807,FAIL,3.6175813380855875,3.5231769616952358,3.718700751138628,PASS,0.5302678000973498,0.383629092215185,0.621829116007748,FAIL,0.6142751479289941,0.6142751479289941,0.6142751479289941,FAIL,0.0015833221189812052,0.0015833221189812052,0.0015833221189812052,PASS,0.08879022080240917,0.08879022080240917,0.08879022080240917,FAIL,0.2222970516048579,0.2222970516048579,0.2222970516048579,PASS,0.2109926998463887,0.2109926998463887,0.2109926998463887,PASS,0.4370703299516857,0.4370703299516857,0.4370703299516857,PASS,-1.676500526359959,-4.080347990406885,-0.7389953017015172,PASS,1.9545253563821752,0.8248941085132504,4.98575280661108,PASS,1.8848902872124467,1.1132180349403928,2.5452700035046667,PASS,-1.185219719948752,-1.6157939840711175,-0.7947249004423274,PASS,1.260084112337574,1.0790051315390954,1.544126656417583,PASS,2.1734066427255967,1.8901549871469312,2.49153235523696,PASS,-1.397018787994537,-3.1931901888955148,-1.026960843110853,PASS,1.7950460600172788,1.0171423231935734,3.4983127572192183,PASS,1.652114007174082,1.0759292738750135,2.364778403791726,PASS,-1.0592296243487276,-3.964934244327602,-0.17608524441370663,PASS,1.6412826291169016,0.2932104227065867,3.9861467549039986,PASS,1.750378028757935,0.665393389165218,2.5441985566694756,PASS,-0.19057214481148033,-0.2680865702232593,-0.130767194388623,PASS,0.22414477859694365,0.08943190235307949,0.3333780074818268,PASS,1.6459620648067574,1.0922017098348484,2.6212724477013367,PASS,-1.188366271474432,-2.0583560858292773,-0.47477466174268035,FAIL,1.3312408899334494,0.5957224728534839,4.2641306263519825,PASS,1.888036061983018,1.2051557311642436,2.8601174657843376,PASS,0.022627449806781257,0.020680317396358616,0.024131431550240855,FAIL,0.18359375,0.1799375,0.184,FAIL,4.672431435235474,3.995292665912451,5.505206851013526,PASS,0.2946130340508494,7.810152291751887e-05,0.512423706218495,PASS,0.6106870054900362,-0.06818855677522799,0.879242367466397,PASS,0.8025265749019752,0.23989302627612322,0.9264844210975304,FAIL,0.48400548668800647,0.15084551167920146,0.6627954151515901,PASS,0.16006541469074573,-0.1851339213307649,0.49720625470451535,PASS,0.30098074618108994,-0.011235800947737103,0.5928718872403222,PASS,0.16398609710512224,-0.14413989967186522,0.4966451533381305,PASS,0.7143222703594412,0.17571887331634484,0.9306950670944725,PASS,0.457204236370367,0.020921058489390142,0.6811291772166975,PASS,0.5310856714178323,-0.062089577189908735,0.7626524716051302,PASS,0.3640625,0.1,0.625,FAIL,22.630220811748742,13.856206749557781,34.745666671361434,PASS,-0.18876924451946264,-0.4291180623306537,-0.03638184685003087,PASS,0.9998960879999585,0.9998428099089066,0.9999164343195285,FAIL,7274.172504561197,4078.155025476674,10642.914093474228,3,5,39,49,4,7
L02119,G05,P01,16,true,PASS,0.0655109126984127,0.02,0.1273263888888889,FAIL,6.540411916172811,4.951801665123128,8.675956699812767,FAIL,-0.16561053651229782,-0.35336797932094727,-0.06492731691641201,PASS,-0.047825793005909945,-0.05010762423597296,-0.04579035235762184,PASS,-0.005106702986188054,-0.03027538262064006,0.014431299827790126,PASS,0.6329774617085249,0.6319236577091898,0.6337315107841336,PASS,4.970852864583337,4.885312500000004,5.05608072916667,PASS,1546.9090284508966,1545.5216672341146,1548.3014766234808,PASS,0.8900777217908118,0.5091268262222759,1.4896125973770677,PASS,0.305042368196657,0.1296001812391568,0.4421796328201531,FAIL,3.5825839920493534,3.4717185986616075,3.661036863821329,PASS,0.4706551396209921,0.32171138555737927,0.5761700976409574,FAIL,0.6142751479289941,0.6142751479289941,0.6142751479289941,FAIL,0.0015833221189812052,0.0015833221189812052,0.0015833221189812052,PASS,0.08879022080240917,0.08879022080240917,0.08879022080240917,FAIL,0.2222970516048579,0.2222970516048579,0.2222970516048579,PASS,0.2109926998463887,0.2109926998463887,0.2109926998463887,PASS,0.4370703299516857,0.4370703299516857,0.4370703299516857,PASS,-1.8213381538445599,-3.3729956071624545,-0.7071180807249424,PASS,2.3874692609900823,0.9067650402880991,4.673187479316361,PASS,2.262238618272005,1.7674845011823561,2.583488936589391,PASS,-1.3241221231444387,-1.9483971405699356,-0.8472700500456335,PASS,1.260419385198537,1.062114333690481,1.3560318883512257,PASS,2.1862491779307143,1.8503253128703512,2.443522440725231,PASS,-1.2371595441502727,-1.4910131493273506,-1.0158928108586427,PASS,1.872229278328465,1.0342538258687948,2.6638198697533793,PASS,1.9195807301052,1.3309709800091645,2.250561000527373,PASS,-1.1839357176648184,-2.4911263212625308,-0.21145785809282872,PASS,1.7410687283439246,0.29326154910326074,2.703505745289817,PASS,2.0451647460000864,1.6366152010436639,2.539051434309718,PASS,-0.2092210976685283,-0.2554322644808466,-0.13597443130806297,PASS,0.2266943812161398,0.09788551662052275,0.33464512752850034,PASS,1.514011607181627,0.9866409391386861,2.3978949132919007,PASS,-1.4246399604921898,-2.0780650650270824,-0.6323626752967672,FAIL,0.952948313588557,0.523262659386685,1.5668712996818697,PASS,2.0177972946567624,1.548735980584748,2.49823998434711,PASS,0.023031689196508325,0.021596870808359394,0.023983974243782277,FAIL,0.184,0.184,0.184,FAIL,4.463672777544301,3.3646838105578696,5.523807787061416,FAIL,0.3321799938814305,0.05353400436635411,0.5183283897481631,PASS,0.6005287933871772,-0.14039101817345082,0.8885197671814,PASS,0.7137715192693306,-0.05622720790705531,0.9333654102115481,FAIL,0.5073848865236917,0.09309646249912222,0.7096478981904344,PASS,0.18357075230326153,-0.26574165161498725,0.430153290642125,PASS,0.3171981538361922,-0.09986623946886658,0.5298333205835536,PASS,0.20496160940103014,-0.19383010471872616,0.43093563916267136,PASS,0.71731577310361,0.1781088459586957,0.9336745222740074,PASS,0.4815406620960663,-0.041527346631985804,0.7286623117988005,PASS,0.5168839532585446,-0.22818972942287966,0.7897329486731997,PASS,0.39479166666666665,0.1,0.6875,FAIL,19.220628544809863,6.686478869666208,31.68601125467501,PASS,-0.18576871978699877,-0.3587670150659208,-0.06755033563254859,PASS,0.999793694792517,0.9996463541555096,0.9998367500224935,FAIL,7491.6674827948,3590.045611320071,10444.722452616732,3,5,38,49,4,7
L02128,G05,P01,16,true,PASS,0.066202876984127,0.0075,0.1304315476190476,PASS,6.845524631376868,4.109361587793126,9.061188657822314,FAIL,-0.1465766724568056,-0.2786517128127258,-0.0719857106639697,PASS,-0.042254987724297005,-0.04345375311228394,-0.04005772732354349,PASS,-0.003301271779597119,-0.014988635547515675,0.011075258829408664,PASS,0.6358893697907687,0.6343039196414325,0.6371810418107696,PASS,5.020820312500003,4.9405468750000034,5.111666666666671,PASS,1546.0956454137872,1544.6168249708128,1547.4023571854564,PASS,1.0321021563121602,0.6549285615013738,1.6334085247407744,PASS,0.3064931468166062,0.2319432291635627,0.3847634303349548,FAIL,3.52891109236861,3.406988756018668,3.614369152197047,PASS,0.3543005077923972,0.2782588345948317,0.44299035431786,FAIL,0.6142751479289941,0.6142751479289941,0.6142751479289941,FAIL,0.0015833221189812052,0.0015833221189812052,0.0015833221189812052,PASS,0.08879022080240917,0.08879022080240917,0.08879022080240917,FAIL,0.2222970516048579,0.2222970516048579,0.2222970516048579,PASS,0.2109926998463887,0.2109926998463887,0.2109926998463887,PASS,0.4370703299516857,0.4370703299516857,0.4370703299516857,PASS,-2.0208380141005104,-3.3729956071624545,-0.7606919211318531,PASS,2.3620764584937115,0.9253411395146869,4.829470142963721,PASS,2.24731364171791,1.0538254599025754,3.182558661662431,PASS,-1.162272900353904,-1.6157939840711175,-0.7483916916644298,PASS,1.2520736532992731,1.0901270510213503,1.5049679635120652,PASS,2.013371204553553,1.8065153316160942,2.3493042962462183,PASS,-1.429391800684527,-3.1931901888955148,-1.0158928108586427,PASS,1.8185909432899345,1.1687740797190878,3.081066313486299,PASS,1.836047767721452,1.1562614565802622,2.2814632427390977,PASS,-1.5593327093778535,-3.964934244327602,-0.18794539485435102,PASS,1.715154878514201,0.3389462547875366,3.344826250096908,PASS,2.065681683037072,0.798587399450366,3.037781411477784,PASS,-0.22137819508655207,-0.268681127898213,-0.1485846628772468,PASS,0.2650680976016333,0.1296118637883451,0.33920675969652525,PASS,1.6154886935558708,0.9537567154969929,2.4083035184243857,PASS,-1.415043183355999,-2.675146777965725,-0.5932499659991439,FAIL,1.295161585982294,0.6722008225498122,2.952027590614047,PASS,2.0687163792327876,1.7910159118625544,2.6889951884545384,PASS,0.022899885877987247,0.021507676330745823,0.024227050330493643,FAIL,0.18196875,0.171,0.184,FAIL,4.5498412689000896,3.84593954610935,5.496582346644377,PASS,0.3163758754575475,0.011060868706321962,0.6604429968837877,PASS,0.6752583540547943,0.16804121798239907,0.9159745872755217,FAIL,0.8568224084404126,0.6608898577465431,0.9517748809366919,FAIL,0.503919052354435,0.17989189641830083,0.7335069919540652,PASS,0.18318147002151414,-0.2984674743938427,0.5869135747275258,PASS,0.34233872747317057,0.010750025426568565,0.6546413375243398,PASS,0.2027118677471179,-0.08012166352598804,0.4643298671000315,PASS,0.7447973096792398,0.28620032489481584,0.954865401921506,PASS,0.43066501097228205,-0.08573153842690892,0.7656219923155038,PASS,0.5738691266025309,0.14579053167715678,0.7976350444522629,PASS,0.40104166666666663,0.07500000000000001,0.6125,FAIL,22.89433433534602,9.16902009495524,43.52458995335089,PASS,-0.17914534881040878,-0.3024611317412869,-0.014608600203662742,PASS,0.9998395397762864,0.9997932879980804,0.9998635299258867,FAIL,7582.627255441766,4644.419188042119,9730.207712794157,4,5,38,49,4,7
L02150,G05,P01,16,true,PASS,0.06163194444444445,0.023750000000000004,0.09944444444444445,FAIL,7.579565669363786,6.021882700818771,8.98532144678345,FAIL,-0.1451532833488028,-0.2755338141319319,-0.0055649191280502264,PASS,-0.03757768087281381,-0.03907791223862778,-0.0365404815994136,PASS,-0.004683797428355974,-0.02067212842267839,0.015155986353987103,PASS,0.6350821982290471,0.6334144728502793,0.6358221803358707,PASS,5.021165364583338,4.9166666666666705,5.168190104166671,PASS,1546.0900285667553,1543.6967218401046,1547.791085391335,PASS,1.133160458275556,0.712643826027604,1.7944165886105767,PASS,0.27779211051936425,0.14349691824309194,0.3923026282117174,FAIL,3.5373595763418586,3.484007724748831,3.601096230488662,PASS,0.42177584855048444,0.29165768154525895,0.5855994682192609,FAIL,0.6142751479289941,0.6142751479289941,0.6142751479289941,FAIL,0.0015833221189812052,0.0015833221189812052,0.0015833221189812052,PASS,0.08879022080240917,0.08879022080240917,0.08879022080240917,FAIL,0.2222970516048579,0.2222970516048579,0.2222970516048579,PASS,0.2109926998463887,0.2109926998463887,0.2109926998463887,PASS,0.4370703299516857,0.4370703299516857,0.4370703299516857,PASS,-2.3581377040730382,-4.080347990406885,-0.9797843951493329,PASS,2.888971860267986,0.9067650402880991,4.98575280661108,PASS,2.2606549226331447,1.2450078015288706,2.9311178559562805,PASS,-1.4349724752684863,-1.9468444811852266,-0.8696429691368172,PASS,1.3036404118200835,1.1238520401274321,1.4630796923730793,PASS,2.1240590322049098,1.7684678256951933,2.4444029119150317,PASS,-1.7124113252115616,-4.2144964126364135,-1.0808439187378454,PASS,2.088907406761417,0.9787221236275598,3.4983127572192183,PASS,2.070657715877369,1.470998643526012,2.394417608075072,PASS,-1.9562354776800426,-4.849218998166645,-0.29690672431531345,PASS,2.108823434097756,0.3625428950400714,3.9861467549039986,PASS,2.1504298437863403,1.2343547386491907,2.738479833528902,PASS,-0.218416075943154,-0.26677342547519506,-0.13899172737122586,PASS,0.240615879911238,0.11667132610372997,0.3354053995565045,PASS,1.4009180888409176,0.979024279391925,2.4689539646739687,PASS,-1.3916073063341519,-2.3572291727224473,-0.6526788750783565,FAIL,1.3239156776664094,0.5521856049386713,4.327056362806552,PASS,1.989217312303051,1.242102027947032,3.0145433265876935,PASS,0.02282406498884834,0.021768662778358712,0.024063123606731962,FAIL,0.1831875,0.175875,0.184,FAIL,4.616711176394023,3.714317579025059,5.682121635929861,FAIL,0.38821983195441007,0.053031377031576454,0.6332019973518204,PASS,0.7400154167187453,0.14497953842816336,0.9236947617562632,FAIL,0.8775023447701576,0.6534994049504399,0.9473507364067631,FAIL,0.5654380457688686,0.18934085974115006,0.7258832617741796,PASS,0.26898462646562493,-0.26177013743223604,0.5877635560107859,PASS,0.4120714123424326,0.049059140669774536,0.6583612147691155,PASS,0.2767583816613781,-0.13366883344550234,0.4838321192462064,PASS,0.8018825890645602,0.1860586235327633,0.9549509480343645,PASS,0.5378903881383402,-0.030094698034726915,0.7414827147282742,FAIL,0.6490938041936851,0.21560932232197996,0.7949064995286244,PASS,0.396875,0.2,0.6,FAIL,29.135697089957887,8.986840470593187,48.66667733507802,PASS,-0.17209411295550703,-0.3221429331688683,-0.003855207308841962,PASS,0.9998952797940573,0.9998639866255042,0.9999099237136494,FAIL,7868.851663233247,5853.864255442856,10183.333027282502,3,5,36,49,4,7
L02180,G05,P01,16,true,PASS,0.05633680555555556,0.021111111111111112,0.09868055555555555,FAIL,6.746008328197947,5.568222087888017,8.369889483623123,FAIL,-0.1236923991055108,-0.43688099079573317,0.07826776668755672,PASS,-0.032521749291451574,-0.0342969632190858,-0.029951387426214015,PASS,0.00036721257021432845,-0.026782832503548806,0.05984798533240662,PASS,0.6324796733180769,0.6312809375345847,0.6335241275451193,PASS,5.017467447916671,4.85080729166667,5.17967447916667,PASS,1546.150224210414,1543.5097762143769,1548.8631613266316,PASS,0.9962079854649377,0.559522446061231,1.5570388729925406,PASS,0.3092181763666011,0.1722889353532674,0.4828146030102086,FAIL,3.6072673169800997,3.5109218971120644,3.6843353141266695,PASS,0.5423367023472201,0.4856396324901073,0.6117569303854199,FAIL,0.6142751479289941,0.6142751479289941,0.6142751479289941,FAIL,0.0015833221189812052,0.0015833221189812052,0.0015833221189812052,PASS,0.08879022080240917,0.08879022080240917,0.08879022080240917,FAIL,0.2222970516048579,0.2222970516048579,0.2222970516048579,PASS,0.2109926998463887,0.2109926998463887,0.2109926998463887,PASS,0.4370703299516857,0.4370703299516857,0.4370703299516857,PASS,-2.7528210658357337,-7.793230078717085,-0.7655350862258847,PASS,2.862473180066815,0.8538182607859811,5.436887181946806,PASS,2.157788119442289,1.472518105995165,2.7552254445215785,PASS,-1.4216193450711816,-1.96010964610333,-0.8698493074770188,PASS,1.2777029906394999,1.0901270510213503,1.5049679635120656,PASS,2.140832859617074,1.7953413027812646,2.434102111513128,PASS,-2.419690042923411,-7.952282045208068,-1.0082684956948518,PASS,2.2250903431048634,0.9191845590811448,4.027149321593834,PASS,1.8620707087991812,1.0470329131120513,2.8020009799596792,PASS,-2.5146074957407114,-8.652534409798612,-0.19869884469095137,PASS,2.0921863001609564,0.421689279361581,4.110592711130013,PASS,2.0014695886990768,1.2556480730477653,3.035426732736947,PASS,-0.3249450888364007,-1.202280496762452,-0.1402818733349277,PASS,0.2507482197584038,0.13758264096017292,0.3354053995565045,PASS,1.6176264182158768,1.0070368489026116,3.369638404764004,PASS,-1.518536118198903,-2.584567656835566,-0.6249044880711064,FAIL,1.081198461927402,0.4949307627763443,1.7071233557296424,PASS,1.989323404531561,1.4044503853776404,2.4682422362737255,PASS,0.02298923224149109,0.021986051147593687,0.02437703135025504,FAIL,0.18278125,0.1734375,0.184,FAIL,4.451221259465575,3.76365162070826,4.90033803454353,FAIL,0.41251636959630733,0.13472992143515364,0.7327123287561804,PASS,0.7673398569618172,0.2738062567296207,0.9465040451661144,FAIL,0.8859863982608921,0.7188615808787606,0.9613323046037279,FAIL,0.5798159918493255,0.3207855966455393,0.7683303582813445,PASS,0.3273492887252808,-0.0179355555343568,0.6899495497406883,PASS,0.44617355446522955,0.14678420631465458,0.7555847581904908,PASS,0.27331724758763287,-0.008289785208732497,0.6211075654656717,FAIL,0.8437124225253264,0.3837805052954937,0.9692110465906323,FAIL,0.5882216173701302,0.2491732628864846,0.7971692450058656,FAIL,0.6811013518894767,0.44318213351314945,0.8344280184146274,PASS,0.359375,0.1375,0.6,FAIL,23.241789555772225,12.079486862346128,35.6575167833773,PASS,-0.1584179514086283,-0.47271087865142486,0.051201671196168974,PASS,0.9998998460963504,0.9998561530267921,0.9999228989468173,FAIL,8317.470026194736,5341.800965396209,11530.944029853734,3,5,34,49,4,7
L02185,G05,P01,16,true,PASS,0.06314732142857143,0.023750000000000004,0.09918154761904761,PASS,6.571954744393353,4.538271726995799,8.18931657714577,FAIL,-0.140057704334451,-0.31894499466283166,-0.010798358139041028,PASS,-0.04133045426413644,-0.043864841582588666,-0.039105627174387106,PASS,-0.0012703614573722436,-0.02503481184585202,0.02162091532245002,PASS,0.6318332040340258,0.6304065884042676,0.6330774394778864,PASS,5.036718750000004,4.92369791666667,5.161601562500004,PASS,1545.8368465373544,1543.803971824933,1547.6766288857873,PASS,1.0279213622905743,0.6119664159376708,1.99083246837783,PASS,0.31691507877593234,0.15406426397121564,0.4775392665758361,FAIL,3.6178202140511244,3.535400528398001,3.704442436473086,PASS,0.5611525456504987,0.4388399578816732,0.6891907441462664,FAIL,0.6142751479289941,0.6142751479289941,0.6142751479289941,FAIL,0.0015833221189812052,0.0015833221189812052,0.0015833221189812052,PASS,0.08879022080240917,0.08879022080240917,0.08879022080240917,FAIL,0.2222970516048579,0.2222970516048579,0.2222970516048579,PASS,0.2109926998463887,0.2109926998463887,0.2109926998463887,PASS,0.4370703299516857,0.4370703299516857,0.4370703299516857,PASS,-1.5727793121504943,-4.080347990406885,-0.7961243333006802,PASS,1.812055695089634,0.8502236419899911,4.568999036884788,PASS,1.8694057052128095,0.9591211395917283,2.930967732890614,PASS,-1.3026233829113525,-1.6157939840711175,-0.7901482212277706,PASS,1.2100759377242922,0.9006565172778102,1.3793031500951067,PASS,2.114535671026135,1.744926771307106,2.5497998891756395,PASS,-1.192446954617653,-1.4910131493273506,-1.0101745744857995,PASS,1.5466474536320407,0.7190934611885434,2.385655573931433,PASS,1.6981029498832714,1.1198600411705453,2.21812060400348,PASS,-0.8195358751092555,-2.4911263212625308,-0.2309790320086193,PASS,1.2555467759656052,0.2858019400220929,2.2759587420850895,PASS,1.887016898853681,0.4543070281577327,2.8215735977115193,PASS,-0.20622864164400737,-0.26974621384996345,-0.14704194040455487,PASS,0.2478767954897475,0.13758264096017292,0.3406919121520981,PASS,1.5122236742200286,1.0035364548962302,2.2031572862523823,PASS,-1.2692796586366024,-2.4009192124614556,-0.5966581374470209,FAIL,1.4243425317530671,0.5156801586073412,4.358922275673896,PASS,2.020423024765843,1.470437500683502,2.7529457708806553,PASS,0.02298614445135972,0.02165418212299512,0.024079431883855397,FAIL,0.182375,0.171,0.184,FAIL,4.6719181093811315,3.7351847208497344,5.7944979441232,PASS,0.3141807088847028,0.045283456979411385,0.5240619126021507,PASS,0.6852427960153307,0.18255515953644066,0.8976724561181093,FAIL,0.8596493899057528,0.6649248188959046,0.9373594653028567,FAIL,0.5147981196201645,0.05971348773662668,0.7910202001714941,PASS,0.20309480240973865,-0.28616762933435896,0.4703082537147601,PASS,0.3424705315787524,0.05686553746053609,0.5179100666734355,PASS,0.15892888074355216,-0.15947111875621525,0.3986846614339144,PASS,0.7622577990936877,0.17935733288946643,0.94388926369638,PASS,0.4948256983426488,-0.00356834205823743,0.7849015682495408,PASS,0.5837000467079201,0.095926582843339,0.8003288435258658,PASS,0.42604166666666665,0.2,0.6,FAIL,24.896306026295854,12.119642092579692,54.49759968702303,PASS,-0.1676804976034148,-0.32096156357167366,-0.024375553253138012,PASS,0.9998538495559538,0.999817506956029,0.999884826631956,FAIL,7482.208133282293,4536.190073670937,10386.604236991256,4,5,38,49,4,7
L02220,G05,P01,16,true,PASS,0.06215029761904761,0.02,0.11135416666666666,FAIL,7.548040683799994,5.839672008243756,9.398636955875107,FAIL,-0.1710385524247464,-0.3080534525303472,-0.046741891420188586,PASS,-0.03252620210753192,-0.03378788100400245,-0.030210678499395426,PASS,0.0052937080571975855,-0.016887231030050076,0.04576874886730911,PASS,0.6357495609089343,0.634821657755197,0.6374752904355978,PASS,5.0194921875000045,4.861250000000004,5.18686197916667,PASS,1546.117264975946,1543.3927762309281,1548.693172220244,PASS,0.9874274927262953,0.5652203307991561,1.5551488858012483,PASS,0.32302578986927355,0.1295150299864131,0.5203963756535386,FAIL,3.538637427505409,3.4445649743265485,3.6072224422690216,PASS,0.38453986697086734,0.2851296780829807,0.49819217013108635,FAIL,0.6142751479289941,0.6142751479289941,0.6142751479289941,FAIL,0.0015833221189812052,0.0015833221189812052,0.0015833221189812052,PASS,0.08879022080240917,0.08879022080240917,0.08879022080240917,FAIL,0.2222970516048579,0.2222970516048579,0.2222970516048579,PASS,0.2109926998463887,0.2109926998463887,0.2109926998463887,PASS,0.4370703299516857,0.4370703299516857,0.4370703299516857,PASS,-1.3917554253092077,-2.995741002765425,-0.7310920245967294,PASS,2.1428790607672727,0.8514680616299575,4.868540808875561,PASS,2.0761329261742985,1.3557294038675975,2.894634477988986,PASS,-1.3764884280328837,-1.9539867143548886,-0.8696429691368172,PASS,1.2396590119219297,0.8696334681759788,1.544126656417583,PASS,2.093370183830382,1.6818737125540661,2.584493577643322,PASS,-1.5261560566409873,-4.2144964126364135,-1.0036939065965773,PASS,1.733379011908354,0.7958175658422251,3.185377924419529,PASS,2.028677759531469,1.413904364364654,2.377087597990693,PASS,-1.0764726875078208,-4.849218998166645,-0.19666628847721065,PASS,1.3878347987307906,0.270070461901735,3.5051563762986806,PASS,2.0960109697891265,1.3736446771089401,2.918097932346374,PASS,-0.18651734078698778,-0.2554322644808466,-0.13386377765361074,PASS,0.2159391916471547,0.12036155813721991,0.3354053995565045,PASS,1.7735523328718252,0.847267460778891,2.526929994925077,PASS,-1.4628143882209632,-2.4747309617929716,-0.5698251805887107,FAIL,0.9173031899932104,0.549783817505185,1.3452119794010822,PASS,1.9599115562025977,1.1267646726449634,2.629019087516827,PASS,0.022070560444889926,0.019392127881482042,0.023793371229940373,FAIL,0.1831875,0.175875,0.184,FAIL,4.576279842147716,3.3856243414757423,5.794083466096886,PASS,0.2965029788785002,0.026051342711309176,0.5818177740543311,PASS,0.3784448280678365,-0.1871887645575522,0.9045987938961122,PASS,0.5822635340770261,0.013380598281066476,0.9437606476167582,PASS,0.32619776181438265,-0.07723988125279808,0.725661497630785,PASS,0.07936148128028891,-0.27978820217041445,0.5063839911974984,PASS,0.22613991870008293,0.003862946778234109,0.5931470059543102,PASS,0.05867248025329822,-0.20573199630330127,0.478954873061228,PASS,0.50109370647129,-0.0027799280384642917,0.947359828306747,PASS,0.33007541844523414,-0.036069493560062435,0.7481882772550229,PASS,0.2930833481055528,-0.24799808344693547,0.8097160204080767,PASS,0.390625,0.1375,0.63125,FAIL,33.35714389498375,11.619186266442213,72.44019541312875,PASS,-0.17727268977983587,-0.33826254122728805,-0.047025265277270606,PASS,0.9999073706332707,0.999882219698571,0.999921243750286,FAIL,6386.051720506597,3577.9285342233457,10650.900021630521,3,5,40,49,4,7
L02225,G05,P01,16,true,PASS,0.06673611111111111,0.028194444444444446,0.11402777777777778,PASS,6.425949770451423,3.924616866044887,8.531667285180719,FAIL,-0.12021136142393418,-0.2152160376314312,-0.01010847796200112,PASS,-0.04789410697133409,-0.04882472088639021,-0.046557013711726034,PASS,-0.005445916955059443,-0.017519671989477528,0.004705175742836901,PASS,0.6345001646975136,0.6329426125928571,0.6355959019034751,PASS,4.992083333333338,4.838372395833337,5.1054296875000045,PASS,1546.5634333910903,1544.7183521303634,1549.0655797762572,PASS,0.9425716747078838,0.5679878530333957,1.4201515661205426,PASS,0.3280185569893522,0.1999597969219565,0.46933976272736094,FAIL,3.5538470994659486,3.4519715782323313,3.6708797049234896,PASS,0.4092744162824054,0.3371193826180376,0.5031917661956701,FAIL,0.6142751479289941,0.6142751479289941,0.6142751479289941,FAIL,0.0015833221189812052,0.0015833221189812052,0.0015833221189812052,PASS,0.08879022080240917,0.08879022080240917,0.08879022080240917,FAIL,0.2222970516048579,0.2222970516048579,0.2222970516048579,PASS,0.2109926998463887,0.2109926998463887,0.2109926998463887,PASS,0.4370703299516857,0.4370703299516857,0.4370703299516857,PASS,-1.8514723202235253,-4.080347990406885,-0.7105693010975607,PASS,2.4559328738343487,0.8907064012079748,4.673187479316361,PASS,2.0362014989820914,1.2136312552147048,2.6250185267920774,PASS,-1.260730591924798,-1.6157939840711173,-0.9889237618775168,PASS,1.258648439300319,1.1166002558857189,1.3932659071414357,PASS,2.131430662581538,1.8499092074549215,2.4695426680281174,PASS,-1.5882652615928166,-4.2144964126364135,-1.019336527947062,PASS,1.774189001141076,0.7679925389923445,2.6638198697533793,PASS,1.9074308877252528,1.1112761107145865,2.395429678040717,PASS,-1.409879115670409,-4.849218998166645,-0.17608524441370663,PASS,1.5838751664873665,0.27133512828615697,2.703505745289817,PASS,2.04180556478327,0.9334601201352126,2.895679986330849,PASS,-0.20984020931520836,-0.2670396969631327,-0.1347073206865483,PASS,0.24204812198567233,0.10157574865401268,0.33464512752850034,PASS,1.5521082699614832,1.0909512890213482,2.443581164325294,PASS,-1.2956873002218188,-2.4157174013468947,-0.5556814118402186,FAIL,1.099173328639517,0.6569922405679259,1.6630230376067285,PASS,1.926531074504799,1.3831274640132512,2.3326636236593314,PASS,0.022607897941454805,0.02124239373829147,0.023802975132280062,FAIL,0.184,0.184,0.184,FAIL,4.589525814580977,3.6423971316075217,5.774175422825502,PASS,0.3430691246063493,0.03427461626627146,0.5202921964377133,PASS,0.6177243054537391,-0.1421254975450772,0.8794535805019864,PASS,0.7644817931429324,0.012335009053533713,0.9309752814089428,PASS,0.49578687742993766,-0.08054917688117633,0.7096600316432956,PASS,0.2007100295853253,-0.2090248101848615,0.4494612612444729,PASS,0.3388931427864694,-0.04859269688751257,0.5623608568883834,PASS,0.18340730823823953,-0.2258100256303572,0.45610357438898164,PASS,0.7102745582100163,0.020865451644847585,0.9348158638081899,PASS,0.5042573060280237,0.02147518851792262,0.7206827724953377,PASS,0.5393831731046537,-0.21237480902668895,0.7840181104787901,PASS,0.4135416666666667,0.2,0.63125,FAIL,26.37910998898574,6.648426727756693,61.65419806902925,PASS,-0.16304176440071594,-0.2859146792073616,-0.03248499596249018,PASS,0.9997913266767136,0.9996831684706505,0.9998363921147313,FAIL,7710.205613709599,5392.902501827334,9946.734111372602,4,5,40,49,4,7
L02229,G05,P01,16,true,PASS,0.07095982142857143,0.050416666666666665,0.15033234126984124,PASS,6.331667925584451,3.892876543208854,9.77351126679147,FAIL,-0.13921273846335872,-0.30915567118617704,-0.019091458186730192,PASS,-0.030230223420509187,-0.03137319713259664,-0.027429154509900484,PASS,0.010770657492589143,-0.022190112389240582,0.07612121551823814,PASS,0.6331852624081058,0.6321094716148593,0.6350697486947293,PASS,4.988209635416671,4.841549479166671,5.148020833333337,PASS,1546.6264904473876,1544.025042445833,1549.0138623922694,PASS,0.9779643184645221,0.6152648537617842,1.710930887839094,PASS,0.28561658950869945,0.18941125907925305,0.37754287890377575,FAIL,3.556267952806709,3.4146747083236635,3.6560625369566995,PASS,0.4880206002906915,0.4098391025740452,0.5779535470220036,FAIL,0.6142751479289941,0.6142751479289941,0.6142751479289941,FAIL,0.0015833221189812052,0.0015833221189812052,0.0015833221189812052,PASS,0.08879022080240917,0.08879022080240917,0.08879022080240917,FAIL,0.2222970516048579,0.2222970516048579,0.2222970516048579,PASS,0.2109926998463887,0.2109926998463887,0.2109926998463887,PASS,0.4370703299516857,0.4370703299516857,0.4370703299516857,PASS,-1.8051081902323776,-4.504759420353543,-0.7310920245967294,PASS,1.8436837151546763,0.8506604359496214,4.98575280661108,PASS,2.2241914593433845,1.5046562046609244,3.126411690264321,PASS,-1.230854260395257,-1.8242532041521446,-0.8152527474464064,PASS,1.2288511558258362,1.056484067740943,1.4630796923730793,PASS,2.038287575394836,1.7194311998386391,2.470329774184709,PASS,-1.5508221602471333,-4.2144964126364135,-1.0159055861233564,PASS,1.5270864031658906,0.7337841300897295,3.4983127572192183,PASS,1.9202752716264857,1.0464203744643952,2.427820540270962,PASS,-1.2246376255211344,-4.849218998166645,-0.20984821827202205,PASS,1.502194673228591,0.2478671147989227,3.9861467549039986,PASS,2.033238683019857,1.3121799187424572,2.7026457799840125,PASS,-0.189233538144536,-0.26545420982992285,-0.1343650881543571,PASS,0.2489806899102317,0.08943190235307949,0.3354053995565045,PASS,1.6953667491810163,0.901918857743907,2.4684389596595646,PASS,-1.4208649866819498,-2.4455668268496424,-0.6832990998188861,FAIL,1.1901455306721542,0.4936481940534018,1.6162623498496385,PASS,2.0471655693629067,1.5185129433276325,2.4457439422812897,PASS,0.022654051147044885,0.021636173349934545,0.023536452030649375,FAIL,0.184,0.184,0.184,FAIL,4.318453021267286,3.2383329069241977,5.2112968288875985,PASS,0.27622970972183275,-0.004668443023423164,0.5110168661171037,PASS,0.4834498526394975,-0.17496325313663597,0.88847834079546,PASS,0.6914326853797934,0.03341621222636237,0.9298666825330981,PASS,0.37393964760505083,-0.10557134246295323,0.7307453233662393,PASS,0.09682631458253031,-0.28073762671951924,0.48948959515563006,PASS,0.26779105165784384,-0.021098114610297737,0.5846414364599861,PASS,0.10177550238655092,-0.20931882499513393,0.4758776075429907,PASS,0.5773208778027159,0.0811735579011191,0.9367972182632275,PASS,0.35529028728033785,-0.08133211491124684,0.7512806453743455,PASS,0.41282188826717325,-0.191227682754884,0.8000140183481368,PASS,0.4727083333333333,0.31875,0.6291666666666667,FAIL,22.2262391958009,8.368118909730903,52.02784717387226,PASS,-0.12205756905752319,-0.3060130644035042,0.04949032391154132,PASS,0.9999187295219512,0.9999011013826794,0.9999343555290252,FAIL,7934.06304653721,4416.082170166759,13048.278643390066,4,5,40,49,4,7
L02264,G05,P01,16,true,PASS,0.06083085317460317,0.03111111111111111,0.0965625,FAIL,7.756047335093111,5.5410674802806685,9.127632318046444,FAIL,-0.1691972320400515,-0.26874881200168443,-0.06989698590239425,PASS,-0.031018994367773396,-0.032465311423997965,-0.029852890044145132,PASS,0.0035418703765735596,-0.025450408725186665,0.041955455863867085,PASS,0.635958297761021,0.6349980536843467,0.6373140171103211,PASS,5.016289062500004,4.863841145833337,5.13826822916667,PASS,1546.1694062729177,1544.1837978581575,1548.6509928783848,PASS,1.1271132144136282,0.6214062979216409,1.943074602953707,PASS,0.3562625777819764,0.19219105087454183,0.6129099160902869,FAIL,3.5173431551681755,3.4305805855577076,3.5727464182995785,PASS,0.36823862762048754,0.21980418852748615,0.4645350420964836,FAIL,0.6142751479289941,0.6142751479289941,0.6142751479289941,FAIL,0.0015833221189812052,0.0015833221189812052,0.0015833221189812052,PASS,0.08879022080240917,0.08879022080240917,0.08879022080240917,FAIL,0.2222970516048579,0.2222970516048579,0.2222970516048579,PASS,0.2109926998463887,0.2109926998463887,0.2109926998463887,PASS,0.4370703299516857,0.4370703299516857,0.4370703299516857,PASS,-2.0097444045566335,-4.080347990406885,-0.8016362501241009,PASS,2.260917250279074,0.8874899329157073,4.98575280661108,PASS,2.198391387837887,1.4303995497523985,2.849184607160273,PASS,-1.3543757210902512,-1.9483971405699356,-0.8936198409192048,PASS,1.3168053405404443,1.174503333106245,1.463079692373079,PASS,2.1487348883001602,1.9155204242857735,2.356042498603614,PASS,-1.7237624288560054,-4.2144964126364135,-1.0101745744857995,PASS,1.980638944095197,1.1311464332077148,3.4983127572192183,PASS,1.9114799360160808,1.1654041466152545,2.5010738244232655,PASS,-1.7335686655343494,-4.849218998166645,-0.20984821827202205,PASS,1.850332550104314,0.28688709078447683,3.9861467549039986,PASS,2.0440642538708707,1.4511662242304506,2.8161702771933284,PASS,-0.21190488391162599,-0.26941792766294737,-0.1386127483761283,PASS,0.21128772192600676,0.0988424447913288,0.3134310729636533,PASS,1.4125190786837518,0.9760724412951154,2.5948038939372093,PASS,-1.4562536893193108,-2.332462326682136,-0.6866823287913156,FAIL,1.618371579905854,0.621722353102152,5.083297412265413,PASS,2.2131018840278402,1.3328081424385956,3.10834960589934,PASS,0.022693610870986522,0.020409398707453057,0.024393707806425722,FAIL,0.184,0.184,0.184,FAIL,4.585502295507668,3.5065851004857507,5.9808811167594005,FAIL,0.38984232944967034,0.16585053732047222,0.6003325262107397,PASS,0.7057584999572105,-0.04911175857087802,0.9122955753961085,PASS,0.825282099485998,0.20429045563732473,0.9490036986756716,FAIL,0.5946139338298384,0.2317905390223626,0.7579539469842416,PASS,0.24730263081520773,-0.18074231743497124,0.5525188214243326,PASS,0.38757001134627733,-0.0019579143800204438,0.6023136593099775,PASS,0.25682362332634756,-0.10360984819021997,0.4459019819893213,PASS,0.805887857642006,0.22605955707955627,0.9523040682764402,PASS,0.5810647052440755,0.09388614919338759,0.7569475166561087,PASS,0.6448281086554188,-0.05104849009333448,0.8015451979572076,PASS,0.39375,0.2375,0.5625,FAIL,31.134901767284713,9.280417988207477,70.16680143310558,PASS,-0.17562959957368796,-0.29637214417023416,-0.06561278833401477,PASS,0.9999062623300325,0.999839868112782,0.9999252768752038,FAIL,7481.239777389714,3743.178751465369,11751.554900864132,3,5,38,49,4,7
L02265,G05,P01,16,true,PASS,0.05171875,0.02,0.0859375,FAIL,7.143347962371758,5.636259379796861,8.26148470988277,FAIL,-0.1441510239137771,-0.316088523424822,0.00444764611553131,PASS,-0.038540511227606385,-0.0395065820124819,-0.03688962531697504,PASS,0.0017955196999680063,-0.010853441581696334,0.02049910638219492,PASS,0.6364577779391342,0.6355212381165696,0.6377477414904182,PASS,4.993997395833338,4.85240885416667,5.119283854166671,PASS,1546.5322757868023,1544.4928304231364,1548.8370906781456,PASS,1.0085940025596771,0.7288715224245205,1.6096545700694591,PASS,0.2604342450405496,0.10844404960563504,0.41225779072040664,FAIL,3.519556701789685,3.3983966449012106,3.583030009728483,PASS,0.33023655629223503,0.1886083972791542,0.4367387295745032,FAIL,0.6142751479289941,0.6142751479289941,0.6142751479289941,FAIL,0.0015833221189812052,0.0015833221189812052,0.0015833221189812052,PASS,0.08879022080240917,0.08879022080240917,0.08879022080240917,FAIL,0.2222970516048579,0.2222970516048579,0.2222970516048579,PASS,0.2109926998463887,0.2109926998463887,0.2109926998463887,PASS,0.4370703299516857,0.4370703299516857,0.4370703299516857,PASS,-1.7409659298798863,-4.080347990406885,-0.7056800722363515,PASS,1.6461768600764293,0.870529085049792,4.205787658965759,PASS,1.901318220750055,1.1400196563822191,2.5230521136721635,PASS,-1.310531441468418,-1.8227005447674356,-0.9511816356093705,PASS,1.2634961423199584,1.0905805200313614,1.4491169353267503,PASS,2.0937598786549003,1.7517625159697892,2.4380517171826734,PASS,-1.3623433926426594,-3.1931901888955148,-0.8947099996472602,PASS,1.5930359241544234,0.7229108723652561,3.081066313486299,PASS,1.903800968848015,1.1664194108195558,2.255399578739253,PASS,-1.139877082533748,-3.964934244327602,-0.24199822284864725,PASS,1.3750842691847043,0.29326154910326074,3.344826250096908,PASS,2.0482136711497363,1.007306447683698,2.756312369400993,PASS,-0.18901009094241122,-0.26600135347494963,-0.12448476573281005,PASS,0.22123562287768828,0.07811593300476963,0.3333780074818268,PASS,1.6257319196623294,0.8837246057732215,2.6183130074846748,PASS,-1.3876074112028585,-2.310277995207318,-0.6735663408220496,FAIL,1.2774038001205845,0.6064922324678985,2.614361258685748,PASS,1.9617841382616927,1.3668073109374852,2.3957207774322025,PASS,0.022561392713169218,0.021266974058781387,0.02359654606806417,FAIL,0.184,0.184,0.184,FAIL,4.406605231735214,3.6064321434779383,5.172684804038772,PASS,0.3057171626073476,-0.008749418601718326,0.5302489883474808,PASS,0.5749370018468484,-0.047225729392254404,0.8886242948317304,PASS,0.7759741954526037,0.2165740019704446,0.9345891749815781,FAIL,0.4870803488331919,0.10178964350932274,0.7471683382504841,PASS,0.1345153094107142,-0.31541596069218675,0.5264935706523736,PASS,0.30410735477804585,-0.04926279901345903,0.6188168932607208,PASS,0.16182612211092232,-0.1452443430132471,0.5424927441166488,PASS,0.6587251276061373,0.1507496241862842,0.9371587230271886,PASS,0.46036715375347503,-0.017138309839853524,0.7457053331354409,PASS,0.5187590492670843,-0.06248847338342303,0.8251968700853993,PASS,0.34375,0.1,0.5,FAIL,26.8266443529251,16.077112577645693,39.67883210634178,PASS,-0.1720613810020085,-0.37388314949583135,0.025243706273210396,PASS,0.9998862156888304,0.9998624089239783,0.9999009853049846,FAIL,7049.667913914816,4677.62107339212,9494.53515320128,3,5,39,49,4,7
L02271,G05,P01,16,true,PASS,0.06650049603174603,0.01375,0.11458333333333333,FAIL,7.156538166155508,5.602535058726993,9.641913282828973,FAIL,-0.15833888363306534,-0.30387470668762034,0.009313976977715622,PASS,-0.03483711697001525,-0.03643262745716295,-0.033192327955545185,PASS,-0.0032912578152987605,-0.053854646381325824,0.018492157638319715,PASS,0.6329773517993305,0.6320348705422512,0.6336406746402106,PASS,5.007356770833337,4.787682291666671,5.1944140625000035,PASS,1546.3148084262616,1543.2698414657102,1549.8907263986596,PASS,1.0625947571168806,0.7470378166895937,1.9438922947538184,PASS,0.29918486679050055,0.18284470683833795,0.43443466455916613,FAIL,3.5856454564148605,3.443199349755057,3.6582747405395293,PASS,0.4783426620300171,0.3629057781024495,0.5719717981704405,FAIL,0.6142751479289941,0.6142751479289941,0.6142751479289941,FAIL,0.0015833221189812052,0.0015833221189812052,0.0015833221189812052,PASS,0.08879022080240917,0.08879022080240917,0.08879022080240917,FAIL,0.2222970516048579,0.2222970516048579,0.2222970516048579,PASS,0.2109926998463887,0.2109926998463887,0.2109926998463887,PASS,0.4370703299516857,0.4370703299516857,0.4370703299516857,PASS,-1.9654455167898524,-3.3729956071624545,-0.7351184483647841,PASS,2.2723702580306107,0.8267472861135519,4.98575280661108,PASS,2.134446342581582,0.8432363089477821,2.7948151868926265,PASS,-1.2852704818991563,-1.9468444811852266,-0.7783169399549015,PASS,1.2670039271346236,1.0917853820045504,1.3932659071414357,PASS,2.0989393442937843,1.809206799595933,2.3547969023571937,PASS,-1.6501208828813403,-4.2144964126364135,-0.9887481251987038,PASS,1.9058922278185366,1.0145376462731321,3.4983127572192183,PASS,1.7304458759365786,1.1305631860245056,2.43963311971725,PASS,-1.7147319040634703,-4.849218998166645,-0.22086740911205,PASS,1.7316923274053317,0.2582098185274682,3.9861467549039986,PASS,1.7586287643180982,0.31734807330087256,2.327147542974031,PASS,-0.20709080788757644,-0.2670396969631327,-0.12983210104019313,PASS,0.20079041155739763,0.08825526985274924,0.3354053995565045,PASS,1.3298085474752934,0.8127434993622243,2.1076091939479906,PASS,-1.5128644735294934,-2.5348596025568204,-0.7372145773517405,FAIL,1.4634575213089596,0.5570587735778789,4.399567079366556,PASS,2.2044315230450806,1.5796863385630635,3.0070481497584964,PASS,0.02319236331957427,0.021841464104478348,0.024335889458439307,FAIL,0.184,0.184,0.184,FAIL,4.462985904717836,3.493818459654425,5.676094747000596,FAIL,0.39194049417894544,0.1625962091621407,0.6217854669157096,PASS,0.7106789123025938,-0.022077179342769954,0.9146101309077511,PASS,0.8312544945269165,0.2626482895817759,0.9489375557549555,FAIL,0.6126453273073919,0.27175396755697745,0.813363671241495,PASS,0.26259325619544344,-0.09447381359689337,0.5775801838736798,PASS,0.39643600742403046,0.05808316975231813,0.6404549558095438,PASS,0.26660316372526494,-0.10410941151616843,0.5010740857474614,PASS,0.8159636677284785,0.2667974394700243,0.9512106593235798,PASS,0.6064365461288217,0.17348635198680767,0.771636321977892,PASS,0.6605130967372228,0.010325398987293316,0.8196937383698025,PASS,0.41354166666666664,0.1,0.6,FAIL,19.80235723227223,12.588753469099599,29.368441786884965,PASS,-0.19397085122075425,-0.34593240621449417,-0.02148574249909036,PASS,0.9998721125009146,0.9997267528459963,0.9999128138601076,FAIL,8235.31890506564,3996.5275839876895,12832.519987756881,3,5,38,49,4,7
L02285,G05,P01,16,true,PASS,0.06474206349206349,0.03152777777777778,0.1159424603174603,FAIL,7.186229820889898,5.304245999751076,8.80597482909929,FAIL,-0.1582700160602768,-0.3285913588193335,-0.006484854495706145,PASS,-0.03275117451728207,-0.03420744980550465,-0.030872996885317715,PASS,0.003757339573329829,-0.024663970923057187,0.04078455204999192,PASS,0.6363280088174244,0.6344616760074216,0.6374765136785442,PASS,4.990292968750004,4.789140625000004,5.153007812500005,PASS,1546.5925774087066,1543.9438631094908,1549.866987271583,PASS,0.999021465860227,0.5443266703877454,1.7237061089671264,PASS,0.311721730336034,0.19500029749666029,0.44324764471128303,FAIL,3.5157100010863007,3.438446537225657,3.6348599599686664,PASS,0.33552791645568636,0.23415829818611378,0.42524615754058,FAIL,0.6142751479289941,0.6142751479289941,0.6142751479289941,FAIL,0.0015833221189812052,0.0015833221189812052,0.0015833221189812052,PASS,0.08879022080240917,0.08879022080240917,0.08879022080240917,FAIL,0.2222970516048579,0.2222970516048579,0.2222970516048579,PASS,0.2109926998463887,0.2109926998463887,0.2109926998463887,PASS,0.4370703299516857,0.4370703299516857,0.4370703299516857,PASS,-1.6406352688291106,-3.3729956071624545,-0.7447473356558809,PASS,2.1105100719412544,0.8510312676703272,4.98575280661108,PASS,2.1073535552727307,0.962935787739641,2.89887938370414,PASS,-1.3065293682741477,-1.9483971405699356,-0.9214082935282503,PASS,1.2870714316639589,1.104628561247011,1.4630796923730793,PASS,2.0550605194701683,1.77746266260572,2.3714792523885735,PASS,-1.5827066837329413,-4.2144964126364135,-1.0067436326620935,PASS,1.8200892099976196,0.9389007386768075,3.4983127572192183,PASS,1.8308188477605323,1.2137522193977075,2.449285995617997,PASS,-1.2315433199043244,-4.849218998166645,-0.17311289127138418,PASS,1.6592840569300813,0.23860087706658506,3.9861467549039986,PASS,1.8921164328980287,0.5195912665448341,2.881425367436846,PASS,-0.19275775173698406,-0.270012485337901,-0.11355209340825723,PASS,0.19659486984364372,0.08943190235307949,0.33464512752850034,PASS,1.4791661576278599,0.9436947552568333,2.52414991914538,PASS,-1.4544328548678258,-2.556365310821011,-0.49349001864682585,FAIL,1.1252655188795884,0.5078438700856706,2.7496546010912684,PASS,2.06783832093235,1.502674751675462,2.6828488289000494,PASS,0.02264257730398216,0.021634877573965573,0.02396795136033008,FAIL,0.184,0.184,0.184,FAIL,4.53388436886636,3.5729997051952505,5.455988128317101,FAIL,0.3436177229059869,0.04730136392637111,0.6268965298896247,PASS,0.603447632634544,-0.18901599956364776,0.9225570344701122,PASS,0.7637199991943577,0.025125491874589345,0.9490904640390148,FAIL,0.48258959365765447,0.05264353185998778,0.7665482482904248,PASS,0.15920114393884152,-0.3282515429957116,0.5475060160208004,PASS,0.3073154579318045,-0.036845142857162366,0.6313752817947857,PASS,0.16716581501396882,-0.18790794956226403,0.4907278549924988,PASS,0.7060703778137664,0.12131610609282072,0.9557589096061853,PASS,0.45918957868221066,-0.07414624161359974,0.754197667913042,PASS,0.5094143457930722,-0.2011231872017975,0.8122389313747235,PASS,0.43437499999999996,0.25,0.6,FAIL,30.061444730137524,11.291777581147425,67.41928832799192,PASS,-0.16256107539511444,-0.3901593611501457,-0.027498191033191517,PASS,0.9999099825953089,0.9998654434113693,0.999925269616527,FAIL,7209.2202651743355,4105.100830131307,11306.36630152465,3,5,38,49,4,7
L02286,G05,P01,16,true,PASS,0.0716641865079365,0.027916666666666666,0.13736607142857143,FAIL,7.644481821098117,5.443076469225397,10.404260159000057,FAIL,-0.17641484013994632,-0.4150179882287227,-0.034806952894759303,PASS,-0.03842474718534698,-0.0414217489308636,-0.022713040258028012,PASS,0.002405959732390268,-0.05793321991817427,0.0445493183426678,PASS,0.63018035445234,0.6283211749508164,0.6321188488202076,PASS,5.002962239583337,4.857447916666671,5.151458333333337,PASS,1546.386343742229,1543.9690859320096,1548.7550635158366,PASS,0.9731440806090957,0.5856150076740398,1.6405447202523087,PASS,0.28000328769360183,0.159130832866329,0.44164108521918366,FAIL,3.6456810138430336,3.500566824752681,3.713428399292886,PASS,0.6215316925639953,0.5151051231476906,0.7180757835710302,FAIL,0.6142751479289941,0.6142751479289941,0.6142751479289941,FAIL,0.0015833221189812052,0.0015833221189812052,0.0015833221189812052,PASS,0.08879022080240917,0.08879022080240917,0.08879022080240917,FAIL,0.2222970516048579,0.2222970516048579,0.2222970516048579,PASS,0.2109926998463887,0.2109926998463887,0.2109926998463887,PASS,0.4370703299516857,0.4370703299516857,0.4370703299516857,PASS,-1.8084120571595381,-3.9388775137579985,-0.9091514345811487,PASS,1.931241886225389,0.885067055874699,4.98575280661108,PASS,2.1352563264858913,1.0818722585017306,3.0155119570264364,PASS,-1.1703829581301066,-1.7813192326281722,-0.845824295471921,PASS,1.2111988009647305,1.0620576500642298,1.3932659071414355,PASS,1.9685359348859603,1.6643296889454713,2.348161747306345,PASS,-1.3812792361928499,-3.1931901888955148,-1.0454075635312035,PASS,1.6861517791833822,0.8812028441440752,3.4983127572192183,PASS,1.773311294357549,1.1234658238460375,2.363686722690166,PASS,-1.2138190899621613,-3.964934244327602,-0.24811999553755165,PASS,1.697864662313886,0.33026304254573496,3.9861467549039986,PASS,1.8743957590653764,0.6391670775964743,2.583992403680481,PASS,-0.20575483092135136,-0.2554322644808466,-0.12195668643758573,PASS,0.24988921857267274,0.1423672818142032,0.33920675969652525,PASS,1.6103429809130194,1.0606810094851515,2.5280008223985435,PASS,-1.4013596643044814,-2.3280650377791177,-0.5432753573241752,FAIL,1.2205390527393103,0.500235908171716,3.020929764341663,PASS,2.0908164640096647,1.4168300524173607,2.5453231975329245,PASS,0.022884227554857514,0.021196068570410332,0.024311492616192018,FAIL,0.184,0.184,0.184,FAIL,4.525975417135399,3.6418442572453804,5.577862044145524,PASS,0.29592903116705077,-0.025170779606401236,0.5689359794953684,PASS,0.6365886846010775,0.1391334593322447,0.9009003961268137,FAIL,0.8386793887284791,0.6403227651327342,0.9374527204335155,FAIL,0.5047925489340404,0.1916972992898648,0.7044978807700041,PASS,0.17986777940125376,-0.28601447360298166,0.5077419720510327,PASS,0.3386197370938758,0.020163279939703294,0.5824910726150858,PASS,0.19039308632619634,-0.07881384775029476,0.46945246246091316,PASS,0.7191289029969719,0.20707953544360758,0.9452417917550439,PASS,0.4568772443190699,-0.002606493175382237,0.718409270983555,FAIL,0.5668465061136637,0.17118440531109466,0.7746670611010895,PASS,0.4135416666666667,0.1,0.6104166666666667,FAIL,21.63998927463001,12.691608744475875,31.240169399552403,PASS,-0.19615098723609528,-0.39699612471370316,-0.03318670119193462,PASS,0.9998372578813918,0.9997127390505054,0.9998735703511348,FAIL,7900.949268709619,5535.6258374127965,12065.781320100143,3,5,37,49,4,7
L02291,G05,P01,16,true,PASS,0.06708085317460316,0.041527777777777775,0.10461805555555556,FAIL,6.593723627700653,5.467088320148183,8.61170935827724,FAIL,-0.10396390665377289,-0.2182020101788978,0.021282244032950863,PASS,-0.04104621206119338,-0.04470105764297888,-0.03819193314294658,PASS,-0.0037173210037780785,-0.06657497096962652,0.050851551035825567,PASS,0.6352637705668094,0.6338731785666305,0.6368051268898453,PASS,5.000852864583337,4.850559895833337,5.136861979166671,PASS,1546.4206806938935,1544.2066891592672,1548.8671884999746,PASS,1.08205336648835,0.697414044733569,1.5215895967247057,PASS,0.2934913157412205,0.18383191541390098,0.4284094696804166,FAIL,3.559170499968347,3.482903270775531,3.626165438163582,PASS,0.44299787548533975,0.33658789336944694,0.5304795711364808,FAIL,0.6142751479289941,0.6142751479289941,0.6142751479289941,FAIL,0.0015833221189812052,0.0015833221189812052,0.0015833221189812052,PASS,0.08879022080240917,0.08879022080240917,0.08879022080240917,FAIL,0.2222970516048579,0.2222970516048579,0.2222970516048579,PASS,0.2109926998463887,0.2109926998463887,0.2109926998463887,PASS,0.4370703299516857,0.4370703299516857,0.4370703299516857,PASS,-1.871481593273925,-4.080347990406885,-0.7540885679042142,PASS,2.5928678834819614,0.8604086689893279,4.98575280661108,PASS,2.0957852394201173,1.0954643658059056,2.675915452557317,PASS,-1.4238243533896329,-1.8289111823062723,-1.028422069423051,PASS,1.2149694920545393,1.0462929054055232,1.3932659071414357,PASS,2.2073743337959755,1.8487498189419267,2.550390719549443,PASS,-1.568512803083019,-3.44851674483074,-1.0520068673420047,PASS,2.1426260291296257,1.2509982789981604,3.4983127572192183,PASS,1.8456592440555006,1.0958653170770867,2.3055818060825435,PASS,-1.4318227523760894,-4.186005432787363,-0.19185615901711914,PASS,2.029238165367874,0.28995497041943513,3.9861467549039986,PASS,1.998683284702292,0.7163605665700292,2.692219676498165,PASS,-0.22259437307614624,-0.2670396969631327,-0.13597443130806297,PASS,0.2009097877853836,0.08943190235307949,0.3354053995565045,PASS,1.4028642413637016,0.7974890291200782,2.0693871873683993,PASS,-1.6903203037666163,-2.4835111361386732,-0.6526955583730117,FAIL,1.195321944741517,0.5810936658685731,1.7071233557296424,PASS,2.1717981142769465,1.5229410768041867,2.6641503186540745,PASS,0.02258942126535725,0.021077255236710987,0.024167988084911732,FAIL,0.1831875,0.175875,0.184,FAIL,4.37615656088666,3.456567034849937,5.1629870794889685,FAIL,0.3861031693950129,0.10845108808983273,0.6003846554910768,PASS,0.7519187666367989,0.27564191763220597,0.9132790185915126,FAIL,0.8843892519171721,0.700106848887565,0.9437510565904027,FAIL,0.5246904072796057,0.12258177085183408,0.7258988793404317,PASS,0.29998500421685104,-0.03803482060810068,0.5606312680533938,PASS,0.40843061273065684,0.12096798369551279,0.6368598925457705,PASS,0.20840942607269966,-0.15291584823508506,0.5116987160869755,FAIL,0.8215118882479804,0.3483269079126974,0.9452297268731134,PASS,0.5114440660319465,0.04458632858313257,0.7552707626272761,FAIL,0.5980589852186025,0.18395066518980444,0.8084274339091043,PASS,0.4046875,0.2,0.6,FAIL,27.95245960484779,12.95636159054991,58.58452695856003,PASS,-0.12242780203328446,-0.23319072597887489,0.032924432071856094,PASS,0.9998604450278206,0.9998263604766499,0.9998860908512316,FAIL,8328.187601324576,6383.904819206707,11272.514899183652,3,5,35,49,4,7
L02293,G05,P01,16,true,PASS,0.06019841269841271,0.02,0.11753472222222222,FAIL,7.33191282012103,5.171716755968219,10.628603693261327,FAIL,-0.14585728103706216,-0.26632960375978115,-0.009578699327078487,PASS,-0.040221662782156456,-0.04396781975360515,-0.03772328258650921,PASS,-0.01128843342075813,-0.05241177019189599,0.018593731800671493,PASS,0.6333799454717723,0.6322617817952829,0.6345651426155391,PASS,4.990950520833337,4.869101562500004,5.1422135416666706,PASS,1546.581873605873,1544.1195750411557,1548.5653624557158,PASS,1.1082465606828997,0.60125679645683,1.7931508658395674,PASS,0.2682775107706209,0.15983979883449692,0.4485111207430858,FAIL,3.57691645576587,3.462433454426996,3.674198587157554,PASS,0.4917931916841899,0.33053460956214886,0.5975049669420444,FAIL,0.6142751479289941,0.6142751479289941,0.6142751479289941,FAIL,0.0015833221189812052,0.0015833221189812052,0.0015833221189812052,PASS,0.08879022080240917,0.08879022080240917,0.08879022080240917,FAIL,0.2222970516048579,0.2222970516048579,0.2222970516048579,PASS,0.2109926998463887,0.2109926998463887,0.2109926998463887,PASS,0.4370703299516857,0.4370703299516857,0.4370703299516857,PASS,-2.097417937548702,-5.219644346084747,-0.7336804398761931,PASS,2.3329807318759714,0.8625410432809254,5.267711791195908,PASS,1.9906274507267745,0.76072517341359,2.7489445716718164,PASS,-1.410549500385282,-1.9530551187240632,-1.026732544160435,PASS,1.3011032941915128,1.1420419382999294,1.5049679635120656,PASS,2.1797281443235796,1.8320618338275878,2.454437684950846,PASS,-1.7649756336704712,-5.02705850667373,-1.0396893271583605,PASS,2.045867984779804,1.2509982789981604,3.828835609953353,PASS,1.7549634178901945,1.1007551092663856,2.388686343158886,PASS,-1.7204349742905158,-5.676026696347508,-0.20194899191135995,PASS,1.7985890022012954,0.2802115205143928,4.063925477545258,PASS,1.6494264726484305,0.28635037186337303,2.3352888850181186,PASS,-0.23189195824339648,-0.4744631173680992,-0.1371080156669193,PASS,0.1950143849154498,0.1035388971621306,0.3384464876685211,PASS,1.2984603592975794,0.8514279532296445,2.0292967139926157,PASS,-1.4549105038885033,-2.483050086096028,-0.5959367768006807,FAIL,1.530610739711574,0.7413143449124774,3.7480747101352407,PASS,2.1863702777023217,1.5951190104089317,2.62690918804429,PASS,0.02241236321685502,0.02136659584914922,0.023556738089377458,FAIL,0.184,0.184,0.184,FAIL,4.585725830820554,3.79028054274955,5.2359617323935606,FAIL,0.42643994905404325,0.2596503878616863,0.6641908280482062,PASS,0.7588092219778346,0.17598295611753362,0.9248139807832924,PASS,0.8502832268712437,0.31364729185152757,0.9513251212777644,FAIL,0.603561858206042,0.08564677313277327,0.7608775288361325,PASS,0.3182732238883813,-0.0714752116229945,0.6161959106934153,PASS,0.4273756398344083,0.12515619277131562,0.7022562879831666,PASS,0.27503124667185763,-0.06615312074096968,0.5639932713675682,FAIL,0.8468745119192698,0.39116763331933757,0.9565835505066598,PASS,0.6258377641677784,0.17634642780970425,0.7687071956890165,PASS,0.6771514745901226,0.10058094456785308,0.8078215286753929,PASS,0.3729166666666667,0.1,0.7,FAIL,18.677050846189516,6.512227717813333,32.35710195304806,PASS,-0.19155725319632227,-0.30117183226770894,-0.05043768952552951,PASS,0.9998574562126814,0.99977540788036,0.9998925756497853,FAIL,8750.089526053398,5703.56849700567,14040.218671734527,3,5,37,49,4,7
L02314,G05,P01,16,true,PASS,0.06730654761904761,0.03375,0.12118055555555556,FAIL,7.50859153885313,5.099630510360552,9.659660080744505,FAIL,-0.1598254423242601,-0.31772163605622084,-0.027398911066520065,PASS,-0.03704560873929735,-0.03861821657148765,-0.03415116459247744,PASS,-0.004643015192255013,-0.05092807156634748,0.051242139297015196,PASS,0.6309353122186754,0.6296852790584977,0.632652366256341,PASS,4.975638020833338,4.839296875000004,5.096601562500004,PASS,1546.8311344401768,1544.8620586317734,1549.0505308653428,PASS,1.153624404533602,0.5326037138454871,1.8162903823619132,FAIL,0.22225090717348078,0.13688091747453604,0.31157999962169847,FAIL,3.6207931533741236,3.4895004270585908,3.7239343180538738,PASS,0.5758954892542938,0.42471912606652285,0.6670813146733905,FAIL,0.6142751479289941,0.6142751479289941,0.6142751479289941,FAIL,0.0015833221189812052,0.0015833221189812052,0.0015833221189812052,PASS,0.08879022080240917,0.08879022080240917,0.08879022080240917,FAIL,0.2222970516048579,0.2222970516048579,0.2222970516048579,PASS,0.2109926998463887,0.2109926998463887,0.2109926998463887,PASS,0.4370703299516857,0.4370703299516857,0.4370703299516857,PASS,-1.8000303626232983,-4.080347990406885,-0.7536054386980877,PASS,2.3496771642041523,0.8470658171536314,4.868540808875561,PASS,2.13046801890002,1.4583634153141536,2.924808632990963,PASS,-1.3580965297073662,-1.9539867143548888,-0.8067728102429319,PASS,1.2644017051999668,1.123041348452335,1.379303150095107,PASS,2.150904472791023,1.8342628669423928,2.3451961408447475,PASS,-1.4217476108450748,-3.1931901888955148,-1.0591399285144942,PASS,1.692513030948603,0.830296389558272,3.185377924419529,PASS,1.927538203243821,1.2306662334601706,2.2667331862589286,PASS,-1.1325941228430794,-3.964934244327602,-0.19185615901711914,PASS,1.452784210649857,0.2582098185274682,3.5051563762986806,PASS,2.1159341993813063,0.8608903651127874,2.8238824351672305,PASS,-0.18946748687831888,-0.26545420982992285,-0.12224786315452017,PASS,0.21988265232913276,0.09533092549956827,0.3121639529169797,PASS,1.5422241403413135,0.8686501562845835,2.428272439151423,PASS,-1.4453593743957796,-2.0198644478794905,-0.5768691784597829,FAIL,1.261899974054851,0.5804542776574715,3.357308808956833,PASS,1.9991315358284962,1.5788937773678546,2.496771532600012,PASS,0.022621259078590188,0.0202539447186486,0.024048869405692237,FAIL,0.18278125,0.1734375,0.184,FAIL,4.336750006229444,3.5124061529474977,4.771208130635435,FAIL,0.34358972265784915,0.0755618963852611,0.541312579829393,PASS,0.6090786178147567,0.007635774872748876,0.8877462939422767,PASS,0.7804895582890721,0.17367779118745005,0.938495059848627,FAIL,0.5059924713832931,0.11723675038258013,0.7159141951361345,PASS,0.19223360013410273,-0.1925264021634911,0.4806071913701481,PASS,0.3341153904304298,-0.03233761725198499,0.5767993483881777,PASS,0.1937572828970206,-0.1615167351009647,0.5019207858674997,PASS,0.7188808730384063,0.13989172948719347,0.9406359824237337,PASS,0.4885537308446053,0.058455208152617136,0.7351091142421426,PASS,0.5553316794947446,-0.1155021002335894,0.7867536686982265,PASS,0.425,0.2375,0.725,FAIL,22.046790830186296,7.801580188858473,46.191031529357836,PASS,-0.19409876592538727,-0.3494754375001948,-0.03096123380614404,PASS,0.9998630105555211,0.9998168936583152,0.9998846787920475,FAIL,7857.703477491448,4459.052162059521,10883.700001847297,3,5,37,49,4,7
L02330,G05,P01,16,true,PASS,0.06512896825396824,0.034444444444444444,0.09414186507936508,FAIL,7.766866675579353,5.4432229313767655,10.482355132044773,FAIL,-0.11207760609122035,-0.18172884319736604,-0.006591905510420526,PASS,-0.032941549961504904,-0.033755222932169364,-0.03151458437111636,PASS,1.7936905565877573e-05,-0.047907229946908034,0.0468510900985431,PASS,0.6353053406842268,0.6338812485623899,0.6363846724964275,PASS,5.009882812500004,4.893919270833337,5.106979166666671,PASS,1546.2736888668612,1544.6931293078446,1548.1613733824306,PASS,0.8869074294757654,0.5512167336420501,1.5360317486268227,FAIL,0.26166990724166855,0.13473004898336602,0.3528172691754557,FAIL,3.5402801219580287,3.4651559325204504,3.616625023152558,PASS,0.4332846500792788,0.34730544812795444,0.4991115573541898,FAIL,0.6142751479289941,0.6142751479289941,0.6142751479289941,FAIL,0.0015833221189812052,0.0015833221189812052,0.0015833221189812052,PASS,0.08879022080240917,0.08879022080240917,0.08879022080240917,FAIL,0.2222970516048579,0.2222970516048579,0.2222970516048579,PASS,0.2109926998463887,0.2109926998463887,0.2109926998463887,PASS,0.4370703299516857,0.4370703299516857,0.4370703299516857,PASS,-2.038144943434073,-3.9388775137579985,-0.8290100271056272,PASS,2.0326674390320045,0.8589464244849354,4.98575280661108,PASS,2.2861033076887463,1.5331369869064257,2.8721625477190575,PASS,-1.334281491825421,-1.9468444811852266,-0.9511816356093705,PASS,1.2075203525505929,1.0127120445858167,1.3560318883512257,PASS,1.9696159898451617,1.62650383123757,2.2843792764207302,PASS,-1.7400609128920257,-4.2144964126364135,-0.8689196502396267,PASS,1.7363986232307171,0.8778375960038152,3.4983127572192183,PASS,1.772022641765315,1.1471730558139108,2.3494609275292566,PASS,-1.8063192937117782,-4.849218998166645,-0.18760347451496454,PASS,1.6733553352576944,0.31926348159163087,3.9861467549039986,PASS,2.0177535338570425,1.4981515411725463,2.6484720077310224,PASS,-0.21418831091450857,-0.26545420982992285,-0.14704194040455487,PASS,0.2346311417959157,0.12195643842189666,0.33920675969652525,PASS,1.477235349701066,0.9262656877510697,2.291365576968819,PASS,-1.3041145955980191,-2.201210272621059,-0.6297369509222245,FAIL,1.059733683354135,0.6999042581656807,1.458784828509702,PASS,2.0185309238449216,1.5181037154410806,2.520509271755753,PASS,0.022380555397507607,0.021208662678247534,0.023853703785984212,FAIL,0.1831875,0.175875,0.184,FAIL,4.626473861598421,3.436397898549424,5.8058666143438264,PASS,0.3327093070282044,0.025903431359493204,0.5821480829988847,PASS,0.6670256250233648,-0.054681104364388625,0.9084411896877073,PASS,0.8235153762503417,0.28215592471928763,0.9466327376284659,PASS,0.49261953787962803,-0.08381863928622046,0.7710617004647616,PASS,0.2274792699250942,-0.15192770579497933,0.5419594439144295,PASS,0.37120966694684815,0.07941895224637058,0.6323925281312684,PASS,0.20797420825009413,-0.17875863037518797,0.5151475604632874,PASS,0.7333644148642947,0.018865465912453167,0.9522801596683987,PASS,0.44560332318487017,-0.07995844526335569,0.7803606348048581,PASS,0.5696810544387995,-0.06535876797210635,0.8163570075281604,PASS,0.4166666666666667,0.2,0.6625,FAIL,30.735659452390763,12.81931955785043,65.264424322983,PASS,-0.12952602293997237,-0.22283884588414862,-0.0024023401619229557,PASS,0.9999146706886031,0.9999036327518228,0.9999285862298447,FAIL,7853.1296982897675,5633.65538532195,9947.20387592558,3,5,39,49,4,7
L02352,G05,P01,16,true,PASS,0.05736111111111111,0.024166666666666666,0.09180555555555557,FAIL,6.836384257437848,4.791224438651833,9.096034502128248,FAIL,-0.11254030221500642,-0.23475428365758033,-0.023471095146084617,PASS,-0.04188275535518071,-0.04529158947766749,-0.04002399390362498,PASS,-0.008745271948350453,-0.050137917607244446,0.014868512656817701,PASS,0.6301591987959962,0.6281949836643244,0.6315083874664751,PASS,4.98178385416667,4.886705729166671,5.1350130208333375,PASS,1546.7310909760686,1544.2367869810962,1548.278797278863,PASS,1.0010076482855987,0.586893385822196,1.532126809520256,PASS,0.2589317755062031,0.15287570625674352,0.36013505434092463,FAIL,3.6550193238729354,3.563005792000427,3.752942213623221,PASS,0.5582332237120922,0.4191002063772152,0.6464993184167573,FAIL,0.6142751479289941,0.6142751479289941,0.6142751479289941,FAIL,0.0015833221189812052,0.0015833221189812052,0.0015833221189812052,PASS,0.08879022080240917,0.08879022080240917,0.08879022080240917,FAIL,0.2222970516048579,0.2222970516048579,0.2222970516048579,PASS,0.2109926998463887,0.2109926998463887,0.2109926998463887,PASS,0.4370703299516857,0.4370703299516857,0.4370703299516857,PASS,-1.5567795674560898,-3.2315251305135684,-0.7062631053452194,PASS,1.9439086036392703,0.8150645695929448,4.98575280661108,PASS,1.97923117601354,1.4319997934363995,2.763122548584535,PASS,-1.2453046197748088,-1.8289111823062723,-0.8556960101264639,PASS,1.216246546080097,1.062114333690481,1.379303150095107,PASS,2.053157101342215,1.6875045616476778,2.2971067758497012,PASS,-1.5722783697121434,-4.2144964126364135,-1.0101745744857995,PASS,1.7787880676099874,1.0184446616537943,3.4983127572192183,PASS,1.8299750990328394,1.1885346022000083,2.3573285289809194,PASS,-1.2416447037285017,-4.849218998166645,-0.1980033162506877,PASS,1.428350491899944,0.24591384342663178,3.9861467549039986,PASS,1.9400711127149455,0.9343652907561198,2.8090810489783307,PASS,-0.20831961426618212,-0.27073107241101163,-0.132069003618483,PASS,0.24624980187273973,0.0988424447913288,0.3406919121520981,PASS,1.6296034241233004,1.0700571683844917,2.3735091094157097,PASS,-1.4131919857895041,-2.3958587725708966,-0.5747555218373017,PASS,1.0349361216700719,0.460585017455489,1.359023919793834,PASS,2.0655654062107303,1.481987376170331,2.8081067730104685,PASS,0.022688254532344153,0.021370237456925484,0.02443791293316069,FAIL,0.18278125,0.1734375,0.184,FAIL,4.854065540948781,3.7695021659079426,5.91736199214805,PASS,0.31843174866430785,0.024281102255604915,0.5857474831425756,PASS,0.5472893353241062,-0.16400561371897976,0.9105144662353815,PASS,0.7245648451094717,-0.006606009320362743,0.9474988992786252,PASS,0.43717740166207153,-0.025525523895575435,0.7155361005215117,PASS,0.1629187442496559,-0.1289612889151964,0.5080176481076593,PASS,0.30569333380401514,-0.0006337325732847822,0.5977876388008831,PASS,0.1335305530524592,-0.203954298813801,0.4499755544371409,PASS,0.6713056909810207,0.12500421815622506,0.951819874751117,PASS,0.43269999465889913,0.041587941410462265,0.7276709843400737,PASS,0.46493809554831667,-0.17077310010590516,0.7806151807321281,PASS,0.3822916666666667,0.17916666666666667,0.6,FAIL,23.4715585142741,9.400876719653317,45.08503024516752,PASS,-0.12853291945493237,-0.24597866130583082,0.005075960950230543,PASS,0.9998507452643345,0.9997875330168509,0.9998746716097049,FAIL,7305.76826226467,4057.3528556469773,9984.141581297807,3,5,41,49,4,7
L02371,G05,P01,16,true,PASS,0.05972222222222222,0.021666666666666667,0.08489583333333334,FAIL,6.68724212559556,5.152701170076819,9.036209123740386,FAIL,-0.12281705067690622,-0.35114042838024373,0.10518119343166196,PASS,-0.03645103426395559,-0.037647902227893035,-0.03384335816266384,PASS,-0.0012672040837177477,-0.023999969266611118,0.05129887474319479,PASS,0.6347175063595464,0.6339182479048191,0.6358658140693383,PASS,5.030410156250004,4.853489583333337,5.1907552083333375,PASS,1545.9395394576095,1543.329401239893,1548.8194982893299,PASS,0.9966505066551363,0.6442244822325399,1.458889865406509,PASS,0.29352655803777455,0.16130994869045281,0.49623021005011525,FAIL,3.5494637995145393,3.4607185089320924,3.6278509226143525,PASS,0.42840618767134975,0.33280722568002885,0.5384525422158218,FAIL,0.6142751479289941,0.6142751479289941,0.6142751479289941,FAIL,0.0015833221189812052,0.0015833221189812052,0.0015833221189812052,PASS,0.08879022080240917,0.08879022080240917,0.08879022080240917,FAIL,0.2222970516048579,0.2222970516048579,0.2222970516048579,PASS,0.2109926998463887,0.2109926998463887,0.2109926998463887,PASS,0.4370703299516857,0.4370703299516857,0.4370703299516857,PASS,-1.6762740008898604,-3.3729956071624545,-0.7536054386980877,PASS,2.135500741969201,0.8460132088748449,4.829470142963721,PASS,2.006579611486938,0.9257446186258619,2.8824727320998527,PASS,-1.213385619388321,-1.5054438183664143,-0.8266744376695092,PASS,1.2833655611309243,1.097937759801402,1.4743128711859397,PASS,2.1001778205611323,1.698275759277319,2.394252586695127,PASS,-1.2668368283170666,-1.9165574092193918,-1.0212426067380098,PASS,1.672617633523909,0.9655780038971182,3.081066313486299,PASS,1.789513842810398,1.1792756977504044,2.2211782426602444,PASS,-1.0395778407437157,-2.8595783020287984,-0.19896458569437897,PASS,1.443752901729498,0.2478671147989227,3.344826250096908,PASS,1.8146987215969772,0.3005689309634139,2.6425201132032514,PASS,-0.1957902326480469,-0.26600135347494963,-0.11305187185117684,PASS,0.22795651347048446,0.08060221836011201,0.3354053995565045,PASS,1.5171397012314198,1.019788558713256,2.2083717284906985,PASS,-1.242646135863605,-2.3751870091511798,-0.5424399989195213,FAIL,1.1867411461141883,0.749783595062966,2.0001468091648396,PASS,1.9916977048235092,1.4267005369849244,2.549049559376151,PASS,0.022754079466915426,0.020567444700027943,0.024020399872580898,FAIL,0.18359375,0.1799375,0.184,FAIL,4.44957316049002,3.827707935797737,5.084431371545352,FAIL,0.33086970830379125,0.06590042362665369,0.5254826244568093,PASS,0.6229520107449571,-0.09495592902315014,0.8751918060162605,PASS,0.7951017957601909,0.20997053377529076,0.9334010804986096,FAIL,0.5124207461341059,0.13370862964387983,0.8085698793955747,PASS,0.1472729545310145,-0.2725162595651017,0.3734491514137002,PASS,0.30418989003291874,-0.08642785088793331,0.5119583698351627,PASS,0.1654660242968342,-0.1453564043847911,0.39217975883429357,PASS,0.7263134277342267,0.12656852595930337,0.9328619576517854,PASS,0.49198693674904787,0.024612118200238044,0.765811164610808,PASS,0.5560627675618102,-0.0850131518237532,0.8019910325281914,PASS,0.4010416666666667,0.175,0.53125,FAIL,23.317851006894593,12.166507698706257,59.629117434693846,PASS,-0.16065109399757715,-0.47125990129525275,0.14500973320994187,PASS,0.999885536507908,0.999814318241158,0.9999076439775163,FAIL,7191.6823409465605,5122.962293726116,9040.541755085478,3,5,38,49,4,7
L02372,G05,P01,16,true,PASS,0.06425347222222222,0.034583333333333334,0.08347222222222223,FAIL,7.274164338403974,5.885171983147067,8.461545245857053,FAIL,-0.12107149543528391,-0.3451216779831012,0.09800103326629364,PASS,-0.044073602306487325,-0.04586857312436535,-0.040199573202140335,PASS,0.002702670842818997,-0.022831973419419317,0.043000651761259334,PASS,0.6352413513469473,0.6344235069831119,0.6363497466596102,PASS,5.017760416666671,4.851770833333337,5.16115885416667,PASS,1546.1454551893494,1543.8111783456525,1548.8474765462415,PASS,1.0437119443143699,0.7179062582241934,1.5603233295975294,PASS,0.2732477701265902,0.17285363803002107,0.3861088891508742,FAIL,3.5412869425851294,3.4147695908194806,3.6320891519020564,PASS,0.40267528699076893,0.3216822940438596,0.550850579695282,FAIL,0.6142751479289941,0.6142751479289941,0.6142751479289941,FAIL,0.0015833221189812052,0.0015833221189812052,0.0015833221189812052,PASS,0.08879022080240917,0.08879022080240917,0.08879022080240917,FAIL,0.2222970516048579,0.2222970516048579,0.2222970516048579,PASS,0.2109926998463887,0.2109926998463887,0.2109926998463887,PASS,0.4370703299516857,0.4370703299516857,0.4370703299516857,PASS,-1.310044156328291,-2.330103050109308,-0.7389953017015172,PASS,1.503401785598468,0.8259051994905227,2.905845746223557,PASS,1.984251347768267,1.1830306109469244,2.954239886537028,PASS,-1.0674269630345294,-1.5744126719318536,-0.755877194467577,PASS,1.197283000275199,1.0429147458358003,1.4201097983598974,PASS,2.064188377583512,1.780141318897981,2.498859285134358,PASS,-1.1322980859895968,-1.2986026771594326,-0.8895599864377789,PASS,1.5502395957820205,1.0934023646557827,2.385655573931433,PASS,1.8471033086242326,1.2250580491590082,2.2812962757556456,PASS,-0.7193693514462023,-1.9824826186525693,-0.17498405352186341,PASS,1.2412815811203124,0.24342202518822645,2.2759587420850895,PASS,2.010192443584523,1.0702763504320132,2.690892379974003,PASS,-0.1790988917607884,-0.23872902223238618,-0.1220582324590333,PASS,0.19764287377962186,0.09038883052388555,0.3354053995565045,PASS,1.6870939556310118,0.9989874017807956,2.6558292129834475,PASS,-1.4429673271714023,-2.556365310821011,-0.8128616752064691,FAIL,1.172437669892338,0.6278235747828935,1.9284748262351625,PASS,2.0022741936707624,1.3754052809878017,2.5528223288200054,PASS,0.02248614958153862,0.021160850898255784,0.02360503354387015,FAIL,0.184,0.184,0.184,FAIL,4.548417854764303,3.582467667485079,5.714997102631669,PASS,0.3049988332535526,0.02627548794832475,0.600664212887463,PASS,0.4852926504319099,-0.20623998305321337,0.8913981913530988,PASS,0.6921592807836262,0.0063134391339270506,0.9356346521249084,PASS,0.4177449124764719,-0.10312834598364773,0.7122306206182456,PASS,0.10029173283837699,-0.2185625881868321,0.5127847581843517,PASS,0.26089805260701415,-0.031681839360439834,0.5912929997197467,PASS,0.12576812881711236,-0.24913271414819987,0.4535587232472076,PASS,0.6016639930211974,0.041273659837854026,0.9439112626953132,PASS,0.3687629664308941,-0.1217083731567485,0.7393506957566304,PASS,0.41457013460096676,-0.23658671697774564,0.7879425305432995,PASS,0.42604166666666665,0.26875,0.5875,FAIL,31.54512646367256,12.120789711647223,56.68216027086578,PASS,-0.11850400650853248,-0.33973762388992385,0.16591037768192388,PASS,0.9998300244017377,0.9997722523135963,0.9998552366212645,FAIL,6689.82452989229,4324.269427380757,8373.34762155418,3,5,40,49,4,7
L02373,G05,P01,16,true,PASS,0.06092013888888889,0.030416666666666668,0.10472222222222222,FAIL,7.623995212795206,4.8701726721862375,10.202655639388684,FAIL,-0.15215660859830643,-0.3364572754162809,-0.03520768156875009,PASS,-0.03479000816442496,-0.036186240255563176,-0.03331721461879014,PASS,0.0023149601673479623,-0.03417942215473193,0.04853744146045603,PASS,0.6359793621345271,0.6345586720671869,0.6372364213040241,PASS,5.013665364583337,4.895585937500004,5.091888020833338,PASS,1546.2121155060065,1544.9387868817885,1548.1342429514862,PASS,1.0604003368162211,0.4641341191765142,1.6518716138470682,PASS,0.25401093821661613,0.10634368145499905,0.42485791887827806,FAIL,3.550394602556509,3.475784190701422,3.6148317014115614,PASS,0.37375164124091176,0.21267018851907762,0.4543574214412904,FAIL,0.6142751479289941,0.6142751479289941,0.6142751479289941,FAIL,0.0015833221189812052,0.0015833221189812052,0.0015833221189812052,PASS,0.08879022080240917,0.08879022080240917,0.08879022080240917,FAIL,0.2222970516048579,0.2222970516048579,0.2222970516048579,PASS,0.2109926998463887,0.2109926998463887,0.2109926998463887,PASS,0.4370703299516857,0.4370703299516857,0.4370703299516857,PASS,-1.7919604327759333,-2.995741002765425,-0.8838195167805388,PASS,1.899622110654904,0.8618063025548477,4.673187479316361,PASS,2.035478475458114,1.4078356235902663,2.6410491750615406,PASS,-1.3004670797194404,-1.8242532041521446,-0.7826218020839755,PASS,1.261537471212483,1.062114333690481,1.4603501141396107,PASS,2.132706397810217,1.8099135585941477,2.370343129516428,PASS,-1.437474995444636,-3.3814458137331624,-1.0212426067380098,PASS,1.6673894354014094,0.9895626137125701,2.6638198697533793,PASS,1.7473062465055325,1.1568573381782072,2.237778444157414,PASS,-1.3161710435606966,-3.995264044308627,-0.1842723312410084,PASS,1.464521721792587,0.3636280458024552,2.703505745289817,PASS,2.0659907703199445,1.5045048496018008,2.804409387289719,PASS,-0.20414597623805553,-0.266445139288179,-0.13192727452954495,PASS,0.23134721391016216,0.10627220102481448,0.3333780074818268,PASS,1.5000804999681916,1.0047100109114808,2.460514630355316,PASS,-1.4531367674181905,-2.727738196106391,-0.5995687334126494,FAIL,1.0976244300707543,0.5951306003519019,1.8541483254192006,PASS,1.8713973575070102,1.3868494162594243,2.3248286887921004,PASS,0.023337055496499108,0.022034129251497198,0.02464512107726074,FAIL,0.18359375,0.1799375,0.184,FAIL,4.445150300445181,3.659746224575218,5.340662051623477,FAIL,0.3256684970680964,0.0788497300698847,0.5556840404304404,PASS,0.647579146086379,0.04739823846349048,0.8868432243570135,FAIL,0.8409650736797878,0.5855963548240543,0.9364740816225499,FAIL,0.5110182788825095,0.16682007675787885,0.7554013444790131,PASS,0.1924133858491111,-0.2507932758240573,0.4740741548756064,PASS,0.33617037186331794,0.016661118903683485,0.576731790339115,PASS,0.1850051629715661,-0.11203112469480025,0.4439619942623528,PASS,0.730410504297009,0.14108793516848633,0.9369962033547601,PASS,0.49520994957431247,0.030604428867408506,0.7551128599653372,PASS,0.587150566674862,0.15849665922509898,0.8120763927339391,PASS,0.36875,0.2,0.5,FAIL,27.13940546857796,15.409764316375403,43.38200594634891,PASS,-0.1658174448389072,-0.40085488666568087,-0.006211092744215417,PASS,0.9998895393902019,0.9998359515969196,0.9999178271075807,FAIL,7734.043839388596,5037.369349252478,10295.832931619749,3,5,37,49,4,7
L02374,G05,P01,16,true,PASS,0.05829613095238095,0.023750000000000004,0.1140029761904762,FAIL,7.202144530956627,4.7847806876624395,9.454789171792468,FAIL,-0.14226936678443933,-0.2524615765289654,-0.03345377025387446,PASS,-0.04786063808447159,-0.0494311285848269,-0.044688886064092485,PASS,-0.0019376509975501748,-0.06795431368603735,0.03829975824030237,PASS,0.630384370788388,0.6295310902544231,0.6313127226109115,PASS,4.98627604166667,4.87201822916667,5.0458984375000036,PASS,1546.657965986413,1545.687417210667,1548.5178842015625,PASS,1.0295698952556724,0.6555074018870013,1.493449918258556,PASS,0.3374135930571993,0.23447606304711657,0.5797538750677631,FAIL,3.6499633174398274,3.5566311369940373,3.7252873040893992,PASS,0.5736191057641271,0.4247032671845245,0.6676940122835582,FAIL,0.6142751479289941,0.6142751479289941,0.6142751479289941,FAIL,0.0015833221189812052,0.0015833221189812052,0.0015833221189812052,PASS,0.08879022080240917,0.08879022080240917,0.08879022080240917,FAIL,0.2222970516048579,0.2222970516048579,0.2222970516048579,PASS,0.2109926998463887,0.2109926998463887,0.2109926998463887,PASS,0.4370703299516857,0.4370703299516857,0.4370703299516857,PASS,-2.276275330872641,-4.504759420353543,-0.7302292195035749,PASS,2.560408292931911,0.8506604359496214,4.868540808875561,PASS,2.097757878827257,1.4516473790663613,2.638834130609852,PASS,-1.2048934291434268,-1.8227005447674356,-0.7483916916644298,PASS,1.2432420273853229,1.0630073017531487,1.4491169353267506,PASS,2.0951943360453757,1.7925595478979734,2.5443880829597716,PASS,-1.5971127578027047,-4.2144964126364135,-0.7710101529001283,PASS,1.832363751360911,1.0145376462731321,3.185377924419529,PASS,1.8933203451096228,1.2181664175556879,2.3685525268201144,PASS,-1.8161838267047035,-4.849218998166645,-0.1818813253156074,PASS,1.6243387686406214,0.2932104227065867,3.5051563762986806,PASS,2.044132298471393,1.015108080102146,2.690026819137895,PASS,-0.20854576347776016,-0.26677342547519506,-0.13154151174469023,PASS,0.22485920360236464,0.0941283547238813,0.3384464876685211,PASS,1.616694600123402,1.032329181668501,2.3634184518657344,PASS,-1.312090489905776,-2.440020743980938,-0.7164892798236435,FAIL,1.1804507226996637,0.5271776058629241,2.0001468091648396,PASS,1.8314665824931795,1.0132710928105195,2.489504143336545,PASS,0.02291898413778906,0.02123833573431019,0.023850143889126565,FAIL,0.1831875,0.175875,0.184,FAIL,4.769494983696093,3.2149451738308854,6.901721991906585,PASS,0.32078650222074523,0.04443320068182447,0.5435291416792791,PASS,0.6264147102843793,-0.03870303387653287,0.8931356943153299,PASS,0.7930840544338533,0.1883674963314354,0.9360028333343285,FAIL,0.48389816406005204,0.11216578284601433,0.7377805166069678,PASS,0.19400407010030024,-0.30199626265026513,0.5130064646938638,PASS,0.32835439707256786,-0.03004995765158932,0.5892742145971884,PASS,0.1854183964968882,-0.18408405951836476,0.45443797005493175,PASS,0.7324611811238688,0.18774311909429892,0.9373297035632882,PASS,0.44022506223184815,-0.06988685640114548,0.7517564785268687,PASS,0.5098103491325732,-0.08125426137847039,0.8111973549649723,PASS,0.4,0.21875,0.6625,FAIL,20.444563339574138,10.277459656245634,38.67501710671344,PASS,-0.17590654383992252,-0.27670114124065737,-0.01895391598842753,PASS,0.999747387490577,0.9995670190614966,0.9998130366487984,FAIL,7684.636368788862,4020.6857379656853,11197.717906352826,3,5,39,49,4,7
L02394,G05,P01,16,true,PASS,0.06399305555555555,0.011250000000000003,0.12513888888888888,FAIL,7.510304637616576,6.361959305310939,8.93609685988383,FAIL,-0.10844102165644137,-0.23120171990673805,0.046394901820313444,PASS,-0.04239073886610878,-0.04370762715713542,-0.04071467238459057,PASS,-0.006492955831468857,-0.03426886346633356,0.022840253247932082,PASS,0.6359513505951981,0.6348317898838135,0.6375311042801677,PASS,4.981829427083337,4.809934895833337,5.122851562500004,PASS,1546.7303491283474,1544.4347543443953,1549.5284927542502,PASS,1.0520355047343193,0.6713194076256145,1.9094993794322364,PASS,0.307258632841913,0.15938495281977527,0.4893521189868952,FAIL,3.5140233512335963,3.432468464275757,3.5799314383983303,PASS,0.3416866649965357,0.22700500946666324,0.4458675366872372,FAIL,0.6142751479289941,0.6142751479289941,0.6142751479289941,FAIL,0.0015833221189812052,0.0015833221189812052,0.0015833221189812052,PASS,0.08879022080240917,0.08879022080240917,0.08879022080240917,FAIL,0.2222970516048579,0.2222970516048579,0.2222970516048579,PASS,0.2109926998463887,0.2109926998463887,0.2109926998463887,PASS,0.4370703299516857,0.4370703299516857,0.4370703299516857,PASS,-1.4896492879873273,-2.995741002765425,-0.7421589203764173,PASS,1.9930770891459502,0.8458676108883014,4.568999036884788,PASS,1.886789629038145,0.7746903041566633,2.574265558728207,PASS,-1.2816337325902276,-1.835965709685539,-0.8936198409192048,PASS,1.235263612653107,1.0086179374141895,1.4603501141396107,PASS,2.1265280901708117,1.8367982923828174,2.4846384097720513,PASS,-1.2737483615054819,-1.9165574092193918,-1.053094144154203,PASS,1.6976399666502437,0.830296389558272,2.385655573931433,PASS,1.7997004321804673,1.1157623107356154,2.2145056886927184,PASS,-0.9540588431390181,-2.8595783020287984,-0.24199822284864725,PASS,1.2845748111422968,0.2878789956951264,2.2759587420850895,PASS,1.6586374760929665,0.2802460640470943,2.5639178749327467,PASS,-0.19648954781611352,-0.26545420982992285,-0.127041141162884,PASS,0.20276969767570957,0.12195643842189666,0.3354053995565045,PASS,1.5093391478109648,0.9779653872903404,2.4109745220932135,PASS,-1.5269112571457495,-2.3819935653991355,-0.7019801032745354,FAIL,1.2257508460704312,0.6982791954816046,2.6320627721498204,PASS,2.1480635946957047,1.6366092813390976,2.5810048632137885,PASS,0.022731911862674183,0.021052390801756235,0.024343699528867377,FAIL,0.184,0.184,0.184,FAIL,4.200476173617647,3.3193941281640744,5.1111241031760875,FAIL,0.34728659788886246,0.14395212080897105,0.4966563099860198,PASS,0.6496527580458107,0.07111758953862055,0.8660372904269935,PASS,0.8347575388856356,0.5487968829844782,0.9304866244763661,PASS,0.4728979219592494,0.024108227407234062,0.7480777369534537,PASS,0.19090391890501107,-0.29646465215648954,0.48267731095295474,PASS,0.33127596717715835,-0.022265479569951632,0.5435456553588047,PASS,0.13236249623187998,-0.1978303562406055,0.3467127426981339,PASS,0.7673013335183692,0.22544115893361438,0.9210926101926997,PASS,0.4756184766532752,0.010635757429343846,0.7497416285765189,PASS,0.537916331628373,0.06085060315453091,0.7651215121845035,PASS,0.41874999999999996,0.07500000000000001,0.7,FAIL,28.87627459824744,10.91280128068601,47.07644431225245,PASS,-0.14844256313014914,-0.30062397160599574,-0.001793395609068455,PASS,0.9998623686691019,0.9998178067700083,0.9998882358015323,FAIL,6677.869778124685,4034.4762755553943,9009.066959920092,3,5,39,49,4,7
L02395,G05,P01,16,true,PASS,0.05534722222222222,0.030937500000000003,0.095625,FAIL,6.92906174037163,4.704290540751657,9.106981615312595,FAIL,-0.1173755091829338,-0.30027368077721944,0.03464127184119575,PASS,-0.04371776983665093,-0.04786474934926021,-0.041297774956707965,PASS,-0.011380653284458593,-0.05793327465048208,0.00911388822810009,PASS,0.6349712306857018,0.6337934494409828,0.6362462601398599,PASS,4.996894531250004,4.913385416666671,5.093476562500004,PASS,1546.485115467387,1544.9129281897945,1547.8444984272571,PASS,1.1221266471996878,0.6676104116927957,1.9696107223766652,PASS,0.30995775979004103,0.2126545608225116,0.39148282464545525,FAIL,3.56263277983014,3.4921818913945284,3.6250682854860914,PASS,0.3775904128601687,0.3091400470223681,0.4748288531805943,FAIL,0.6142751479289941,0.6142751479289941,0.6142751479289941,FAIL,0.0015833221189812052,0.0015833221189812052,0.0015833221189812052,PASS,0.08879022080240917,0.08879022080240917,0.08879022080240917,FAIL,0.2222970516048579,0.2222970516048579,0.2222970516048579,PASS,0.2109926998463887,0.2109926998463887,0.2109926998463887,PASS,0.4370703299516857,0.4370703299516857,0.4370703299516857,PASS,-1.9095852925144294,-4.080347990406885,-0.933039518009431,PASS,1.8850962161061777,0.857968939709094,4.829470142963721,PASS,1.994790518832795,1.1238678014108248,3.007903521972769,PASS,-1.2864184002028713,-1.9554516679492027,-0.871141321052949,PASS,1.167287721261577,1.0069873059258596,1.3342765356260857,PASS,2.018970954174164,1.7723073563428975,2.618440949196163,PASS,-1.5439334405879794,-4.2144964126364135,-0.9183793782961207,PASS,1.69181243515464,1.0145376462731321,3.081066313486299,PASS,1.6988797973328051,1.1075647850515278,2.210237250684706,PASS,-1.4498314696710455,-4.849218998166645,-0.18489491017972715,PASS,1.4118749252436675,0.2943520431662341,3.344826250096908,PASS,1.8474881515265729,0.9567053164763124,2.4308416149160545,PASS,-0.19519694313364197,-0.26677342547519506,-0.13597443130806297,PASS,0.2273264045338812,0.09788551662052275,0.3354053995565045,PASS,1.5022771918386515,1.0083231157153931,2.440383821627114,PASS,-1.38675315948672,-2.310277995207318,-0.6617684356541081,FAIL,1.4843773692727602,0.506577598188174,4.975230593369994,PASS,2.0047008320024906,1.0589237928200639,2.9540869425853815,PASS,0.02242927615085392,0.02113718757364602,0.023566102329928163,FAIL,0.18359375,0.1799375,0.184,FAIL,4.8421770031723765,3.531033619993019,5.912153747101586,PASS,0.3214642607435083,0.011009660461766598,0.5930738582261876,PASS,0.7089608487516064,0.2697982066753618,0.9050415179985006,FAIL,0.8693594965048559,0.7043289201369646,0.9448604607004409,FAIL,0.5379925519309099,0.14448678959380612,0.7910493540130227,PASS,0.2428978182511461,-0.07768355978254919,0.5352597810210724,PASS,0.3617495270729363,0.07000732418663208,0.6300489653986534,PASS,0.20419338483156965,-0.12645114616678738,0.5140976134962051,FAIL,0.7873039253276926,0.3541686089605688,0.9486130980594789,PASS,0.5088317342815944,0.002713958870131497,0.7834807605984114,PASS,0.6056891245635836,0.12629735714425772,0.83003205498096,PASS,0.36354166666666665,0.225,0.59375,FAIL,26.134129866773037,15.39523375393473,38.92718872325197,PASS,-0.1377242639863363,-0.34326206933040204,0.061984822769282605,PASS,0.9998359737865062,0.9997702650920879,0.9998707432757448,FAIL,7968.943553155058,5837.232093861356,10522.943410071679,3,5,37,49,4,7
L02414,G05,P01,16,true,PASS,0.06165674603174603,0.017916666666666664,0.1129563492063492,FAIL,8.053225730650961,6.8820943613768435,9.073338117146712,FAIL,-0.13887651059635775,-0.3582099395354292,-0.049447205827036766,PASS,-0.04823548927982912,-0.0498549062910292,-0.046099478779264826,PASS,-0.0033551567444081226,-0.05131299577672237,0.02550897974206252,PASS,0.6360377008028395,0.6354404699529012,0.6369961818610781,PASS,5.004361979166671,4.862708333333337,5.102513020833337,PASS,1546.3635584193653,1544.7658303845164,1548.6694330931675,PASS,0.9591697134581468,0.6149745894590077,1.4874265302765413,PASS,0.2598962907005785,0.11254263791175137,0.45405778476052616,FAIL,3.5222434045911704,3.449038898703638,3.589678708087496,PASS,0.37972640637636995,0.3071185663505051,0.4699981566187241,FAIL,0.6142751479289941,0.6142751479289941,0.6142751479289941,FAIL,0.0015833221189812052,0.0015833221189812052,0.0015833221189812052,PASS,0.08879022080240917,0.08879022080240917,0.08879022080240917,FAIL,0.2222970516048579,0.2222970516048579,0.2222970516048579,PASS,0.2109926998463887,0.2109926998463887,0.2109926998463887,PASS,0.4370703299516857,0.4370703299516857,0.4370703299516857,PASS,-1.3575764181142262,-2.9819108982675244,-0.706542877329506,PASS,1.3459656118619827,0.885067055874699,3.773001198004141,PASS,1.9412722904301996,1.1196837149039933,2.714066607629699,PASS,-1.256880287120795,-1.6157939840711173,-1.028422069423051,PASS,1.2374698442619114,1.0799925723121817,1.3560318883512257,PASS,2.069618946317946,1.7411751522581036,2.435931309824758,PASS,-1.3339307200817916,-3.112564601890225,-0.9757740141555458,PASS,1.462929846524071,0.7910654193977036,2.7699035169359054,PASS,1.7365110995390685,1.2097208883526702,2.2993765199578315,PASS,-0.8197358110210475,-3.7741928558488667,-0.20453464725907747,PASS,1.2368504820326183,0.286764387432459,3.1250405401221775,PASS,1.955641614294437,1.1497173251934696,2.733661846445778,PASS,-0.1934812690458766,-0.26677342547519506,-0.12964247034470625,PASS,0.2238032654504116,0.09038883052388555,0.33464512752850034,PASS,1.6340403682154103,1.0593451091162047,2.54355007841327,PASS,-1.4182372167576989,-2.6143924894028134,-0.6623406754334226,FAIL,1.294221715496122,0.7961339524984355,2.6434428793431346,PASS,2.0343832500478287,1.2176332843678719,2.4725035609273993,PASS,0.02276520328139886,0.021226481185965825,0.02439014199690121,FAIL,0.18359375,0.1799375,0.184,FAIL,4.551885354862088,3.6235064284345238,5.634471439303784,PASS,0.28256771624398425,0.013761060887665516,0.5458485905538731,PASS,0.5516073870155183,-0.12951545418359955,0.8913503642006874,PASS,0.7347004876531281,-0.03922068592226067,0.935930553343457,FAIL,0.4344063216566923,0.07903673035356103,0.71373447652932,PASS,0.13534189836425364,-0.20777228751713017,0.5038687080646181,PASS,0.2656122757804742,-0.06678006329041145,0.5682198674137879,PASS,0.09369722342742282,-0.16722140944202346,0.41143701919179126,PASS,0.6592471668698084,0.20052113239685995,0.9406959547648891,PASS,0.42300387934451184,-0.01421802593026107,0.7329709490234142,PASS,0.4640784467299684,-0.14639957211333898,0.7748988406267523,PASS,0.40729166666666666,0.1375,0.68125,FAIL,29.462437593895018,5.016815145665215,55.52856293345748,PASS,-0.14057992404530778,-0.34653609699990606,-0.015005226857624308,PASS,0.9997865868952227,0.999640157275637,0.9998365245505286,FAIL,6743.258975169068,3865.1119378383687,9391.146872428575,3,5,39,49,4,7
L02423,G05,P01,16,true,PASS,0.057185019841269835,0.024444444444444446,0.0884077380952381,PASS,6.629462201668083,4.605732352168816,9.573373592146375,FAIL,-0.13706176241159945,-0.27077536600984287,-0.007219395641417919,PASS,-0.03193903650946406,-0.03335014431181281,-0.029609893368869215,PASS,-5.332021253168608e-05,-0.02622471260844627,0.025148169986010462,PASS,0.6334150275073458,0.6320168049966269,0.6344906367239861,PASS,4.9831119791666705,4.877812500000004,5.123268229166671,PASS,1546.7094714139093,1544.4279717366594,1548.4235635627317,PASS,1.0730528654818812,0.7080661153704265,1.843534129697204,PASS,0.2907843352980122,0.16634234828806693,0.47473881012381736,FAIL,3.5943173091552723,3.5230351331028316,3.6858199074990896,PASS,0.47859933454475534,0.3723867583822904,0.5699141321686996,FAIL,0.6142751479289941,0.6142751479289941,0.6142751479289941,FAIL,0.0015833221189812052,0.0015833221189812052,0.0015833221189812052,PASS,0.08879022080240917,0.08879022080240917,0.08879022080240917,FAIL,0.2222970516048579,0.2222970516048579,0.2222970516048579,PASS,0.2109926998463887,0.2109926998463887,0.2109926998463887,PASS,0.4370703299516857,0.4370703299516857,0.4370703299516857,PASS,-1.5007144317783134,-3.689263281511955,-0.7091312926089698,PASS,1.5606058813643422,0.8451711222518156,3.997893497633105,PASS,1.9426479293006427,1.0236645398348039,2.526663165214929,PASS,-1.3405000063975718,-1.9539867143548888,-0.9035442882795781,PASS,1.2716556540325266,1.104628561247011,1.4630796923730793,PASS,2.1825915893818655,1.8679842985234276,2.4757903084128725,PASS,-1.350277311695419,-3.1261192577979378,-0.8019910173604818,PASS,1.6643212177697686,0.946838578146621,3.081066313486299,PASS,1.7361629502700646,1.2446681742290702,2.2501260144706436,PASS,-0.9178928345911328,-3.7741928558488667,-0.19349666641672106,PASS,1.3260912303289616,0.2818852375168092,3.344826250096908,PASS,1.6370769514771402,0.5953109784886979,2.3492980419552443,PASS,-0.18606096127651997,-0.270012485337901,-0.1220582324590333,PASS,0.19895764040353067,0.08660408279779862,0.3177322414124303,PASS,1.5683287357376796,1.0562028673455421,2.574623485187669,PASS,-1.3743004513377919,-2.3034714389593627,-0.7385350642147851,FAIL,1.1574599764781413,0.6371554278950022,2.6890247613390352,PASS,1.9717476954742739,1.1303047630336338,2.4636833367223523,PASS,0.022676579941971302,0.020512109057868877,0.024322205815024697,FAIL,0.184,0.184,0.184,FAIL,4.535470701168398,3.4728167088512185,5.527628375777977,PASS,0.32166826400376836,0.0430461406007595,0.5522857699094561,PASS,0.5804501188830524,-0.1640580320283511,0.909530874591628,PASS,0.7266188050018894,-0.05460320543611067,0.9422383993680811,FAIL,0.4836133673084041,0.088624512799051,0.7167499121505831,PASS,0.1806051473257096,-0.17507978641945549,0.4799789584872523,PASS,0.2949420860544928,-0.13821115757338098,0.5771143949178984,PASS,0.14313209265544355,-0.1601518760096411,0.4762374339326891,PASS,0.7288837202372348,0.23664991144024847,0.9405283740530619,PASS,0.5061480419956084,0.09995491013488679,0.7301257662837297,PASS,0.49930034357855,-0.13543030079116275,0.7874677035368504,PASS,0.3979166666666667,0.2,0.6625,FAIL,24.32592244100754,6.731242254728977,41.91439058738916,PASS,-0.15552588012357718,-0.28347126803789185,0.0348443925252204,PASS,0.9999013054257275,0.9998440661301023,0.9999341427115277,FAIL,7007.7204756025285,6047.144547224051,9455.486251136834,4,5,39,49,4,7
L02441,G05,P01,16,true,PASS,0.04592013888888889,0.030000000000000006,0.06916666666666667,PASS,6.265562491105028,4.38249996153444,7.430925792688056,FAIL,-0.1786091966263154,-0.3663440774582339,-0.005653909179861608,PASS,-0.04520200627303489,-0.047931038717072695,-0.041461640778894165,PASS,-0.005354269589010023,-0.09331230577892498,0.04837461566690296,PASS,0.6327727197288047,0.6316061432838563,0.6342838199913813,PASS,4.997174479166671,4.8619401041666706,5.15725260416667,PASS,1546.480558402814,1543.8747652931788,1548.681938526181,PASS,1.0371452526149336,0.6977985102641984,1.487363965257641,PASS,0.3155104271538099,0.2139878114681953,0.4386784055813693,FAIL,3.6327335362348325,3.519968851678382,3.7112756384962857,PASS,0.5020923926609698,0.3783955948686164,0.6370070965613881,FAIL,0.6142751479289941,0.6142751479289941,0.6142751479289941,FAIL,0.0015833221189812052,0.0015833221189812052,0.0015833221189812052,PASS,0.08879022080240917,0.08879022080240917,0.08879022080240917,FAIL,0.2222970516048579,0.2222970516048579,0.2222970516048579,PASS,0.2109926998463887,0.2109926998463887,0.2109926998463887,PASS,0.4370703299516857,0.4370703299516857,0.4370703299516857,PASS,-2.34102470909615,-4.504759420353543,-1.0281421975900842,PASS,2.773113305033129,0.8558152712281978,4.98575280661108,PASS,2.214303966397142,1.2884417406763304,2.7401084462126457,PASS,-1.3224816799390204,-1.9483971405699356,-0.8509981073929699,PASS,1.2207958223697313,1.0790996042495142,1.3932659071414357,PASS,2.067701230648349,1.817925730484614,2.4667090549330526,PASS,-1.6674343639342795,-4.2144964126364135,-0.9717603556611774,PASS,2.026617532464482,0.7987432229148868,3.4983127572192183,PASS,1.8312950923693168,1.160777187661957,2.3585037643937574,PASS,-1.8660386611243722,-4.849218998166645,-0.2431492854517205,PASS,2.0294359025899205,0.31621520334432607,3.9861467549039986,PASS,1.8804165196689568,1.050429129571602,2.418058739021227,PASS,-0.21297658897297728,-0.268681127898213,-0.14704194040455487,PASS,0.2410726151757016,0.09766581229099855,0.33920675969652525,PASS,1.331658424596546,0.9070266227741773,2.05059734225162,PASS,-1.6258245459957634,-2.224333443754325,-0.7125601789529415,FAIL,1.1197794024662002,0.6318831747260047,1.5876700508468473,PASS,2.040508526177076,1.5429991282320017,2.3544169084415,PASS,0.02274215030171723,0.020137794712635403,0.024021674446048174,FAIL,0.18278125,0.1734375,0.184,FAIL,4.414818602019865,3.5390225514639715,5.307083845886783,FAIL,0.3798193960026796,0.11491893637800168,0.6186462773531614,FAIL,0.7822911787868552,0.5203995810802843,0.9217381045540443,FAIL,0.8908830392413383,0.8096818636273743,0.9526797318170375,FAIL,0.5828376879967019,0.3180155407768793,0.7594538702397382,PASS,0.3074639492643584,-0.0002941551628903444,0.5881264765177313,PASS,0.43217249299320537,0.17545970907936698,0.652611255018155,PASS,0.2896713004301439,0.07048396616241309,0.5012298888810564,FAIL,0.8630693009058715,0.6329759113436164,0.9525833040946381,PASS,0.5738975506033703,0.10226398534888648,0.7915512157241904,FAIL,0.6879456754909337,0.41079140331595887,0.831485491726488,PASS,0.30104166666666665,0.15625,0.525,FAIL,24.37355517548312,10.72981952992757,46.8497332307702,PASS,-0.24303841132950252,-0.4355271256140042,-0.041970726280198135,PASS,0.999810482143465,0.9996894473280946,0.9998551658279091,FAIL,8224.659073975636,5400.788965700895,11563.640719578447,4,5,34,49,4,7
L02458,G05,P01,16,true,PASS,0.06618055555555555,0.03163194444444444,0.1121875,FAIL,7.607323317630801,5.695452376814508,9.712467670986321,FAIL,-0.14449096536499792,-0.2899547883468219,-0.050391090176445004,PASS,-0.031655656795280276,-0.03245578599716849,-0.029611617766917283,PASS,-0.0029327447279635472,-0.038087822815687976,0.04224432500519695,PASS,0.6331901132498234,0.6324491613288987,0.6340333024925147,PASS,5.027402343750004,4.948632812500004,5.207187500000003,PASS,1545.9885014072051,1543.0619121472985,1547.2707322040765,PASS,1.0559992600852321,0.5711414539708451,1.6731650565840512,PASS,0.3208470518201101,0.17780120408425265,0.4950338570630041,FAIL,3.5618944925502847,3.489875434356517,3.6405982466414817,PASS,0.49890072227804194,0.3987387036554181,0.5941634406958037,FAIL,0.6142751479289941,0.6142751479289941,0.6142751479289941,FAIL,0.0015833221189812052,0.0015833221189812052,0.0015833221189812052,PASS,0.08879022080240917,0.08879022080240917,0.08879022080240917,FAIL,0.2222970516048579,0.2222970516048579,0.2222970516048579,PASS,0.2109926998463887,0.2109926998463887,0.2109926998463887,PASS,0.4370703299516857,0.4370703299516857,0.4370703299516857,PASS,-1.961878078043327,-4.504759420353543,-0.7394324738305569,PASS,2.250062704931097,0.8593832184445657,4.98575280661108,PASS,2.0237496154761554,1.2370734197069728,2.745204817264457,PASS,-1.1778683133750945,-1.8242532041521446,-0.9035442882795781,PASS,1.2087883938728425,0.8729589758335241,1.3342765356260857,PASS,2.0896872581202395,1.7262967779164633,2.5630441133793593,PASS,-1.2720136414898142,-1.4910131493273506,-1.052540624703693,PASS,1.8326236982402175,1.0155144001182976,3.4983127572192183,PASS,1.785258342769184,1.0839793984944437,2.4682728125805182,PASS,-1.0959536264157879,-2.4911263212625308,-0.1950257810776087,PASS,1.73722672096453,0.24591384342663178,3.9861467549039986,PASS,1.8159016096927232,0.5941154635622701,2.4945944833863574,PASS,-0.20006167601775454,-0.26545420982992285,-0.13122546058554543,PASS,0.2456986032893099,0.09788551662052275,0.33920675969652525,PASS,1.6187885315699577,1.0771997831799618,2.44616379114787,PASS,-1.3320248852399847,-2.1226881461812863,-0.4810321335166239,FAIL,1.2886954695861332,0.7431425424223687,2.9466032635257013,PASS,1.9999160439559716,1.4153779069311523,2.3374219476956664,PASS,0.022816986818835604,0.020766283146507872,0.024127878830786233,FAIL,0.184,0.184,0.184,FAIL,4.7999359162917745,3.7589219861449013,6.342403808263779,FAIL,0.3216951670397995,0.0619479511136795,0.4863399531664612,PASS,0.5833270631737273,-0.17156008271504591,0.8503796178743499,PASS,0.7477807975282562,0.006062127266802742,0.912702824296011,FAIL,0.46038678078515594,0.1077581267276329,0.6606301349651439,PASS,0.17624556665247854,-0.2637954366517967,0.45003049559961184,PASS,0.33381132295902666,0.010319948509054983,0.5709078524046087,PASS,0.1647826148539319,-0.19677559015010207,0.47552626803236375,PASS,0.708749225507857,0.17144151881978212,0.9109113982300514,PASS,0.438147458978211,0.05617447884088552,0.6635425252746925,PASS,0.4830729329905321,-0.1785801406020114,0.7465438826483821,PASS,0.41875,0.2,0.64375,FAIL,15.947991827893304,6.092179324439431,30.128668234479917,PASS,-0.14469068812615898,-0.30215138161428534,-0.01377175638440452,PASS,0.9999191806725545,0.9999012994470895,0.9999328644783614,FAIL,8053.403624631499,4925.5873603727305,11645.96230698576,3,5,38,49,4,7
L02545,G05,P01,16,true,PASS,0.0534796626984127,0.024444444444444446,0.08541666666666667,PASS,6.614484726433899,4.4949388517562205,9.56550011623404,FAIL,-0.15435270120289163,-0.34401820709371667,0.04829434895566537,PASS,-0.02919794277095524,-0.030449231067969724,-0.02802145354229605,PASS,-0.002253974000893247,-0.022653291551893676,0.020726226814635085,PASS,0.6311571989805425,0.6302858894501033,0.6322618797314795,PASS,4.997180989583337,4.856093750000005,5.139270833333337,PASS,1546.4804524245683,1544.1674772082922,1548.777106990979,PASS,1.170993515036604,0.7551389648155699,1.8927844231378215,PASS,0.26457055979867317,0.15005251170478456,0.44207247458633947,FAIL,3.6356697498767514,3.548767274489216,3.7271931135834744,PASS,0.5519540463640753,0.4653103724282184,0.6177381303141578,FAIL,0.6142751479289941,0.6142751479289941,0.6142751479289941,FAIL,0.0015833221189812052,0.0015833221189812052,0.0015833221189812052,PASS,0.08879022080240917,0.08879022080240917,0.08879022080240917,FAIL,0.2222970516048579,0.2222970516048579,0.2222970516048579,PASS,0.2109926998463887,0.2109926998463887,0.2109926998463887,PASS,0.4370703299516857,0.4370703299516857,0.4370703299516857,PASS,-1.6017584840054573,-2.995741002765425,-0.7378448949106444,PASS,1.5946255384749215,0.8593832184445657,3.9453165528868266,PASS,1.8232960090921078,0.9001648950929162,2.6007567936250693,PASS,-1.1554366257622388,-1.5054438183664145,-0.8207197692532852,PASS,1.2361497842297342,1.0905805200313614,1.3932659071414355,PASS,2.0401486318157875,1.7369241038867353,2.347220235057436,PASS,-1.256391869820429,-1.9165574092193918,-1.0048375538711458,PASS,1.5441014829247166,0.9458618243014555,2.385655573931433,PASS,1.7211835749964686,1.1600363520979928,2.2259184165384456,PASS,-1.0577276578273573,-2.8595783020287984,-0.2309790320086193,PASS,1.1883770948292065,0.2931183951925733,2.2759587420850895,PASS,1.7303663053492908,0.3056725718808306,2.766733164076129,PASS,-0.19183380855529694,-0.2559794081258734,-0.11869140463825986,PASS,0.2162392417418611,0.1284151300239696,0.2916559646301028,PASS,1.5814032477016764,1.0857551973975494,2.415747439534743,PASS,-1.298641067319982,-2.1389361151798303,-0.6730319320378456,FAIL,1.526026587856597,0.6987818679883474,3.329806598275022,PASS,2.0308108931090856,1.4989852651154936,2.486290531990471,PASS,0.02255480782763867,0.020773242122120297,0.023999216380451407,FAIL,0.184,0.184,0.184,FAIL,4.468099136046446,3.810552507034937,5.404036436339233,PASS,0.3359763377908922,0.02969950851086417,0.49787318103644207,PASS,0.6143070145360965,-0.025462842671989214,0.8677797224053847,PASS,0.7987221068899969,0.2712971896528837,0.9267455068777317,FAIL,0.5135141204107916,0.06814758472629451,0.7152481205867486,PASS,0.1675194582008933,-0.27707455805709597,0.43629822550274233,PASS,0.32503686471955695,0.003962260327359992,0.5480951779944285,PASS,0.17012483190593441,-0.18750848060498268,0.432220962043274,PASS,0.7056875235579281,0.11383240176393762,0.9176470975755806,PASS,0.49107626974737406,-0.051892969122896995,0.7041803932856809,PASS,0.557993090142473,-0.09397948312985416,0.7679666411852881,PASS,0.3697916666666667,0.2,0.6875,FAIL,20.52727582094611,9.801015376158304,38.964058557068576,PASS,-0.16322784194903162,-0.3546618189754414,0.05704362519705922,PASS,0.9999160484332779,0.9998841921831898,0.9999318444434302,FAIL,7622.991820806733,4106.721059763906,10289.453211518128,4,5,39,49,4,7
L02569,G06,P01,16,true,PASS,0.05576388888888889,0.02,0.08600694444444446,FAIL,6.370458933226315,4.924475582261249,8.503004762578595,FAIL,-0.17761076910442058,-0.31402483622831057,-0.012796215866205671,PASS,-0.04032240051613371,-0.04434079490920112,-0.03840128773896824,PASS,-0.0013164587431481623,-0.04752019462394973,0.03323513010937179,PASS,0.6222856048160468,0.6210083166543269,0.6232367040743084,PASS,4.991907552083337,4.8772005208333375,5.115104166666671,PASS,1546.5662948037289,1544.5608684569895,1548.4335255178441,PASS,0.8806917402911097,0.5454497968893938,1.3151650595730142,PASS,0.3057861764638299,0.21687550994917354,0.3857463527758987,FAIL,3.8709785515867083,3.7841276187548685,3.950898969479564,PASS,0.7079028937846698,0.5270902867926879,0.8109516552109967,FAIL,0.6142751479289941,0.6142751479289941,0.6142751479289941,FAIL,0.0015833221189812052,0.0015833221189812052,0.0015833221189812052,PASS,0.08879022080240917,0.08879022080240917,0.08879022080240917,FAIL,0.2222970516048579,0.2222970516048579,0.2222970516048579,PASS,0.2109926998463887,0.2109926998463887,0.2109926998463887,PASS,0.4370703299516857,0.4370703299516857,0.4370703299516857,PASS,-2.260298034004098,-4.080347990406885,-0.7325300330853204,PASS,2.588298764667497,0.8514680616299575,4.868540808875561,PASS,2.1740292608398954,1.170777321414129,2.6990600117030645,PASS,-1.1951724504044487,-1.5054438183664145,-0.8207197692532852,PASS,1.2083784212362292,1.0792696551282683,1.3932659071414355,PASS,2.0141099962220874,1.7841127192364632,2.3398566949703117,PASS,-1.5434876130336066,-3.44851674483074,-0.9374968981540452,PASS,1.8522552960537906,1.0184446616537943,3.185377924419529,PASS,1.893065063520322,1.1450550479834316,2.4070015778963607,PASS,-1.82295156399493,-4.186005432787363,-0.2371008046975237,PASS,1.811312904707595,0.3276153408698476,3.5051563762986806,PASS,1.948507006747136,0.9449221281718722,2.5703002629283165,PASS,-0.2213993440966318,-0.26677342547519506,-0.12229217044036647,PASS,0.2535441706152176,0.16269875532224687,0.33920675969652525,PASS,1.4873810903956843,1.0047023837486604,2.2922156448115656,PASS,-1.2659700368606719,-2.3819935653991355,-0.42545121304933303,PASS,1.1223361150601234,0.4391240944240654,1.971889439129884,PASS,2.1622006717106514,1.5405040027645005,2.8208761759038046,PASS,0.022959428320507548,0.021912299483194408,0.023940732916687676,FAIL,0.182375,0.1734375,0.184,FAIL,4.469208221031436,3.596775452950605,5.324817674381392,FAIL,0.3360794506212878,0.04962231903345153,0.5664287087545151,PASS,0.6631269186934193,-0.030327883639038822,0.9052864715382278,PASS,0.8145383133931317,0.2504528773181481,0.9427692650361599,FAIL,0.5171652862240854,0.06862816897484092,0.7265062542281957,PASS,0.22924914663645682,-0.3035712168758771,0.5321771213503207,PASS,0.37719862687488764,-0.01514412856403563,0.6081648808580306,PASS,0.25102424429086245,-0.15806619077301706,0.4977446548220352,PASS,0.7479689715776694,0.16517057338257063,0.9421752194242822,PASS,0.496548556775117,-0.05870479425806188,0.7449003263864444,PASS,0.6002027708298783,-0.03981088861632459,0.8160863612678834,PASS,0.390625,0.2,0.58125,FAIL,22.860937130826475,15.622742019381722,35.7677876043943,PASS,-0.2346005555640541,-0.3664216983149794,-0.07024384552299082,PASS,0.9998699680468712,0.9998253247341646,0.9999006661619079,FAIL,8102.132269202111,4690.377580017307,10172.669172370146,3,5,39,49,4,7
L02575,G06,P01,16,true,PASS,0.06687996031746032,0.0175,0.10368055555555555,FAIL,7.9813550691719835,6.177396840770312,9.40881003057362,FAIL,-0.07863337063575984,-0.2525861920314066,0.041327993006155105,PASS,-0.04705821038051257,-0.049054609958410364,-0.044331527962922175,PASS,0.007580033585491204,-0.03368907857623141,0.05217689738355666,PASS,0.6370664849092786,0.6361561674142558,0.6388247458773663,PASS,5.018951822916671,4.874062500000004,5.186458333333338,PASS,1546.126061170354,1543.3993468821723,1548.484607032357,PASS,1.0184068270123816,0.5555663994474171,1.7858141004814625,PASS,0.3152398661113085,0.16468682266193832,0.47648680424512735,FAIL,3.51754966784711,3.426800224485219,3.5989439872131164,FAIL,0.32127018790792056,0.19562830171282508,0.40690738278299543,FAIL,0.6142751479289941,0.6142751479289941,0.6142751479289941,FAIL,0.0015833221189812052,0.0015833221189812052,0.0015833221189812052,PASS,0.08879022080240917,0.08879022080240917,0.08879022080240917,FAIL,0.2222970516048579,0.2222970516048579,0.2222970516048579,PASS,0.2109926998463887,0.2109926998463887,0.2109926998463887,PASS,0.4370703299516857,0.4370703299516857,0.4370703299516857,PASS,-1.7191395336909916,-3.2315251305135684,-0.7447473356558809,PASS,2.261451905491376,0.8458676108883014,4.829470142963721,PASS,1.9983620091597318,0.7871390411661073,2.6606348375755995,PASS,-1.3065444525721739,-1.8242532041521446,-0.8378320048777917,PASS,1.2337775331225775,1.0198721186910311,1.298017614417519,PASS,2.081970804383036,1.795333866553471,2.4184118728844575,PASS,-1.2765949492805821,-2.1048130340570395,-1.0101745744857995,PASS,1.7836002588679365,0.9729254906627831,3.081066313486299,PASS,1.8537775462649233,1.0601590674752372,2.357429961628848,PASS,-1.2066908365467648,-2.8595783020287984,-0.19869884469095137,PASS,1.517353451850145,0.2837259652977842,3.344826250096908,PASS,1.92381517328433,0.27300471695189715,2.7327563364633334,PASS,-0.2054748035804161,-0.26600135347494963,-0.12839019342239003,PASS,0.23883402865568576,0.09787556848772296,0.3354053995565045,PASS,1.4165193606215656,0.8610615811352792,2.243136048476192,PASS,-1.5240269604018657,-2.6453219453984778,-0.558060398588831,FAIL,1.22675250372551,0.7908298679576736,2.928907924221811,PASS,2.0908789414796125,1.260943456387598,2.591586326359652,PASS,0.02265556152105231,0.021254647240455133,0.024007681300878728,FAIL,0.1831875,0.175875,0.184,FAIL,4.379059442162181,3.2614147398340783,5.5341786182048605,PASS,0.32688988334249625,0.004000604221620494,0.575325793185238,PASS,0.6602858816381663,-0.08055319375880586,0.8866021458504764,PASS,0.8082042899107986,0.19048172852958367,0.9378706088017441,FAIL,0.5308416847001491,0.18505142653916265,0.7905552815554214,PASS,0.23662839674853484,-0.17397292439908232,0.499995726106558,PASS,0.3491792571660338,-0.03842257745610046,0.5744695795497973,PASS,0.19272126806966708,-0.1545492321514514,0.4135618502135984,PASS,0.7609761900876755,0.18149439731880318,0.9398126566292804,PASS,0.5132352742536921,0.01684496544534511,0.7614308742947418,PASS,0.5817711912048031,-0.020517748553371518,0.8009907134114602,PASS,0.390625,0.1375,0.6,FAIL,50.14785204015576,21.129026181906937,92.96577967382206,PASS,-0.11512180278933706,-0.3436698069364083,0.0031307540915664726,PASS,0.9998228290964339,0.9997806902766538,0.9998530020162995,FAIL,6718.395188876925,4946.859167088531,9570.836838424228,3,5,38,49,4,7
L02576,G06,P01,16,true,PASS,0.06903521825396826,0.024166666666666666,0.12545138888888888,PASS,5.928747280967658,4.17311943149433,8.00164314971092,FAIL,-0.15685123876711116,-0.3027603378458641,-0.039908547901670303,PASS,-0.022796876638916972,-0.02346762920695753,-0.02173297142214658,PASS,-0.003666672157734227,-0.03863641491199069,0.011803191468928184,PASS,0.6346373393038327,0.6333161759223582,0.6357984903597466,PASS,4.980527343750004,4.827942708333337,5.143645833333338,PASS,1546.751544777523,1544.0962598270626,1549.2353569261531,PASS,0.9303488779246116,0.6388611526080086,1.407603177482085,PASS,0.2842728896614379,0.15062537698984954,0.49660778574066056,FAIL,3.539054586352606,3.4308432962855777,3.621150608563785,PASS,0.426013297597276,0.3211958954093082,0.5227004071834706,FAIL,0.6142751479289941,0.6142751479289941,0.6142751479289941,FAIL,0.0015833221189812052,0.0015833221189812052,0.0015833221189812052,PASS,0.08879022080240917,0.08879022080240917,0.08879022080240917,FAIL,0.2222970516048579,0.2222970516048579,0.2222970516048579,PASS,0.2109926998463887,0.2109926998463887,0.2109926998463887,PASS,0.4370703299516857,0.4370703299516857,0.4370703299516857,PASS,-1.6481214483030362,-3.3729956071624545,-0.7655350862258847,PASS,2.12609755151441,0.8458676108883014,4.98575280661108,PASS,2.00143996624133,1.1570076717914632,2.6678904885709236,PASS,-1.2509818191975353,-1.6157939840711173,-0.8092980790301825,PASS,1.2462628307060135,1.062114333690481,1.4630796923730793,PASS,2.081003100754113,1.7644427745319975,2.4738868458859318,PASS,-1.3451038528688783,-3.1931901888955148,-0.7042269032628313,PASS,1.7913001634410635,0.8779790658981388,3.4983127572192183,PASS,1.869393324518373,1.1131301436860745,2.380299609894158,PASS,-1.1440091973278819,-3.964934244327602,-0.19666628847721065,PASS,1.6348178349577687,0.3646885917339734,3.9861467549039986,PASS,2.1407334172518886,0.9265855971376522,2.947514133353373,PASS,-0.20631744421748177,-0.26677342547519506,-0.12992365135568543,PASS,0.24831091976641162,0.11734289712528428,0.31899936145910385,PASS,1.6023939602674278,1.096275207789945,2.3568228186980296,PASS,-1.3475135663148068,-2.324143202379079,-0.6691375280508366,FAIL,1.1398686276244896,0.5939433014469625,1.6525458812694478,PASS,2.045637973857316,1.522639357731638,2.564699200781541,PASS,0.022467653098996405,0.021054759911457353,0.023799299608856492,FAIL,0.184,0.184,0.184,FAIL,4.44312501265178,3.36345540274672,5.7125904020250875,FAIL,0.296243719092587,0.0562907296251981,0.5278612268427135,PASS,0.5933760684417451,0.03410496779165856,0.8932838386426339,FAIL,0.8226591798060952,0.6028539667782109,0.9351471585882728,FAIL,0.4396320224741877,0.05730919907975793,0.6998952952536204,PASS,0.13100308425743318,-0.30300446965533606,0.45735672606862227,PASS,0.31108023509931404,0.04490483289311957,0.5499206526997604,PASS,0.15009925010751718,-0.11959475584319608,0.38256225864317034,PASS,0.6645724663673855,0.12393686228471344,0.9401317076051322,PASS,0.3962863363510035,-0.14362739092785234,0.7132495776416292,PASS,0.5386655011044938,0.12041215754197374,0.7681121648131904,PASS,0.428125,0.2,0.8,FAIL,22.136335631961153,11.20121561993162,31.531316122966988,PASS,-0.13583397957733362,-0.31032897963844913,0.01070643955790661,PASS,0.9999537514132151,0.9999319444547325,0.9999637704324363,FAIL,7945.770228925718,4782.0822984526785,11837.879616711834,4,5,37,49,4,7
L02607,G06,P01,16,true,PASS,0.05644097222222222,0.023750000000000004,0.09798611111111111,PASS,5.741603140002227,3.1752231501409742,8.707365142882871,FAIL,-0.1575378875069427,-0.2615654263505461,-0.04202795182272403,PASS,-0.031274069974288284,-0.03255060533815751,-0.02995117217338805,PASS,-0.0029636622601159715,-0.029158469208454534,0.022341440036193785,PASS,0.6244191449113062,0.6234569249565844,0.6258572627996064,PASS,4.990468750000003,4.895937500000004,5.054231770833337,PASS,1546.5897159960678,1545.5517650559439,1548.1285201262087,PASS,0.8573811976889977,0.569125299932199,1.306828157510587,PASS,0.30337913470623185,0.11472354838306725,0.4932235734920184,FAIL,3.798158766047889,3.6571188156835497,3.9017473443863335,PASS,0.7322691154040837,0.6016747385628888,0.8451335046546841,FAIL,0.6142751479289941,0.6142751479289941,0.6142751479289941,FAIL,0.0015833221189812052,0.0015833221189812052,0.0015833221189812052,PASS,0.08879022080240917,0.08879022080240917,0.08879022080240917,FAIL,0.2222970516048579,0.2222970516048579,0.2222970516048579,PASS,0.2109926998463887,0.2109926998463887,0.2109926998463887,PASS,0.4370703299516857,0.4370703299516857,0.4370703299516857,PASS,-2.2197041685043444,-4.080347990406885,-1.0636145296671666,PASS,2.9947805449174245,0.8578024823316067,4.98575280661108,PASS,2.289884679302748,1.6174784875317045,2.7907860002564813,PASS,-1.2925312548316392,-1.9468444811852266,-0.8776922470242579,PASS,1.2190790618559362,1.0790996042495142,1.4413243396479392,PASS,2.060505503525672,1.7677705989029655,2.366097843770131,PASS,-2.0033193688827624,-4.2144964126364135,-1.002551063953238,PASS,2.0979521189201886,1.096199103768356,3.4983127572192183,PASS,1.8813567436700138,1.1961335368349761,2.3926639523870095,PASS,-2.0678115519025777,-4.849218998166645,-0.290003816523395,PASS,2.1173247100618964,0.5616315337923368,3.9861467549039986,PASS,2.008201889872007,1.4070472868682837,2.594420946525618,PASS,-0.23623552035581719,-0.2670396969631327,-0.14937008778992397,PASS,0.2577778791098676,0.12482722293431482,0.33920675969652525,PASS,1.4964361143995768,0.9709483923660902,2.388960850578251,PASS,-1.2838935715661486,-2.355923045160189,-0.6260065108847741,FAIL,0.9873800987451935,0.47255255412067243,1.2970859793933671,PASS,2.065088775566375,1.6467986940917385,2.3659322994095624,PASS,0.022464672905433174,0.02132294516952881,0.02343783324120578,FAIL,0.18359375,0.1799375,0.184,FAIL,4.7113338923717345,3.723044079557991,5.662410570539102,PASS,0.3478070061475198,-0.007869595204440924,0.5880290961013903,PASS,0.7385078434624845,0.23782431806650003,0.907400817899198,FAIL,0.8791710046168268,0.7097413951973479,0.9415327383553015,FAIL,0.5395538129351287,0.20556966843619545,0.7275075478093496,PASS,0.27221524505570943,-0.21045947503951368,0.5642233446431189,PASS,0.4074558068118106,0.049378909736203555,0.6477690873173731,PASS,0.2700609278708265,-0.0026359809203021726,0.5067630671801012,PASS,0.7993487937833113,0.2568357700384241,0.9461268341556593,PASS,0.48952340280581064,-0.09662405087203113,0.7449475976224239,FAIL,0.6243487988406615,0.2392663041755581,0.8078793116680834,PASS,0.4135416666666667,0.2,0.725,FAIL,54.60812185084306,16.841361998908283,111.58001470960971,PASS,-0.19712388241897694,-0.29837553484959145,-0.07798035440213451,PASS,0.9998830269157559,0.9998350940905676,0.9999103052884855,FAIL,7820.551659119765,5488.402807798011,12010.153826757813,4,5,37,49,4,7
L02637,G06,P01,16,true,PASS,0.0660391865079365,0.024166666666666666,0.11504464285714285,PASS,5.733940647161364,4.085551679171688,7.733270374777158,FAIL,-0.14002379161464548,-0.2996853535833362,0.007009287070476269,PASS,-0.05357824345348941,-0.05582021760392817,-0.0512607788441194,PASS,-0.005804948096458258,-0.03407201411280252,0.014769623002354612,PASS,0.6274829631723705,0.6265828119743967,0.628279267624822,PASS,5.006035156250004,4.9228515625000036,5.129544270833337,PASS,1546.3363220101749,1544.3258087076333,1547.6904060577513,PASS,0.9081828851528071,0.6139286663190494,1.372467082900124,PASS,0.2955724809050566,0.1666086968017652,0.45770753282159776,FAIL,3.7258840479869475,3.646550909778501,3.7944278434616354,PASS,0.6192300728952065,0.36650503523539246,0.737815683246126,FAIL,0.6142751479289941,0.6142751479289941,0.6142751479289941,FAIL,0.0015833221189812052,0.0015833221189812052,0.0015833221189812052,PASS,0.08879022080240917,0.08879022080240917,0.08879022080240917,FAIL,0.2222970516048579,0.2222970516048579,0.2222970516048579,PASS,0.2109926998463887,0.2109926998463887,0.2109926998463887,PASS,0.4370703299516857,0.4370703299516857,0.4370703299516857,PASS,-1.7110096986617362,-2.995741002765425,-0.7364068864220535,PASS,1.7577251716153552,0.8263251646898869,2.905845746223557,PASS,1.9673555100557802,0.9787865117332389,2.648833462154365,PASS,-1.4527819288460044,-1.9539867143548886,-0.9872784371518889,PASS,1.1702136584910747,0.6711742666861429,1.3793031500951067,PASS,2.124161744451248,1.727262049610501,2.3502357228038164,PASS,-1.299044505286383,-1.9165574092193918,-1.026960843110853,PASS,1.6309342462573548,0.8775920964777489,2.385655573931433,PASS,1.7158128811954851,1.1285465108709087,2.2383868255250423,PASS,-1.1941024123662844,-2.8595783020287984,-0.1950257810776087,PASS,1.4458809440639144,0.2551112172581734,2.2759587420850895,PASS,1.8110839113917125,0.4162605655497948,2.5460071750099846,PASS,-0.19801014712911572,-0.26545420982992285,-0.14001865343102424,PASS,0.20397353346815364,0.09766581229099855,0.3384464876685211,PASS,1.2947583224887704,0.9595027462245318,2.2397218298953536,PASS,-1.5005512965017866,-2.317336646131124,-0.6285764503656386,FAIL,0.9534455574024956,0.5888604444918398,1.3868812083610227,PASS,2.0928730284300014,1.6770131652058708,2.4429140579626,PASS,0.022527972921403516,0.021188518238275205,0.02442296050032588,FAIL,0.18278125,0.1734375,0.184,FAIL,4.422077977952307,3.8615956305591492,4.9935331659679285,FAIL,0.37106468227716216,0.08503022052729245,0.5664525710838257,FAIL,0.7552223146418366,0.33298192075392263,0.8981363843496353,FAIL,0.8884550712742232,0.7555143478607217,0.9387439646241336,FAIL,0.5694606443203551,0.20122829138477322,0.6877306350301547,PASS,0.2534169431513762,-0.22214359958363622,0.4470452462903286,PASS,0.38477761022966184,0.09599790752802777,0.5359297989929377,PASS,0.21923722143678986,-0.10459467138272129,0.42848232098759914,FAIL,0.8307658390484818,0.3593714347179662,0.9467936323301702,PASS,0.5642762668206749,0.022860390545898588,0.7203634826502839,FAIL,0.6652320033564727,0.22019155306118293,0.7838034764719213,PASS,0.40625,0.2,0.6,FAIL,23.679319423472222,15.232575184198469,37.09445589581461,PASS,-0.15840683209400547,-0.3020413127369214,0.015563217820607034,PASS,0.9997335161177244,0.9996805537960423,0.9997887804954315,FAIL,8485.922021110786,6435.6381708684285,11713.99386467175,4,5,34,49,4,7
L02650,G06,P01,16,true,PASS,0.059399801587301584,0.0275,0.09399305555555555,PASS,5.547956416797186,3.493615542074048,7.868413487455622,FAIL,-0.1607871927214449,-0.3122547163184257,-0.029388248327618386,PASS,-0.05350915063112636,-0.055149069296715286,-0.05098042241054762,PASS,-0.007846959665071521,-0.03292003238785655,0.022036431887966335,PASS,0.6272385236299587,0.6259971446178786,0.6280572062220565,PASS,4.994186197916671,4.840494791666671,5.099335937500004,PASS,1546.529202417672,1544.8175477685047,1549.0310308681014,PASS,0.9150731273613228,0.6384562444536149,1.4541516480389034,PASS,0.3046091319749504,0.15391772938728696,0.4712843438109969,FAIL,3.7627329234815505,3.643835645253587,3.8745297979335964,PASS,0.5779215709523484,0.3939727484234643,0.720269542004224,FAIL,0.6142751479289941,0.6142751479289941,0.6142751479289941,FAIL,0.0015833221189812052,0.0015833221189812052,0.0015833221189812052,PASS,0.08879022080240917,0.08879022080240917,0.08879022080240917,FAIL,0.2222970516048579,0.2222970516048579,0.2222970516048579,PASS,0.2109926998463887,0.2109926998463887,0.2109926998463887,PASS,0.4370703299516857,0.4370703299516857,0.4370703299516857,PASS,-2.2595107265426417,-4.504759420353543,-0.8374251927074918,PASS,2.717435130052098,0.9951197468481509,5.150499793460389,PASS,2.18198525914371,1.1046340246247923,2.6957526223987998,PASS,-1.5032584831692222,-1.9493287362007612,-0.9262561585390366,PASS,1.270714917388506,1.097937759801402,1.463079692373079,PASS,2.1667030512850025,1.8273370365295998,2.438123020084453,PASS,-1.6926036363845762,-4.2144964126364135,-1.0082684956948518,PASS,2.104886484708873,1.2503504114025208,3.5159007771536634,PASS,1.7545414882147243,1.2174242474795414,2.2331174992073004,PASS,-1.92776970921929,-4.849218998166645,-0.24811999553755165,PASS,1.920944695469448,0.3646885917339734,3.5829350989399398,PASS,1.821075651033668,0.7265853991747072,2.3254519707482526,FAIL,-0.23404817698986286,-0.26677342547519506,-0.16288499754381364,PASS,0.209450255280558,0.10873235571380778,0.3177322414124303,PASS,1.3495375265977536,0.9639144057282862,2.157889485673488,PASS,-1.1668863848189914,-2.2424842604155395,-0.6119660177591392,FAIL,1.0979409350118008,0.5179799568556247,1.5868313172165192,PASS,2.0142147805509456,1.3333148437764655,2.4076348343217333,PASS,0.022737442125756943,0.02161613734490432,0.02357628869365051,FAIL,0.1831875,0.175875,0.184,FAIL,4.644752716441376,3.9651149746331384,5.325491206644844,FAIL,0.39560373183589775,0.1524050849519426,0.5926908034694058,FAIL,0.8037079465298198,0.6080296111887125,0.9037265865941744,FAIL,0.9015982627056927,0.8476089168878791,0.9393266320283907,FAIL,0.5981688605469286,0.3560018106600995,0.756338164375216,PASS,0.2972731097796649,-0.01897695445952227,0.5515695800408315,PASS,0.41858458578024266,0.21765695533242224,0.6456749238189545,PASS,0.2750020148289368,0.11715751304104466,0.5195762901035085,FAIL,0.8708604761702274,0.6636914066582321,0.9498407256381584,PASS,0.5866182612456308,0.11064798905851062,0.7310213295017408,FAIL,0.6949968865588582,0.4402547595818596,0.7959459342452401,PASS,0.390625,0.07500000000000001,0.6625,FAIL,23.33924218046841,14.005308510104088,35.216811465808355,PASS,-0.190670521407781,-0.3540656604061102,-0.002218202270526451,PASS,0.9997729110163196,0.9997015298783816,0.9998093002514606,FAIL,8953.958250570233,6665.325529190839,12646.259051964245,4,5,33,49,4,7
L02651,G06,P01,16,true,PASS,0.062063492063492064,0.03111111111111111,0.10323412698412698,FAIL,7.849057408446273,5.4702327160357616,11.02317496159678,FAIL,-0.12574461804377765,-0.3066759207842419,-0.007245000691016177,PASS,-0.03965238911253963,-0.04044934029255347,-0.03802903023645666,PASS,0.0033887855538616224,-0.022846029107259132,0.03286100256342973,PASS,0.6307014476370407,0.6290295011505769,0.631766700147772,PASS,5.027578125000004,4.911718750000005,5.149544270833337,PASS,1545.985639994566,1544.0002435362976,1547.8716288582018,PASS,0.9635565073490897,0.46260496737406404,1.5276911526785142,PASS,0.3129476426600902,0.10416348934094567,0.5766322499352268,FAIL,3.6201981355798605,3.5336436093588923,3.6919996893643607,PASS,0.5789562134678412,0.41701455137820026,0.6893860615246487,FAIL,0.6142751479289941,0.6142751479289941,0.6142751479289941,FAIL,0.0015833221189812052,0.0015833221189812052,0.0015833221189812052,PASS,0.08879022080240917,0.08879022080240917,0.08879022080240917,FAIL,0.2222970516048579,0.2222970516048579,0.2222970516048579,PASS,0.2109926998463887,0.2109926998463887,0.2109926998463887,PASS,0.4370703299516857,0.4370703299516857,0.4370703299516857,PASS,-2.0362718949782943,-4.080347990406885,-0.7695500241740599,PASS,1.9754207080738408,0.8626139282351838,4.98575280661108,PASS,1.9782384462859972,0.9699797483078332,2.6368106905372937,PASS,-1.3866830197377649,-1.8227005447674356,-0.845824295471921,PASS,1.2751590675582498,1.056484067740943,1.463079692373079,PASS,2.102326596993146,1.7817089137185607,2.4150183531612637,PASS,-1.6354280211014172,-4.2144964126364135,-0.7301303969842863,PASS,1.7153148272887813,0.8779790658981388,3.4983127572192183,PASS,1.7810999284673903,1.0420764196827366,2.3781106248004296,PASS,-1.567097777456905,-4.849218998166645,-0.2309790320086193,PASS,1.5743525171772992,0.28270333875279813,3.9861467549039986,PASS,1.7136659084856303,0.388873070089439,2.5339255543133623,PASS,-0.20089317240214347,-0.26545420982992285,-0.1323850547776278,PASS,0.19961018600917207,0.1035388971621306,0.3121639529169797,PASS,1.3423654558349505,0.8642676303074736,2.476153309092634,PASS,-1.3283190640261395,-2.453885951152699,-0.5039114782378475,FAIL,1.0942201195166854,0.7341703393110187,1.5795325849160609,PASS,1.9110703731951613,1.172256222991854,2.5950968895719417,PASS,0.02232234932947666,0.021274497793833006,0.023418472515852877,FAIL,0.18359375,0.1799375,0.184,FAIL,4.527894804110335,3.603775715720713,5.726470873249073,FAIL,0.388063806121267,0.09509350531202468,0.5640617209291466,PASS,0.7305247210807775,0.1684933326971504,0.8930787296921089,FAIL,0.8646525424541334,0.5791298448826424,0.9351718691445913,FAIL,0.5952211757292469,0.2137585658304187,0.7600624501205026,PASS,0.2714792785861415,-0.11645978057626867,0.5123354995078503,PASS,0.399096739451982,0.11391677923319171,0.6072941028580274,PASS,0.24770933869232653,-0.13173042219933628,0.5081104650691309,PASS,0.830182547866069,0.3248535341510579,0.9356582065492995,PASS,0.5995094883607573,0.10940602285484233,0.7584521013405261,FAIL,0.6777486323219464,0.1789937829546904,0.7995760065153531,PASS,0.39166666666666666,0.1375,0.63125,FAIL,25.786224041321674,9.881282952422604,66.03680773965455,PASS,-0.16085512311420425,-0.3684155417547952,0.006995822056244022,PASS,0.9998553807719249,0.9997315754507196,0.9998896666130399,FAIL,7471.408481965994,5519.084430298954,11307.609225560616,3,5,36,49,4,7
L02658,G06,P01,16,true,PASS,0.056292162698412695,0.023750000000000004,0.09459325396825397,PASS,5.785122590508149,4.122835497246407,7.525696793591267,FAIL,-0.15294207240612306,-0.29405463038691737,-0.051085660999359205,PASS,-0.04557777123751918,-0.05026172650847988,-0.042226596341606706,PASS,-0.006708664386467485,-0.04751358331764102,0.020677345874206735,PASS,0.6316263276274212,0.6309749011935225,0.6322674629683656,PASS,5.006588541666671,4.9124348958333375,5.1710156250000034,PASS,1546.3273138592754,1543.6507272813938,1547.8599712511552,PASS,0.9740029185025695,0.5590588962266525,1.54549583288276,PASS,0.32883839267981496,0.16750256351038853,0.4771003941655439,FAIL,3.6252314578027827,3.5045615927656364,3.69925172402187,PASS,0.5277388127623911,0.3552267181077059,0.6665853141985197,FAIL,0.6142751479289941,0.6142751479289941,0.6142751479289941,FAIL,0.0015833221189812052,0.0015833221189812052,0.0015833221189812052,PASS,0.08879022080240917,0.08879022080240917,0.08879022080240917,FAIL,0.2222970516048579,0.2222970516048579,0.2222970516048579,PASS,0.2109926998463887,0.2109926998463887,0.2109926998463887,PASS,0.4370703299516857,0.4370703299516857,0.4370703299516857,PASS,-1.85576684223826,-4.795232916138089,-0.7389953017015172,PASS,1.7983049763978802,0.8458676108883014,4.205787658965759,PASS,2.11227869437817,1.0608471885131747,2.9145008027495165,PASS,-1.322119796196162,-1.9483971405699356,-0.9643477381245487,PASS,1.224267622817954,0.8835461224535759,1.4630796923730793,PASS,2.09623265436809,1.7382126795476422,2.4502745611843393,PASS,-1.4695111256892326,-4.005752282932831,-0.9711994250572713,PASS,1.6498673616641673,0.7920421732428692,3.081066313486299,PASS,1.7028286484029456,1.14444270815099,2.254801885334753,PASS,-1.3259105091273131,-4.791741942508464,-0.18877325840210196,PASS,1.571017854953239,0.2522433405088229,3.344826250096908,PASS,1.826129032222072,0.7116015183152979,2.630784355291307,PASS,-0.22879581520144615,-0.4697066559684698,-0.1362904824672078,PASS,0.23126234795291603,0.10627220102481448,0.33464512752850034,PASS,1.5201633552004012,1.054294114400672,2.164527472695517,PASS,-1.3642393394908559,-2.447207238989044,-0.561575916036488,FAIL,1.1373119170477441,0.7758195418909452,1.6664785520369818,PASS,2.0004292021950394,1.592424799618748,2.433834894939071,PASS,0.022485659211687017,0.021167351871860623,0.023243668565853713,FAIL,0.18278125,0.1734375,0.184,FAIL,4.3786208338657,3.4339213286640833,4.9308530724902715,FAIL,0.3306806010716983,0.07620378969215458,0.5892476017295005,PASS,0.6141234332102926,-0.1466584364094835,0.9121450509297175,PASS,0.7707790804147797,0.05571533684320509,0.9485374205413828,PASS,0.5018607517703882,-0.007623365546436278,0.7777387126238069,PASS,0.1953312316607963,-0.14340769683618626,0.5255992434377276,PASS,0.32737837099418154,-0.010324395387964778,0.5979966940437995,PASS,0.16540954189560822,-0.2179227683201487,0.4726643236362772,PASS,0.7118341993321258,0.09365554916929633,0.9512348228445067,PASS,0.5079889156177255,0.09175961060605324,0.7842589284008515,PASS,0.544879556167326,-0.21064104381444668,0.8175645264193384,PASS,0.39166666666666666,0.2,0.53125,FAIL,21.057075850959567,10.161993722887066,36.10424872019363,PASS,-0.17976448998886563,-0.28546495216451717,-0.09014676168123903,PASS,0.9998044655493872,0.9997462809053923,0.999838105121201,FAIL,7299.52404768005,3710.4748107220094,10220.832690166031,4,5,39,49,4,7
L02676,G06,P01,16,true,PASS,0.053211805555555554,0.023750000000000004,0.10427083333333334,FAIL,6.957103872367892,4.704180008103489,9.509973052426005,FAIL,-0.12097357457206476,-0.2956641507519759,0.0005230868235652443,PASS,-0.019504907209432678,-0.02022075689468353,-0.018202300436361552,PASS,0.0036827525843286107,-0.022673012663284232,0.033525039314098504,PASS,0.6333305444805,0.6319804075944351,0.6343402085781228,PASS,4.993385416666671,4.792864583333337,5.116809895833338,PASS,1546.542237741915,1544.5331021565696,1549.806367714941,PASS,0.9918405034136702,0.7621034920400828,1.551078496845209,PASS,0.3186548185557081,0.2342145194816188,0.47446997571233507,FAIL,3.58662135495364,3.4725341724416596,3.670840681070534,PASS,0.4866077991441061,0.33666581655987915,0.5836285823647072,FAIL,0.6142751479289941,0.6142751479289941,0.6142751479289941,FAIL,0.0015833221189812052,0.0015833221189812052,0.0015833221189812052,PASS,0.08879022080240917,0.08879022080240917,0.08879022080240917,FAIL,0.2222970516048579,0.2222970516048579,0.2222970516048579,PASS,0.2109926998463887,0.2109926998463887,0.2109926998463887,PASS,0.4370703299516857,0.4370703299516857,0.4370703299516857,PASS,-1.9623432620848644,-3.9388775137579985,-1.0470224379403832,PASS,2.330768666925022,0.9253411395146869,4.634116813404521,PASS,2.279859197854342,1.722668759164306,2.927690443338661,PASS,-1.3921539171788653,-1.956781501247365,-0.7952326219082159,PASS,1.2754707654799438,1.0790996042495142,1.5301638993712543,PASS,2.1071353040908805,1.801684886382242,2.4162836911400163,PASS,-1.609696412611389,-4.2144964126364135,-1.0285515257661357,PASS,1.8463392878734286,1.1517695134242076,2.5595082588201494,PASS,1.746060851923846,1.2990197520500402,2.278583101825451,PASS,-1.5176055560505595,-4.849218998166645,-0.2776596398761385,FAIL,1.8660175906767171,1.0735646511392303,2.543175619088044,PASS,1.9867353239516723,1.6148936180131175,2.4723648957293416,PASS,-0.2164110060765153,-0.266445139288179,-0.14789900844493928,PASS,0.2443490147658483,0.16560155336670196,0.3354053995565045,PASS,1.4582070025902623,1.0899564442766485,2.2147201265630185,PASS,-1.495578222113031,-2.5265404782537635,-0.678215390374173,FAIL,1.199708838447891,0.7049584308473296,1.900217456200207,PASS,1.996017734656289,1.20069496945192,2.5879265025807383,PASS,0.02267480456032856,0.020090907169614036,0.023841878079022917,FAIL,0.18359375,0.1799375,0.184,FAIL,4.339865424749267,3.303517908033707,5.479018137874765,FAIL,0.3346921266677309,0.06572851121510659,0.5653835105649011,FAIL,0.7362033445878167,0.3563174199116128,0.8911057013072653,FAIL,0.876006225395259,0.7504620884073578,0.9394200483414145,FAIL,0.5359430692984793,0.17945563394088745,0.7304204056557738,PASS,0.22714214603707555,-0.14390041008744187,0.48965626939603724,PASS,0.3740766430681486,0.10325159191194788,0.5873004735167274,PASS,0.23268491530329405,-0.04631623033782407,0.46815583958103146,FAIL,0.8151607950709423,0.4037601435469939,0.9447945195401183,PASS,0.49474262309420775,-0.08298947142956102,0.7419582297599153,FAIL,0.6228730582197114,0.2064285543501938,0.7967459817242861,PASS,0.36250000000000004,0.2,0.5,FAIL,22.79197872732982,12.213784756797008,34.008210972698656,PASS,-0.15010971015018415,-0.31381347347483374,0.029285305160199643,PASS,0.9999564034550176,0.9999191528273174,0.9999670801597668,FAIL,7638.558494431135,4737.650850846232,11397.175853757775,3,5,33,49,4,7
L02703,G06,P01,16,true,PASS,0.058844246031746025,0.030000000000000006,0.11340277777777777,FAIL,8.828749955543122,7.3879428109972896,11.575334909269182,FAIL,-0.1434769883487322,-0.3614360872680048,-0.024232011791918827,PASS,-0.046310311233231594,-0.04991280827198828,-0.044271888749131065,PASS,-0.013279324020857342,-0.07231028314971792,0.014302174820272004,PASS,0.6306703078500071,0.629569840773847,0.6313498327362682,PASS,4.973496093750004,4.841210937500004,5.139986979166671,PASS,1546.8660012830705,1544.1558196012459,1549.0193732610549,PASS,1.0866045359207335,0.5844277320230369,1.68331478038068,PASS,0.25886216157828557,0.10323869585612093,0.38143834218062606,FAIL,3.6284329691546784,3.4777888774024133,3.703848571153872,PASS,0.5761599965509776,0.410679888320233,0.749672738478348,FAIL,0.6142751479289941,0.6142751479289941,0.6142751479289941,FAIL,0.0015833221189812052,0.0015833221189812052,0.0015833221189812052,PASS,0.08879022080240917,0.08879022080240917,0.08879022080240917,FAIL,0.2222970516048579,0.2222970516048579,0.2222970516048579,PASS,0.2109926998463887,0.2109926998463887,0.2109926998463887,PASS,0.4370703299516857,0.4370703299516857,0.4370703299516857,PASS,-1.5209458049452633,-2.6629220264373665,-0.7695500241740599,PASS,1.98552437780915,0.8522206524322078,4.568999036884788,PASS,2.0288154043847952,1.0021432293825234,2.9642252614693487,PASS,-1.264366892488893,-1.8242532041521446,-0.8617034112485185,PASS,1.271616427188198,1.0573770358036105,1.3932659071414357,PASS,2.0809224484346087,1.77298055631046,2.4021521535455506,PASS,-1.1857904540968085,-1.8494864781218148,-0.7003211089095848,PASS,1.7465688936636514,1.0342538258687948,2.385655573931433,PASS,1.682104413670464,1.0674810696713883,2.196894330075824,PASS,-0.9575240593142602,-2.605256450723818,-0.24199822284864725,PASS,1.3572205193686244,0.2751291274394229,2.2759587420850895,PASS,1.691477655724144,0.4448109624004918,2.396141049608011,PASS,-0.19943433922002868,-0.26545420982992285,-0.14652769958032422,PASS,0.20766995674070177,0.11667132610372997,0.31899936145910385,PASS,1.4466593549070028,0.864925994367975,2.318173876177667,PASS,-1.3474675280040305,-2.203781225694621,-0.7675752866370662,FAIL,1.1864176018713621,0.492093995437203,2.7537845366259894,PASS,1.9788114868522804,1.4228251472548308,2.528788971352516,PASS,0.022914321895593837,0.02164561095501257,0.023848291871853798,FAIL,0.18359375,0.1799375,0.184,FAIL,4.487761989517731,3.4153187961854736,5.227462882688955,FAIL,0.3732087999294868,0.17859391156418739,0.5848950725761305,PASS,0.7250730713355409,0.13500744006836424,0.9014742455102714,PASS,0.8408493872494864,0.3526685303801809,0.9404901171830083,PASS,0.5440910107457028,-0.002772063561091276,0.7419830017625955,PASS,0.22457816988293097,-0.10021746196495318,0.510264055421595,PASS,0.36140629725824047,0.1081087701073633,0.5739657222592931,PASS,0.20506498495065506,-0.1326175663743945,0.47213680742706354,PASS,0.8145839123299017,0.2897464317723192,0.9450894056673483,PASS,0.5332948097745852,-0.018827621336684867,0.7657343097348858,PASS,0.6037787890216296,-0.07297608301818331,0.8187712776721706,PASS,0.32812500000000006,0.16875,0.5125000000000001,FAIL,23.115617762347224,10.105427772257434,45.197290830096335,PASS,-0.15096844408601923,-0.3943376499078841,0.01796398653982336,PASS,0.999831119208324,0.9997819488356812,0.9998689470825441,FAIL,8411.98769895074,5638.417809998165,13917.662272509553,3,5,39,49,4,7
L02732,G06,P01,16,true,PASS,0.06784722222222223,0.03375,0.11211805555555557,PASS,6.10662205249405,3.9012611758308116,7.812300752427817,FAIL,-0.19445816802553648,-0.3414798109989999,-0.055793332896767016,PASS,-0.02242401665055032,-0.023308880129216607,-0.021358244256818024,PASS,-0.00470212415606322,-0.02636179699813666,0.01771695203825175,PASS,0.6239650321589129,0.6227304711214449,0.6249477522964976,PASS,4.967434895833337,4.832213541666671,5.1090885416666705,PASS,1546.9646670299826,1544.6587923561804,1549.1658351968576,PASS,0.9498389260174969,0.5591322284113267,1.4511272177288115,PASS,0.28950416229785814,0.13483889530147455,0.46369657540206,FAIL,3.8314126680504805,3.7578170337043106,3.909008658495061,PASS,0.7032768074202886,0.5786102082889091,0.7984825334905815,FAIL,0.6142751479289941,0.6142751479289941,0.6142751479289941,FAIL,0.0015833221189812052,0.0015833221189812052,0.0015833221189812052,PASS,0.08879022080240917,0.08879022080240917,0.08879022080240917,FAIL,0.2222970516048579,0.2222970516048579,0.2222970516048579,PASS,0.2109926998463887,0.2109926998463887,0.2109926998463887,PASS,0.4370703299516857,0.4370703299516857,0.4370703299516857,PASS,-1.8032603968201086,-2.995741002765425,-0.742320387438063,PASS,2.0578972386365413,0.8729519620908003,4.829470142963721,PASS,2.2573997847230505,1.4479365258734642,3.1239707875462632,PASS,-1.2714318763074732,-1.953055118724063,-0.8617034112485185,PASS,1.1909329887733857,0.7727506351901493,1.5412621816161747,PASS,1.987486000956058,1.6922851571497062,2.324412360400487,PASS,-1.4083369484776442,-3.1931901888955148,-1.0067436326620935,PASS,1.6456243724820314,0.9389007386768075,3.081066313486299,PASS,1.8842537138829345,1.267989821856557,2.3374320684341514,PASS,-1.3730846469109872,-3.964934244327602,-0.22125269439507578,PASS,1.591791590175357,0.36693462448628084,3.344826250096908,PASS,2.117869582732645,1.570412845156051,2.815895619278335,PASS,-0.2137995613433487,-0.26600135347494963,-0.1402818733349277,PASS,0.2662866179181563,0.1592446535288121,0.3406919121520981,PASS,1.6855204924434286,1.034910070171915,2.533350740807639,PASS,-1.426111187188591,-2.584567656835566,-0.5627674539557411,FAIL,0.9714702318246802,0.5818951722756237,1.3313934081749528,PASS,1.9656837220684942,1.2079067984902216,2.6651623569450047,PASS,0.023111271020789498,0.02145333304736371,0.024145600818205593,FAIL,0.1831875,0.175875,0.184,FAIL,4.5039509394190915,3.4054687802607293,5.288894331433045,PASS,0.2764796968799094,0.001808263648434373,0.5081752621793714,PASS,0.5683831516510449,-0.0372617801303676,0.9037113431950424,PASS,0.7780116978746623,0.25805798013200076,0.9392034247267464,FAIL,0.4539651236957636,0.12661713988016957,0.7104341185096881,PASS,0.15709912669985082,-0.26376396682450515,0.4203140810711524,PASS,0.3067298681726198,-0.007241638155271294,0.5235010813338623,PASS,0.15311587304382276,-0.17351889708840382,0.4058740076457368,PASS,0.6500207422239858,0.10346927277074777,0.9436548209851945,PASS,0.4051721010016476,-0.055519090029800516,0.7287060267062934,PASS,0.5032050421400681,-0.04128436822661147,0.7902329599990415,PASS,0.44999999999999996,0.2375,0.7625,FAIL,34.37097930096506,12.862940190815847,61.35288671031243,PASS,-0.16627101010811385,-0.35861800307867947,0.013904129051882576,PASS,0.9999489257527234,0.9999227503988956,0.9999725469322323,FAIL,8990.403199124625,5678.004834464102,11788.565756279255,4,5,39,49,4,7
L02753,G06,P01,16,true,PASS,0.07216021825396826,0.020416666666666666,0.13569940476190478,FAIL,7.263189522997179,5.315050269094125,9.451582837792348,FAIL,-0.1493518455375863,-0.3399004376052149,0.03348772563448103,PASS,-0.052049632376406016,-0.05401849832435559,-0.04505428987329607,PASS,-0.002690877625350693,-0.021343976560704907,0.01329319985679359,PASS,0.6358115860802467,0.63326642017002,0.6376678643419189,PASS,4.985748697916671,4.838515625000004,5.134309895833337,PASS,1546.666550224329,1544.2482326316508,1549.063248254848,PASS,0.9527860532137311,0.5700199576294527,1.4577278855926883,PASS,0.32244201387277793,0.1508570374523484,0.4729690748160551,FAIL,3.51711650261269,3.461488251160102,3.6125806015659383,PASS,0.3928569662993405,0.26686053084685984,0.557501766628901,FAIL,0.6142751479289941,0.6142751479289941,0.6142751479289941,FAIL,0.0015833221189812052,0.0015833221189812052,0.0015833221189812052,PASS,0.08879022080240917,0.08879022080240917,0.08879022080240917,FAIL,0.2222970516048579,0.2222970516048579,0.2222970516048579,PASS,0.2109926998463887,0.2109926998463887,0.2109926998463887,PASS,0.4370703299516857,0.4370703299516857,0.4370703299516857,PASS,-1.582212400126688,-2.9819108982675244,-0.6974970231472771,PASS,1.802282714640304,0.8502236419899911,4.205787658965759,PASS,2.2289906098916474,1.1086388132676013,2.767815810131783,PASS,-1.3148802277608245,-1.8242532041521449,-0.9214082935282503,PASS,1.2224127026093292,1.0902971019001044,1.3342765356260857,PASS,2.104644399710049,1.769460925006506,2.504364204776049,PASS,-1.3646713046799703,-3.1261192577979378,-0.9757740141555458,PASS,1.6678913358819951,1.0749281559562234,3.081066313486299,PASS,1.6403582484476744,1.0896353101302745,2.339857864097304,PASS,-1.0972718829982604,-3.7741928558488667,-0.2056220555247026,PASS,1.5146638798157157,0.2932104227065867,3.344826250096908,PASS,1.8062157866364623,0.6895230471408229,2.322784532041798,PASS,-0.19321910942508397,-0.26677342547519506,-0.13264224908127847,PASS,0.213883134873058,0.1035388971621306,0.3177322414124303,PASS,1.5814773835665095,1.0499800982983005,2.610884172144022,PASS,-1.2314109229973784,-1.8371473569632384,-0.42251345814600666,FAIL,0.9279946677903284,0.5131704803949911,1.4088852174786806,PASS,1.8764047586725443,1.0406247615170987,2.4076122455250943,PASS,0.023347568268724923,0.021892077621808594,0.025105360599739703,FAIL,0.1831875,0.175875,0.184,FAIL,4.257337625409523,3.492845031080103,5.243986322305243,FAIL,0.3383539694071526,0.17220206490130088,0.5142685648727389,PASS,0.6536486494113851,-0.11198088432310588,0.8860222509426945,PASS,0.774246257673362,0.002263800636502345,0.9310914189484325,FAIL,0.5452131641146762,0.261075084914479,0.7735071276275322,PASS,0.2158588678155031,-0.18606979586191505,0.4876809884808257,PASS,0.33369111377454763,-0.1119575581461351,0.5849717574328658,PASS,0.1885806463440216,-0.10739637293546686,0.43478718802910393,PASS,0.7689405341892912,0.1874380329195238,0.9276158594392404,PASS,0.5219102262618758,0.07582880967253933,0.7649867169659078,PASS,0.5565797801604195,-0.15359398107386987,0.7881639369001026,PASS,0.41302083333333334,0.16875,0.6625,FAIL,23.26272107005653,6.515856766385262,52.12604024116021,PASS,-0.14875963071856627,-0.3552119091839289,0.07628934841369645,PASS,0.9997554258598534,0.999686962745647,0.9998178121032814,FAIL,7356.179448611511,4029.118861224111,11066.408802051703,3,5,38,49,4,7
L02754,G06,P01,16,true,PASS,0.06451388888888888,0.03111111111111111,0.10527777777777778,PASS,6.32775049534443,4.055405331415875,8.684621377420429,FAIL,-0.11101647467866613,-0.30461479970530236,0.012973403685093348,PASS,-0.030900706005439156,-0.03393618406728197,-0.028836220246009164,PASS,-0.002824951659429437,-0.037762471613001586,0.016866654037578532,PASS,0.6274288968619457,0.6264656135397387,0.6283970462305326,PASS,5.016679687500004,4.898776041666671,5.16486979166667,PASS,1546.1630475781653,1543.7507707455022,1548.0823136110062,PASS,1.1086455932444341,0.5625600140033421,1.9943085551373756,PASS,0.32474265191874313,0.16167064732669614,0.5080128707683477,FAIL,3.735135275976412,3.681821227580776,3.798392090084224,PASS,0.6604610428187474,0.5347252396036203,0.8104425386816317,FAIL,0.6142751479289941,0.6142751479289941,0.6142751479289941,FAIL,0.0015833221189812052,0.0015833221189812052,0.0015833221189812052,PASS,0.08879022080240917,0.08879022080240917,0.08879022080240917,FAIL,0.2222970516048579,0.2222970516048579,0.2222970516048579,PASS,0.2109926998463887,0.2109926998463887,0.2109926998463887,PASS,0.4370703299516857,0.4370703299516857,0.4370703299516857,PASS,-1.4757559871459767,-3.2315251305135684,-0.7009482435198954,PASS,1.4617528921155643,0.8490628275958481,2.351461316003147,PASS,2.038464405997258,1.1146628375820884,2.664746666570668,PASS,-1.3590388251025802,-1.9483971405699356,-0.8748695137636966,PASS,1.263646082780801,1.062114333690481,1.379303150095107,PASS,2.138561044383107,1.784720769879473,2.4348211245403024,PASS,-1.5419238733067187,-4.2144964126364135,-1.0101745744857995,PASS,1.483257048338968,1.0671141251948992,2.202040674400096,PASS,1.749764438331145,1.21017964511572,2.12579950208338,PASS,-1.1266516429484532,-4.849218998166645,-0.20398781145921016,PASS,1.2230104426463293,0.286764387432459,2.1302240801376726,PASS,1.7906306096284903,0.4062892010511872,2.5849255474220345,PASS,-0.18335378059598884,-0.2580646248741831,-0.11710185909669815,PASS,0.2008123098952539,0.0894219542202797,0.33920675969652525,PASS,1.6521690164346061,0.9680180940779605,2.3910898963455005,PASS,-1.4023296894235766,-2.5348596025568204,-0.5099628446466464,FAIL,1.3195704624259887,0.7286732429582056,3.09260174727134,PASS,1.8340150359431293,1.2312772299281893,2.3484444664451587,PASS,0.022676968744449508,0.0215213548668767,0.023679014149050732,FAIL,0.184,0.184,0.184,FAIL,4.400801876073226,3.3478338448642817,5.561657661009459,FAIL,0.2965210259033277,0.08299107546353973,0.5687971720885828,PASS,0.5120375802522666,-0.17551400762304126,0.8996439630924576,PASS,0.7218254744690109,0.030659285269443594,0.9460270213446611,FAIL,0.42826373799544515,0.09002260443256571,0.7825946199613946,PASS,0.09563441184381707,-0.32235519300506443,0.4500902374526965,PASS,0.2601383771788756,-0.04513046459724408,0.542140230322695,PASS,0.0996016829590954,-0.2116473993401369,0.4121008694329698,PASS,0.6488296331802129,0.1488505498946567,0.947815203094014,PASS,0.38793289417179366,-0.03470045457391396,0.7484925651879096,PASS,0.43769563155122193,-0.16378949637901472,0.8099059954506278,PASS,0.434375,0.2375,0.6,FAIL,23.48067413701586,9.19413397322511,42.51077949508848,PASS,-0.13183398038740463,-0.3268032506873948,0.018924488337221042,PASS,0.9999199599861753,0.9998818097668297,0.9999371776753565,FAIL,7154.118363797239,3685.840516644378,9968.189580982546,4,5,38,49,4,7
L02764,G06,P01,16,true,PASS,0.06429563492063492,0.0275,0.09069444444444444,FAIL,6.610249534714633,4.753209660205522,8.096791575286453,FAIL,-0.15738157402780217,-0.27487005835087014,-0.050458913035905925,PASS,-0.03692447651911955,-0.03806670583199908,-0.0355731055379515,PASS,0.0008635572681038686,-0.014606286792520112,0.024770176080861746,PASS,0.6351595787410693,0.6344278360999482,0.6362213668740619,PASS,5.005221354166671,4.828320312500004,5.107656250000003,PASS,1546.3495692909096,1544.6821075702735,1549.2292101878922,PASS,1.0089262470455347,0.6860814095024464,1.6989486888913772,PASS,0.3144513794927065,0.16886539572060333,0.40930920876291255,FAIL,3.5350798512312904,3.480572810883309,3.6142850006585334,PASS,0.3578236092621301,0.2456617770918216,0.4736237226664226,FAIL,0.6142751479289941,0.6142751479289941,0.6142751479289941,FAIL,0.0015833221189812052,0.0015833221189812052,0.0015833221189812052,PASS,0.08879022080240917,0.08879022080240917,0.08879022080240917,FAIL,0.2222970516048579,0.2222970516048579,0.2222970516048579,PASS,0.2109926998463887,0.2109926998463887,0.2109926998463887,PASS,0.4370703299516857,0.4370703299516857,0.4370703299516857,PASS,-1.8893547509603432,-4.080347990406885,-0.7325300330853204,PASS,2.126629582499718,0.6893767897094802,4.868540808875561,PASS,2.0339406505153703,0.913431072693628,2.9257386664611786,PASS,-1.286375866891297,-1.6157939840711173,-0.8557487428322944,PASS,1.2112723882097414,1.008674621040441,1.3560318883512257,PASS,2.058067495233079,1.776172045434609,2.3846890765266253,PASS,-1.4897398960821544,-3.44851674483074,-1.0601649398674837,PASS,1.766791093672576,1.0597606753111153,3.185377924419529,PASS,1.7365232418870726,1.0708530177907774,2.3504037776431117,PASS,-1.30906225119297,-4.186005432787363,-0.2371008046975237,PASS,1.5654350327232827,0.2856792366700751,3.5051563762986806,PASS,1.6437097511570877,0.3997749378910126,2.573318638526242,PASS,-0.20453621528732002,-0.266445139288179,-0.13597443130806297,PASS,0.23264511245572503,0.11623435184413725,0.3333780074818268,PASS,1.508352885332091,0.9960739665169634,2.2896084350321515,PASS,-1.2078127066443245,-2.2563494675873006,-0.5924875630357038,FAIL,1.4113124413095592,0.7808159367479874,2.866255542781484,PASS,1.9688205816458626,1.4926147691507128,2.516578880934289,PASS,0.02268037759721,0.02170856443130291,0.0240787963130826,FAIL,0.1831875,0.1775,0.184,FAIL,4.64643237299026,3.2753716136342144,5.627125152183481,FAIL,0.35255099350420543,0.061441485648980984,0.548559268304969,PASS,0.669807815325235,0.10043773944119114,0.9002398166155182,PASS,0.8336090325183716,0.5265380991704932,0.9384268716464186,FAIL,0.5195624935335097,0.18732704425648714,0.7091687305996952,PASS,0.25032874579580905,-0.05892671375010049,0.5504167199634478,PASS,0.3772525710451998,0.09861452837138449,0.6137161500015347,PASS,0.1987111658705327,-0.1344864569313594,0.47719720863923853,PASS,0.7841030648856594,0.2895745974571138,0.9388765227546844,PASS,0.5265497079667215,0.10517327393111009,0.7445020278521017,PASS,0.5827012126333633,0.08247333820484462,0.7962589263198301,PASS,0.44791666666666663,0.225,0.6,FAIL,27.508124401038124,11.135424941419078,77.47976522013471,PASS,-0.14518248925325838,-0.26768341081661345,-0.017446239550450764,PASS,0.9998923327287246,0.9998492144302676,0.9999138282072659,FAIL,8023.0867299527235,4752.026712419494,12471.900821406402,3,5,38,49,4,7
L02768,G06,P01,16,true,PASS,0.0505109126984127,0.023750000000000004,0.09114583333333334,PASS,6.526561957143122,4.606124433545562,9.104468271425143,FAIL,-0.13782548872849515,-0.2627562422779398,-0.03901697976411743,PASS,-0.04049079167796346,-0.041560704455728036,-0.038888143790328636,PASS,-0.007502891676225428,-0.05719540198785375,0.01982119767729482,PASS,0.6364511962376305,0.635643224975488,0.6375322145167278,PASS,4.97418619791667,4.840768229166671,5.089492187500004,PASS,1546.8547675890075,1544.9777868762715,1549.0265797817747,PASS,1.0443006921797533,0.6050099629207999,1.5034302778201207,PASS,0.2793539891908241,0.12889134341551578,0.42092963056783467,FAIL,3.547000381276648,3.4927908402959877,3.6050305556065063,PASS,0.36361534864236894,0.2351153878120003,0.4539084081208832,FAIL,0.6142751479289941,0.6142751479289941,0.6142751479289941,FAIL,0.0015833221189812052,0.0015833221189812052,0.0015833221189812052,PASS,0.08879022080240917,0.08879022080240917,0.08879022080240917,FAIL,0.2222970516048579,0.2222970516048579,0.2222970516048579,PASS,0.2109926998463887,0.2109926998463887,0.2109926998463887,PASS,0.4370703299516857,0.4370703299516857,0.4370703299516857,PASS,-2.1091200481924735,-3.3729956071624545,-0.7894327700537215,PASS,2.2288956568430303,0.8649639203219337,4.634116813404521,PASS,2.233376930799025,1.189586927994052,2.70103072390936,PASS,-1.1255712978171486,-1.5744126719318539,-0.845824295471921,PASS,1.2268306155623305,1.0228087342108174,1.3932659071414355,PASS,2.10163109040841,1.9243467303702575,2.4246634508224165,PASS,-1.2856728783513145,-1.4910131493273506,-1.1339518215488857,PASS,1.6982548167517184,1.0371840874042912,2.5595082588201494,PASS,1.6628784644005328,1.1670118053437173,2.2135423994135897,PASS,-1.5910004081898386,-2.4911263212625308,-0.2705301689759248,PASS,1.6167967244246517,0.381338175583205,2.543175619088044,PASS,1.8935235047684507,1.047797650167726,2.799566782440439,PASS,-0.2102027059652805,-0.2554322644808466,-0.14704194040455487,PASS,0.24482596212874194,0.13661504161202123,0.3354053995565045,PASS,1.473198320780663,1.0350586016211367,2.167564757351289,PASS,-1.4970796785887137,-2.425022907514226,-0.7084455998873546,FAIL,1.1119520784188386,0.5522107022488089,1.7852461516915845,PASS,1.9417717986032188,1.225359151494807,2.7404246245732278,PASS,0.022933725582956744,0.021835605782928036,0.024127103172824335,FAIL,0.1831875,0.175875,0.184,FAIL,4.26681692701003,3.6198488574594925,5.135990201402783,PASS,0.2993268841774027,0.045548769205857445,0.4971502651819656,PASS,0.6779616389715659,0.05734399686945621,0.8744561944734809,FAIL,0.854256547153899,0.6532235511950925,0.9259147292137639,FAIL,0.5340149102253088,0.25929042887467846,0.6714656045979285,PASS,0.20549428809883866,-0.13280229822496825,0.4656222656573446,PASS,0.3601517237609224,0.07129565976564173,0.5362464266378824,PASS,0.243594855613416,-0.042817261426556744,0.40947633491347746,PASS,0.7659568084574416,0.13189147172456436,0.9298450761988214,PASS,0.5175889642293803,0.11892431123829392,0.7162144753912288,FAIL,0.640614885416429,0.2516851272966592,0.7771699928462164,PASS,0.34843749999999996,0.1375,0.525,FAIL,37.842790124768214,20.87890494147771,70.70741332026911,PASS,-0.2000495487006989,-0.31827959938135897,-0.07920701775763705,PASS,0.9998659097382729,0.9997998360016429,0.9998932004712866,FAIL,7143.315087918617,4702.544736594283,10906.047457528584,4,5,37,49,4,7
L02769,G06,P01,16,true,PASS,0.06415674603174604,0.0409375,0.09190972222222223,FAIL,7.071696874323608,5.832598852542627,8.274875410518518,FAIL,-0.15033663164798067,-0.28164665192182164,-0.013019124922072151,PASS,-0.04873514643973026,-0.050100913535479186,-0.04656888854688772,PASS,0.006028069431392332,-0.016497891143962887,0.04224188007502982,PASS,0.6335014954336414,0.6328281751075017,0.6343646405644403,PASS,5.02192057291667,4.908059895833338,5.161367187500004,PASS,1546.077735090234,1543.8077870417842,1547.9311886323849,PASS,1.1168219765657779,0.7140241443317757,1.9759786395084347,PASS,0.2564518222832214,0.13749510441713972,0.4115272169621399,FAIL,3.5477120873806394,3.4745188344455373,3.657709461295227,PASS,0.46408780609412625,0.36854262567859275,0.5637097492848987,FAIL,0.6142751479289941,0.6142751479289941,0.6142751479289941,FAIL,0.0015833221189812052,0.0015833221189812052,0.0015833221189812052,PASS,0.08879022080240917,0.08879022080240917,0.08879022080240917,FAIL,0.2222970516048579,0.2222970516048579,0.2222970516048579,PASS,0.2109926998463887,0.2109926998463887,0.2109926998463887,PASS,0.4370703299516857,0.4370703299516857,0.4370703299516857,PASS,-1.8831734683856904,-3.3729956071624545,-0.6827675347869431,PASS,2.127652962287603,0.8907064012079748,4.634116813404521,PASS,2.37561161534203,1.64169358958539,3.135471983357683,PASS,-1.2657808576985061,-1.8227005447674356,-0.8696429691368172,PASS,1.2283792828096756,1.0623788572796542,1.3560318883512257,PASS,2.0430035721531263,1.659062621665693,2.3278283685766996,PASS,-1.5722624707630193,-4.2144964126364135,-1.0101745744857995,PASS,1.7478413309152938,0.9201613129263103,2.5595082588201494,PASS,1.9041797832435736,1.2649926210497962,2.289801943311648,PASS,-1.651806814493305,-4.849218998166645,-0.21145785809282872,PASS,1.5413725762409256,0.2533011653152028,2.543175619088044,PASS,1.937534362631601,0.8887389922761073,2.412387281251376,PASS,-0.2062047227259826,-0.26545420982992285,-0.1246965495270986,PASS,0.22699453102352582,0.1080344402560856,0.33920675969652525,PASS,1.5779238856296716,0.9412813836466143,2.5588826572146672,PASS,-1.6567896504250381,-2.332462326682136,-0.7730857322590671,FAIL,1.5104442802719547,0.7076958774779021,3.5013081397946415,PASS,2.1831974437858412,1.723109801493966,2.58236595128371,PASS,0.022637010260214897,0.020688915563417978,0.023899547736666287,FAIL,0.184,0.184,0.184,FAIL,4.499705856397121,3.601110504780048,5.786412715917802,PASS,0.3295580639983826,0.017106619116643657,0.5646802682672792,PASS,0.566227134915948,-0.10709230803138027,0.895873379557798,PASS,0.6954304415676195,-0.052112988914928236,0.9381969496025858,FAIL,0.4938297203152061,0.06786053094318126,0.725885546344604,PASS,0.18369774309417686,-0.24694635725192077,0.5101736897943505,PASS,0.31757326023935234,-0.10672655451244563,0.5957258065743293,PASS,0.16719599926706027,-0.2047674514610716,0.4680780022087084,PASS,0.7021330842440069,0.1800676655785724,0.9477538451394206,PASS,0.47936001921159394,0.06306026091604151,0.7522303285307942,PASS,0.4774393596674231,-0.22289871368391478,0.8071524277819292,PASS,0.4479166666666667,0.3,0.6,FAIL,19.30078096870257,7.605859876464189,33.948900428878616,PASS,-0.1533688111512428,-0.29588677812886466,0.02762116454460229,PASS,0.9998052551313166,0.9997397476343656,0.9998462575456856,FAIL,7940.647777195118,4243.1776935096295,10870.945795730562,3,5,39,49,4,7
L02776,G06,P01,16,true,PASS,0.05437251984126984,0.01375,0.09542658730158729,PASS,4.833884922506696,3.118256340967814,7.425974028699331,FAIL,-0.18492943210653515,-0.326683779068945,-0.04936499374784774,PASS,-0.020215337904996123,-0.021281820392898197,-0.018754942061317045,PASS,-0.0026300267127551515,-0.043046498458215836,0.03362426627689319,PASS,0.6207594902052458,0.619432805793822,0.6221101698889163,PASS,5.0308398437500035,4.9289583333333375,5.167773437500004,PASS,1545.9325448933819,1543.7035044478407,1547.5909984631182,PASS,1.109952039698772,0.56229764133414,1.9511614538575461,PASS,0.29995729910063507,0.15519111016228768,0.4279850734560348,FAIL,3.950076698732757,3.901805239683718,4.0292180395240615,PASS,0.7125040939673406,0.5417869622300288,0.8415503439991294,FAIL,0.6142751479289941,0.6142751479289941,0.6142751479289941,FAIL,0.0015833221189812052,0.0015833221189812052,0.0015833221189812052,PASS,0.08879022080240917,0.08879022080240917,0.08879022080240917,FAIL,0.2222970516048579,0.2222970516048579,0.2222970516048579,PASS,0.2109926998463887,0.2109926998463887,0.2109926998463887,PASS,0.4370703299516857,0.4370703299516857,0.4370703299516857,PASS,-1.9266775877635092,-3.3729956071624545,-0.7389953017015172,PASS,2.2219704402096245,0.8219229202135608,4.98575280661108,PASS,2.135900471118509,1.404714704588657,3.17642213525613,PASS,-1.3024511509349987,-1.9468444811852266,-0.8207197692532852,PASS,1.3154075649718813,1.0790996042495142,1.787267548551095,PASS,2.0889230833547123,1.7906475405953446,2.44061721624883,PASS,-1.9269686543316151,-4.2144964126364135,-1.0048375538711458,PASS,1.876290360942699,0.9458618243014555,3.4983127572192183,PASS,1.9887071918579964,1.1590723806518388,2.3574710984579497,PASS,-1.8604362781921566,-4.849218998166645,-0.19087185457735797,PASS,1.7693171693348178,0.3239397106236251,3.9861467549039986,PASS,2.115696203355542,1.3135873861056253,2.9415618811675888,PASS,-0.19531528233616263,-0.27179615836276205,-0.1220582324590333,PASS,0.21820022010940848,0.10258196899132455,0.3384464876685211,PASS,1.6677265092272668,0.8651159115179615,2.516947487974256,PASS,-1.3410414504559593,-2.3819935653991355,-0.6776707030799487,FAIL,1.6046876360203863,0.5071065012155637,3.602076226389602,PASS,2.0887348274500734,1.5155718328003103,2.530881577232365,PASS,0.022718706476875516,0.020464228075117025,0.024736987551788756,FAIL,0.184,0.184,0.184,FAIL,4.447352472613112,3.7007867567783106,5.379360910318679,PASS,0.31531969752651956,0.02118986204217751,0.614211277397245,PASS,0.5189063184991268,-0.02718082092578153,0.9310950305741178,PASS,0.7656295178011434,0.2578875574515946,0.9529633732167022,PASS,0.44938759599297995,-0.007618061132044655,0.775959511540079,PASS,0.14017306482910316,-0.3497006761740471,0.5406502442487156,PASS,0.2990276803642496,-0.017995339747492296,0.6219442404052532,PASS,0.1565330450138214,-0.21260497677258,0.47072097919915884,PASS,0.6037793333646189,0.14496969055781372,0.9600735856750463,PASS,0.418320816303963,0.008107686438346041,0.7906078854895005,PASS,0.5023187970339765,-0.07978284629496643,0.8232112705679246,PASS,0.37812500000000004,0.1,0.58125,FAIL,20.9324984637829,13.699024587926443,30.081560133855263,PASS,-0.18913083876305115,-0.2797700602249018,-0.052532716562753136,PASS,0.999954534042136,0.9999189757636812,0.9999823506393468,FAIL,8066.829289592681,4266.228825346902,12076.735689692396,4,5,40,49,4,7
L02795,G06,P01,16,true,PASS,0.05171875,0.024444444444444446,0.08354166666666667,FAIL,7.301831795214673,5.9194026715002,8.200613123527,FAIL,-0.14496415664562465,-0.3171452193719855,-0.026950180470505916,PASS,-0.01703318910956566,-0.017635556420279416,-0.01594499784155411,PASS,0.001081138351832417,-0.05615590429990547,0.03726701373905297,PASS,0.6369158944611282,0.6360949112272838,0.6379808251989287,PASS,5.0098893229166706,4.815794270833337,5.110611979166671,PASS,1546.2735828886152,1544.6339934466448,1549.4331123329605,PASS,1.0169931686205522,0.6994721559967071,1.4822462822887719,FAIL,0.2637002209696714,0.20147306682138189,0.33373803244604017,FAIL,3.5187937881558993,3.4454162012790865,3.5879686641608437,PASS,0.3594821508582008,0.27236543424577864,0.42359609507349494,FAIL,0.6142751479289941,0.6142751479289941,0.6142751479289941,FAIL,0.0015833221189812052,0.0015833221189812052,0.0015833221189812052,PASS,0.08879022080240917,0.08879022080240917,0.08879022080240917,FAIL,0.2222970516048579,0.2222970516048579,0.2222970516048579,PASS,0.2109926998463887,0.2109926998463887,0.2109926998463887,PASS,0.4370703299516857,0.4370703299516857,0.4370703299516857,PASS,-1.930861103695273,-4.080347990406885,-0.7970483921157456,PASS,2.1374422405986593,0.8558152712281978,4.98575280661108,PASS,2.1106456753134317,1.1738969958733507,2.7822220944644234,PASS,-1.4185192066105423,-1.9539867143548888,-0.7891429716729967,PASS,1.2424783345773065,1.0902971019001044,1.3342765356260857,PASS,2.0335685637434127,1.6710773281459614,2.3138022984573188,PASS,-1.6658206161834856,-4.2144964126364135,-0.9040589605136952,PASS,1.9115394043094194,1.0342538258687948,3.4983127572192183,PASS,1.898481602470649,1.2040492925504387,2.4822494318438295,PASS,-1.6281281849851417,-4.849218998166645,-0.16161259340820866,PASS,1.7377710484219224,0.26256146756473453,3.9861467549039986,PASS,1.8537041334386686,0.9922038142040002,2.5837068812030046,PASS,-0.201096362913231,-0.2670396969631327,-0.13700340522242244,PASS,0.20782520615636962,0.09038883052388555,0.3406919121520981,PASS,1.3847600222645968,0.9666235348461037,2.4209619091327834,PASS,-1.531316249678029,-2.6979133635391435,-0.5524322629304581,FAIL,1.0430990213574822,0.5263548248749308,1.4693278246659902,PASS,2.114626635642889,1.2942421772322659,2.745773681362844,PASS,0.022726859829559378,0.020923205268830174,0.023859614060723525,FAIL,0.1831875,0.175875,0.184,FAIL,4.55775482564697,3.383562476612725,5.6566281312705025,FAIL,0.3627329388068832,0.05735289752439192,0.6102854141876034,PASS,0.6793248292363059,-0.009487842427873913,0.9132533677122526,PASS,0.8226113354194461,0.2923491063346974,0.9496796925861672,PASS,0.5316304434851018,0.02665679509080216,0.752881984365242,PASS,0.2518986637190129,-0.1934848894756333,0.5271975367919555,PASS,0.37356386915012163,0.02673597314900851,0.6156420841593682,PASS,0.21586139535921012,-0.20271350160035073,0.517143453926324,PASS,0.7516385585544441,0.054430944000416794,0.944708654391774,PASS,0.5557016952017332,0.12045384726425028,0.7612024675487056,PASS,0.5963955130113702,-0.11769547305672709,0.8058717833527299,PASS,0.359375,0.2,0.625,FAIL,43.99155736425609,18.980267750201925,88.29877231416629,PASS,-0.15978506261602557,-0.38278662613828585,-0.028416302034711134,PASS,0.9999768922982322,0.9999724076048934,0.9999804533200383,FAIL,6563.343015035642,3032.6272195299352,9422.255946044346,3,5,38,49,4,7
L02798,G06,P01,16,true,PASS,0.0661607142857143,0.0246875,0.11740575396825398,PASS,6.002139844909374,3.4788596253988056,8.92150655641156,FAIL,-0.10516303149667856,-0.2639713215984395,0.009546351028634215,PASS,-0.04828990164702793,-0.04989660484692079,-0.04717051947064815,PASS,-0.0010294215359398365,-0.015255227789763773,0.014313179181877089,PASS,0.6357405171204927,0.6345462264372473,0.6364041898461837,PASS,5.031425781250004,4.866354166666671,5.142747395833338,PASS,1545.923006851253,1544.1108848249937,1548.610085275476,PASS,1.0698147709965062,0.5148867399958503,2.1737314201460967,PASS,0.2797644535719259,0.16832960053233284,0.3948072892481853,FAIL,3.537291926572902,3.4750443632105315,3.640189651351414,PASS,0.37499877850993696,0.23595274677090328,0.5108948844671664,FAIL,0.6142751479289941,0.6142751479289941,0.6142751479289941,FAIL,0.0015833221189812052,0.0015833221189812052,0.0015833221189812052,PASS,0.08879022080240917,0.08879022080240917,0.08879022080240917,FAIL,0.2222970516048579,0.2222970516048579,0.2222970516048579,PASS,0.2109926998463887,0.2109926998463887,0.2109926998463887,PASS,0.4370703299516857,0.4370703299516857,0.4370703299516857,PASS,-1.848338833506358,-3.3729956071624545,-0.7159761837671492,PASS,2.61149809996767,0.7771516076401261,4.98575280661108,PASS,1.994311151340137,0.8905761205691176,2.870598093980242,PASS,-1.3557458594603642,-1.953055118724063,-0.868862112641642,PASS,1.1968609226159121,0.7579771179745431,1.4491169353267503,PASS,2.046275150881045,1.8408951697927185,2.3426036636711047,PASS,-1.9103178813109005,-4.2144964126364135,-0.7490912553340074,PASS,1.9546634331354613,0.8228969384264739,3.4983127572192183,PASS,1.9688036161816402,1.1700168468208108,2.4592082191458102,PASS,-1.8580177294704772,-4.849218998166645,-0.17492498627300618,PASS,1.6668255761873225,0.2532704894771983,3.9861467549039986,PASS,1.7221951245781375,0.3045783689853977,2.2789540488130298,PASS,-0.19813512433661634,-0.268681127898213,-0.107097464865226,PASS,0.20054393788422167,0.09788551662052275,0.3333780074818268,PASS,1.5457399816178827,0.888479610968971,2.6982077999021157,PASS,-1.3389275183588594,-2.265790880337889,-0.8039553258395337,FAIL,1.6930370548308962,0.6206717426757568,5.972030123790899,PASS,2.124698572750434,1.685268195736747,3.123074380538268,PASS,0.022861864229522022,0.021396918955344655,0.023945603614406043,FAIL,0.1831875,0.175875,0.184,FAIL,4.715664349826244,3.522415341180557,6.1583265569526535,FAIL,0.3736527779427135,0.09608947326320018,0.6454948607168832,PASS,0.49628476545617617,-0.20551201886732035,0.9301756090825157,PASS,0.6623140217141742,-0.0652836366815325,0.9524486626078847,PASS,0.44835334600049587,-0.10919884975364967,0.755503770854668,PASS,0.2029220816309859,-0.22216409253404729,0.6048845364103451,PASS,0.32179631182032464,-0.053975092067965656,0.654924816237632,PASS,0.14231722896077792,-0.26317928759180154,0.4695903135992723,PASS,0.619573150950534,0.006410861431817998,0.9635576696713071,PASS,0.4842002629249132,0.1258535179077273,0.7541889736893885,PASS,0.4289531415931647,-0.2424708016021448,0.8036744522577821,PASS,0.38593750000000004,0.2,0.6625,FAIL,19.56776504377743,5.795848969315401,33.12578668227489,PASS,-0.1131162793643348,-0.2880252560354778,0.037096210714733624,PASS,0.9998059754670788,0.9997571215213753,0.9998345729485061,FAIL,7624.030200656282,3961.924515307858,12492.046206337121,4,5,39,49,4,7
L02801,G06,P01,16,true,PASS,0.056753472222222226,0.024444444444444446,0.09520833333333333,FAIL,8.917260779319317,5.8539049826692,11.197653796928618,FAIL,-0.17569505124882948,-0.27190433321589175,-0.00743792643764311,PASS,-0.030536083889022958,-0.03169099318144928,-0.02976896505166725,PASS,-0.000460413202968252,-0.016683275813070976,0.033099850222751734,PASS,0.6345346716662005,0.6331164757051815,0.6357975230123927,PASS,4.98463541666667,4.799309895833337,5.13553385416667,PASS,1546.6846725043742,1544.2283087214262,1549.7014492515223,PASS,0.9631440893218274,0.510510755969495,1.7475359500771628,PASS,0.2759666980702404,0.13118901171875236,0.4761187891971712,FAIL,3.5559308802718386,3.51230170818172,3.6179124291079883,PASS,0.42396376677824343,0.3249772000715789,0.5249015837704997,FAIL,0.6142751479289941,0.6142751479289941,0.6142751479289941,FAIL,0.0015833221189812052,0.0015833221189812052,0.0015833221189812052,PASS,0.08879022080240917,0.08879022080240917,0.08879022080240917,FAIL,0.2222970516048579,0.2222970516048579,0.2222970516048579,PASS,0.2109926998463887,0.2109926998463887,0.2109926998463887,PASS,0.4370703299516857,0.4370703299516857,0.4370703299516857,PASS,-1.626192538311638,-2.995741002765425,-0.77262156865965,PASS,2.26431844340859,0.8538182607859811,4.868540808875561,PASS,2.0951884970471157,1.4589996166601347,2.7455459140652017,PASS,-1.3095643972657578,-1.9539867143548888,-0.9256371435184317,PASS,1.2611756272207524,1.0622843845692351,1.4743128711859397,PASS,2.0788306325263735,1.8275732703700571,2.3093806384122564,PASS,-1.4028496343941232,-3.1931901888955148,-1.0082684956948518,PASS,1.7814464588172552,1.1736578489449156,3.185377924419529,PASS,1.8378611188943361,1.0994253241302145,2.37548409222342,PASS,-1.1228081781452683,-3.964934244327602,-0.21174382821360702,PASS,1.6463207152852974,0.3241553829959997,3.5051563762986806,PASS,2.0470587427275877,0.8866826618389023,2.9250154862746545,PASS,-0.20568293705712584,-0.2663296396619657,-0.12089881089501416,PASS,0.2353078844863647,0.10157574865401268,0.3354053995565045,PASS,1.6118546280359802,1.020015612892483,2.405479620628194,PASS,-1.2093341170703604,-2.1944037163731034,-0.6288233829595734,FAIL,1.183663420609963,0.5062533358152121,2.823554244168833,PASS,2.005693895972517,1.2090267107820374,2.414846786097001,PASS,0.022488644116449,0.02085292616963475,0.023651187574377747,FAIL,0.1831875,0.175875,0.184,FAIL,4.972277144718674,3.831152760646275,6.058113541665323,FAIL,0.3290196280720703,0.08568750515344695,0.5869140565145913,PASS,0.6413347447472295,0.1260810030073198,0.892030122530645,FAIL,0.8323479665565539,0.5543883415095336,0.9352237787635103,FAIL,0.4762563754274922,0.12968228567193787,0.7163857342639504,PASS,0.15888087598707712,-0.27278867382318,0.5597638919717826,PASS,0.3278910395583015,0.03574033707998575,0.6352460541736517,PASS,0.17909937398471182,-0.09698017187495123,0.5129255482113868,PASS,0.7401819614106548,0.2547971792198887,0.9379362589670162,PASS,0.4151297615133922,-0.08106747553465785,0.7120838465371075,PASS,0.5243917513200071,0.1081896188808206,0.7961084615098702,PASS,0.37812500000000004,0.2,0.6625,FAIL,31.999376506991638,12.705088272046355,60.538042186754424,PASS,-0.16758025358565892,-0.2537601894973391,0.03204614527763081,PASS,0.9999041345468553,0.9998430111907266,0.9999290908166768,FAIL,7168.732686341156,4987.350394412681,9406.485184549305,3,5,37,49,4,7
L02814,G06,P01,16,true,PASS,0.07193452380952381,0.04041666666666667,0.13615575396825397,PASS,5.5995823043189485,3.884408044999928,9.716810479430073,FAIL,-0.11185642617943892,-0.2805832110863039,-0.00314642888100558,PASS,-0.05377213339432311,-0.05832541260972923,-0.051027779549045416,PASS,-0.015407459078139034,-0.08829018196880004,0.020085902239481243,PASS,0.6341550849128275,0.6330217949079019,0.6363851947951984,PASS,5.007864583333337,4.93830729166667,5.094583333333337,PASS,1546.3065421230833,1544.8949118879952,1547.4388137020383,PASS,1.0369462417263766,0.5048025779336868,1.6091863965292248,PASS,0.2749914965959154,0.1627568254429068,0.4552180310049076,FAIL,3.5698853081903885,3.482304367659639,3.6387558013129633,PASS,0.46403243874892075,0.3257284168854364,0.5903305897938592,FAIL,0.6142751479289941,0.6142751479289941,0.6142751479289941,FAIL,0.0015833221189812052,0.0015833221189812052,0.0015833221189812052,PASS,0.08879022080240917,0.08879022080240917,0.08879022080240917,FAIL,0.2222970516048579,0.2222970516048579,0.2222970516048579,PASS,0.2109926998463887,0.2109926998463887,0.2109926998463887,PASS,0.4370703299516857,0.4370703299516857,0.4370703299516857,PASS,-1.8836067246320969,-2.995741002765425,-0.7536054386980877,PASS,2.020415775897314,0.9649169235877276,3.9453165528868266,PASS,2.1123725906273294,1.0728147846011291,2.525112915474953,PASS,-1.2686054697689078,-1.5744126719318536,-0.8837962664873721,PASS,1.2017885529194527,1.0792696551282683,1.379303150095107,PASS,2.0293454045841237,1.803593432357824,2.3942850568017096,PASS,-1.2858049467389616,-1.8047725240567631,-0.9708292950788048,PASS,1.7016811116189108,0.8088070759709287,2.385655573931433,PASS,1.8354504121358421,1.242621580314155,2.216145317799765,PASS,-1.4035233339346034,-2.5416759878975728,-0.25077371419870653,PASS,1.5992454328438361,0.3418655127767495,2.2759587420850895,PASS,2.001031863865547,0.7435678709833434,2.7882084861918655,PASS,-0.21362084692279612,-0.2684148564102754,-0.14968085215658275,PASS,0.23866997818745425,0.15603380112762258,0.33464512752850034,PASS,1.4287949820537256,1.0153798422858205,2.1067223396267405,PASS,-1.4248498044700026,-2.533219190417419,-0.6519965413948395,FAIL,1.139118963262065,0.6108574569913054,1.9312446354372235,PASS,1.8590333175600735,1.3821201454564307,2.459377179043109,PASS,0.022601621339336596,0.02129745402037289,0.023467216492416128,FAIL,0.1831875,0.175875,0.184,FAIL,4.547571742080816,3.750066267794705,5.687623234774638,FAIL,0.3545958505683191,0.057244281769975223,0.5427567376321021,PASS,0.7087248474111609,0.08780301610327229,0.891426198372628,FAIL,0.8639956788193568,0.6404915364146593,0.9343099335983348,FAIL,0.5225095603098358,0.11430615093744878,0.7013302314031135,PASS,0.2467074776801934,-0.20711848895621585,0.4882372185160021,PASS,0.3899968463219128,0.0835282252760868,0.5450195288865898,PASS,0.2108495814442679,-0.1311936138199134,0.3998966466020985,PASS,0.7757497658587348,0.12408716583703247,0.935571855146835,PASS,0.5121784171098582,-0.054580403502094144,0.7072784173359277,FAIL,0.6130805132779287,0.1718638711798343,0.7685596023712272,PASS,0.446875,0.3,0.69375,FAIL,25.36656959287591,6.474259064503045,66.90993171340486,PASS,-0.14274555668296593,-0.3189387227918942,-0.011553859728254227,PASS,0.9997924655546357,0.9997501762824478,0.9998270623277868,FAIL,7899.9814914744,5512.9962566693475,12623.17147429675,4,5,36,49,4,7
L02817,G06,P01,16,true,PASS,0.05548611111111111,0.030000000000000006,0.0813888888888889,FAIL,6.619558961162939,5.432401696547886,8.494955181954897,FAIL,-0.13687385333424668,-0.28301553590701467,0.0031051146306111804,PASS,-0.02684316682376739,-0.027653064184784387,-0.025495652647706174,PASS,0.0030264322940635113,-0.015114988448436378,0.032211730110633954,PASS,0.6314519476211232,0.6299038874552764,0.6327619405884036,PASS,4.992128906250004,4.889661458333338,5.078281250000003,PASS,1546.562691543369,1545.1602814156727,1548.2306831552348,PASS,0.8688509049312284,0.6259050213520664,1.306105822131288,PASS,0.26633949893865283,0.1645087447419132,0.38933009271308494,FAIL,3.646191702736823,3.565503017819576,3.7388213523362746,PASS,0.5647081619245562,0.4107707304455513,0.6840985277742457,FAIL,0.6142751479289941,0.6142751479289941,0.6142751479289941,FAIL,0.0015833221189812052,0.0015833221189812052,0.0015833221189812052,PASS,0.08879022080240917,0.08879022080240917,0.08879022080240917,FAIL,0.2222970516048579,0.2222970516048579,0.2222970516048579,PASS,0.2109926998463887,0.2109926998463887,0.2109926998463887,PASS,0.4370703299516857,0.4370703299516857,0.4370703299516857,PASS,-2.360255758422661,-4.080347990406885,-0.9230718123846748,PASS,3.2951760266048353,1.0821477286742907,4.98575280661108,PASS,2.4695249062227176,1.9198731909662812,2.866965963064269,PASS,-1.293032949605795,-1.8227005447674356,-0.8721642459413295,PASS,1.2467293342064645,1.0792696551282683,1.3932659071414357,PASS,2.0755010540251053,1.7609215150796476,2.375074161473822,PASS,-2.002356966379968,-4.2144964126364135,-1.1515499650443555,PASS,2.3251241834552543,1.3700302430623226,3.4983127572192183,PASS,1.983890431365043,1.3079803436645356,2.4484608989427405,PASS,-2.372324889202716,-4.849218998166645,-0.45321845724394755,FAIL,2.5081030856863586,1.448811969733788,3.9861467549039986,PASS,2.0794566608373004,1.6998475453166944,2.576901956932451,PASS,-0.22329664191855497,-0.26677342547519506,-0.14293268476833124,PASS,0.22286764230767686,0.13758264096017292,0.31899936145910385,PASS,1.3522670472059592,0.9377667450750943,2.1195928597023395,PASS,-1.0797284760420627,-1.8545159373631541,-0.7365598296444791,FAIL,1.0304682681920436,0.5605940201077102,1.8045870732479659,PASS,1.8739340750082603,1.1822218097470047,2.4291790862123763,PASS,0.022683540584531817,0.020384626967408892,0.02451767972871614,FAIL,0.184,0.184,0.184,FAIL,4.4132457657069555,3.709550219628511,5.4017857129688425,FAIL,0.4111391617923239,0.15543390170022126,0.6274124171530255,FAIL,0.8011636175822165,0.5693422985471598,0.9242338801254366,FAIL,0.8991736787312007,0.8144483018855432,0.9515071393790654,FAIL,0.5645341447752001,0.19667334797398603,0.7170638411522187,PASS,0.3341705247385557,0.013401095274142067,0.5960894146195598,PASS,0.4567750103335929,0.1940623432782498,0.666477615875274,PASS,0.30619632904762895,-0.014584306564744125,0.5325348430361148,FAIL,0.8718180134402653,0.6854402562864736,0.9576009006967303,PASS,0.550426038095474,0.015616150902573173,0.7394928067344616,FAIL,0.6593314048574757,0.22000095173053624,0.802230157779571,PASS,0.3729166666666667,0.125,0.6,FAIL,23.096189093691148,10.093276603929239,32.88571996563573,PASS,-0.18199121375959765,-0.34153883728532736,-0.020656047968287225,PASS,0.999925824181134,0.9998868455089865,0.9999403294494011,FAIL,7856.68315309949,5066.984023501542,11073.763529290307,3,5,33,49,4,7
L02838,G06,P01,16,true,PASS,0.06315724206349206,0.03375,0.1071626984126984,FAIL,5.933705828054712,5.002875303485485,6.761488272338238,FAIL,-0.13426216734709567,-0.29698806748243584,-0.007618219903530782,PASS,-0.022164998099599154,-0.022945254823464767,-0.020955472786580255,PASS,-0.004559887214314534,-0.03788717027851969,0.03104539730146532,PASS,0.6200985208390989,0.61906353623653,0.6215405241017017,PASS,4.982109375000004,4.838958333333338,5.11334635416667,PASS,1546.7257920637746,1544.5894825833764,1549.0560417341283,PASS,0.8758752991074686,0.5526128932329742,1.5105566515968678,PASS,0.2794568243329702,0.12782400647436545,0.42515650166834684,FAIL,3.9572551840585204,3.8459659644822133,4.0445482110757585,PASS,0.7375413419663948,0.6299495619600611,0.8753663215049619,FAIL,0.6142751479289941,0.6142751479289941,0.6142751479289941,FAIL,0.0015833221189812052,0.0015833221189812052,0.0015833221189812052,PASS,0.08879022080240917,0.08879022080240917,0.08879022080240917,FAIL,0.2222970516048579,0.2222970516048579,0.2222970516048579,PASS,0.2109926998463887,0.2109926998463887,0.2109926998463887,PASS,0.4370703299516857,0.4370703299516857,0.4370703299516857,PASS,-1.791281148915436,-2.995741002765425,-0.7009482435198954,PASS,1.9626025607653643,0.8729519620908003,4.205787658965759,PASS,2.1813293857959657,0.8834447924583066,3.3652445900801795,PASS,-1.4588014026796086,-1.953055118724063,-0.9750598984243394,PASS,1.2198564235095133,1.062114333690481,1.3932659071414355,PASS,2.051545361155892,1.6836597516192149,2.417394908212287,PASS,-1.4650114904907425,-3.44851674483074,-1.0101745744857995,PASS,1.722365399568635,0.9260004337893881,3.081066313486299,PASS,1.9026175831453565,1.1732456515328245,2.3847083771428697,PASS,-1.3955282108198621,-4.186005432787363,-0.22086740911205,PASS,1.5625310288158412,0.3210875033610414,3.344826250096908,PASS,1.9509579605448635,0.5050842308798733,2.6023052266886366,PASS,-0.21218892075732987,-0.26974621384996345,-0.1322290004309561,PASS,0.23350525470030445,0.09788551662052275,0.3451473695188167,PASS,1.4426965670891816,0.964813641607966,2.2403513865567577,PASS,-1.2339722082869633,-2.404177896873953,-0.6196368980978563,FAIL,1.0561315302986891,0.6539535615902994,1.8127835900953353,PASS,1.9407481442509547,1.2024368951603066,2.7555952375906525,PASS,0.02256129366774881,0.02126280362974871,0.023743919422668982,FAIL,0.182375,0.1734375,0.184,FAIL,4.542268265244791,3.7983324731954133,5.32017201676028,PASS,0.3517562985849714,-0.03431985702039053,0.5267708097650672,PASS,0.6634036071150349,-0.05343799848846631,0.8993240406873775,PASS,0.8123817675624377,0.1696249298736188,0.9424015067811963,PASS,0.5185942831894244,-0.009033749540757897,0.7573435945162191,PASS,0.20454355791749235,-0.3043013339320886,0.4636208530138669,PASS,0.36049754367602993,0.011755557216469807,0.5591965856171119,PASS,0.2046014032402223,-0.1892732649432156,0.4350843068481607,PASS,0.7352392353562972,0.1711591862092255,0.9380958383012371,PASS,0.49436888652277305,-0.14125650982649918,0.7566838299340392,PASS,0.590078228699977,-0.08414166931995595,0.8150619569505114,PASS,0.37604166666666666,0.1375,0.6625,FAIL,20.212807449553697,13.873117575794302,31.634919502063106,PASS,-0.16485760909793773,-0.35202331052604424,0.020206554751415962,PASS,0.999958625703991,0.99994146183946,0.9999694964889632,FAIL,8271.115798794906,6335.35071347338,10491.405998665861,3,5,40,49,4,7
L02844,G06,P01,16,true,PASS,0.05784722222222222,0.020416666666666666,0.10569444444444444,FAIL,6.524671574619661,5.1215637804128376,7.867078639275428,FAIL,-0.07018848160812005,-0.20516390472798454,0.11968525333013139,PASS,-0.0635279509037327,-0.06880128293387464,-0.06077327428501552,PASS,0.0015844240583312813,-0.039072550347223574,0.0422039940334709,PASS,0.6366288036443083,0.6359783553592312,0.6372991112244573,PASS,4.996998697916672,4.877643229166671,5.106119791666671,PASS,1546.4834198154526,1544.7071184363006,1548.4263189971246,PASS,0.9261287055350775,0.5895049726214621,1.5685528482268236,PASS,0.30072326571889646,0.18962742443189098,0.4914743884941988,FAIL,3.5249038998311404,3.4334123370623817,3.5805030005385547,PASS,0.33736629456088285,0.21804748322360046,0.42000371172924583,FAIL,0.6142751479289941,0.6142751479289941,0.6142751479289941,FAIL,0.0015833221189812052,0.0015833221189812052,0.0015833221189812052,PASS,0.08879022080240917,0.08879022080240917,0.08879022080240917,FAIL,0.2222970516048579,0.2222970516048579,0.2222970516048579,PASS,0.2109926998463887,0.2109926998463887,0.2109926998463887,PASS,0.4370703299516857,0.4370703299516857,0.4370703299516857,PASS,-1.6441493077771698,-4.504759420353543,-0.7404333101901082,PASS,1.6085731222601503,0.8558152712281978,4.98575280661108,PASS,1.8673078510017813,1.081911887492286,2.745887867550404,PASS,-1.269510649978203,-1.9483971405699356,-0.8266744376695092,PASS,1.242056791575762,1.090410469152607,1.379303150095107,PASS,2.1172070870678787,1.846222897911309,2.352432531453331,PASS,-1.4573590683123885,-3.44851674483074,-1.0048375538711458,PASS,1.602383150932138,1.0671141251948992,3.4983127572192183,PASS,1.799558219019703,1.1073530390121948,2.283123192678571,PASS,-0.9429611566559608,-4.186005432787363,-0.20453464725907747,PASS,1.3757432669624774,0.286764387432459,3.9861467549039986,PASS,1.7985536579084895,0.665741398669567,2.721262063186215,PASS,-0.17671802232906225,-0.26600135347494963,-0.10850698770245622,PASS,0.20550530510912368,0.08659811391811874,0.3134310729636533,PASS,1.6425638938210878,1.0755709867101475,2.7359764749105433,PASS,-1.2979724487034447,-2.3710943798942083,-0.6655639698399906,FAIL,1.1935506607053048,0.588018821346491,2.8413836268733728,PASS,1.9852003114595616,1.2990656314066362,2.511473397891624,PASS,0.02245664709090248,0.021099278050440165,0.023784197872878374,FAIL,0.1831875,0.175875,0.184,FAIL,4.607380159555377,3.657589613564135,5.835751848139093,PASS,0.3121914133373487,0.0064635606096950255,0.553249825049982,PASS,0.5534701140613887,-0.15912326950377226,0.8928279762617413,PASS,0.7348740941979044,-0.06739831013909585,0.9387719310922737,FAIL,0.5252033458606646,0.23971953449147887,0.7417748826499069,PASS,0.14373908869049506,-0.282520752344107,0.5064200814017541,PASS,0.2825937818313893,-0.10869386996660292,0.6116337473953256,PASS,0.16980504013949219,-0.16760767602805424,0.5302638830725461,PASS,0.6810955800128435,0.17100279558640374,0.9371619453314197,PASS,0.49862843945006213,-0.01820050203964718,0.7355107244435035,PASS,0.5215801253126041,-0.18219080645787555,0.7929664010038681,PASS,0.3875,0.2,0.53125,FAIL,32.50764282073858,9.518953310313627,57.78491118539569,PASS,-0.12861990705493054,-0.26864816380230544,0.10874141892373979,PASS,0.9996401823069456,0.9994974449870332,0.9997148154478537,FAIL,5945.257782098074,3253.378572351239,8791.474323457755,3,5,39,49,4,7
L02871,G06,P01,16,true,PASS,0.05610863095238095,0.028194444444444446,0.08017857142857142,PASS,7.06128444783773,4.514941922310007,9.090898734592377,FAIL,-0.1724265455988639,-0.38996145794299386,-0.001596873842997306,PASS,-0.04249399399888845,-0.04687780881471895,-0.04021024328058097,PASS,-0.004388615431010797,-0.046581511287623875,0.017856121858724802,PASS,0.6358723890173555,0.6341183824758954,0.6369676338630255,PASS,5.021328125000004,4.883320312500004,5.148085937500003,PASS,1546.0873791106087,1544.0239826633742,1548.3339059667194,PASS,1.1210478370206156,0.758009908979515,1.7696329091294358,PASS,0.29208513301134953,0.10588599055045936,0.5267654611197446,FAIL,3.5334265229954287,3.4556123818824114,3.658560033849659,PASS,0.3807589958368498,0.23943968839040675,0.5522089100326525,FAIL,0.6142751479289941,0.6142751479289941,0.6142751479289941,FAIL,0.0015833221189812052,0.0015833221189812052,0.0015833221189812052,PASS,0.08879022080240917,0.08879022080240917,0.08879022080240917,FAIL,0.2222970516048579,0.2222970516048579,0.2222970516048579,PASS,0.2109926998463887,0.2109926998463887,0.2109926998463887,PASS,0.4370703299516857,0.4370703299516857,0.4370703299516857,PASS,-1.7689518004872078,-3.3729956071624545,-0.706542877329506,PASS,2.2106844660868905,0.8558152712281978,4.98575280661108,PASS,2.2369882397428484,1.4718718893688325,3.1268232520655155,PASS,-1.2246030142668847,-1.6157939840711173,-0.8937207138477454,PASS,1.2433292100286848,1.0171784682612794,1.4743128711859397,PASS,2.057249136853232,1.6109495732418553,2.43822813590558,PASS,-1.6472409318679175,-4.2144964126364135,-0.9834111045840502,PASS,1.780209252691571,0.7097733545530935,3.4983127572192183,PASS,1.9758847740679215,1.1121440322522138,2.4597647818472828,PASS,-1.4040134819698875,-4.849218998166645,-0.20617515465867942,PASS,1.8365589228546768,0.28270333875279813,3.9861467549039986,PASS,2.1442423307356178,1.6812354519762338,2.8171921884510316,PASS,-0.20191535862448012,-0.268681127898213,-0.1386127483761283,PASS,0.2177047790026021,0.10786708130949124,0.33920675969652525,PASS,1.61244185533784,0.9340340333139794,2.337712681264905,PASS,-1.4630007700944228,-2.4009192124614556,-0.6740075174641422,FAIL,1.3072221462946385,0.6885260346457426,2.730052494825575,PASS,1.9734494894510153,1.4321332812734329,2.483326503419147,PASS,0.022988603354311472,0.022096815600844658,0.023919655796298345,FAIL,0.18278125,0.1734375,0.184,FAIL,4.571398210156739,3.6748478362898,5.501108941817512,PASS,0.2998941389690677,-0.050553212070012406,0.6140765194116535,PASS,0.5093472989715677,-0.1722811833619035,0.9156771634839516,PASS,0.7361860980355011,0.0438306912463661,0.9429198981611898,PASS,0.4141246143366155,-0.03178491784278437,0.7107016273476224,PASS,0.14720276446745295,-0.34818535459622263,0.5758382825940204,PASS,0.3048564127305642,0.01925054282108948,0.6618181492261094,PASS,0.13170176970876163,-0.24584845160081203,0.573491160259538,PASS,0.5810579021062807,0.09035973927463442,0.9503874797615814,PASS,0.38830485011256244,-0.1433530851789659,0.7423371724788218,PASS,0.47469786234051004,-0.18071973101138172,0.795553425930925,PASS,0.3416666666666667,0.225,0.5,FAIL,31.961296265788178,14.687860986767422,75.17068296546145,PASS,-0.198464894706673,-0.4074118458736949,0.03479819519027932,PASS,0.9998392363761124,0.9997774761084081,0.9998820763735653,FAIL,6705.176578075581,3609.1115479109103,11436.400233094784,4,5,40,49,4,7
L02934,G06,P01,16,true,PASS,0.06726438492063493,0.021666666666666667,0.09725694444444444,PASS,5.642626294228673,2.752866504331926,7.478330667683856,FAIL,-0.06758294618623364,-0.20152165627995156,0.060524113994060366,PASS,-0.039275249822678,-0.04244342881440514,-0.038003578358281304,PASS,-0.005921568076711917,-0.0539138136158633,0.014313258952912949,PASS,0.6362178481559936,0.6349457076021658,0.6372648530733499,PASS,4.98594401041667,4.90541666666667,5.107695312500004,PASS,1546.6633708769527,1544.681471700798,1547.9742158002114,PASS,0.927377699848663,0.5169487300601624,1.5426828260929313,PASS,0.34284866338882725,0.19585799363120338,0.5483599770611514,FAIL,3.5165853974654597,3.368834621956101,3.6051402386419746,PASS,0.3786743766990929,0.22964235329330673,0.4879457366825301,FAIL,0.6142751479289941,0.6142751479289941,0.6142751479289941,FAIL,0.0015833221189812052,0.0015833221189812052,0.0015833221189812052,PASS,0.08879022080240917,0.08879022080240917,0.08879022080240917,FAIL,0.2222970516048579,0.2222970516048579,0.2222970516048579,PASS,0.2109926998463887,0.2109926998463887,0.2109926998463887,PASS,0.4370703299516857,0.4370703299516857,0.4370703299516857,PASS,-1.7414698255485406,-2.995741002765425,-0.6983598282404316,PASS,2.117817345221854,0.8626139282351838,4.98575280661108,PASS,2.0835709016650057,1.0604273874197354,2.7283515714639712,PASS,-1.4974321901554761,-1.9493287362007612,-0.812727478659156,PASS,1.2832730430488282,1.0790996042495142,1.3932659071414355,PASS,2.17245686153212,1.873086116000092,2.500614276949933,PASS,-1.5471160463845832,-4.2144964126364135,-0.6936358846867983,PASS,1.9998263319910043,1.1954297624250645,3.4983127572192183,PASS,1.915928904154535,1.3160608149227517,2.3526742110910366,PASS,-1.4954968236511046,-4.849218998166645,-0.17809460833349577,PASS,1.6822397696112419,0.28995497041943513,3.9861467549039986,PASS,1.9685924495664808,0.8620240567443992,2.8106713487436514,PASS,-0.20187144503890397,-0.26545420982992285,-0.13912698920035893,PASS,0.17230897226282438,0.08660408279779862,0.25326920442505674,PASS,1.3166118700237568,0.8721311839271277,2.5231845933346913,PASS,-1.51648330898798,-2.3212584815311623,-0.6491922586937819,PASS,1.0141494544493574,0.41405538278738196,1.5583457244536754,PASS,2.075738814773622,1.6699472932687418,2.5293250085170653,PASS,0.022698434428747485,0.02130971579912547,0.02397028906560316,FAIL,0.1831875,0.175875,0.184,FAIL,4.727399168387553,3.5509811449068387,6.026131010718528,FAIL,0.4022299869806082,0.1406529909787855,0.5528231582797987,PASS,0.7367773155141377,-0.00582254565795616,0.8990305810915954,PASS,0.8405460511206376,0.21028583710135312,0.9435770102724197,FAIL,0.6009549257835374,0.16322277028481239,0.7352810229763094,PASS,0.2750842210064254,-0.17440642055427208,0.4457731172509599,PASS,0.38568781893747045,-0.04606663808224393,0.5282123761871359,PASS,0.257220411394568,-0.10524792744028205,0.4290896766246251,PASS,0.8309600732735314,0.29041870727270697,0.9436309173885875,PASS,0.5897455059651021,-0.022018053624227596,0.745524407149747,PASS,0.6491716764997306,-0.03445931213040357,0.8051542469830532,PASS,0.41041666666666665,0.1375,0.58125,FAIL,23.59146695266095,12.862915477151851,35.238922828137845,PASS,-0.12473361447756151,-0.25525163980251764,0.018424476176171486,PASS,0.9998724476463596,0.9998267020875279,0.9998903273099184,FAIL,7205.232555804347,4397.523650497771,9319.053772881403,4,5,39,49,4,7
L02939,G06,P01,16,true,PASS,0.06194444444444444,0.04,0.10680555555555556,FAIL,7.962959921288833,6.145769704593161,9.568318126283131,FAIL,-0.11856752776397686,-0.26694327383551664,0.07169744303344945,PASS,-0.02526470887247028,-0.026368867626041737,-0.02431819157530574,PASS,-0.004676295289276508,-0.03778742813880869,0.01509372406588607,PASS,0.6358801674619909,0.6345843405338334,0.6365883523947984,PASS,5.030338541666671,4.940585937500004,5.1213411458333375,PASS,1545.9407052183142,1544.4593412974389,1547.4017213159811,PASS,0.9121923369280162,0.5501988382950896,1.6525372432292014,PASS,0.3008088912565253,0.15458257819569396,0.500633426626733,FAIL,3.5413551558111513,3.4804624586561657,3.606104464818446,PASS,0.40083208375750506,0.3068293074758538,0.5071312931207398,FAIL,0.6142751479289941,0.6142751479289941,0.6142751479289941,FAIL,0.0015833221189812052,0.0015833221189812052,0.0015833221189812052,PASS,0.08879022080240917,0.08879022080240917,0.08879022080240917,FAIL,0.2222970516048579,0.2222970516048579,0.2222970516048579,PASS,0.2109926998463887,0.2109926998463887,0.2109926998463887,PASS,0.4370703299516857,0.4370703299516857,0.4370703299516857,PASS,-1.803153196095154,-3.3729956071624545,-0.7364068864220535,PASS,2.435998494168389,0.8558152712281978,4.98575280661108,PASS,1.9599110952525538,0.9515806086850745,2.868095952746082,PASS,-1.4427258251104487,-1.9483971405699356,-0.9345743960434284,PASS,1.2370236819844962,0.7873128032894106,1.379303150095107,PASS,2.1254875498683714,1.883852753298233,2.4111496856097063,PASS,-1.9311349732566163,-4.2144964126364135,-0.9934413502185572,PASS,2.0387573375852495,0.905633084963615,3.4983127572192183,PASS,1.8785832324664211,0.9851606341781772,2.438111050564044,PASS,-1.7774216710727309,-4.849218998166645,-0.19185615901711914,PASS,1.7675680416829587,0.2898322670674174,3.9861467549039986,PASS,1.7836058013938976,0.41966078984634236,2.776522563646507,PASS,-0.21245984616515773,-0.27099734389894925,-0.12022717056204646,PASS,0.1829523504682664,0.11762825427453602,0.2761105861740397,PASS,1.3558384564998849,0.8673947090810064,2.2067055570737795,PASS,-1.1067173270996595,-2.0445820304765543,-0.6332676484814698,FAIL,1.1078402780677132,0.5938707178480082,2.549841877232323,PASS,1.8775389684162134,1.2467155248521882,2.169468658602018,PASS,0.022249116347961978,0.02120042687951673,0.02305915038042964,FAIL,0.184,0.184,0.184,FAIL,4.417413577401281,3.7115347733264827,4.8830010119069645,FAIL,0.4142676849278304,0.09704708805643786,0.6201296936836582,PASS,0.6937882091632572,-0.05703895348964983,0.9241178979503631,PASS,0.8335339236263943,0.29281422980785626,0.9527479691414322,PASS,0.5573995559485695,-0.0654195294994003,0.7676843420714553,PASS,0.2584602786492818,-0.2371711478872466,0.5544283253439743,PASS,0.39097032448535346,0.029600751857976323,0.6445317187682518,PASS,0.23119368040186186,-0.1831711390449322,0.5397182984642651,PASS,0.7761461713724281,0.12336718413130385,0.9588196275263446,PASS,0.5656625471664258,0.002822976754410735,0.7727157898882238,PASS,0.6200853203430321,-0.044160870667360116,0.8185212060434861,PASS,0.39687500000000003,0.2,0.5625,FAIL,35.22945325222423,22.29188121064974,53.99137340255808,PASS,-0.0875316242641096,-0.24096201310040674,0.17715924725403667,PASS,0.99994057804667,0.9999330096551625,0.9999476339392734,FAIL,7512.8468327831315,4655.580382148216,9968.06164022051,3,5,39,49,4,7
L02941,G06,P01,16,true,PASS,0.05248263888888889,0.02,0.08815972222222222,PASS,6.530966376979922,4.664146195883145,8.36336381450386,FAIL,-0.15756973426594295,-0.3034727822991228,0.050804305936597134,PASS,-0.01778461637642927,-0.019026785562627428,-0.014170369545866889,PASS,-0.0027977514996269173,-0.03138740726320967,0.013607125108870676,PASS,0.6266728821142802,0.6248706856110536,0.6283483730253806,PASS,5.0401171875000035,4.871992187500004,5.140520833333337,PASS,1545.7815258930063,1544.1471293850839,1548.5183081145462,PASS,0.9205965358355781,0.6629764146850055,1.658884103239501,PASS,0.35700368567568913,0.23202446941193222,0.4825536567334687,FAIL,3.775707797079466,3.6360323746710943,3.899885667823084,PASS,0.6969588408946819,0.5864971389108393,0.8197199504807532,FAIL,0.6142751479289941,0.6142751479289941,0.6142751479289941,FAIL,0.0015833221189812052,0.0015833221189812052,0.0015833221189812052,PASS,0.08879022080240917,0.08879022080240917,0.08879022080240917,FAIL,0.2222970516048579,0.2222970516048579,0.2222970516048579,PASS,0.2109926998463887,0.2109926998463887,0.2109926998463887,PASS,0.4370703299516857,0.4370703299516857,0.4370703299516857,PASS,-1.473242986694374,-2.995741002765425,-0.7351184483647841,PASS,2.0627722302280946,0.8490254357246612,4.98575280661108,PASS,2.1146345781794755,1.0907302995516361,2.8187213824912707,PASS,-1.2616314552710777,-1.9468444811852266,-0.8557487428322944,PASS,1.2688337223346982,1.0790996042495142,1.463079692373079,PASS,2.0777829512391537,1.7969285319261445,2.401652206315367,PASS,-1.6941927087661748,-4.2144964126364135,-0.8181825864074851,PASS,1.8732661892538507,0.9458618243014555,3.4983127572192183,PASS,1.8401485231684127,1.0661126479842735,2.435115570935064,PASS,-1.37571840774083,-4.849218998166645,-0.17993494151386283,PASS,1.689850366978385,0.24044160484756008,3.9861467549039986,PASS,1.9819177059709752,0.8046089471656206,2.9931343261018752,PASS,-0.21352005183822115,-0.2670396969631327,-0.1386127483761283,PASS,0.2091353872603055,0.12682024973929285,0.3354053995565045,PASS,1.4517229670112415,0.8965518637915191,2.4070255183064133,PASS,-1.1942284198278432,-2.30595334037355,-0.6095044899299429,FAIL,1.2098278839460805,0.48466235628243814,2.7069844696044236,PASS,1.9901672732724223,1.5840392736912583,2.380851128095189,PASS,0.022413225192756632,0.02120162994762624,0.024056288464333588,FAIL,0.18359375,0.1799375,0.184,FAIL,4.487293870661631,3.3216994385295857,5.858752757759751,FAIL,0.34449536752253573,0.07781755942502674,0.5597030002382324,PASS,0.6245134272228121,-0.13459266177779472,0.9056892889736564,PASS,0.769996690717808,0.03384189452043271,0.9431469910850311,FAIL,0.520245702240457,0.05627771091799221,0.7206073299950501,PASS,0.2096908121981201,-0.11642975519413098,0.5018388050308903,PASS,0.3317599524082526,-0.009078974280756966,0.585625453686734,PASS,0.1791219790182348,-0.21109054158498985,0.4606322210445727,PASS,0.7149003710509032,0.07685115951076295,0.9437038657444339,PASS,0.5085595528501827,-0.05212883362361363,0.7271831415300479,PASS,0.5317955181840214,-0.21810860385382674,0.7962039357344506,PASS,0.3375,0.1375,0.5625,FAIL,34.54327090267001,13.687548991571745,49.62310727850435,PASS,-0.13215750092798734,-0.27983894674341214,0.14188842383592867,PASS,0.9999639185612138,0.9999350502009765,0.999988860239576,FAIL,7324.689094798737,4170.247764741161,10615.012595843602,4,5,38,49,4,7
L02950,G06,P01,16,true,PASS,0.050902777777777776,0.0175,0.08871527777777778,PASS,6.025223603778292,3.616773784488258,8.024579470421852,FAIL,-0.200051613076344,-0.44779213141262286,-0.028489272446028235,PASS,-0.02831639756604787,-0.03121061404443794,-0.026298708359652978,PASS,-0.0031766779625062368,-0.052748370706550606,0.042254185801692615,PASS,0.6316181830795888,0.6305754180619824,0.6325331498482247,PASS,4.995989583333338,4.803177083333337,5.1708203125000045,PASS,1546.4998464435637,1543.65390662877,1549.638498173471,PASS,0.9932262786533332,0.6113210043287767,1.6743088243022397,PASS,0.30127955826221287,0.1557580261504606,0.49672912052696794,FAIL,3.6439405926876547,3.543705094681073,3.72844509210384,PASS,0.4834101061684517,0.36227535340176886,0.5840834237520515,FAIL,0.6142751479289941,0.6142751479289941,0.6142751479289941,FAIL,0.0015833221189812052,0.0015833221189812052,0.0015833221189812052,PASS,0.08879022080240917,0.08879022080240917,0.08879022080240917,FAIL,0.2222970516048579,0.2222970516048579,0.2222970516048579,PASS,0.2109926998463887,0.2109926998463887,0.2109926998463887,PASS,0.4370703299516857,0.4370703299516857,0.4370703299516857,PASS,-1.8083256453687626,-4.795232916138089,-0.7263758019620907,PASS,2.2168506847453404,0.8618063025548477,4.98575280661108,PASS,2.177745298536246,1.0624733797964394,2.924015203778507,PASS,-1.3280712681621005,-1.9530551187240632,-0.823451241017326,PASS,1.2413248629635332,1.0792696551282683,1.379303150095107,PASS,2.004210111664443,1.6568163213168807,2.3645730071117974,PASS,-1.793531024359204,-5.02705850667373,-0.9172357310215521,PASS,1.8777570649878261,1.0184446616537943,3.4983127572192183,PASS,1.8752191263253462,1.109119705692641,2.3957604244763884,PASS,-1.4854069168038173,-5.676026696347508,-0.19757339842168548,PASS,1.7578234902761203,0.28477931347710683,3.9861467549039986,PASS,1.9670469281297664,0.7146799752916757,2.780874034923573,PASS,-0.22564629690850851,-0.4704252430415804,-0.12563915244729482,PASS,0.22893455716469807,0.08687134235244515,0.3451473695188167,PASS,1.6564118591457395,1.0031315187846865,2.456706024296343,PASS,-1.2917977175091537,-2.3958587725708966,-0.5757944317102321,FAIL,1.3889062366254314,0.7123097176406462,3.39754793776279,PASS,2.0636833614864845,1.6623149456167006,2.4621913378022913,PASS,0.022744027710865186,0.021608343589277004,0.023898291621192044,FAIL,0.18359375,0.1799375,0.184,PASS,4.337881070821575,2.998645707619322,5.176504015663356,PASS,0.351254597604846,0.03532160425561487,0.6521251842773136,PASS,0.6227961869951419,-0.07334728194913602,0.9189239216117043,PASS,0.7693579528902854,0.018126275053358933,0.9468504711408795,PASS,0.4477718509119557,-0.012658186689096254,0.7566286386062515,PASS,0.20379322275153955,-0.20454683889604244,0.6160219079132019,PASS,0.33946010980146035,-0.010493995696864732,0.7103784683122962,PASS,0.1723621141928851,-0.198195426864985,0.5856701715019783,PASS,0.7128333178986852,0.1303400809162646,0.954210065057287,PASS,0.4234900446282339,-0.11365897139130772,0.7750928248405851,PASS,0.48384244457584574,-0.23784472824018346,0.8202723314885121,PASS,0.34062500000000007,0.1375,0.5,FAIL,20.097538249226112,13.220234358378171,31.095767512982192,PASS,-0.1856980278651391,-0.46503021226806834,0.022568701557619454,PASS,0.9999185200083016,0.9998841681772522,0.9999381916132193,FAIL,8375.338067050578,4067.9728790655554,13897.297705552977,4,5,41,49,4,7
L02953,G06,P01,16,true,PASS,0.050624999999999996,0.01375,0.10715277777777778,FAIL,7.704944870445768,5.55961893582731,9.563158099618784,FAIL,-0.18599650450764832,-0.339227162809725,-0.03854249927981782,PASS,-0.05032079448472192,-0.05340345302205143,-0.04778519574476237,PASS,-0.009141481294460135,-0.06356144207989958,0.026837549308653178,PASS,0.6358284875100011,0.63481516108949,0.6366403719339503,PASS,5.014537760416671,4.924934895833338,5.1060807291666706,PASS,1546.197914421059,1544.7077543057758,1547.6564930190705,PASS,1.0972543778101598,0.685908383289392,1.7414931765632313,PASS,0.317630351172812,0.17672788043085674,0.44704581879816585,FAIL,3.5417511431605746,3.490156288280139,3.5821914550084926,PASS,0.37296927278152125,0.2880475378863615,0.4894328799844237,FAIL,0.6142751479289941,0.6142751479289941,0.6142751479289941,FAIL,0.0015833221189812052,0.0015833221189812052,0.0015833221189812052,PASS,0.08879022080240917,0.08879022080240917,0.08879022080240917,FAIL,0.2222970516048579,0.2222970516048579,0.2222970516048579,PASS,0.2109926998463887,0.2109926998463887,0.2109926998463887,PASS,0.4370703299516857,0.4370703299516857,0.4370703299516857,PASS,-1.6334734315706392,-3.9388775137579985,-0.6716489711107657,PASS,1.7179184860898942,0.8506604359496214,4.205787658965759,PASS,2.017553061933588,0.8951782976119647,2.851142099270729,PASS,-1.3645715340297353,-1.8227005447674356,-0.9643477381245487,PASS,1.295727804647243,1.0917853820045504,2.055064790272035,PASS,2.1465134700870894,1.6961419169063756,2.5293716608204733,PASS,-1.2660049297342915,-1.8047725240567631,-0.9757740141555458,PASS,1.6409055039675424,1.1004350053985439,3.081066313486299,PASS,1.735697922866978,1.0871665489691824,2.402593992340653,PASS,-0.9681609199222095,-2.4911263212625308,-0.24199822284864725,PASS,1.410247183143507,0.2931695215892474,3.344826250096908,PASS,1.8808072113248773,0.4233686284342224,2.762352971255465,PASS,-0.19767252958500997,-0.268681127898213,-0.14231473796689836,PASS,0.2384383645938396,0.13416737022615155,0.34831927707617283,PASS,1.66261420061694,0.9995024862109626,2.6484392515908426,PASS,-1.4087655163144128,-2.318712061691583,-0.6878171991577708,FAIL,1.2176832850390125,0.5766250894810353,2.8749312805960243,PASS,1.945192561254901,1.263188556260957,2.4547077363107985,PASS,0.022739048048912476,0.02077325498046976,0.023979438036144926,FAIL,0.18359375,0.1799375,0.184,FAIL,4.432298849613361,3.6778089402582324,5.5518081509789505,FAIL,0.3153597676701608,0.04943988839569915,0.5066218286578787,PASS,0.6321452746768059,0.04313570266206918,0.8960358421012513,PASS,0.7911074345312933,0.15833906783000437,0.9382421974661409,FAIL,0.4869779663536941,0.13107273240589234,0.6937029333195155,PASS,0.1634900993963429,-0.26566323196225,0.4513449591476853,PASS,0.3087952537146815,-0.06957221824724977,0.5312661099835859,PASS,0.1501867376717403,-0.13187119710145584,0.42924206342070625,PASS,0.739236445513691,0.28996113066009466,0.9363237917241495,PASS,0.43930823424749416,-0.09083647267516333,0.734756084474666,PASS,0.5167266639503986,-0.0981411844348071,0.7916089675522765,PASS,0.35000000000000003,0.1,0.6625,FAIL,46.56814659953,16.63181176988828,85.37791500289849,PASS,-0.19877640305682306,-0.33613839027422254,-0.07244040333525986,PASS,0.9997882639552209,0.9995637750413937,0.9998410122119805,FAIL,7176.778365154056,3880.450257858043,11393.377379710102,3,5,38,49,4,7
L02955,G06,P01,16,true,PASS,0.06463541666666667,0.030416666666666668,0.11114583333333333,FAIL,8.18150396300864,5.839353135744007,10.894110450246343,FAIL,-0.15179994303923827,-0.28509672102999395,-0.03928419490207644,PASS,-0.017841525551756075,-0.018534785253834497,-0.01699558877452504,PASS,0.003109346969966517,-0.014202382094446237,0.01857359429074874,PASS,0.6331693126943729,0.6320717283186265,0.6345435571300364,PASS,4.995501302083337,4.863684895833337,5.098242187500004,PASS,1546.5077948120047,1544.8353521138122,1548.6535363562857,PASS,1.0405614614982563,0.49813936478070686,1.5052758797044932,PASS,0.2712685234310988,0.15998504859742144,0.432990872831845,FAIL,3.5750475917374693,3.4913925358440387,3.645737084172667,PASS,0.47687874762438004,0.3603733581021857,0.5902710412662647,FAIL,0.6142751479289941,0.6142751479289941,0.6142751479289941,FAIL,0.0015833221189812052,0.0015833221189812052,0.0015833221189812052,PASS,0.08879022080240917,0.08879022080240917,0.08879022080240917,FAIL,0.2222970516048579,0.2222970516048579,0.2222970516048579,PASS,0.2109926998463887,0.2109926998463887,0.2109926998463887,PASS,0.4370703299516857,0.4370703299516857,0.4370703299516857,PASS,-1.4089467895871,-2.89870615418551,-0.7447473356558809,PASS,1.2454335524336866,0.6402338919962073,2.697951584890903,PASS,1.8286047579774314,1.0638655399104895,2.6849502039631825,PASS,-1.3517447325935528,-1.9493287362007612,-0.9511816356093705,PASS,1.2464669734856144,1.062114333690481,1.4603501141396107,PASS,2.0771676815062246,1.7299132894908134,2.433218615273381,PASS,-1.1888741723253307,-1.4239422182297736,-1.0048375538711458,PASS,1.3730998409162392,0.9458618243014555,2.202040674400096,PASS,1.634703353233788,1.0115755384837506,2.2006793347176323,PASS,-0.7168995676421495,-2.23680446995755,-0.19666628847721065,PASS,0.9831555492770097,0.2856792366700751,2.1302240801376726,PASS,1.8348846492945685,0.7232585541168322,2.9521533641371946,PASS,-0.1752847492523509,-0.266445139288179,-0.12606394858448686,PASS,0.21738881644391422,0.09312213438656942,0.3354053995565045,PASS,1.5609551759994518,0.8651488603371393,2.4790034570155397,PASS,-1.1001503384443383,-2.401895932104055,-0.612528841378724,FAIL,1.3179366628883726,0.8688526182096366,2.6443652068826333,PASS,1.8781039397526247,1.1888545262824242,2.612020569344541,PASS,0.022650097428743913,0.019972052261407677,0.024613575607285047,FAIL,0.182375,0.171,0.184,FAIL,4.456211625348089,3.667752759399863,5.448722312603264,FAIL,0.28755742351117486,0.04970250304126607,0.43929012884693,PASS,0.5293444657712907,-0.08457328358813021,0.8536397787900305,PASS,0.7392664592373358,0.09218877432587086,0.9152680028615074,PASS,0.41476412246769057,-0.16302603187718026,0.7545309075679157,PASS,0.1003821581267514,-0.28562585345632935,0.36071172573874594,PASS,0.2635499277535258,-0.0071362278363184505,0.4661819496583464,PASS,0.09995776891666457,-0.2465387518327994,0.3508584184461434,PASS,0.6360103762337908,0.02260220983817396,0.9194423027643825,PASS,0.42064160646405313,-0.008308954594287994,0.7681234219365745,PASS,0.4787298900765848,-0.25374345811224114,0.8142773465169858,PASS,0.3921875,0.21875,0.74375,FAIL,25.006940657481387,10.851993758441068,42.40782634461485,PASS,-0.13471918241687908,-0.3128072792894873,0.003880865685764335,PASS,0.9999680788384824,0.9999528265386798,0.9999753344342847,FAIL,7494.519042068003,4409.5555813606015,11976.842920351051,3,5,39,49,4,7
L02987,G06,P01,16,true,PASS,0.06394593253968253,0.020416666666666666,0.1024702380952381,FAIL,6.949324778021044,4.807846518438991,9.040534908318207,FAIL,-0.13075984144144331,-0.26141352015174024,0.024480258138478962,PASS,-0.05481939998914721,-0.05897641689823764,-0.0512885345749487,PASS,0.006801494101022179,-0.019103122098530625,0.06305877634843457,PASS,0.6349307421477691,0.6334495038544754,0.6361523860072161,PASS,5.003463541666671,4.844804687500004,5.140429687500004,PASS,1546.3781834172964,1544.148613080526,1548.9608732693305,PASS,1.0997438158101818,0.5832360543971379,1.6661820618938723,PASS,0.2753354570807889,0.17216006111793158,0.37958737251641805,FAIL,3.5404071688678123,3.436829076430408,3.620334201449644,PASS,0.4150341677877153,0.302368909098964,0.49641524413395993,FAIL,0.6142751479289941,0.6142751479289941,0.6142751479289941,FAIL,0.0015833221189812052,0.0015833221189812052,0.0015833221189812052,PASS,0.08879022080240917,0.08879022080240917,0.08879022080240917,FAIL,0.2222970516048579,0.2222970516048579,0.2222970516048579,PASS,0.2109926998463887,0.2109926998463887,0.2109926998463887,PASS,0.4370703299516857,0.4370703299516857,0.4370703299516857,PASS,-1.4291354490175485,-2.330103050109308,-0.7652359987082871,PASS,1.4236746885041345,0.8546258864663172,2.182792091281424,PASS,2.136645993724086,1.0849190628103689,3.0489152855285195,PASS,-1.1579331716923242,-1.782871892012881,-0.8698493074770188,PASS,1.1678905025584045,0.7989357633947958,1.357547797369967,PASS,2.009361597323935,1.6923061341677479,2.389478908535643,PASS,-1.160926924944035,-1.2986026771594326,-1.0101745744857995,PASS,1.3844155939885674,1.0155144001182976,2.0549699375940613,PASS,1.485315038884758,1.1011209089859375,2.00548251830321,PASS,-0.7597149759161108,-1.9824826186525693,-0.22615011254619932,PASS,1.270062818654956,0.28380193393558184,2.056173032110359,PASS,1.7127855517881176,0.7342841656051974,2.179398664784001,PASS,-0.20573434128954138,-0.26600135347494963,-0.13968730433967017,PASS,0.25122726439334897,0.1411705480498277,0.33464512752850034,PASS,1.6280150334449306,1.057912337857102,2.366883164269282,PASS,-1.1774794042458936,-2.1113938920830866,-0.6369899407291846,FAIL,1.1658380958299635,0.6919343452077508,1.7071233557296424,PASS,1.798055380975907,1.247306526275368,2.27946049267826,PASS,0.022772528495116035,0.021575384030991674,0.02438051080631134,FAIL,0.18278125,0.1734375,0.184,FAIL,4.682310825179282,3.7936710051718316,7.497550794133704,FAIL,0.29021301268801264,0.05957924685215676,0.474756194686773,PASS,0.6357659166755752,-0.009054562473708061,0.865324984254042,PASS,0.8025548271505931,0.30206946347258734,0.923772260103757,PASS,0.47150481746096473,0.031799001225737464,0.6920779682092941,PASS,0.1630131818148674,-0.16622987084241667,0.41327964893702973,PASS,0.3218195696605395,0.10497300254422719,0.4781211535541874,PASS,0.14863087685404172,-0.1705968605624576,0.3504055572048234,PASS,0.7495204118141521,0.22430181155742368,0.9158559784968533,PASS,0.45971393037670494,-0.07631450818100288,0.7203777793040775,PASS,0.5420138145518885,-0.07021405486854315,0.7611439213669531,PASS,0.42291666666666666,0.2,0.6,FAIL,28.992536838033647,12.063799747392117,43.14692747072697,PASS,-0.19365580241066827,-0.35640326515080006,0.01445545343229921,PASS,0.9997809447160029,0.9997373713488008,0.9998142562633531,FAIL,6427.374211711897,3829.2688006986546,8821.275246356796,3,5,39,49,4,7
L03005,G06,P01,16,true,PASS,0.05619791666666667,0.0075,0.08604166666666667,FAIL,9.264248223149583,7.088873023206619,11.249111102389682,FAIL,-0.10014556581596784,-0.2814159522613926,0.06023157250027629,PASS,-0.04573851754222667,-0.047113478884890175,-0.042312445179853025,PASS,-0.0023849327756931154,-0.025656702448994935,0.019127659686617574,PASS,0.6352494831982085,0.633914623159557,0.6362522099129255,PASS,5.000410156250004,4.834283854166671,5.163867187500004,PASS,1546.4278872146128,1543.7670913953673,1549.1321341146686,PASS,0.9929484261476724,0.5785554683680245,1.7161105798703327,PASS,0.2926827819023145,0.16667071987704568,0.4455902352585704,FAIL,3.5286262763877634,3.451119943445278,3.587165422482295,PASS,0.3774143681369324,0.29908759367164933,0.4873827377607088,FAIL,0.6142751479289941,0.6142751479289941,0.6142751479289941,FAIL,0.0015833221189812052,0.0015833221189812052,0.0015833221189812052,PASS,0.08879022080240917,0.08879022080240917,0.08879022080240917,FAIL,0.2222970516048579,0.2222970516048579,0.2222970516048579,PASS,0.2109926998463887,0.2109926998463887,0.2109926998463887,PASS,0.4370703299516857,0.4370703299516857,0.4370703299516857,PASS,-1.558975478144527,-3.2315251305135684,-0.7351184483647841,PASS,1.7123410556664966,0.8377208831526127,4.205787658965759,PASS,2.0239546069119028,0.8461021646167437,2.7071415938891787,PASS,-1.339783930951743,-1.6157939840711173,-1.028422069423051,PASS,1.214967094535667,1.056484067740943,1.3560318883512257,PASS,2.0720937416831253,1.7360071804239554,2.3881673803683405,PASS,-1.5466442852683162,-4.2144964126364135,-1.026960843110853,PASS,1.8060842291430013,1.1517695134242076,3.081066313486299,PASS,1.6780680925367022,1.0683526749211705,2.2431394906846296,PASS,-1.1871107242589742,-4.849218998166645,-0.20984821827202205,PASS,1.6136378229767754,0.2580871151754504,3.344826250096908,PASS,1.864310039538833,0.27510258799380305,2.560756773528078,PASS,-0.1931721392180504,-0.2554322644808466,-0.14339970886212877,PASS,0.21106225890292196,0.10258196899132455,0.31899936145910385,PASS,1.4500227087880386,0.8073694235567964,2.4404868115673413,PASS,-1.3061896581204007,-2.324143202379079,-0.7798552030882095,FAIL,1.0720862783242568,0.5146047369975261,1.6989858897988561,PASS,1.9403084447510106,1.6457365382153228,2.3601967697304786,PASS,0.023148866424848903,0.02201712128542893,0.023845898709239276,FAIL,0.184,0.184,0.184,PASS,4.539946721555783,3.138898423384576,5.431088571445838,FAIL,0.3729999687389747,0.08539310679746165,0.5914482048984165,FAIL,0.7303752123932415,0.2980577266225203,0.9022506090837059,FAIL,0.8741537668800888,0.7227643852772853,0.9455576042916114,FAIL,0.5340144958565225,0.16150085606748152,0.7712836067710872,PASS,0.24939668803671022,-0.20949741327891014,0.54550108482901,PASS,0.38068441937081854,0.06316979231008923,0.6319663939847306,PASS,0.20726050403676458,-0.08618615933683639,0.5054561655577262,FAIL,0.8111800167755452,0.3434251898821822,0.9490074669318551,PASS,0.5049211017254813,-0.024733148198593666,0.7913089312653937,PASS,0.601142704419505,0.15667395476977924,0.8178144276316343,PASS,0.384375,0.07500000000000001,0.6625,FAIL,31.862424114111043,12.409599555674147,58.4493623226498,PASS,-0.17676180976551556,-0.3377301532900222,-0.0005172256354283068,PASS,0.9997631149504318,0.9995951962394715,0.9998216333643314,FAIL,6724.411284555542,4825.1771056078305,8008.330920659295,3,5,36,49,4,7
L03017,G06,P01,16,true,PASS,0.06781994047619047,0.023750000000000004,0.11542162698412699,FAIL,8.635269863453086,5.857259384592627,10.199999249355855,FAIL,-0.16336548910555515,-0.3828143872837978,-0.008863987200291804,PASS,-0.03694247957662408,-0.03789135905843676,-0.035564732308527636,PASS,0.00035608964920943347,-0.013064068782692558,0.018118013614078048,PASS,0.6369657213613136,0.6357062322620913,0.6377685080396509,PASS,5.025950520833337,4.888736979166671,5.130364583333337,PASS,1546.0121345560356,1544.3124554486528,1548.2457320661495,PASS,1.0669194042923988,0.6248949578222376,1.5836339097300243,PASS,0.28141275340075417,0.16177588172324825,0.4045799031623744,FAIL,3.52821419933976,3.4726209022432255,3.5909511177134448,PASS,0.33099263033410786,0.2281382748989202,0.46841574368113115,FAIL,0.6142751479289941,0.6142751479289941,0.6142751479289941,FAIL,0.0015833221189812052,0.0015833221189812052,0.0015833221189812052,PASS,0.08879022080240917,0.08879022080240917,0.08879022080240917,FAIL,0.2222970516048579,0.2222970516048579,0.2222970516048579,PASS,0.2109926998463887,0.2109926998463887,0.2109926998463887,PASS,0.4370703299516857,0.4370703299516857,0.4370703299516857,PASS,-1.8616185837518044,-4.080347990406885,-0.7351184483647841,PASS,2.008181612871706,0.8514680616299575,4.829470142963721,PASS,2.052704408304079,1.224851258672054,2.6452418232233867,PASS,-1.2313541535823074,-1.9483971405699356,-0.8207197692532852,PASS,1.2477928337388589,1.0290283678846541,1.3793031500951067,PASS,2.0984414018836235,1.7910439939003524,2.4685352317226985,PASS,-1.5801808047089407,-4.2144964126364135,-1.0082684956948518,PASS,1.6849087068950674,0.9437044228136462,3.185377924419529,PASS,1.8116725101993292,1.25946039601954,2.3525228773701583,PASS,-1.4393688243469165,-4.849218998166645,-0.20617515465867942,PASS,1.4508998235395105,0.27133512828615697,3.5051563762986806,PASS,1.879519950151367,0.9367508345327069,2.374990757718297,PASS,-0.20022320384238718,-0.266445139288179,-0.13122546058554543,PASS,0.1920304504108544,0.09668016317936412,0.3333780074818268,PASS,1.547761784407751,1.0204742900380568,2.364268912200193,PASS,-1.4955439845062988,-2.496915293267789,-0.786771185885648,FAIL,1.2727711861367053,0.8461517931769589,1.8541483254192006,PASS,1.9354603500304721,1.510357503399765,2.377623484820017,PASS,0.02260538761265881,0.02036254631581559,0.024421908499616656,FAIL,0.184,0.184,0.184,FAIL,4.599476739929174,3.946176390565982,4.950941669206487,FAIL,0.35115284932632174,0.15928674041217877,0.5391406743429078,PASS,0.5658277899617662,-0.1490400583570956,0.8923555100965177,PASS,0.6785761424735549,6.693752629280056e-05,0.9391748531660072,PASS,0.43992665142595816,-0.0628151210931593,0.7235681387107397,PASS,0.18529846952072426,-0.16198218529857006,0.49031039295073964,PASS,0.31338676938911936,-0.022965918183882363,0.604861904779695,PASS,0.15328648240277767,-0.2143188418243621,0.48507303344136526,PASS,0.6886049933260066,0.11576285184097114,0.9383966116946159,PASS,0.4757929575133799,0.07328913496911649,0.7412114061443971,PASS,0.4628865394948607,-0.2036435669764222,0.7883426065798442,PASS,0.434375,0.2,0.6,FAIL,58.02024367339572,22.00920450725287,96.88829237351268,PASS,-0.14005888097897443,-0.3812393520427196,0.054093147472083686,PASS,0.9998871622458116,0.9998429208179498,0.999906294320311,FAIL,6840.862101485307,3231.1481591257693,10221.306691002346,3,5,39,49,4,7
L03028,G06,P01,16,true,PASS,0.06826140873015873,0.020416666666666666,0.1174702380952381,PASS,5.218143823807677,2.766554367196675,8.456403170431571,FAIL,-0.2085326808988816,-0.4307511585331933,-0.026819549509029424,PASS,-0.045685812805956905,-0.047672979819978825,-0.0416163565179158,PASS,-0.002953115766048696,-0.050672377264966754,0.03206216603706845,FAIL,0.60787848947172,0.6070054059264031,0.6087141530258838,PASS,4.995976562500004,4.856848958333337,5.103203125000004,PASS,1546.5000584000554,1544.7545966904536,1548.764813514457,PASS,1.0381962972381933,0.5173923666106249,1.5511386661755007,PASS,0.2761557974810004,0.13393315965810657,0.4134280109244134,FAIL,4.262364588128683,4.125374074742693,4.385611372739562,PASS,0.7850516291228513,0.5976096693221704,0.9636831609543485,FAIL,0.6142751479289941,0.6142751479289941,0.6142751479289941,FAIL,0.0015833221189812052,0.0015833221189812052,0.0015833221189812052,PASS,0.08879022080240917,0.08879022080240917,0.08879022080240917,FAIL,0.2222970516048579,0.2222970516048579,0.2222970516048579,PASS,0.2109926998463887,0.2109926998463887,0.2109926998463887,PASS,0.4370703299516857,0.4370703299516857,0.4370703299516857,PASS,-1.752978068367538,-4.080347990406885,-0.7056800722363515,PASS,2.057521120054825,0.8538182607859811,4.98575280661108,PASS,2.1563275243714157,0.951014951764297,2.7393090138824596,PASS,-1.462902359203475,-1.96010964610333,-1.0943982910673782,PASS,1.2655385405195456,0.6568891833502156,1.6346431059832716,PASS,2.2065712412723935,1.9377845772698352,2.427055466881998,PASS,-1.2782889338823418,-1.9165574092193918,-0.8308104092188237,PASS,1.8874917060752212,0.9004840371349745,3.4983127572192183,PASS,1.9921985005628953,1.301019590252882,2.4992268481436755,PASS,-1.1307311381660035,-2.8595783020287984,-0.19349666641672106,PASS,1.5730884058857548,0.2751291274394229,3.9861467549039986,PASS,1.9305813295795613,0.8627082160535638,2.4674874801935043,PASS,-0.1943029170986446,-0.26545420982992285,-0.11953015316380898,PASS,0.1864088113257303,0.08661403093059841,0.28883994863689866,PASS,1.3456350591140067,0.9115184925111799,2.136236076680688,PASS,-1.195350232108003,-1.976721798095016,-0.6438907851515853,FAIL,1.186871914194913,0.668164181717668,1.7824763424895236,PASS,1.868861931400376,1.4653340440149063,2.3590595858550087,PASS,0.022914974043199116,0.021383256487113568,0.024182588100623955,FAIL,0.184,0.184,0.184,FAIL,4.578865866377052,3.747238176312791,5.698622353463469,FAIL,0.36487871520508897,0.16669080264603883,0.4921752689596142,PASS,0.5915021059311256,-0.18100636216504443,0.8899985190358105,PASS,0.6858294948731257,-0.08421935092721233,0.9333981019373717,PASS,0.5320191404656383,-0.05234687742336044,0.7244513360346745,PASS,0.2204317334540994,-0.1796491426013137,0.44952297331748714,PASS,0.3264644856401609,-0.09653806023234134,0.5407858100248374,PASS,0.19498281804541095,-0.21589735176421496,0.473111318689597,PASS,0.718518288842599,0.045463246477109046,0.9305399602993863,PASS,0.5709614735369928,0.13319292363504115,0.7458996062105612,PASS,0.5196458060448416,-0.23671381321022525,0.8087113510097631,PASS,0.43854166666666666,0.1375,0.6,FAIL,55.9873814473799,25.358376351324388,104.0519697933025,PASS,-0.2295756822581868,-0.4837853317571535,0.06613969237096111,PASS,0.9997895276702644,0.9995180370818038,0.9998683638770388,FAIL,9381.035869031542,4254.898610701077,13909.942482527065,4,5,38,49,3,7
L03046,G06,P01,16,true,PASS,0.057705853174603174,0.02,0.10809523809523809,PASS,6.272485177368065,4.46914755843788,8.385855348438453,FAIL,-0.13370683641120834,-0.35890717765536945,0.004627584165451674,PASS,-0.02129807308919962,-0.02247181638685793,-0.01984608573102721,PASS,-0.006159932535607426,-0.05579191804864786,0.034834252269290725,PASS,0.6374180288501947,0.6363033969795918,0.6386439420212529,PASS,4.99777994791667,4.862955729166671,5.145976562500004,PASS,1546.4707024259474,1544.0583196150385,1548.6654059198243,PASS,1.0252455200887254,0.6000763128408528,1.6645867559134768,PASS,0.36396108863850996,0.18467481644005113,0.49785171752652047,FAIL,3.540735447896528,3.4964265517003885,3.568243046535786,PASS,0.33223278457598215,0.23915590910018183,0.44187595257623535,FAIL,0.6142751479289941,0.6142751479289941,0.6142751479289941,FAIL,0.0015833221189812052,0.0015833221189812052,0.0015833221189812052,PASS,0.08879022080240917,0.08879022080240917,0.08879022080240917,FAIL,0.2222970516048579,0.2222970516048579,0.2222970516048579,PASS,0.2109926998463887,0.2109926998463887,0.2109926998463887,PASS,0.4370703299516857,0.4370703299516857,0.4370703299516857,PASS,-1.2631791371392023,-2.330103050109308,-0.749291413232315,PASS,1.3407599028182715,0.8267472861135519,2.351461316003147,PASS,1.9849121823517706,1.1901778388421005,2.582623839956126,PASS,-1.209004852650768,-1.8227005447674356,-0.79840463483672,PASS,1.2618796324489785,1.1971791721591096,1.3560318883512257,PASS,2.1046350493984125,1.692994975264718,2.530670214414624,PASS,-1.1553079330758649,-1.2986026771594326,-0.9776800929464935,PASS,1.4423848990392023,1.0145376462731321,2.385655573931433,PASS,1.8413772428107902,1.2553984606588948,2.2126294777910878,PASS,-0.5524521358030422,-1.9824826186525693,-0.15837886629761988,PASS,1.070092486608047,0.2367152165804235,2.2759587420850895,PASS,1.9709502501873752,1.0465870126699244,2.550890931384643,PASS,-0.18400505474335316,-0.2554322644808466,-0.11710185909669815,PASS,0.182216934683413,0.0967100414762242,0.3134310729636533,PASS,1.6234916223974336,0.9461985555702268,2.4284031449570547,PASS,-1.4579574741541697,-2.438888114685987,-0.6537915076835348,FAIL,1.171843092619254,0.6306582689692628,1.7071233557296424,PASS,1.962555421106746,1.4506435191199076,2.412932817478329,PASS,0.02263481303334957,0.02077881604661857,0.023897193590598192,FAIL,0.1831875,0.1775,0.184,FAIL,4.522143486857354,3.7693758135401136,5.504685276822044,PASS,0.3110858205346734,0.044819991374776304,0.5271452960473545,PASS,0.4709449794093325,-0.1914796850004669,0.8891314164900184,PASS,0.646436670312792,0.01515141176116239,0.935422985991996,PASS,0.4104315947947489,-0.09819451020823404,0.7619534205947897,PASS,0.10445023345505945,-0.20712530687191102,0.42409146923755003,PASS,0.24172925260560824,-0.08734510087440134,0.5055547602561423,PASS,0.09944326345450814,-0.21297486302418112,0.3663414522945252,PASS,0.6015309350733659,0.10781369051327272,0.9447979745952131,PASS,0.4054109184076734,-0.03492418371160658,0.7631694224027534,PASS,0.41443527343009556,-0.20877263589516062,0.8043056068077057,PASS,0.36354166666666665,0.1,0.68125,FAIL,52.4762452675817,12.963763056144089,81.05984514676652,PASS,-0.09698054350028998,-0.4158551467966801,0.09081725922059432,PASS,0.9999685108706227,0.9999582682863049,0.9999736187338262,FAIL,6417.531051939404,3194.0807905991646,10445.828517252308,4,5,40,49,4,7
L03049,G06,P01,16,true,PASS,0.06190724206349206,0.030000000000000006,0.11556547619047618,PASS,6.8624252905156,4.538645908545373,9.895468009613058,FAIL,-0.18963363713166914,-0.3360457704006187,-0.017801378540871562,PASS,-0.04179744400256777,-0.045361259870016594,-0.02842140219095674,PASS,-0.00473355927717197,-0.023790689920234732,0.012758912826711506,FAIL,0.6082054718191656,0.6059883979799601,0.6093993946948508,PASS,5.01695963541667,4.9121093750000036,5.121263020833337,PASS,1546.1584905135924,1544.4606130363893,1547.8652701634492,PASS,0.9302774384225581,0.5779247322140459,1.8710862337168426,PASS,0.31643173879857517,0.1741248568681278,0.4756762701092046,FAIL,4.2648960276637995,4.18465128525245,4.3901333963322,PASS,0.8379175480698335,0.6911387435091123,0.9809572640621421,FAIL,0.6142751479289941,0.6142751479289941,0.6142751479289941,FAIL,0.0015833221189812052,0.0015833221189812052,0.0015833221189812052,PASS,0.08879022080240917,0.08879022080240917,0.08879022080240917,FAIL,0.2222970516048579,0.2222970516048579,0.2222970516048579,PASS,0.2109926998463887,0.2109926998463887,0.2109926998463887,PASS,0.4370703299516857,0.4370703299516857,0.4370703299516857,PASS,-1.9981833956256498,-3.2315251305135684,-0.8438429234118681,PASS,2.0776152736726647,0.9548493158342531,4.673187479316361,PASS,2.2226710820744064,1.0878607043630366,2.7041096351093343,PASS,-1.290541867826109,-1.8242532041521449,-0.8698493074770188,PASS,1.2281846194257466,1.0802759904434387,1.3560318883512257,PASS,2.066984339781731,1.777331706368826,2.4242209791173677,PASS,-1.6032734451276918,-4.2144964126364135,-1.0610460073054417,PASS,1.6936188599751116,1.0155144001182976,2.6638198697533793,PASS,1.6540828415377342,1.1361836703370072,2.213099028349184,PASS,-1.6911711450223679,-4.849218998166645,-0.27323677544088043,PASS,1.5337886045793707,0.3612286338601255,2.703505745289817,PASS,1.841271509760246,0.7644763934598946,2.6069830586783698,PASS,-0.2146987109806451,-0.26600135347494963,-0.14968085215658275,PASS,0.25751774962096563,0.14595518890385795,0.3354053995565045,PASS,1.482106993019483,1.0409610477369364,2.2748371560310825,PASS,-1.1640106573578175,-2.077386404672515,-0.731768728379975,FAIL,1.2505575398796394,0.6383243801571851,4.32789509643688,PASS,1.9873831665824424,0.9906145060607523,2.890320720267761,PASS,0.023102821807910234,0.021520553098731684,0.02430970907006796,FAIL,0.184,0.184,0.184,FAIL,4.477835777289446,3.4786491822965804,5.646906216420032,FAIL,0.32785132508582326,0.1418390161663217,0.5822588023136537,PASS,0.7122318689229932,0.1501409487841318,0.9028821048465492,FAIL,0.860339013107357,0.6401350878345938,0.9419788021884039,FAIL,0.5367019329555549,0.22908772074555847,0.7162499062013323,PASS,0.22700500536467366,-0.19590835714835247,0.5094935222110298,PASS,0.3711778137234939,0.09684413069102676,0.5997115260718815,PASS,0.23028939528796166,-0.0514735264803678,0.41946810360944825,PASS,0.8023842710548434,0.2755937129549158,0.9493194701021054,PASS,0.5153007897513722,0.0333367248128567,0.729146723519058,FAIL,0.6301863857817709,0.2075364242744509,0.7868941442786246,PASS,0.3885416666666667,0.1375,0.6,FAIL,48.5924566430185,32.778608323203,74.02109382953253,PASS,-0.21458423999540363,-0.39579809612459366,-0.004638654133035651,PASS,0.9997978061230695,0.9995413463499001,0.9999747454229978,FAIL,9413.859144857664,6459.457965515372,12736.530358536194,4,5,35,49,3,7
L03059,G06,P01,16,true,PASS,0.07121527777777778,0.04125,0.11590277777777777,FAIL,6.216251071005048,4.736775333908286,8.851003593853996,FAIL,-0.055254079620018735,-0.211354577531972,0.06969850762195383,PASS,-0.05151064428987352,-0.05469312730415721,-0.047852373304507985,PASS,0.003765670702164184,-0.024387701475414192,0.053865257714301756,PASS,0.6296144558381088,0.6283762512168308,0.6305710495777195,PASS,5.029518229166671,4.937604166666671,5.1247526041666704,PASS,1545.954058477295,1544.4038086965993,1547.450259352593,PASS,1.0112848965683179,0.6786281308315917,1.4126894331319517,PASS,0.29407203414638655,0.15330884589700547,0.42070122589873343,FAIL,3.6759144316241326,3.5498774303802927,3.7676861319573183,PASS,0.6337448433561613,0.48933948871517857,0.7343090615652992,FAIL,0.6142751479289941,0.6142751479289941,0.6142751479289941,FAIL,0.0015833221189812052,0.0015833221189812052,0.0015833221189812052,PASS,0.08879022080240917,0.08879022080240917,0.08879022080240917,FAIL,0.2222970516048579,0.2222970516048579,0.2222970516048579,PASS,0.2109926998463887,0.2109926998463887,0.2109926998463887,PASS,0.4370703299516857,0.4370703299516857,0.4370703299516857,PASS,-1.7413023920516013,-3.2315251305135684,-0.7389953017015172,PASS,2.384611282616145,0.8502236419899911,4.868540808875561,PASS,2.2107968723762235,1.550975112144895,2.7254390000370545,PASS,-1.2556789234404762,-1.5744126719318536,-0.77482327301575,PASS,1.1912106566619105,1.004113724654559,1.379303150095107,PASS,2.187326363488068,1.9343458062936056,2.5721394146282197,PASS,-1.4089758050597532,-3.1931901888955148,-0.9191418098124998,PASS,1.830750460132067,0.8519870921763723,3.185377924419529,PASS,1.874597617353702,1.3103215643806714,2.3687259154488087,PASS,-1.3092272179416873,-3.964934244327602,-0.16863086329121307,PASS,1.7664684219494968,0.25706448863046427,3.5051563762986806,PASS,2.0671347569148475,1.5497079858652079,2.7201190146213348,PASS,-0.202994523056874,-0.26545420982992285,-0.12964247034470625,PASS,0.20590437068159026,0.09508528289468736,0.3177322414124303,PASS,1.505632283730962,0.9914258166893819,2.251635858165033,PASS,-1.4885151565039678,-2.49183026044173,-0.6210630786548671,FAIL,1.0584035656605455,0.5324109145126545,1.971889439129884,PASS,2.0578592583151316,1.2745481291064475,2.5727802575428975,PASS,0.022548833118192932,0.021178458453978113,0.023829967752586223,FAIL,0.184,0.184,0.184,FAIL,4.616852511397005,3.797059399690583,6.6005997152971325,FAIL,0.32478627638715885,0.08060167876969965,0.6172999709029653,PASS,0.614431719641141,-0.19090634762726882,0.8982834282263392,PASS,0.7673702592243107,0.022862014775762225,0.9402390149193175,FAIL,0.4872338870484747,0.24918013900772706,0.6932200663770889,PASS,0.22058317423310014,-0.14315411371906603,0.550985116742811,PASS,0.33781839010180137,-0.06655141337527115,0.6454380751256387,PASS,0.18817678043331681,-0.18591726841838105,0.5237498611151067,PASS,0.7248638300779496,0.12102654145425394,0.9389568967414996,PASS,0.47516164530804017,0.12031482135035021,0.7066618978775503,PASS,0.5184704971990628,-0.1491062287842178,0.7743755862637096,PASS,0.42708333333333337,0.2375,0.6749999999999999,FAIL,27.119016513674435,12.107998660115477,55.675052637047585,PASS,-0.11290666336228575,-0.2763509723964432,0.06236106962998342,PASS,0.9997736164366491,0.9996536015610529,0.9998177811079692,FAIL,7262.257083323226,4662.026629137484,9651.902793477371,3,5,38,49,4,7
L03064,G06,P01,16,true,PASS,0.06135912698412698,0.024166666666666666,0.10963789682539683,PASS,6.2314552459015164,4.240795313615771,7.85103272805034,FAIL,-0.10653928282394227,-0.24259602099842137,0.0071015584710450025,PASS,-0.0468240585932406,-0.04889492482573275,-0.04431253462120595,PASS,-0.004498025750987742,-0.03456330700288683,0.013456213812325375,PASS,0.6372097219886497,0.6366500065810421,0.6384056707576911,PASS,5.005644531250004,4.935442708333337,5.079648437500004,PASS,1546.3426807049275,1545.1380259840382,1547.4854441302243,PASS,0.9876559259714124,0.6714568003313504,1.4732688357765724,PASS,0.2961022100776773,0.18948304776821628,0.4108661779320061,FAIL,3.5278960650452866,3.436009990950144,3.6017317109741938,PASS,0.33252993092353833,0.21805092782166222,0.43978273058483236,FAIL,0.6142751479289941,0.6142751479289941,0.6142751479289941,FAIL,0.0015833221189812052,0.0015833221189812052,0.0015833221189812052,PASS,0.08879022080240917,0.08879022080240917,0.08879022080240917,FAIL,0.2222970516048579,0.2222970516048579,0.2222970516048579,PASS,0.2109926998463887,0.2109926998463887,0.2109926998463887,PASS,0.4370703299516857,0.4370703299516857,0.4370703299516857,PASS,-1.735723739080914,-2.995741002765425,-0.7404333101901082,PASS,2.148598661825128,0.9258219969432961,4.205787658965759,PASS,2.3190352703450747,1.1578308077587356,3.1044902327624238,PASS,-1.214383152047775,-1.8242532041521449,-0.8207197692532852,PASS,1.2343350638072188,1.0790996042495142,1.3932659071414355,PASS,2.10027277404428,1.787687503863261,2.5252316001432082,PASS,-1.397547446108094,-3.1931901888955148,-1.0396893271583605,PASS,1.7621911180779963,1.1687740797190878,3.081066313486299,PASS,1.8183167882540474,1.2444143513218717,2.381719235365155,PASS,-1.3315404512393165,-3.964934244327602,-0.19087185457735797,PASS,1.6667209811509704,0.3274108352831513,3.344826250096908,PASS,2.0423543009853704,1.1448476230575426,2.631518555290275,PASS,-0.18908542875608922,-0.26941792766294737,-0.11418225447777673,PASS,0.2263907181828147,0.10326990066610059,0.33464512752850034,PASS,1.6566572757454072,1.0536438403294446,2.5564465926748547,PASS,-1.1571940373322978,-2.069700346242536,-0.4968721201290488,FAIL,1.150589039069359,0.5412529956327529,1.754218972454568,PASS,1.9467992435669834,1.440326015934859,2.5798510914326442,PASS,0.022472270246591847,0.02145930558954529,0.023674855807822016,FAIL,0.184,0.184,0.184,FAIL,4.633774360461111,3.5885626115707026,5.652015494657504,PASS,0.3010291471218891,0.02829631279835982,0.5265271611448819,PASS,0.6431735051791808,-0.06076175026387674,0.899991285783259,PASS,0.8068609609653186,0.19524725073788216,0.9407697590311298,FAIL,0.49037846017312325,0.19623764043807818,0.7070261078735005,PASS,0.19886037434625034,-0.16274766195742027,0.4473470640654441,PASS,0.3196924121404283,-0.06507399382446852,0.5372579273825633,PASS,0.18313159189583106,-0.10404104840465302,0.4163565168440338,PASS,0.7392461856077985,0.17529248174081113,0.9399389791450691,PASS,0.44215699125248564,0.013901615380228612,0.7141986639123473,PASS,0.5211071843742467,-0.028162345876495576,0.7903393888843785,PASS,0.39166666666666666,0.175,0.6,FAIL,42.32106691674216,10.331228708969874,82.41384963798808,PASS,-0.16801879450713064,-0.3040885190588791,-0.03850087817742361,PASS,0.9998417030467184,0.9998039779382362,0.9998699428118294,FAIL,6633.921705428418,3714.8295241259143,9091.3616045025,4,5,39,49,4,7
L03068,G06,P01,16,true,PASS,0.06489583333333333,0.027916666666666666,0.10708333333333334,PASS,6.219457792497007,4.432621738755411,7.89768875372548,FAIL,-0.16642755215116717,-0.3560125097465805,-0.015101133412706736,PASS,-0.04895155268567177,-0.050265379378424735,-0.047294396853872,PASS,-0.007516405057858384,-0.05715670197042144,0.017808859847108144,PASS,0.6351943526120443,0.6344650757900889,0.6359900887686727,PASS,5.005052083333338,4.907929687500004,5.122604166666671,PASS,1546.3523247253024,1544.4387815177388,1547.9333081973025,PASS,1.167487672440874,0.6965195296471536,1.8748632806397416,PASS,0.2963236622802777,0.14700602672365534,0.5979042191458049,FAIL,3.5468249892456756,3.4978849151926155,3.5725299161499993,PASS,0.3883814081157181,0.2727228766022576,0.5344444035395197,FAIL,0.6142751479289941,0.6142751479289941,0.6142751479289941,FAIL,0.0015833221189812052,0.0015833221189812052,0.0015833221189812052,PASS,0.08879022080240917,0.08879022080240917,0.08879022080240917,FAIL,0.2222970516048579,0.2222970516048579,0.2222970516048579,PASS,0.2109926998463887,0.2109926998463887,0.2109926998463887,PASS,0.4370703299516857,0.4370703299516857,0.4370703299516857,PASS,-1.5195144995160914,-3.2315251305135684,-0.7683075431938773,PASS,1.5657422915885058,0.8219229202135608,4.829470142963721,PASS,1.9367049178747617,1.08085754990962,3.153891014204463,PASS,-1.3550285764726304,-1.9563832635800282,-0.7730166789239208,PASS,1.2600965558824666,1.0795530732595253,1.379303150095107,PASS,2.1109236316635838,1.7153722306033985,2.5182278929875617,PASS,-1.3977405532923979,-3.44851674483074,-0.9615115784854045,PASS,1.4683847993746992,0.8779790658981388,2.8974514139549616,PASS,1.8154679718027507,1.0990572626807729,2.454911865881704,PASS,-0.9740025900943204,-4.186005432787363,-0.17968214092581775,PASS,1.171082976707703,0.2932104227065867,3.199091588149491,PASS,1.9179514672309725,0.6561413945128018,2.7637178715693356,PASS,-0.17685175837462086,-0.25642319393910273,-0.11150370201597919,PASS,0.20486275164587459,0.08881998719011189,0.33464512752850034,PASS,1.6021139893434035,0.8078598585369231,2.6087265973083955,PASS,-1.618004502804919,-2.564684435124068,-0.6992746762669273,FAIL,1.4418203599192598,0.8089772172692604,3.6791725364076244,PASS,2.1223272540765494,1.4177961308811737,2.6225269352113485,PASS,0.0229694188766175,0.021890670748995842,0.023977718311519076,FAIL,0.1831875,0.175875,0.184,FAIL,4.549810892666107,3.685360919369759,5.784328871709057,PASS,0.3007223614483616,0.010977421456075368,0.5550499307629745,PASS,0.560437753908064,-0.08706418282965195,0.9018531324077658,PASS,0.780568023060709,0.1961799922158887,0.9420918751622449,FAIL,0.48355125080128625,0.11522568866629786,0.7870358446901736,PASS,0.11505741252706553,-0.32117689540274935,0.464652252383706,PASS,0.2783325003135124,-0.029346478436188716,0.5637251234635727,PASS,0.12236628084331322,-0.1852222668594361,0.44562928716285694,PASS,0.6618989511912143,0.17261846875057726,0.9437856050044825,PASS,0.4413216233694726,-0.11828369485260536,0.7826125534479259,PASS,0.5213004188325102,-0.08001631786224062,0.8434783247700844,PASS,0.4375,0.2375,0.7,FAIL,21.276973189837165,8.925447707478702,54.84222191724557,PASS,-0.19014161326419288,-0.40453350087694673,0.02388293078675629,PASS,0.9998199262685176,0.999725758917742,0.999851376776443,FAIL,7177.619206565016,4921.68029495934,10098.815677326578,4,5,39,49,4,7
L03102,G07,P01,16,true,PASS,0.07377480158730158,0.04,0.11757936507936508,FAIL,6.206433730780155,4.779179498101805,8.007754244376194,FAIL,-0.12631142238556048,-0.26184938372629635,0.01566715122484629,PASS,-0.04844536817582784,-0.05033264721843757,-0.04635389080471669,PASS,-0.003629166462318513,-0.03442384853376622,0.020821514238668806,PASS,0.6251861412246018,0.6237336457129601,0.6261924772248747,PASS,5.043906250000004,4.9797395833333375,5.160898437500004,PASS,1545.7198465539057,1543.8154174754875,1546.764368145274,PASS,0.9051189173335404,0.6681336689076617,1.4581783021319694,PASS,0.2976918073551573,0.16380516097113568,0.5034294767091568,FAIL,3.7942700227155592,3.688025410386104,3.8844595951799454,PASS,0.6914651965175899,0.5376537670523354,0.8362040237597738,FAIL,0.6142751479289941,0.6142751479289941,0.6142751479289941,FAIL,0.0015833221189812052,0.0015833221189812052,0.0015833221189812052,PASS,0.08879022080240917,0.08879022080240917,0.08879022080240917,FAIL,0.2222970516048579,0.2222970516048579,0.2222970516048579,PASS,0.2109926998463887,0.2109926998463887,0.2109926998463887,PASS,0.4370703299516857,0.4370703299516857,0.4370703299516857,PASS,-1.863876064836569,-4.080347990406885,-0.8080539808284772,PASS,2.38647676157725,0.870529085049792,4.868540808875561,PASS,2.1462266816176423,1.4604353551130518,2.9298779530221184,PASS,-1.2456737220039944,-1.8227005447674356,-0.812727478659156,PASS,1.2535842269716617,1.0622843845692351,1.5301638993712543,PASS,2.1017684142447894,1.7925195882645963,2.3659203693234576,PASS,-1.3755754998918337,-3.1931901888955148,-1.0101745744857995,PASS,1.79421128729646,0.8322709125807096,3.185377924419529,PASS,1.8539837493767841,1.1428546368477446,2.281578847272053,PASS,-1.1934195202623854,-3.964934244327602,-0.1875787908007296,PASS,1.6354715903229862,0.25653992129508163,3.5051563762986806,PASS,1.9964640983266806,1.3800883070423784,2.5548971884556884,PASS,-0.19964432944332822,-0.27073107241101163,-0.12448476573281005,PASS,0.23945177983185834,0.10156580052121289,0.33464512752850034,PASS,1.526338105437359,1.0378493303987537,2.37469929946433,PASS,-1.083976796690897,-2.043426499546811,-0.6219524286255231,FAIL,1.1447375078680309,0.5569069464493073,1.7071233557296424,PASS,1.9771470374845614,1.3900323714864993,2.4372680223295524,PASS,0.023131589741808723,0.021885915819350517,0.024720759461776723,FAIL,0.18359375,0.1799375,0.184,FAIL,4.535655853824324,3.359808315169141,5.615439456339088,PASS,0.34916273048590973,0.0316874426052757,0.5780137523912751,PASS,0.6476372281322225,-0.12091967368290693,0.9077695064443175,PASS,0.8104912973758122,0.23160861776931047,0.9370274001814841,FAIL,0.5035866049227644,0.04393620729329311,0.7055267195255863,PASS,0.22237935350052182,-0.22096645835700093,0.5322273642052159,PASS,0.3603734395777002,-0.012878281371173486,0.6171739533283733,PASS,0.2017868179647441,-0.19233341757795255,0.4731735648087432,PASS,0.7410550760656656,0.1400302222278546,0.9498179223819646,PASS,0.49468174716895275,0.03699268319002866,0.7261816439439939,PASS,0.5681990515815176,-0.0785840341018999,0.7807273654038933,PASS,0.44375,0.3,0.6625,FAIL,32.4840668191543,13.579024582728383,58.13365116460693,PASS,-0.15871725456649993,-0.29623061261751643,-0.05937902911082706,PASS,0.9997553591963562,0.9996324848300453,0.9997985155825483,FAIL,8434.45150480933,4955.6520900127525,11854.563709865519,3,5,39,49,4,7
L03216,G07,P01,16,true,PASS,0.06205605158730158,0.023750000000000004,0.10559027777777778,PASS,3.873371828890726,2.8498911048946436,5.631902551076884,FAIL,-0.12162897979049515,-0.3628494316937877,-0.019905752390200735,PASS,-0.0041174210790185335,-0.004272496307959868,-0.003930751691082077,PASS,-0.0073726463166638116,-0.05599100293534371,0.015395434985398401,PASS,0.6374498702599234,0.6362598734754084,0.6382699445423534,PASS,4.993841145833338,4.871367187500003,5.129036458333338,PASS,1546.5348192647034,1544.3340750108118,1548.5284820261504,PASS,0.9257268320574863,0.5614299629417292,1.5970921928022126,PASS,0.31859210709580793,0.1514239325878671,0.4898593892970745,FAIL,3.538276515597259,3.448008565071149,3.6542778817593096,FAIL,0.31223817282668465,0.24140794524571552,0.373960234970008,FAIL,0.6142751479289941,0.6142751479289941,0.6142751479289941,FAIL,0.0015833221189812052,0.0015833221189812052,0.0015833221189812052,PASS,0.08879022080240917,0.08879022080240917,0.08879022080240917,FAIL,0.2222970516048579,0.2222970516048579,0.2222970516048579,PASS,0.2109926998463887,0.2109926998463887,0.2109926998463887,PASS,0.4370703299516857,0.4370703299516857,0.4370703299516857,PASS,-1.4742579728550487,-3.2315251305135684,-0.7536054386980877,PASS,1.5994959961015467,0.8874899329157073,2.97096352274329,PASS,1.8216777796673633,1.0575721606567468,2.5418391527994877,PASS,-1.3725604516832357,-1.956781501247365,-0.851778963888145,PASS,1.334895948204204,0.9834039462380615,2.0550647902720356,PASS,2.1170128494900693,1.7703404862346,2.3984808896343797,PASS,-1.4314712861093901,-3.44851674483074,-1.0601649398674837,PASS,1.6604386446056898,0.9484665012218969,2.5595082588201494,PASS,1.751580490635031,1.232705127066566,2.1947121305523685,PASS,-0.9761384431721886,-4.186005432787363,-0.21513092170617137,PASS,1.2705616949031298,0.31606182415430384,2.543175619088044,PASS,1.8689945955836909,0.8619968851882048,2.757957480375942,PASS,-0.19466824526872906,-0.27179615836276205,-0.12992365135568543,PASS,0.20209074973041566,0.08003782775756821,0.3354053995565045,PASS,1.592024283968996,0.988190102314987,2.4389765396757253,PASS,-1.1447706471536945,-1.8484856550372042,-0.4845410925313136,FAIL,1.2078164192090817,0.7423844934949372,2.762864133585392,PASS,1.9596375969615625,1.3921333934216231,2.3476172453251953,PASS,0.02224305402020106,0.02008787356764395,0.02454416750938582,FAIL,0.1831875,0.175875,0.184,FAIL,4.612057857599465,3.3807850044269703,7.5326251788476855,PASS,0.3031167963744984,0.033206276216943005,0.5627879355488256,PASS,0.6179265208212442,0.06755224192015473,0.9074115085382322,FAIL,0.8312904422863778,0.5966433410881483,0.941649449209391,FAIL,0.48806209771041253,0.10894136271671576,0.725829142297732,PASS,0.13563553120969912,-0.2620059335962263,0.5177553235138675,PASS,0.29129397297554593,0.0034294809653900703,0.5876807498952834,PASS,0.1481848967908559,-0.15571977255810127,0.44173159081231334,PASS,0.7017778480590713,0.1758557243160203,0.9458328784583604,PASS,0.4653174976981075,-0.004096010568917691,0.7506173678635267,PASS,0.550022183358742,0.11456973409502952,0.7927658171569771,PASS,0.384375,0.1,0.6499999999999999,FAIL,43.05574417216319,19.496220198702186,63.86459616637226,PASS,-0.09451574393699166,-0.34364949763701935,0.05223933480133338,PASS,0.9999986842519379,0.9999983613591427,0.9999988815947518,FAIL,5727.057230461857,3269.2681328599215,7737.233679418818,4,5,37,49,4,7
L03257,G07,P01,16,true,PASS,0.05413194444444445,0.023750000000000004,0.11315972222222222,FAIL,8.993633524992674,6.2983817822757295,10.749739327700489,FAIL,-0.2048835333025501,-0.3768099733161689,-0.014471070909948494,PASS,-0.013594341894934327,-0.014092672817748873,-0.01297035138860026,PASS,-7.993162988747236e-05,-0.033211519066335585,0.015212236231561283,PASS,0.6369493943259132,0.635763427375062,0.6380232765361147,PASS,4.9914518229166704,4.862278645833338,5.111536458333337,PASS,1546.5737132809404,1544.6189445357304,1548.6764276573952,PASS,1.0084327832209539,0.6343440807675753,1.9004563530661316,PASS,0.30669664993654633,0.16680936612736297,0.39684387504939694,FAIL,3.528687305590717,3.456274687673685,3.5864226220556916,PASS,0.3419256333901191,0.27206531560088043,0.43826224606329284,FAIL,0.6142751479289941,0.6142751479289941,0.6142751479289941,FAIL,0.0015833221189812052,0.0015833221189812052,0.0015833221189812052,PASS,0.08879022080240917,0.08879022080240917,0.08879022080240917,FAIL,0.2222970516048579,0.2222970516048579,0.2222970516048579,PASS,0.2109926998463887,0.2109926998463887,0.2109926998463887,PASS,0.4370703299516857,0.4370703299516857,0.4370703299516857,PASS,-2.002766623423031,-4.504759420353543,-0.8986524130867797,PASS,2.273972729428605,0.8546258864663172,5.267711791195908,PASS,2.0542197199407473,1.2207554853559677,2.5763138074308016,PASS,-1.3020034254392123,-1.6157939840711175,-0.8696429691368172,PASS,1.1985427463888747,0.835390882845912,1.3932659071414355,PASS,2.1030186605929106,1.7858081490852131,2.467246830647351,PASS,-1.6214288559759884,-4.2144964126364135,-1.0794927277257924,PASS,1.8891034534694828,0.905633084963615,3.828835609953353,PASS,1.7728598283915677,1.1226733652101761,2.231438500984173,PASS,-1.4519201389395484,-4.849218998166645,-0.3081591607096726,PASS,1.7714001353712538,0.2898322670674174,4.063925477545258,PASS,1.874012005015477,1.0765229102140896,2.64104095507657,PASS,-0.21456157768756579,-0.26939971497132364,-0.14652769958032422,PASS,0.2271781440218945,0.11922313455921278,0.31938360491377815,PASS,1.4010182760768515,0.8649931449748564,2.2784283219131467,PASS,-1.5467831051381,-2.5265404782537635,-0.8444007063610849,FAIL,1.277428183290791,0.5743956893308301,3.2827419464704466,PASS,2.1326242382100267,1.4427347948848468,2.492845761194865,PASS,0.022902805547903343,0.021724402487588203,0.02438578096054332,FAIL,0.184,0.184,0.184,FAIL,4.5508831601295885,3.6081046110893515,5.650433466330701,PASS,0.38001376733248504,0.03285300971183983,0.592046548039181,PASS,0.7349259953771472,0.14938566513123847,0.9060839564829444,FAIL,0.8742004708864519,0.6731589654635104,0.938681363557551,FAIL,0.5729709436421482,0.2882717055362633,0.7193162376835367,PASS,0.28560853315197554,-0.07839285355471538,0.5840498666653545,PASS,0.41711089109890565,0.11389833538940743,0.6721058828634819,PASS,0.2660489573579829,-0.01192225559764095,0.5668934847110284,PASS,0.8156776415624432,0.23980944459892417,0.948064133894893,PASS,0.5575541945302137,0.041439673814149855,0.7466920131543249,FAIL,0.6709897685545155,0.3253263424017932,0.8008366942170416,PASS,0.375,0.07500000000000001,0.6625,FAIL,54.3890737499444,24.005224911079253,93.73986836266269,PASS,-0.15636962971639745,-0.3067198891369505,0.05983378350283944,PASS,0.9999872194854142,0.9999825387912816,0.9999896820888333,FAIL,7229.665512615917,4397.408152018686,11078.096985206643,3,5,37,49,4,7
L03282,G07,P01,16,true,PASS,0.06314980158730157,0.023750000000000004,0.1084126984126984,FAIL,9.846999492812097,8.022831354784138,11.37024238620367,FAIL,-0.16716915503318897,-0.3387433293504706,-0.04021861991712185,PASS,-0.0040954999738376,-0.0042193407173939995,-0.003857384852998015,PASS,0.0011010363145962632,-0.02459042355904066,0.035669782917085904,PASS,0.6375823767889562,0.6368356683284169,0.6384740924680014,PASS,5.000130208333337,4.8863541666666706,5.1377343750000035,PASS,1546.4324442791858,1544.1924880743195,1548.2845201041405,PASS,1.0642307131226547,0.6530320482547196,1.5407671618036924,PASS,0.28071679543176037,0.17643486107056977,0.44433634063923716,FAIL,3.544746297528331,3.4890291920990326,3.586296686188963,FAIL,0.31300245257684234,0.2638187424936801,0.36341045660160404,FAIL,0.6142751479289941,0.6142751479289941,0.6142751479289941,FAIL,0.0015833221189812052,0.0015833221189812052,0.0015833221189812052,PASS,0.08879022080240917,0.08879022080240917,0.08879022080240917,FAIL,0.2222970516048579,0.2222970516048579,0.2222970516048579,PASS,0.2109926998463887,0.2109926998463887,0.2109926998463887,PASS,0.4370703299516857,0.4370703299516857,0.4370703299516857,PASS,-1.3278928091122784,-2.995741002765425,-0.7394324738305569,PASS,1.9145937186139506,0.8770285385176247,4.829470142963721,PASS,2.106751241474212,1.0660631393403235,2.880233641308209,PASS,-1.3634551908256003,-1.9493287362007612,-0.8936198409192048,PASS,1.225592046996013,0.8018801066769337,1.4630796923730793,PASS,2.0761239098307387,1.7657034110209766,2.401047006022253,PASS,-1.3635913975834046,-3.1931901888955148,-1.0082684956948518,PASS,1.7234511814193703,0.8118812246037799,3.081066313486299,PASS,1.7248858651228367,1.2996002785870089,2.364301262151738,PASS,-0.8616846108550424,-3.964934244327602,-0.2664853136042649,PASS,1.5423139381657975,0.2984130460495629,3.344826250096908,PASS,1.8189792386360932,0.6910411480784941,2.555323094877062,PASS,-0.2047392834861292,-0.2684148564102754,-0.15227394021576998,PASS,0.22121086404403842,0.11922313455921278,0.3414875757805377,PASS,1.5200195631082014,0.9369909521884505,2.2212388032779242,PASS,-1.4709313459436442,-2.310277995207318,-0.7229474118071525,FAIL,1.1442927719503317,0.6966076566127691,1.754218972454568,PASS,1.9505974130956014,1.4830102325082128,2.60730625556445,PASS,0.022865333670299436,0.021306635186410867,0.0246399107474416,FAIL,0.184,0.184,0.184,FAIL,4.53758777367253,3.2218016811112644,6.064326246463146,PASS,0.3530979261563988,0.038662811232637165,0.5550840532872534,PASS,0.7050440133197856,0.21062325028148182,0.8939241333779989,FAIL,0.855733010853204,0.5859902583454867,0.9373612602394849,FAIL,0.4996948754715679,0.11799353294166526,0.6892641261038549,PASS,0.19780396430394617,-0.2086603564122111,0.4795048854267157,PASS,0.34579536040298786,0.07924608367950808,0.5613016527970465,PASS,0.16139061436655858,-0.1238800732724562,0.3807892092210732,FAIL,0.7961842321636803,0.3461557309409423,0.9441312058730593,PASS,0.4807022567050135,-0.0034375576673497596,0.7278891591670825,PASS,0.5612872020421036,0.09178238543179562,0.7770929573587697,PASS,0.4135416666666667,0.1375,0.6625,FAIL,56.661882058509526,32.74069262856328,78.7773767181733,PASS,-0.1547934732814426,-0.33420059267596947,0.02456808229626383,PASS,0.999998450899561,0.9999977176522308,0.9999987581236099,FAIL,6817.358234604184,4274.630920590649,10309.55643838177,3,5,36,49,4,7
L03290,G07,P01,16,true,PASS,0.06540674603174602,0.017916666666666664,0.10830357142857142,PASS,5.138197775379942,3.7266963519526612,6.593685539543047,FAIL,-0.029217404373475378,-0.2934206506226308,0.2812696193532231,PASS,-0.07876016030740568,-0.08659413441931853,-0.07251538858648511,PASS,-0.017382790324369155,-0.07395435269441186,0.01996647463352108,PASS,0.6370266277077645,0.6357642257815851,0.6377497292469456,PASS,5.020364583333338,4.803854166666671,5.152382812500004,PASS,1546.1030638909986,1543.9540370210952,1549.6274764359,PASS,0.983458636249116,0.5859712315664596,1.7773274238323769,PASS,0.29501452591204985,0.16003242214397043,0.47858826669368104,FAIL,3.5388454377922383,3.5002151755772895,3.6133889186456183,FAIL,0.3196429226639748,0.24907148000706347,0.4036059275654572,FAIL,0.6142751479289941,0.6142751479289941,0.6142751479289941,FAIL,0.0015833221189812052,0.0015833221189812052,0.0015833221189812052,PASS,0.08879022080240917,0.08879022080240917,0.08879022080240917,FAIL,0.2222970516048579,0.2222970516048579,0.2222970516048579,PASS,0.2109926998463887,0.2109926998463887,0.2109926998463887,PASS,0.4370703299516857,0.4370703299516857,0.4370703299516857,PASS,-1.5869326356772007,-2.995741002765425,-0.7056800722363515,PASS,1.8389082614796821,0.8315401111748718,4.98575280661108,PASS,1.9875238150326093,0.962019842090032,3.1673999063344302,PASS,-1.3333231257670684,-1.9483971405699356,-0.9653349329599255,PASS,1.1737186444886616,0.8594423058405589,1.3560318883512257,PASS,2.129025536384267,1.7986814501946635,2.51648952290164,PASS,-1.4164448408035182,-3.44851674483074,-1.0158928108586427,PASS,1.624217688839526,0.8571293285225325,3.4983127572192183,PASS,1.7922617007150545,1.157856313073665,2.4471736413458554,PASS,-1.1947550671490332,-4.186005432787363,-0.20617515465867942,PASS,1.3061540454182248,0.2930877193545689,3.9861467549039986,PASS,1.7628820263095144,0.4909883140835145,2.752908038982618,PASS,-0.1867935406946754,-0.266445139288179,-0.13023970251483025,PASS,0.20416186395798894,0.09553340897589395,0.33920675969652525,PASS,1.5511139819006154,0.8711057794647212,2.5710094983261236,PASS,-1.4927163858203123,-2.584567656835566,-0.7486369796473651,FAIL,0.893232950225888,0.5501967987332641,1.2439761246144596,PASS,1.9897646608830826,1.5701597110726404,2.6816473686265323,PASS,0.022506653665856823,0.020922546526254877,0.023994678678671957,FAIL,0.182375,0.1734375,0.184,FAIL,4.492648386184364,3.5728515930204092,5.165365840562197,PASS,0.3101723893207947,0.0030389570781608134,0.6111667525752049,PASS,0.5613993032568851,-0.11842447452790306,0.9142045720904588,PASS,0.7501751248276071,0.04922923421312221,0.9497608410055801,FAIL,0.5182690615368741,0.058079371264651715,0.8175412577835994,PASS,0.1657689023234814,-0.27252784419399095,0.5494695794265969,PASS,0.3030209941171505,-0.025166057013548127,0.6201305754812237,PASS,0.15346230277997253,-0.17118146036375323,0.4485995044206143,PASS,0.6722039015090662,0.1697303313423299,0.9433758153770629,PASS,0.5039369157427556,-0.047987735555589425,0.7763276927969518,PASS,0.537346553565662,-0.13013997085598672,0.82152852709415,PASS,0.44062500000000004,0.175,0.68125,FAIL,38.63458360180337,12.179050713558475,76.23514017649813,PASS,-0.16867162829607513,-0.450484921580774,0.05953217496332894,PASS,0.9996160738763209,0.9994221512843114,0.9997013242105017,FAIL,6727.287120113502,4515.182666806857,8727.798331589023,4,5,38,49,4,7
L03303,G07,P01,16,true,PASS,0.06530257936507936,0.02861111111111111,0.11687499999999999,FAIL,7.703089033781239,6.397809897708588,8.98460534951598,FAIL,-0.24725592824195855,-0.351689655971669,-0.13444702303714975,PASS,-0.0070171469324720424,-0.007369720731882919,-0.006621737291084273,PASS,0.003431908166705808,-0.024630206424137394,0.030152296896826424,PASS,0.6350390596323391,0.6338888286064372,0.6362475226098085,PASS,5.033678385416671,4.888945312500004,5.1823697916666704,PASS,1545.886338378179,1543.4659012205836,1548.2423407622812,PASS,1.0036432869912062,0.5988296080031997,1.8224967752158547,PASS,0.3232734547832619,0.20328460268341253,0.49424031964479914,FAIL,3.533668144935194,3.428241961619757,3.598772779399896,PASS,0.4287412195567235,0.3390207391380843,0.5122792727861231,FAIL,0.6142751479289941,0.6142751479289941,0.6142751479289941,FAIL,0.0015833221189812052,0.0015833221189812052,0.0015833221189812052,PASS,0.08879022080240917,0.08879022080240917,0.08879022080240917,FAIL,0.2222970516048579,0.2222970516048579,0.2222970516048579,PASS,0.2109926998463887,0.2109926998463887,0.2109926998463887,PASS,0.4370703299516857,0.4370703299516857,0.4370703299516857,PASS,-1.7833102651417692,-3.9388775137579985,-0.7336804398761931,PASS,2.0928290001324434,0.8558152712281978,4.868540808875561,PASS,2.1452907247758493,1.1916411381984158,3.0943777355257907,PASS,-1.2958738039777367,-1.9483971405699356,-1.028422069423051,PASS,1.2473031411077389,1.0790051315390954,1.3793031500951067,PASS,2.0773209968213604,1.7384778674025017,2.438321385584119,PASS,-1.4322244000188675,-3.44851674483074,-1.0067436326620935,PASS,1.7758857308366172,0.7535937278716175,3.185377924419529,PASS,1.8752450710767359,1.0651759147096527,2.291473765056075,PASS,-1.3047842376930119,-4.186005432787363,-0.18023917091395739,PASS,1.5808323548042558,0.29326154910326074,3.5051563762986806,PASS,1.983599523839431,1.045889403205293,2.499159632949295,PASS,-0.21130860080012653,-0.2663296396619657,-0.110899989523877,PASS,0.21118426457509026,0.07674789349579182,0.3406919121520981,PASS,1.4636286694856575,0.8782117265678605,2.2992745640599885,PASS,-1.3705073745226073,-2.438888114685987,-0.37177126789275233,FAIL,1.206668384334439,0.7810538147070835,2.846673910561069,PASS,1.9712160627503108,1.0738840937046998,2.407908836584574,PASS,0.023074198298308833,0.022322222159337386,0.023832495411960378,FAIL,0.18359375,0.1799375,0.184,FAIL,4.528189989086696,3.3015191013887333,5.417274811383191,FAIL,0.3552028670102152,0.05972541201984159,0.5789201578831771,PASS,0.5932349309877039,-0.16390338764294343,0.9038319397295991,PASS,0.7036471278714613,-0.13588219385930725,0.9397330441314264,FAIL,0.48524273239359295,0.07098074222818657,0.6975482540550292,PASS,0.19172334958006548,-0.31702117607754904,0.5249827352536716,PASS,0.3194801203614316,-0.12410427731677404,0.5971578075274023,PASS,0.16333208880563665,-0.18565282821050352,0.4673761410322034,PASS,0.7207516860457467,0.205380584547531,0.9450873102677773,PASS,0.48347595418301026,-0.004780598208701878,0.7420445414806518,PASS,0.48409769398234426,-0.233855940682764,0.8031397131123609,PASS,0.42500000000000004,0.2,0.6625,FAIL,29.742234872273208,11.691944246519157,50.23922855192179,PASS,-0.14181595264702881,-0.27546208565823194,0.02734507909830321,PASS,0.9999963778252525,0.9999944328326158,0.9999972385034515,FAIL,7007.138628532164,3581.83454067004,9569.828843324176,3,5,38,49,4,7
L03304,G07,P01,16,true,PASS,0.050138888888888886,0.01375,0.0867013888888889,PASS,5.596701385613792,3.2649654859615054,8.677162826420775,FAIL,-0.10954763029024799,-0.2683813501377658,0.0633096427534789,PASS,-0.03774739940822832,-0.04113819054280232,-0.02921382729805065,PASS,-0.007325578521618659,-0.03145602166930302,0.03045545878157595,FAIL,0.5459069066893987,0.5449815285569793,0.5469170539764365,PASS,5.002500000000004,4.910065104166671,5.164453125000004,PASS,1546.3938681976863,1543.7575533532383,1547.8985473326547,PASS,0.9991953774976607,0.7158160512632181,1.5661314257549281,PASS,0.3105955649651688,0.1659319829825016,0.4970049880127797,FAIL,5.552720014047651,5.438420150065519,5.62625642129761,PASS,0.6746237410800613,0.48509855595313417,0.8263984757119567,FAIL,0.6142751479289941,0.6142751479289941,0.6142751479289941,FAIL,0.0015833221189812052,0.0015833221189812052,0.0015833221189812052,PASS,0.08879022080240917,0.08879022080240917,0.08879022080240917,FAIL,0.2222970516048579,0.2222970516048579,0.2222970516048579,PASS,0.2109926998463887,0.2109926998463887,0.2109926998463887,PASS,0.4370703299516857,0.4370703299516857,0.4370703299516857,PASS,-1.5172771555471671,-2.995741002765425,-0.77262156865965,PASS,1.8163183397188505,0.8538182607859811,4.205787658965759,PASS,2.302454737541331,1.1845443578504506,3.177297913106847,PASS,-1.3128579332924892,-1.9468444811852266,-0.8291997064567597,PASS,1.2742306860731185,1.0905805200313614,1.3932659071414355,PASS,2.0794958760608555,1.663825478249189,2.370880774347611,PASS,-1.523798745239667,-4.2144964126364135,-1.0082684956948518,PASS,1.7177582380248777,0.8322709125807096,3.081066313486299,PASS,1.8028557370918858,1.2231846276170872,2.3531819218514824,PASS,-1.1537887725522995,-4.849218998166645,-0.2371008046975237,PASS,1.56033567485026,0.2932104227065867,3.344826250096908,PASS,1.9975677470107636,0.7073052621956686,2.785382707870605,PASS,-0.19704526017642876,-0.26941792766294737,-0.1287129877823757,PASS,0.22465739435816726,0.12195643842189666,0.3429727282361105,PASS,1.534305730057161,0.8196243084411127,2.30710582086363,PASS,-1.4873360668242301,-2.5415383147204755,-0.5725617155216937,FAIL,0.9886819041626644,0.5172913401172029,1.5668712996818697,PASS,1.9213022130734574,0.7796716754633988,2.541971776025364,PASS,0.02291114339606378,0.021171863857188722,0.02400574555358249,FAIL,0.18278125,0.1734375,0.184,FAIL,4.841101937898282,3.9452182711192965,6.229645774376876,PASS,0.30227005156176556,0.015560885861231496,0.5571209365023613,PASS,0.6309293609870578,-0.011553477903982853,0.9039446421583522,PASS,0.8050535576928038,0.2567976085123399,0.9462473711828152,FAIL,0.46396868708568806,0.10337237820521752,0.7547004813643052,PASS,0.1479415624328621,-0.21459474088914293,0.4604918441883515,PASS,0.3105236851605476,0.05998612520280624,0.5526860073286494,PASS,0.14602663654750347,-0.1672189350866073,0.4407999452097536,PASS,0.7098703940435545,0.08383707068898127,0.9475620141231007,PASS,0.42387869048605387,-0.10574250703019109,0.7581756748292231,PASS,0.5228773146858354,-0.09016516071432384,0.8219442405294829,PASS,0.31354166666666666,0.1,0.5,FAIL,0.0,0.0,0.0,PASS,-0.1764129220457224,-0.3280020695789278,0.03712751170791365,PASS,0.999803490184124,0.9995186091085602,0.9999788966545549,FAIL,8445.395872098798,4962.284732318907,12610.637619266496,4,5,38,49,3,7
L03311,G07,P01,16,true,PASS,0.059556051587301595,0.023750000000000004,0.12503968253968256,FAIL,9.972299106617438,8.296982392577755,12.08086630698461,FAIL,-0.1464383679190831,-0.33456655023180815,-0.008944439139130301,PASS,-0.06474730460210895,-0.06714786009039916,-0.06255318822569265,PASS,-0.0008885616017829025,-0.01922426727467537,0.043222630861208526,PASS,0.6374692633686498,0.6367614153955707,0.6384231433611228,PASS,4.976503906250004,4.828606770833337,5.161236979166671,PASS,1546.817039333475,1543.8099066067018,1549.2245471450735,PASS,0.9503979741711106,0.5580422547332767,1.5473183224024842,PASS,0.3029904082419327,0.13452760460547966,0.4365799250829955,FAIL,3.528992078421111,3.4713815736349307,3.572990242239568,FAIL,0.3000072570876884,0.24270560632162996,0.35480292023294785,FAIL,0.6142751479289941,0.6142751479289941,0.6142751479289941,FAIL,0.0015833221189812052,0.0015833221189812052,0.0015833221189812052,PASS,0.08879022080240917,0.08879022080240917,0.08879022080240917,FAIL,0.2222970516048579,0.2222970516048579,0.2222970516048579,PASS,0.2109926998463887,0.2109926998463887,0.2109926998463887,PASS,0.4370703299516857,0.4370703299516857,0.4370703299516857,PASS,-2.3229430817371846,-5.219644346084747,-0.8080539808284772,PASS,2.337805053138763,0.8325927194536584,5.267711791195908,PASS,2.059531620429796,0.830497795555368,2.7662850205440335,PASS,-1.4002332628056209,-1.8227005447674356,-1.0616633644801277,PASS,1.2523892572531032,1.056484067740943,1.3932659071414355,PASS,2.0321731275599086,1.7677296064860586,2.339715751320758,PASS,-1.9392617821023221,-5.02705850667373,-0.7909229851082716,PASS,2.030517307668323,1.0643188599218876,3.828835609953353,PASS,1.763764094445245,1.005721528250177,2.454015771121036,PASS,-1.9512776924305952,-5.676026696347508,-0.25254285997280973,PASS,1.6807069906052052,0.25388866106857555,4.063925477545258,PASS,1.6535457360193004,0.2753970552638785,2.5202068746814885,FAIL,-0.25013169919188866,-0.4744631173680992,-0.1633417722313395,PASS,0.211976567059531,0.08942593347339961,0.3333780074818268,PASS,1.3184461605904194,0.8035908210762607,1.7233629971107765,PASS,-1.316594558742588,-2.3034714389593627,-0.5570770736098424,FAIL,1.0521748582961052,0.5261979599424668,1.6744095235941048,PASS,1.8512908171147489,1.3242294273750006,2.2779134544875967,PASS,0.022194809887258377,0.02026820605954146,0.02400706124090302,FAIL,0.182375,0.171,0.184,FAIL,5.276112918254006,3.861608009849999,7.270481694898876,FAIL,0.44725325509667113,0.27195454491788273,0.6231606608175597,FAIL,0.8303759317049022,0.7073632793723593,0.9183786227892935,FAIL,0.9056005740266133,0.8504685289776116,0.9453866361914424,FAIL,0.6177107434984748,0.4894528679576161,0.7690390142326686,PASS,0.3422748396104674,0.14228543741474206,0.6192949685865387,FAIL,0.45848812198859207,0.3048353674731306,0.6938248904556518,PASS,0.2888730695699427,0.07277408139917774,0.5522068874365147,FAIL,0.9037104578286665,0.8328359147359122,0.956058719017419,FAIL,0.6339732592746217,0.49456210390554534,0.7881315553195226,FAIL,0.7081975675265222,0.6081827503896475,0.8316201550166937,PASS,0.409375,0.2,0.73125,FAIL,49.08793407914858,24.13963292219342,87.97431274987309,PASS,-0.21759502789548996,-0.38488719491840395,-0.10388211529060755,PASS,0.9996551536743739,0.9995046721052918,0.9997230720827517,FAIL,8628.068392104247,5363.497586587046,13346.534372522467,3,5,30,49,4,7
L03325,G07,P01,16,true,PASS,0.05763888888888889,0.0275,0.08927083333333333,FAIL,10.374389806582434,8.402910257091833,12.03626235099732,FAIL,-0.07119242678095263,-0.22215466720481883,0.07977756431210455,PASS,-0.02638530219979555,-0.027216019459903068,-0.025262789690554212,PASS,-0.0031085222705623757,-0.01397628122042615,0.026098073138876368,PASS,0.6375155824873207,0.6358375928305032,0.6386118991716008,PASS,5.030696614583338,4.894661458333337,5.145638020833338,PASS,1545.9348764147908,1544.0638304838242,1548.1492918624008,PASS,1.0740056828674407,0.6002199027145539,1.8464443105401944,PASS,0.30864677620800607,0.17140908518679449,0.49894964728337843,FAIL,3.537655282372936,3.4693375309838705,3.64715217497075,FAIL,0.3271533551019702,0.2422791330751871,0.4071433434016364,FAIL,0.6142751479289941,0.6142751479289941,0.6142751479289941,FAIL,0.0015833221189812052,0.0015833221189812052,0.0015833221189812052,PASS,0.08879022080240917,0.08879022080240917,0.08879022080240917,FAIL,0.2222970516048579,0.2222970516048579,0.2222970516048579,PASS,0.2109926998463887,0.2109926998463887,0.2109926998463887,PASS,0.4370703299516857,0.4370703299516857,0.4370703299516857,PASS,-2.7267816914127336,-4.504759420353543,-0.7961243333006802,PASS,3.532380734877609,0.9548493158342531,4.98575280661108,PASS,2.38523119428943,1.5293094178142606,2.864683085607904,PASS,-1.3858316831802948,-1.9468444811852266,-0.823746472899282,PASS,1.242492007225636,1.0790996042495142,1.463079692373079,PASS,2.0591659943307308,1.754402401023424,2.407142318603838,PASS,-2.4077963299804646,-4.2144964126364135,-1.0048375538711458,PASS,2.4244882298467556,0.9046563311184496,3.4983127572192183,PASS,2.102264159877205,1.1811697160645978,2.448081913227658,PASS,-2.872853564476678,-4.849218998166645,-0.21513092170617137,PASS,2.5165589049073183,0.32695646386190935,3.9861467549039986,PASS,1.9973535905085735,1.3860044081246448,2.4113667904027483,PASS,-0.21841037085392828,-0.266445139288179,-0.13102851049045533,PASS,0.22144164870108074,0.10258196899132455,0.3333780074818268,PASS,1.3301999306391026,0.7330330268891996,2.365357201280852,PASS,-1.2789849107676914,-2.2682706815924125,-0.614309788211594,FAIL,1.2548101149835091,0.7178798855303011,2.8306054730731596,PASS,1.8931582904666073,1.5020959845289625,2.407276357545574,PASS,0.022553792463984375,0.0211269489931221,0.023660656409149085,FAIL,0.18156250000000002,0.171,0.184,FAIL,4.388132154071061,3.412647900098621,5.748438844416047,FAIL,0.42219739120957467,0.0972745385801642,0.6384022655290537,PASS,0.7333526357360085,-0.03238062037968735,0.9243258156316307,PASS,0.84525005281909,0.27103936210076357,0.9569480011966778,FAIL,0.5652901102389841,0.14447472395380923,0.7831115471827932,PASS,0.3320370205361003,-0.17278732160598476,0.5694139395325832,PASS,0.4480493346781619,-0.0048359833496226835,0.6460123496438778,PASS,0.31551120063486654,-0.16327269292815064,0.5345407884425235,PASS,0.8032260357217905,0.13462031751071588,0.9598043675173115,PASS,0.5498800864276474,-0.010283252326018316,0.7968531142807008,PASS,0.6218325346399086,-0.10105159170712119,0.8293535341580341,PASS,0.36354166666666665,0.16875,0.5625,FAIL,47.48271823788602,26.655526049393536,81.6005187435012,PASS,-0.11471306889671178,-0.23709711448750617,0.02656269235810183,PASS,0.9999370259921331,0.9999129783944919,0.9999516967295131,FAIL,6413.4942480402315,3545.6688910745897,8923.239674745633,3,5,37,49,4,7
L03355,G07,P01,16,true,PASS,0.06168154761904762,0.014166666666666668,0.09747023809523811,PASS,7.203087682746521,4.456660066228459,11.832117391178347,FAIL,-0.16518294562158725,-0.32092593377457934,-0.04546451526263645,PASS,-0.030024230614339467,-0.03182866477456436,-0.028461008950108266,PASS,-0.018297732490612388,-0.05845485671531188,0.008812218657061815,FAIL,0.5234052629820327,0.5225062968212534,0.5240627444318778,PASS,5.034583333333337,4.921914062500004,5.1276041666666705,PASS,1545.8716074020022,1544.357390224905,1547.7056669251576,PASS,0.9402122725207815,0.5555928637944418,1.60189906007907,PASS,0.2795539608438996,0.19936022376327825,0.40174858089494525,FAIL,5.859776176215588,5.706889955532935,6.015210565161247,PASS,0.7531718074103987,0.6137230808954937,0.8387931758900331,FAIL,0.6142751479289941,0.6142751479289941,0.6142751479289941,FAIL,0.0015833221189812052,0.0015833221189812052,0.0015833221189812052,PASS,0.08879022080240917,0.08879022080240917,0.08879022080240917,FAIL,0.2222970516048579,0.2222970516048579,0.2222970516048579,PASS,0.2109926998463887,0.2109926998463887,0.2109926998463887,PASS,0.4370703299516857,0.4370703299516857,0.4370703299516857,PASS,-1.607590329522325,-3.2315251305135684,-0.706542877329506,PASS,2.083324835212565,0.8433125123908193,4.98575280661108,PASS,2.014142379871603,0.9272190022163279,2.6816902894101067,PASS,-1.2751889980781153,-1.9483971405699356,-0.9653349329599255,PASS,1.2345491298874713,0.8594423058405589,1.463079692373079,PASS,2.112322433405285,1.8252012340089323,2.3892318560723544,PASS,-1.3628969942194915,-3.1931901888955148,-0.8884163391632103,PASS,1.8019021017772028,0.830296389558272,3.4983127572192183,PASS,1.8747231943323897,0.9993861351151032,2.3882938106499214,PASS,-1.0652387606152645,-3.964934244327602,-0.20124646203502813,PASS,1.5524713864296065,0.24591384342663178,3.9861467549039986,PASS,1.9215133236010256,0.5030390529693964,2.8875716912462406,PASS,-0.20059355432890055,-0.26545420982992285,-0.12448476573281005,PASS,0.23043660727451487,0.10444653316643084,0.3354053995565045,PASS,1.5444518032660193,1.0325830976164845,2.3406338786001997,PASS,-1.3576957845323354,-2.5261797441885516,-0.5366024260393419,FAIL,1.1405665722693321,0.5865633189564354,2.647135016084694,PASS,2.081396423758542,1.5094220126788525,2.640911294353342,PASS,0.022486064027662057,0.020987095638808174,0.02379391367085637,FAIL,0.18359375,0.1799375,0.184,FAIL,4.735513896373117,3.3289733391549214,7.835460346616377,FAIL,0.3337692306630389,0.06719360099269797,0.48851514179314687,PASS,0.5500336743161544,-0.16898701298445762,0.8775597700631684,PASS,0.7135304779030701,0.058633984981953796,0.9258270982588357,PASS,0.42726511473306933,-0.17189667499953426,0.667106311763107,PASS,0.15399918069920474,-0.3050488814939392,0.4621074371353793,PASS,0.31503433902427946,-0.0013888644213953872,0.5567342873399451,PASS,0.15213336583132223,-0.24247205655175616,0.4440704273767432,PASS,0.6459969150876161,-0.03917162375972415,0.9263230383366005,PASS,0.43379700228674445,-0.1321006305236865,0.6944528351207115,PASS,0.4717816283039983,-0.26770608686586367,0.7750664682949517,PASS,0.39375,0.1375,0.6625,FAIL,0.0,0.0,0.0,PASS,-0.15243338027418016,-0.30808652524838975,0.036978408833957435,PASS,0.9999077819357866,0.9998555314616417,0.9999281586914236,FAIL,12838.019613431248,8947.61990398741,18701.517714039535,4,5,38,49,3,7
L03480,G07,P01,16,true,PASS,0.06921875,0.035312500000000004,0.1234375,PASS,5.248274644722912,3.6640460548231277,7.254552572196419,FAIL,-0.027105502646673475,-0.11729006970485661,0.07640367583019017,PASS,-0.06528331998185304,-0.06863505712396058,-0.06244244473526278,PASS,0.0001606116311320343,-0.023675842567046017,0.01990599180386887,PASS,0.6324342223081669,0.6315309137672316,0.6329955199842174,PASS,5.023216145833338,4.890989583333337,5.152500000000003,PASS,1546.0566454193042,1543.9521294126694,1548.2090635930756,PASS,1.0573002294767213,0.5908433827692093,1.6316792992132194,FAIL,0.24984536323660714,0.12876600824941947,0.3390812799313465,FAIL,3.6137382048252027,3.53635851927829,3.6883589630491542,PASS,0.510750001589644,0.4032100716192672,0.6191313307899489,FAIL,0.6142751479289941,0.6142751479289941,0.6142751479289941,FAIL,0.0015833221189812052,0.0015833221189812052,0.0015833221189812052,PASS,0.08879022080240917,0.08879022080240917,0.08879022080240917,FAIL,0.2222970516048579,0.2222970516048579,0.2222970516048579,PASS,0.2109926998463887,0.2109926998463887,0.2109926998463887,PASS,0.4370703299516857,0.4370703299516857,0.4370703299516857,PASS,-1.590672975033157,-4.080347990406885,-0.7961243333006802,PASS,1.950724096939192,0.8566228969085339,4.868540808875561,PASS,2.002293995480844,1.0171373444986604,3.1095867040080605,PASS,-1.2608183668819049,-1.8227005447674356,-0.8661664279174369,PASS,1.2121127898675823,0.9528052650055067,1.3932659071414355,PASS,2.0456136902037985,1.7416806798501947,2.49975351717398,PASS,-1.4366096397643848,-3.44851674483074,-1.0101745744857995,PASS,1.7034885210638722,0.8699625974687681,3.185377924419529,PASS,1.8581849987146168,1.1720049858523547,2.2829511200589616,PASS,-1.0078250552002417,-4.186005432787363,-0.20984821827202205,PASS,1.5211861960401911,0.2985050735635763,3.5051563762986806,PASS,2.0403935189983797,0.7101198152493426,2.928016327133985,PASS,-0.2008544890513696,-0.26677342547519506,-0.13394354369167757,PASS,0.2330194762463333,0.12036155813721991,0.33993164012409394,PASS,1.5397416880476222,0.980232028335284,2.499742389268417,PASS,-1.5477781011150196,-2.3819935653991355,-0.6249780996615508,FAIL,1.2165706111142942,0.5203700300451709,1.971889439129884,PASS,2.072215039404,1.5974525087890292,2.5033411715310665,PASS,0.022118272608215653,0.020691063610991982,0.02367976639252348,FAIL,0.184,0.184,0.184,FAIL,4.3197672660097615,3.5703170788648695,4.840761470210101,PASS,0.306993812039119,-0.018713948186366975,0.533906393357645,PASS,0.628480898043972,0.08083866186021961,0.8798506778491292,FAIL,0.8424002252654004,0.6558314549569888,0.9315531453447746,FAIL,0.5024622237658845,0.10540435228846627,0.7186146739557244,PASS,0.1769377345659206,-0.3165959546668546,0.4736986519425161,PASS,0.3412849630947014,0.04878684164993817,0.5918675673327061,PASS,0.18370321736260023,-0.09146166104270603,0.4824091087307566,PASS,0.6922131417333365,0.15656324686546202,0.9373587525369593,PASS,0.45937702087152477,-0.02350564458508644,0.7425656041601887,PASS,0.5726218001576673,0.13416367854637934,0.811041848081173,PASS,0.41875,0.2,0.6625,FAIL,15.354031958561988,7.964297966756085,22.35811239709654,PASS,-0.0964341040535873,-0.22778279192791556,0.025560892440416864,PASS,0.9995797392969,0.9992862767457613,0.9996851128920125,FAIL,7262.446449725425,5382.739113398573,10304.44383160899,4,5,37,49,4,7
L03497,G07,P01,16,true,PASS,0.06162202380952381,0.0275,0.1049751984126984,PASS,5.978280432089908,3.752735119883825,7.892642298190665,FAIL,-0.14954324447315168,-0.2506644280361598,-0.06587594779207993,PASS,-0.003935915426675901,-0.004173790339247219,-0.0034344513855146183,PASS,0.0013928467135603494,-0.013698795598745955,0.017837685713971187,PASS,0.6237185569558354,0.6221549308235986,0.6250741946546747,PASS,5.009609375000004,4.902460937500004,5.129765625000004,PASS,1546.2781399531882,1544.3222054472735,1548.0223299238396,PASS,1.0296355539725557,0.6953426328019177,1.8738004724911095,PASS,0.3290017331258075,0.21977132095352164,0.4644849528424707,FAIL,3.809874031453789,3.704294990897253,3.9161809306747304,PASS,0.730912756951532,0.5895009723747417,0.8688731776492618,FAIL,0.6142751479289941,0.6142751479289941,0.6142751479289941,FAIL,0.0015833221189812052,0.0015833221189812052,0.0015833221189812052,PASS,0.08879022080240917,0.08879022080240917,0.08879022080240917,FAIL,0.2222970516048579,0.2222970516048579,0.2222970516048579,PASS,0.2109926998463887,0.2109926998463887,0.2109926998463887,PASS,0.4370703299516857,0.4370703299516857,0.4370703299516857,PASS,-1.8904423766806275,-2.995741002765425,-0.7310920245967294,PASS,2.0642729144453016,0.9213030111130063,4.673187479316361,PASS,2.0886946997357354,0.8814877193811359,2.6245550293085356,PASS,-1.3815981569136988,-1.8242532041521449,-0.9640649408219546,PASS,1.2176654551362165,1.0225872753180383,1.3932659071414355,PASS,2.107002271878613,1.8293902555703883,2.4131920280798487,PASS,-1.4345618140495098,-3.1931901888955148,-1.0610460073054417,PASS,1.8625576385583893,1.327518827325122,2.6638198697533793,PASS,1.7881772641137788,1.1141317711680936,2.2500706378711532,PASS,-1.531106863737263,-3.964934244327602,-0.22880383120735417,PASS,1.5322454334141553,0.30196503143742415,2.703505745289817,PASS,1.8270237502166395,0.42243689191733536,2.377973181168577,PASS,-0.2232921905192619,-0.2670396969631327,-0.15455802530286825,PASS,0.212272184655928,0.1127308926268874,0.33464512752850034,PASS,1.3717158174525192,1.0855986491197112,2.0084875643448545,PASS,-1.5176976628097156,-2.4885961689647327,-0.8498241768230108,FAIL,1.0921871495775441,0.49985227524505504,2.6934266630849732,PASS,2.067487123509366,1.5496002027050215,2.5658653216867613,PASS,0.022778958709047066,0.021610294944547092,0.023994433952771864,FAIL,0.18196874999999998,0.171,0.184,FAIL,4.386817106620409,3.2827865297111467,5.305054311506342,FAIL,0.392250242847863,0.21968839979085325,0.5267240765623403,PASS,0.7581755075393314,0.22011294610580517,0.8768770627275974,PASS,0.845987292069414,0.3263609886046207,0.932684319192211,FAIL,0.5763365748386002,0.2589482376281361,0.7346697423827337,PASS,0.29482033742862623,-0.005411696547714381,0.47643204909816234,PASS,0.40395332120543664,0.09277624983702887,0.5488313670896249,PASS,0.24036777661571884,-0.10344232605068246,0.4366939945016346,FAIL,0.8450791181079539,0.42581294969771855,0.9355846793486278,FAIL,0.5893736025286387,0.2889750168117121,0.742790111175581,PASS,0.6378751252524246,0.07137357629393498,0.7928613945616281,PASS,0.41041666666666665,0.2375,0.6,FAIL,30.495824472960702,8.70649394804333,65.50677756529174,PASS,-0.1118654177642401,-0.25497821943732174,-0.026352887399061012,PASS,0.9999980798350929,0.9999965270148531,0.9999992443297421,FAIL,7741.51739369982,5327.872973574583,10577.954186295065,4,5,36,49,4,7
L03507,G07,P01,16,true,PASS,0.05782738095238095,0.024166666666666666,0.10524801587301587,PASS,6.8388777035433765,3.59719549640181,9.775156533880825,FAIL,-0.17912088023193934,-0.4012808662161422,-0.028860336865380525,PASS,-0.025270654156293253,-0.03228246472016556,-0.014786868255819577,PASS,-0.011680593186422322,-0.05686806832065504,0.03888122264913289,FAIL,0.4851477573939918,0.48329574137861814,0.4863068412977255,PASS,5.019765625000004,4.919427083333337,5.126601562500004,PASS,1546.1128138896192,1544.37371087477,1547.7461506150828,PASS,0.9693875808985803,0.5351347037329524,1.5263908193957447,PASS,0.31534075111090715,0.1702381450727051,0.48817702824100623,FAIL,6.32781761594366,6.243830961236966,6.452200936645698,PASS,0.8714954417756605,0.7410657765268629,0.9910441993250801,FAIL,0.6142751479289941,0.6142751479289941,0.6142751479289941,FAIL,0.0015833221189812052,0.0015833221189812052,0.0015833221189812052,PASS,0.08879022080240917,0.08879022080240917,0.08879022080240917,FAIL,0.2222970516048579,0.2222970516048579,0.2222970516048579,PASS,0.2109926998463887,0.2109926998463887,0.2109926998463887,PASS,0.4370703299516857,0.4370703299516857,0.4370703299516857,PASS,-1.6504411406629296,-3.2315251305135684,-0.7497745424384414,PASS,1.9538439900804503,0.824852591211736,4.98575280661108,PASS,2.0261862985656576,1.1077094980589524,2.8502781543194655,PASS,-1.2495860269132855,-1.8289111823062723,-0.8617034112485185,PASS,1.1485056817615704,0.7832846264251215,1.3793031500951067,PASS,2.0625671579948035,1.7188025960635909,2.47176832281835,PASS,-1.5404922396331358,-4.2144964126364135,-0.8884163391632103,PASS,1.6283780007937314,0.8788143498489807,3.4983127572192183,PASS,1.8360703174630384,1.1115966114568399,2.3434969981664735,PASS,-1.2562275394983922,-4.849218998166645,-0.20033935209055329,PASS,1.494067460654304,0.2856792366700751,3.9861467549039986,PASS,2.0384154705060227,0.6787538271031042,2.9488287077007143,PASS,-0.19362472681173848,-0.26974621384996345,-0.132069003618483,PASS,0.223316372112333,0.08943190235307949,0.33464512752850034,PASS,1.5503663033910975,0.8935914900147175,2.505852596571855,PASS,-1.6141823645369533,-2.587451020697486,-0.6937414421014607,FAIL,1.0540765788157755,0.5609918246628158,1.8770977898079706,PASS,2.085415867639958,1.5977235582164897,2.6938901959663863,PASS,0.023102668412345016,0.021767810480141092,0.024449798462480767,FAIL,0.184,0.184,0.184,FAIL,4.4765996853748415,3.757204905234498,5.887475029162426,PASS,0.2949776666375343,-0.0004038754430706684,0.6449039253770871,PASS,0.5748425484779744,-0.05942729269302635,0.9277332990042702,PASS,0.7770580323226675,0.17819654899269133,0.9520416032098055,PASS,0.4539092124524934,-0.034779027224248846,0.7801898947338418,PASS,0.17929937128447634,-0.23541676926062846,0.5721937043037455,PASS,0.3071491594703233,-0.06530253582792753,0.6468450458083054,PASS,0.16299848162494013,-0.18661700389039976,0.4912150326976764,PASS,0.6583592576224617,0.140275488096095,0.960232155144491,PASS,0.4104762128893342,-0.16677216683326065,0.7882754069251381,PASS,0.5173943840622477,-0.07608171197692168,0.8155723655537938,PASS,0.4041666666666667,0.2,0.6,FAIL,0.0,0.0,0.0,PASS,-0.22675485358985864,-0.4515989919054473,-0.04365963546904801,PASS,0.9998738987975433,0.9996172488676726,0.9999974317144567,FAIL,10956.02203757772,7486.099616310673,15475.513992292801,4,5,39,49,3,7
L03512,G07,P01,16,true,PASS,0.053355654761904764,0.01,0.10097222222222223,PASS,5.315936041039168,3.159135569529365,7.567027356918927,FAIL,-0.17646161025606588,-0.3735841985019523,0.02908912970863447,PASS,-0.009929056032817313,-0.010262706786582474,-0.0095193363745919,PASS,-0.001183373306087494,-0.01289079197419266,0.012480586975227324,PASS,0.6364674875868459,0.6351501844566024,0.6371839246839529,PASS,4.973691406250004,4.838411458333337,5.092239583333337,PASS,1546.862821935694,1544.933064056511,1549.064943906782,PASS,1.0567923466064983,0.6092408871406446,1.7819598487740405,PASS,0.3365564616191194,0.17410469808650053,0.4490930267163093,FAIL,3.5428342281111096,3.4555023698291554,3.6037184792957637,PASS,0.3011961649771887,0.2032678326584872,0.4243580274264253,FAIL,0.6142751479289941,0.6142751479289941,0.6142751479289941,FAIL,0.0015833221189812052,0.0015833221189812052,0.0015833221189812052,PASS,0.08879022080240917,0.08879022080240917,0.08879022080240917,FAIL,0.2222970516048579,0.2222970516048579,0.2222970516048579,PASS,0.2109926998463887,0.2109926998463887,0.2109926998463887,PASS,0.4370703299516857,0.4370703299516857,0.4370703299516857,PASS,-1.668158896118762,-2.330103050109308,-0.7062631053452194,PASS,1.7169028613925987,0.8325927194536584,3.9453165528868266,PASS,2.2087036072827297,1.438186306099585,2.858784324645174,PASS,-1.3298916121802131,-1.953055118724063,-0.7682989582615395,PASS,1.2736678131326609,1.1233794422156125,1.3560318883512257,PASS,2.127727651332163,1.6627000545675916,2.4790544893548754,PASS,-1.1614893940486715,-1.3121573330671452,-0.9064042371751166,PASS,1.5085378450314035,0.9014805700568866,2.385655573931433,PASS,1.8276030919465283,1.1919581371467591,2.208335466804099,PASS,-1.067634512800973,-1.9824826186525693,-0.22822162766376602,PASS,1.4120370158233408,0.28477931347710683,2.2759587420850895,PASS,2.1079703382723816,1.4239129242639232,2.82971140498952,PASS,-0.20040361676296672,-0.2663296396619657,-0.14001865343102424,PASS,0.24463671073889942,0.1080344402560856,0.3354053995565045,PASS,1.6510791103195646,1.1030074114567407,2.427379756316997,PASS,-1.4214600613450856,-2.224333443754325,-0.6968796510549896,FAIL,1.3486483134603926,0.6566508301408654,2.987106737048159,PASS,1.9259111891951677,1.1815559967622455,2.314851787375728,PASS,0.022577068992332697,0.02101226831358682,0.024230784478272812,FAIL,0.184,0.184,0.184,FAIL,4.295275683368418,3.2903116650917434,5.054210913475554,PASS,0.2842047692468901,0.040080369688802714,0.4630603028542297,PASS,0.5602418376692238,-0.12456993892077323,0.8875517106650183,PASS,0.7481533160586886,0.06894830599326039,0.9269415970884332,PASS,0.44764432360948864,-0.0077429080393710825,0.7239271498142389,PASS,0.12139999462573514,-0.25301564821855643,0.38743324480989316,PASS,0.2843511191683473,0.006846599619104542,0.49233685671982363,PASS,0.13169433447049517,-0.2115110510546553,0.3691392831739849,PASS,0.650340980720711,0.09794911586095878,0.929299376545584,PASS,0.41408419037606103,-0.06922882861969493,0.7465993218651064,PASS,0.48964510827240226,-0.23328430041376014,0.8026645783775408,PASS,0.34270833333333334,0.1,0.56875,FAIL,25.556322421028593,13.912543470093867,40.47197514844512,PASS,-0.17935759810934765,-0.405140914059277,0.031578409620323135,PASS,0.9999941158661365,0.9999934406806523,0.9999947491734448,FAIL,6453.187264677092,4577.132537791873,7943.7891709475925,4,5,40,49,4,7
L03537,G07,P01,16,true,PASS,0.051361607142857146,0.030000000000000006,0.08632440476190477,FAIL,7.755770650793213,5.65831570169086,9.995493564761192,FAIL,-0.1442372927360257,-0.25904824887003125,-0.04455852912663874,PASS,-0.06592232790958458,-0.06792547349208687,-0.06376099807483526,PASS,-0.006781099655243392,-0.04035283864393157,0.017665733222677477,PASS,0.6319390564993886,0.6293602710723782,0.6335732944724237,PASS,5.002916666666671,4.828919270833337,5.158645833333338,PASS,1546.3870855899502,1543.852085948561,1549.2194601892716,PASS,1.011440908276974,0.5509173831614972,1.61242179234713,PASS,0.28311978002748667,0.1306372897102045,0.5221997130367563,FAIL,3.616526408705107,3.526136476328258,3.755308607652079,PASS,0.5751983162748352,0.47776857748261436,0.6662930195394033,FAIL,0.6142751479289941,0.6142751479289941,0.6142751479289941,FAIL,0.0015833221189812052,0.0015833221189812052,0.0015833221189812052,PASS,0.08879022080240917,0.08879022080240917,0.08879022080240917,FAIL,0.2222970516048579,0.2222970516048579,0.2222970516048579,PASS,0.2109926998463887,0.2109926998463887,0.2109926998463887,PASS,0.4370703299516857,0.4370703299516857,0.4370703299516857,PASS,-1.8156877651829662,-3.3729956071624545,-0.8024357179790069,PASS,2.055773949947648,0.8874899329157073,4.98575280661108,PASS,2.172315486200354,1.119877800507764,2.870728856064389,PASS,-1.3064507723864023,-1.8227005447674356,-0.9214082935282503,PASS,1.252365040221064,1.0567103651395442,1.4491169353267503,PASS,2.0676044109271174,1.8045493339747463,2.39156361775823,PASS,-1.7637759495154601,-4.2144964126364135,-1.0454075635312035,PASS,1.8211078103383191,0.946838578146621,3.4983127572192183,PASS,1.7585902372174935,1.1665737782454941,2.4357930875923888,PASS,-1.5718726998684223,-4.849218998166645,-0.25077371419870653,PASS,1.7433924511530283,0.3274108352831513,3.9861467549039986,PASS,1.8398012700139936,0.7193948413872099,2.558067769266594,PASS,-0.21041769204677713,-0.26677342547519506,-0.1413899622956393,PASS,0.22132581564445644,0.12938272937212128,0.3384464876685211,PASS,1.4687375573181045,0.8773574208824065,2.482042324015642,PASS,-1.462601796972248,-2.6453219453984773,-0.6276680735134158,FAIL,1.2253561728106839,0.7557722808511079,2.727067577276138,PASS,2.0209209837380966,1.353351232247897,2.514589131085833,PASS,0.022322764417903793,0.020224862437290356,0.024245044113451245,FAIL,0.184,0.184,0.184,FAIL,4.813341925519527,3.8600126727246673,6.804673708463214,PASS,0.3574326747890975,0.03524883310217295,0.6828629152303591,PASS,0.7085748490675667,0.2014671039543372,0.9222634750063843,FAIL,0.8646523893105319,0.6891172515765884,0.9500612616620928,FAIL,0.5707481084070605,0.27621162868130283,0.7451069444975054,PASS,0.25038056429742517,-0.1851683465682248,0.6130340412009659,PASS,0.3852748414877696,0.09149066250727042,0.6926587661102139,PASS,0.22592501684683558,-0.05544328568037005,0.5140408901943573,PASS,0.8001870774351966,0.2950381698343406,0.9591874966757572,PASS,0.5345518461305465,0.05209264801723363,0.7601225234288497,FAIL,0.6365662560596733,0.2420830411456364,0.804857959009774,PASS,0.32500000000000007,0.2,0.53125,FAIL,30.44207883298903,12.567159603762533,52.11787240596235,PASS,-0.13591980554334443,-0.303126823499581,0.03891544475937468,PASS,0.9997161223372952,0.9996122130518594,0.9997634546732542,FAIL,7713.628367367595,5354.845752851919,10100.913691499343,3,5,37,49,4,7
L03584,G07,P01,16,true,PASS,0.05633184523809524,0.023750000000000004,0.09331349206349206,PASS,6.33132135559789,4.320713813465922,8.968800446854061,FAIL,-0.06398473811393617,-0.15133530512628784,0.0863930047957612,PASS,-0.022404264317397084,-0.023602422840203162,-0.0213844424474552,PASS,-0.0065548472477938435,-0.03213109730056676,0.01984815128115892,PASS,0.6374022915060068,0.6369461796761535,0.6380095562481025,PASS,5.005527343750003,4.8346744791666705,5.168320312500004,PASS,1546.3445883133531,1543.694602275187,1549.125775419916,PASS,1.031846030260748,0.6325953697564817,1.9868736180564712,PASS,0.27771528412879,0.16726084991939416,0.4614334028501381,FAIL,3.553924932532663,3.465921481468689,3.607790616375623,FAIL,0.30237883128686904,0.23643093117601657,0.36794028689464137,FAIL,0.6142751479289941,0.6142751479289941,0.6142751479289941,FAIL,0.0015833221189812052,0.0015833221189812052,0.0015833221189812052,PASS,0.08879022080240917,0.08879022080240917,0.08879022080240917,FAIL,0.2222970516048579,0.2222970516048579,0.2222970516048579,PASS,0.2109926998463887,0.2109926998463887,0.2109926998463887,PASS,0.4370703299516857,0.4370703299516857,0.4370703299516857,PASS,-1.6939248256989066,-4.504759420353543,-0.7056800722363515,PASS,1.8211408209260393,0.8470658171536314,4.98575280661108,PASS,2.0193880228005674,1.06461303199201,2.710988158579326,PASS,-1.3631059360593327,-1.9493287362007612,-0.7664550976095381,PASS,1.2639783976925891,0.8937372847889957,1.5831504527551608,PASS,2.048647197774362,1.8053791628170872,2.339933413039152,PASS,-1.4095381209040847,-3.44851674483074,-0.7856626904239936,PASS,1.811382403035162,0.9787221236275598,3.4983127572192183,PASS,1.8655091290318357,1.2432185268604665,2.500424543519368,PASS,-1.143748406546218,-4.186005432787363,-0.17678595488472684,PASS,1.431053520135094,0.2293760755985422,3.9861467549039986,PASS,1.820440021289118,0.723725581195338,2.652833445787877,PASS,-0.20314110714740308,-0.26600135347494963,-0.11750768972762952,PASS,0.1779687880938738,0.0941283547238813,0.2944082371323492,PASS,1.4593956049445032,0.9245594461318025,2.653930629621092,PASS,-1.269718442346873,-2.3639078848861024,-0.6363118902311231,FAIL,1.5447702157715155,0.5521617119030253,5.014395238537796,PASS,2.0933802494176774,1.6080050382429598,2.9378987822860525,PASS,0.023194153900822603,0.022051352996288277,0.023880298373749314,FAIL,0.18359375,0.1799375,0.184,FAIL,4.355076548731997,3.4606513289898344,5.657231293455839,FAIL,0.39667084257780594,0.18547784907656417,0.5680294629625633,PASS,0.6051538020411158,-0.21464176529633183,0.9029995049342249,PASS,0.7297480064449844,-0.05242293110156074,0.9430680881638609,FAIL,0.5322179768319228,0.054090225237156946,0.7515788630469337,PASS,0.20578968356658234,-0.3421742557792028,0.4871553343143164,PASS,0.3263559486629729,-0.14765010175464485,0.5587244100272656,PASS,0.19666391345795042,-0.18187246460934905,0.4326041591150097,PASS,0.71050934542559,0.007943740639536345,0.9460325804886646,PASS,0.5312191378644182,-0.03668810583668977,0.7664485346369779,PASS,0.5336628225287682,-0.21859790051273426,0.8196063462157547,PASS,0.375,0.1375,0.5625,FAIL,49.85677270035218,25.970249780454203,79.85760600763997,PASS,-0.11730339819196825,-0.2357335648271655,0.08216860354242476,PASS,0.9999572386214907,0.9999407421213458,0.9999646094059448,FAIL,6794.718607219278,4226.436577337648,9316.520371627152,4,5,37,49,4,7
L03588,G08,P01,16,true,PASS,0.06704613095238095,0.028333333333333335,0.11021825396825398,PASS,5.086480784474956,4.011964550766029,6.035689781360142,FAIL,-0.047923039147007046,-0.23687500010171222,0.09076537184666716,PASS,-0.022648149348356284,-0.024233159419092862,-0.021337255885179783,PASS,0.0006660506641163789,-0.02677743062970437,0.0413053225667151,PASS,0.6372572043188708,0.6358780595366753,0.6382301219918252,PASS,4.982903645833337,4.897825520833337,5.113906250000004,PASS,1546.7128627177776,1544.580368454231,1548.0977864349045,PASS,0.9422155752598562,0.5910038932641273,1.5047127731176433,PASS,0.3100492209341492,0.21512932860632164,0.39119061179104647,FAIL,3.4955721939258995,3.3587156046687827,3.5725844387611887,PASS,0.3076185006798236,0.2090443984211661,0.4286494971295785,FAIL,0.6142751479289941,0.6142751479289941,0.6142751479289941,FAIL,0.0015833221189812052,0.0015833221189812052,0.0015833221189812052,PASS,0.08879022080240917,0.08879022080240917,0.08879022080240917,FAIL,0.2222970516048579,0.2222970516048579,0.2222970516048579,PASS,0.2109926998463887,0.2109926998463887,0.2109926998463887,PASS,0.4370703299516857,0.4370703299516857,0.4370703299516857,PASS,-1.3455074530500373,-2.746126770519381,-0.7683075431938773,PASS,1.6506828433919545,0.8538182607859811,3.9453165528868266,PASS,1.943800319986719,1.0763228538452725,2.7094435211745216,PASS,-1.2473387210156877,-1.8242532041521449,-0.9889237618775168,PASS,1.2518344675146922,0.9507308452841214,1.3793031500951067,PASS,2.0608070618123486,1.6938277811353777,2.408043925982803,PASS,-1.3391187609599762,-3.112564601890225,-1.0048375538711458,PASS,1.4880943726021738,0.7474480369571403,2.385655573931433,PASS,1.6978176004931074,1.0632932333375562,2.2353701829382358,PASS,-0.7980831575374274,-3.7741928558488667,-0.24811999553755165,PASS,1.2148376816478066,0.2751291274394229,2.2759587420850895,PASS,2.024083595276519,0.6902206012862405,2.790458394646006,PASS,-0.2105805495513963,-0.2682373420849837,-0.1512235746292747,PASS,0.24511237000587044,0.11667132610372997,0.34831927707617283,PASS,1.5406533928489048,0.8588242429294284,2.2635327722958545,PASS,-1.4402818475290655,-2.4472072389890434,-0.7819683211131004,FAIL,1.0465116253797324,0.6197109522289572,1.6676393862768302,PASS,2.0703673202738146,1.376771638129658,2.458066353697882,PASS,0.022540567764146854,0.021055546300579046,0.02368667677078146,FAIL,0.1831875,0.175875,0.184,FAIL,4.556100995080596,3.24849799059256,5.549445343676198,FAIL,0.3368482009179779,0.11697978988461602,0.49253862378526436,PASS,0.6787365065754762,0.10289769949620145,0.8724427567254989,FAIL,0.8521383240202625,0.627157418575256,0.9337494547141241,PASS,0.46957492950369306,0.029660979547222955,0.782920698560974,PASS,0.16306659191505088,-0.2066718009668605,0.37551883583899764,PASS,0.3219261681213919,0.07466737919245625,0.4823431413812312,PASS,0.11334305263641917,-0.17716724730497352,0.328219752781719,PASS,0.7532383635154175,0.10550873746849113,0.9350774907809903,PASS,0.44633786301884315,-0.026765326086357084,0.772659494689534,PASS,0.5509579838177581,0.12093244042043079,0.8192702989804853,PASS,0.3979166666666667,0.15625,0.58125,FAIL,46.99973061138562,24.303237170493695,79.55426204127292,PASS,-0.06951678002993757,-0.25254279086616566,0.08158551164663003,PASS,0.9999714103240172,0.9999620195911395,0.9999750749725723,FAIL,4254.793867622296,2951.453549558146,5916.531643069055,4,5,38,49,4,7
L03627,G08,P01,16,true,PASS,0.06203869047619047,0.03135416666666667,0.09618551587301587,FAIL,8.215856520274881,6.154381817121096,10.60656061374912,FAIL,-0.05623674958364472,-0.27453779572831255,0.09642941125173016,PASS,-0.08949104761440248,-0.09156571176482634,-0.08706824440818742,PASS,-0.015002824932352922,-0.05393357496185737,0.031033172040861756,PASS,0.6370733792941822,0.6363893993205211,0.6376334157728585,PASS,5.0191276041666715,4.854674479166671,5.173294270833337,PASS,1546.1231997577152,1543.6136348953366,1548.8002102485802,PASS,0.8798120493941497,0.5120147908787522,1.3632149458055092,PASS,0.2993976298642199,0.1826445666614322,0.40655517129148,FAIL,3.51857620481784,3.43713967225152,3.5842342101994538,FAIL,0.31792410472905175,0.23263758286819353,0.3853184493927005,FAIL,0.6142751479289941,0.6142751479289941,0.6142751479289941,FAIL,0.0015833221189812052,0.0015833221189812052,0.0015833221189812052,PASS,0.08879022080240917,0.08879022080240917,0.08879022080240917,FAIL,0.2222970516048579,0.2222970516048579,0.2222970516048579,PASS,0.2109926998463887,0.2109926998463887,0.2109926998463887,PASS,0.4370703299516857,0.4370703299516857,0.4370703299516857,PASS,-1.8196307881187523,-3.9388775137579985,-0.8080539808284772,PASS,1.7720125833117253,0.8593832184445657,4.868540808875561,PASS,1.9881236864649914,0.9120689123646857,2.7691067148936503,PASS,-1.4396828259969243,-1.9483971405699356,-0.8266744376695092,PASS,1.2851579564524562,1.127244097755582,1.3932659071414355,PASS,2.2297881435144835,2.0098403879860336,2.470892872971308,PASS,-1.830374898373965,-4.2144964126364135,-1.0786116602878344,PASS,1.6882135098012327,1.0749281559562234,3.185377924419529,PASS,1.6827366252765197,1.0913602942866296,2.387465131919956,PASS,-1.5806566885204631,-4.849218998166645,-0.21513092170617137,PASS,1.3809229253392528,0.2857099125080796,3.5051563762986806,PASS,1.7183654845527438,0.3142990292804208,2.6542311999368637,PASS,-0.20198551273761006,-0.26545420982992285,-0.13211040383115089,PASS,0.20061396670272846,0.11922313455921278,0.3069486975605142,PASS,1.3840131401417417,0.857552672777208,2.253719657790481,PASS,-1.2037687422942405,-2.0915800180713076,-0.6007706412968532,FAIL,1.0378211191095537,0.7494312901799569,1.4561642412741826,PASS,1.8896881584632266,1.3305751149915268,2.331165363943242,PASS,0.02229439684491006,0.021066855776134357,0.023239718044516296,FAIL,0.18359375,0.1799375,0.184,FAIL,4.316837392635091,3.3693094943648587,4.969718950961557,FAIL,0.36259846001796675,0.08096385453489473,0.5692395364217442,PASS,0.6982397216037002,0.10708104669897273,0.9140227706490477,PASS,0.8502602195540725,0.5370705014220435,0.9489815923043565,FAIL,0.5738445742643202,0.09842953017773437,0.7978057902291306,PASS,0.21586801319143312,-0.2077357536069782,0.46793315620240045,PASS,0.354811985876329,0.05549142947617771,0.5679183020991893,PASS,0.2137775229030138,-0.14665686918519788,0.4531146237424649,PASS,0.8025871186058188,0.29449401926421015,0.9542935232457697,PASS,0.5600672692426465,-0.02161954530879836,0.7740874919708186,PASS,0.6428491234420514,0.1383525414621886,0.8064891589262381,PASS,0.3875,0.1,0.55,FAIL,23.139248117531753,8.810807708159988,45.50455968997397,PASS,-0.13407484660288088,-0.30766620354268026,-0.011166364462422989,PASS,0.999417440191884,0.9992671136845593,0.9994991632091019,FAIL,9085.580086128408,4859.309623425011,13432.401013549674,3,5,37,49,4,7
L03636,G08,P01,16,true,PASS,0.06734126984126984,0.023750000000000004,0.10762400793650793,FAIL,10.198465755300113,7.93379930293275,12.329140373815056,PASS,0.09839076495458982,-0.046340397605980355,0.22866866409760872,PASS,-0.07349272124946118,-0.0778990669699276,-0.07053537468915139,PASS,-0.0042934582713179655,-0.019305763550152635,0.008827660987904976,PASS,0.6376836543521358,0.6367968729813154,0.6384170042233192,PASS,4.976425781250004,4.879531250000004,5.082122395833338,PASS,1546.8183110724256,1545.0977542506048,1548.3955853058198,PASS,1.091551312108069,0.6450291276577628,2.0319728268638526,FAIL,0.23369527774472873,0.11474517783000934,0.3367871185112819,FAIL,3.544648483833009,3.4588965112185566,3.6351099406010317,FAIL,0.31267457146480215,0.19021238909752736,0.4040138039574746,FAIL,0.6142751479289941,0.6142751479289941,0.6142751479289941,FAIL,0.0015833221189812052,0.0015833221189812052,0.0015833221189812052,PASS,0.08879022080240917,0.08879022080240917,0.08879022080240917,FAIL,0.2222970516048579,0.2222970516048579,0.2222970516048579,PASS,0.2109926998463887,0.2109926998463887,0.2109926998463887,PASS,0.4370703299516857,0.4370703299516857,0.4370703299516857,PASS,-1.8803069421958685,-3.3729956071624545,-0.7892635894710273,PASS,2.445348127354901,0.8502236419899911,4.98575280661108,PASS,2.0981815293426953,1.4774956351460578,2.7053097873801093,PASS,-1.4227628604741072,-1.9483971405699356,-0.8936198409192048,PASS,1.267930590525784,1.0790996042495142,1.4630796923730793,PASS,2.0887250063962264,1.7067414581730511,2.3427399123311345,PASS,-1.4547103576518619,-3.44851674483074,-0.9868420464077561,PASS,1.92386029690689,0.934667957383243,3.4983127572192183,PASS,1.8648158970717779,1.1418686200686785,2.448038914044056,PASS,-1.411004601116048,-4.186005432787363,-0.21757963078173312,PASS,1.837896249834843,0.36448408614727706,3.9861467549039986,PASS,1.9904969163436712,1.3079899343188786,2.7395264158185437,PASS,-0.2130905741720027,-0.26600135347494963,-0.14001865343102424,PASS,0.2344117498065323,0.10417684927600132,0.33464512752850034,PASS,1.473983487677403,1.0144962672992286,2.4603251668837873,PASS,-1.6493846002733172,-2.727738196106391,-0.72086712500151,PASS,1.3246469359245792,0.4612829778427095,4.2641306263519825,PASS,2.228430049296793,1.6720679099794884,2.9643673220867535,PASS,0.022755778940302823,0.021607130659783053,0.024367972607430774,FAIL,0.184,0.184,0.184,FAIL,4.468812313053606,3.3276617319518964,5.835708150885674,PASS,0.3256376165355489,-0.022860621051320966,0.5196419674007597,PASS,0.6895558165544877,0.12931561822890072,0.8830950436458933,FAIL,0.8627088473706693,0.6798220394571864,0.931984172597645,FAIL,0.5479187979610141,0.2384587481476615,0.7047611731747259,PASS,0.21455606318116074,-0.22191136682376672,0.4865542477690893,PASS,0.36336332177546043,0.04521271782710419,0.5692170602036817,PASS,0.2330488779395825,-0.04153706869258039,0.4532488270276489,PASS,0.7569819466545126,0.17023664733226945,0.9312399970820741,PASS,0.5075835872317955,-0.029707661492182097,0.718476934803241,FAIL,0.639535281477954,0.2891283298866645,0.7980433274663389,PASS,0.36354166666666665,0.2,0.5625,FAIL,46.184419863145905,28.925634495222404,68.82936672929277,PASS,-0.08032674612248325,-0.25198426517312167,0.10270541587772142,PASS,0.9996927618222446,0.9996473772131239,0.9997378975741958,FAIL,5916.062019579381,4370.350148272722,7940.203790749287,4,5,36,49,4,7
L03650,G08,P01,16,true,PASS,0.05045138888888889,0.01,0.09465277777777778,FAIL,9.357593308639826,5.994352529263391,11.878354410378401,FAIL,-0.20840596403807032,-0.3624906690377774,-0.07504452717789596,PASS,-0.00406625053333425,-0.004516056716493666,-0.0035072563492992478,PASS,0.00046005739563835155,-0.03450761704467372,0.05858371026699924,PASS,0.6294709407882645,0.628278521530899,0.6302243029831266,PASS,4.98639322916667,4.8824869791666705,5.090703125000004,PASS,1546.6560583779874,1544.9580749225381,1548.3474711821918,PASS,1.0396729006453516,0.5019042725739283,1.9198645213411847,PASS,0.3543141673370984,0.22573215400947885,0.5257472271639615,FAIL,3.6760623477485472,3.5814123879574247,3.7257601402711584,PASS,0.6202899863967111,0.46135242853881114,0.7301994083071632,FAIL,0.6142751479289941,0.6142751479289941,0.6142751479289941,FAIL,0.0015833221189812052,0.0015833221189812052,0.0015833221189812052,PASS,0.08879022080240917,0.08879022080240917,0.08879022080240917,FAIL,0.2222970516048579,0.2222970516048579,0.2222970516048579,PASS,0.2109926998463887,0.2109926998463887,0.2109926998463887,PASS,0.4370703299516857,0.4370703299516857,0.4370703299516857,PASS,-1.734016178816433,-2.995741002765425,-0.7563778956660803,PASS,2.137971333555373,0.8566228969085339,4.98575280661108,PASS,2.229798429592116,1.2095544959774194,2.859504044928456,PASS,-1.3814853893188077,-1.9468444811852266,-0.9889237618775168,PASS,1.2770086750731147,1.1007639057070413,1.463079692373079,PASS,2.134780958206198,1.867711933380715,2.376144752544268,PASS,-1.5643291692460681,-4.2144964126364135,-0.9776800929464935,PASS,1.9541452063977587,1.0934023646557827,3.4983127572192183,PASS,1.9037303397496697,1.1993746652855612,2.423292153611989,PASS,-1.360871412279101,-4.849218998166645,-0.1875787908007296,PASS,1.7064300833449135,0.2572189945655433,3.9861467549039986,PASS,2.045235088060854,1.1486116383433058,2.7079043268258816,PASS,-0.20278843557755677,-0.2554322644808466,-0.12890443424662068,PASS,0.19399028181487857,0.10157574865401268,0.27377979272445585,PASS,1.2964015897408085,0.9166503579183944,2.0489463768022773,PASS,-1.3956208896185585,-2.3819935653991355,-0.6103469815900067,FAIL,1.297429085617774,0.5055684896726774,4.399567079366556,PASS,2.00229747807759,1.3407525043357165,2.89419624975739,PASS,0.02270766494369994,0.020460614455418375,0.023997445724695005,FAIL,0.18359375,0.1799375,0.184,FAIL,4.533804097986205,3.603252692373532,5.382583483557221,FAIL,0.40203314263962125,0.15989234456084309,0.6544479828615148,PASS,0.7214383569063598,-0.0999028936698782,0.924334772951978,PASS,0.8335072305242526,0.18913196556386414,0.9524277223351604,FAIL,0.5939092190829413,0.17729919172970338,0.7457230364804914,PASS,0.27010231392172623,-0.29052392477512434,0.5892348224637406,PASS,0.38653034706212364,-0.08386542333262366,0.6466725851590669,PASS,0.25083419868957046,-0.13028220313537597,0.44706763514165904,PASS,0.8164860872081494,0.19467250936212332,0.9613393320092416,PASS,0.594323787615847,0.03254676550381254,0.7573092902947582,PASS,0.6431044060708803,-0.048869496961337494,0.792110328026175,PASS,0.31875,0.1,0.625,FAIL,24.631088523506982,11.07934604717621,37.10663063235058,PASS,-0.20268046311527507,-0.3789484163976901,-0.07183136024210474,PASS,0.9999982869145041,0.9999969687048407,0.9999992818008006,FAIL,9691.111885404542,6673.734620681247,11686.603547905945,3,5,38,49,4,7
L03658,G08,P01,16,true,PASS,0.0669295634920635,0.030000000000000006,0.1370833333333333,PASS,6.004826986018425,4.258072939720029,9.559571946821972,FAIL,-0.2785313639845266,-0.43530691714755787,-0.18157306788597508,PASS,-0.07706978312345861,-0.08093024401535698,-0.07288701631312627,PASS,-0.010657886921789823,-0.03933218007811999,0.015817594744700778,FAIL,0.44175141182213873,0.4411307279377132,0.44210907151978496,PASS,5.005852864583337,4.929882812500004,5.1624348958333375,PASS,1546.3392894010594,1543.7904066094602,1547.5759495522036,PASS,0.9678495785638824,0.5386938831173448,1.5858366285436476,PASS,0.29262846085292704,0.14242175012363034,0.4831422067210197,FAIL,6.745735018227282,6.584084357473828,6.8749963999837025,FAIL,1.0145575704248266,0.8318051117128966,1.1700248392826962,FAIL,0.6142751479289941,0.6142751479289941,0.6142751479289941,FAIL,0.0015833221189812052,0.0015833221189812052,0.0015833221189812052,PASS,0.08879022080240917,0.08879022080240917,0.08879022080240917,FAIL,0.2222970516048579,0.2222970516048579,0.2222970516048579,PASS,0.2109926998463887,0.2109926998463887,0.2109926998463887,PASS,0.4370703299516857,0.4370703299516857,0.4370703299516857,PASS,-1.4299779440582887,-2.995741002765425,-0.7310920245967294,PASS,1.5477873794167278,0.8502236419899911,3.9453165528868266,PASS,1.977853039716511,1.0455849127595367,2.9702817111027744,PASS,-1.206832706348615,-1.8242532041521449,-0.851778963888145,PASS,1.2087538879655706,0.7858521262357736,1.5412621816161747,PASS,2.1406415050385927,1.7642870223329679,2.463258887629365,PASS,-1.1898112658915392,-1.4910131493273506,-0.9649425203091104,PASS,1.4830693735104414,0.8137401621635837,2.385655573931433,PASS,1.5974683270350336,1.0627870460152722,2.2133623501647643,PASS,-0.7993121390612782,-2.4911263212625308,-0.20984821827202205,PASS,1.1959735680506942,0.2812341470593789,2.2759587420850895,PASS,1.7089865371096988,0.3964651796603762,2.5715013562712885,PASS,-0.18644209505332748,-0.2663296396619657,-0.11171432863307934,PASS,0.23492242001757865,0.08660408279779862,0.3354053995565045,PASS,1.6190122017695812,1.093352539092467,2.4057919277236586,PASS,-1.4670492915655484,-2.389052216322941,-0.7945248183422797,FAIL,1.0101610411751913,0.5025136801883108,1.3312667697899776,PASS,1.957249990621879,1.485405235712691,2.5763534890864164,PASS,0.022409666069150874,0.020020352989417,0.02376784940240456,FAIL,0.182375,0.1734375,0.184,FAIL,4.591998961012243,3.682400452367475,5.772762911807498,FAIL,0.296528366034167,0.06094922802206681,0.46466830065344095,PASS,0.5523733517156968,-0.20296861739142272,0.8539835523462429,PASS,0.7297383936092778,-0.02706345014686775,0.9158435243714748,PASS,0.4236641343923503,-0.09887905678643086,0.6893914692804917,PASS,0.1186653856394807,-0.3298026155858381,0.4080160955826632,PASS,0.280653974045402,-0.042316645657874415,0.5140751554171455,PASS,0.1024230854771959,-0.20625232261736767,0.3306620492773119,PASS,0.682261118900208,0.1386636409957279,0.9143430485422678,PASS,0.4086380245653731,-0.008518654505858798,0.7098310618978068,PASS,0.45665909135748955,-0.20964389071514566,0.7501583679745818,PASS,0.38958333333333334,0.2,0.5875,FAIL,0.0,0.0,0.0,PASS,-0.20503365808796306,-0.3610941787937385,-0.004861785188331098,PASS,0.9993603685199373,0.9988894728788551,0.9995453254318957,FAIL,12394.642993992786,7441.895177650065,19727.842152776433,4,5,37,49,3,7
L03664,G08,P01,16,true,PASS,0.05786210317460317,0.01375,0.10440972222222224,FAIL,14.02711823719061,12.196022074174772,16.004030899825096,FAIL,-0.15463457084474103,-0.273923594976229,-0.05829105119492401,PASS,-0.04309993235286021,-0.04671194248813595,-0.03992437081943039,PASS,-0.00014505753487595394,-0.037417169110794894,0.044291638693422716,PASS,0.6374257283478405,0.6362664947361265,0.63838324801794,PASS,5.00360026041667,4.888333333333337,5.170546875000004,PASS,1546.375957874133,1543.658357715097,1548.2523027173936,PASS,0.9044386481444111,0.6457225332582798,1.340764781103531,PASS,0.3147316246519261,0.1609123367732121,0.47428022420485716,FAIL,3.5140510698026324,3.3847047296389894,3.617547418610323,FAIL,0.31288838966836596,0.2312242246345502,0.4023885982007848,FAIL,0.6142751479289941,0.6142751479289941,0.6142751479289941,FAIL,0.0015833221189812052,0.0015833221189812052,0.0015833221189812052,PASS,0.08879022080240917,0.08879022080240917,0.08879022080240917,FAIL,0.2222970516048579,0.2222970516048579,0.2222970516048579,PASS,0.2109926998463887,0.2109926998463887,0.2109926998463887,PASS,0.4370703299516857,0.4370703299516857,0.4370703299516857,PASS,-2.168171141705093,-4.080347990406885,-0.7892635894710273,PASS,2.560227449722127,0.9112354033595318,4.868540808875561,PASS,2.0372265378818426,1.0580159436331562,2.6272773049675138,PASS,-1.439094574733807,-1.9493287362007612,-1.0313836539291814,PASS,1.285132855446292,1.0790051315390954,1.463079692373079,PASS,2.138805409421949,1.7726509818465632,2.4237791868134098,PASS,-1.4998703625253729,-3.44851674483074,-0.9183793782961207,PASS,1.9695560969211523,1.1262626639818871,3.185377924419529,PASS,1.8775899436543777,1.208054329907225,2.251259249385067,PASS,-1.717379282520501,-4.186005432787363,-0.2371008046975237,PASS,1.721227001182576,0.32746196167982533,3.5051563762986806,PASS,1.953511751125506,0.6410065919595411,2.8246370966744108,PASS,-0.21631760076232392,-0.26545420982992285,-0.13565547416398271,PASS,0.2246841153834954,0.11734289712528428,0.33464512752850034,PASS,1.3778945838087373,0.9666495431066435,2.318164107381757,PASS,-1.5202316084458225,-2.3280650377791177,-0.71019421042514,PASS,1.0039205556000788,0.4447143811647304,1.4420378208022004,PASS,2.129462746204802,1.632233046582649,2.684450575914845,PASS,0.022646825634919605,0.021210065654385418,0.023772133092343335,FAIL,0.18278125,0.1734375,0.184,FAIL,4.566080677225203,3.9483102290646865,5.09419594597421,FAIL,0.35846602281062423,0.09302714987705438,0.5298087942149203,PASS,0.7238038359831317,0.06327782742370996,0.8751077583177513,FAIL,0.8662231384600733,0.6177664083039138,0.9287009070285362,FAIL,0.5561895631051738,0.23803450805619442,0.709147978912818,PASS,0.24755690371302697,-0.15729919092837472,0.4835759252089562,PASS,0.38454387399794016,0.05127545040763521,0.5663805258474572,PASS,0.24482683089999147,-0.12063424248778537,0.45168925212673333,PASS,0.7987189920653109,0.1549801175110219,0.9302641829583023,PASS,0.5420872404570125,0.0893726530372019,0.7201276200679707,FAIL,0.6500582764117493,0.24261246188960672,0.78599092292138,PASS,0.3614583333333333,0.1,0.6,FAIL,55.9177147564164,33.08672767983161,79.86231104312567,PASS,-0.13850248197844317,-0.2518052527432466,-0.02088774193948223,PASS,0.9999005019783256,0.9998649547524735,0.9999156268343651,FAIL,7207.437250399922,4580.290637222305,11087.411280282526,3,5,36,49,4,7
L03756,G08,P01,16,true,PASS,0.07093501984126985,0.04,0.13264880952380953,FAIL,7.040663467814012,5.951021634363184,8.361008812948958,FAIL,-0.21398332620948202,-0.3076377056506097,-0.10673465248369739,PASS,-0.026345833246612594,-0.027637882218516444,-0.025635623258558442,PASS,-0.0009218539956741927,-0.015952178649729355,0.011614307224271321,PASS,0.637574819006048,0.6366770218878077,0.6387509233965094,PASS,4.9940234375000045,4.859414062500004,5.075260416666671,PASS,1546.5318518738186,1545.2094553217598,1548.7230580855814,PASS,0.8742221973975239,0.5705995187183356,1.6132673122886803,PASS,0.28140363556629433,0.17494454384487323,0.3803967677021539,FAIL,3.5397814469554945,3.470115832346015,3.6110693229594246,FAIL,0.3206585573683942,0.20957395548318694,0.3908605706564835,FAIL,0.6142751479289941,0.6142751479289941,0.6142751479289941,FAIL,0.0015833221189812052,0.0015833221189812052,0.0015833221189812052,PASS,0.08879022080240917,0.08879022080240917,0.08879022080240917,FAIL,0.2222970516048579,0.2222970516048579,0.2222970516048579,PASS,0.2109926998463887,0.2109926998463887,0.2109926998463887,PASS,0.4370703299516857,0.4370703299516857,0.4370703299516857,PASS,-1.7799906786647495,-3.2315251305135684,-0.730390739910266,PASS,2.005686559191656,0.8207247139482309,4.98575280661108,PASS,2.038559530461275,1.0578480302802578,2.8620570937749763,PASS,-1.2867021569151347,-1.9468444811852266,-0.9523453458863788,PASS,1.172123293527825,0.6240038773405522,1.3932659071414355,PASS,2.056125481530504,1.8365109125885868,2.3231279274196392,PASS,-1.9041110406455295,-4.2144964126364135,-1.0036939065965773,PASS,1.7906213792325754,0.7372204184550198,3.4983127572192183,PASS,1.806746567063188,1.3413135034113275,2.4333972005463687,PASS,-1.804977741769125,-4.849218998166645,-0.21145785809282872,PASS,1.5849036185612508,0.24280844926123477,3.9861467549039986,PASS,1.7198349267059676,0.6809369175035634,2.335747159249567,PASS,-0.21423039456264947,-0.27073107241101163,-0.1395609018535627,PASS,0.20447228855004287,0.10968928388461383,0.34438709749081253,PASS,1.393375550630294,0.8733197780862904,2.2027129878536336,PASS,-1.2899971477780872,-2.3034714389593627,-0.5420409287037588,FAIL,1.030448800762981,0.6314344960916249,1.604194240476943,PASS,1.9833138079736898,1.4658011494593808,2.552634566984611,PASS,0.022464454998990545,0.020998262739799833,0.023423547428233837,FAIL,0.1831875,0.175875,0.184,FAIL,4.508333827338467,3.4368699855188525,5.922371783126243,FAIL,0.40627759906941097,0.21431487642404723,0.6288967220646503,PASS,0.6655013366765923,-0.09740523722182243,0.925803718177537,PASS,0.7878907488933117,0.13614035778621622,0.9529690796110963,PASS,0.4584514454832125,-0.278913436407323,0.7559891241090768,PASS,0.2690212354988916,-0.07761021260337654,0.5431237346176082,PASS,0.3891970786162945,0.134962024210127,0.6360792201201075,PASS,0.18016109881037398,-0.26897543470303714,0.4964620702163127,PASS,0.752510924101925,-0.04443361460323002,0.9597329076618425,PASS,0.5010022858745393,-0.030905238902088454,0.7689685365315649,PASS,0.5314820661715935,-0.22776585108151576,0.8125099263508704,PASS,0.43125,0.3,0.6,FAIL,61.544795473840786,27.049340856620997,91.68680125954761,FAIL,-0.011035466577536547,-0.21657637500890772,0.18290741983291503,PASS,0.9999544795011094,0.9999389631090678,0.9999606912995711,FAIL,5714.214227205041,3154.5503387194185,8015.517868850369,3,5,37,49,4,7
L03805,G08,P01,16,true,PASS,0.05753472222222222,0.034444444444444444,0.09402777777777778,PASS,3.0651426970003817,1.4794454839641242,4.393761899968215,PASS,0.06021229441162601,-0.09469259172125707,0.23319840341970258,PASS,-0.08892282994971618,-0.09626245363373576,-0.08509230529224601,PASS,-0.010680341564910465,-0.04257441001366461,0.006405027179266725,PASS,0.6376898914170146,0.6371641432734777,0.638353397197583,PASS,5.029928385416671,4.873684895833337,5.2141927083333375,PASS,1545.9473818478045,1542.9478795547343,1548.4907537706179,PASS,1.03443549843582,0.7079148576787491,1.445746062688059,PASS,0.28516765261927024,0.19823888531983824,0.42780623501978765,FAIL,3.5425675442784064,3.436998532252603,3.595571712811125,FAIL,0.293974709166404,0.2515618480308884,0.35308955827865574,FAIL,0.6142751479289941,0.6142751479289941,0.6142751479289941,FAIL,0.0015833221189812052,0.0015833221189812052,0.0015833221189812052,PASS,0.08879022080240917,0.08879022080240917,0.08879022080240917,FAIL,0.2222970516048579,0.2222970516048579,0.2222970516048579,PASS,0.2109926998463887,0.2109926998463887,0.2109926998463887,PASS,0.4370703299516857,0.4370703299516857,0.4370703299516857,PASS,-1.9931627694153784,-3.9388775137579985,-0.8382246605623977,PASS,2.118651213678833,0.8490628275958481,4.868540808875561,PASS,2.092624517140525,1.328259355223671,2.553047272698617,PASS,-1.388108754583865,-1.9493287362007612,-0.7630693803011664,PASS,1.2387071179078164,1.0790996042495142,1.4491169353267503,PASS,2.0483968306389055,1.616322735027336,2.422167807652799,PASS,-1.6581091027052484,-4.2144964126364135,-1.026960843110853,PASS,1.8625263615570615,0.8779790658981388,3.185377924419529,PASS,1.8808881286069634,1.1329980118393832,2.2573506628258695,PASS,-1.5601683280371335,-4.849218998166645,-0.2048255768318225,PASS,1.5604366701721073,0.30196503143742415,3.5051563762986806,PASS,2.101288068493631,1.350534823725698,2.78839899275984,PASS,-0.19637084162683904,-0.26797107059704606,-0.132069003618483,PASS,0.20984565214636136,0.12036155813721991,0.3451473695188167,PASS,1.3180553412605136,0.685910971764591,2.4303615965495613,PASS,-1.4966200064608468,-2.404177896873953,-0.7131880840296435,FAIL,1.1862114556261767,0.606890173396212,2.7318369543483754,PASS,2.0329533599537943,1.3866879230463647,2.566432327927866,PASS,0.02264432108490074,0.020799600297564613,0.023782701197460464,FAIL,0.18278125,0.1734375,0.184,FAIL,4.666804441921975,3.896392672011016,6.81550050221487,FAIL,0.3716562225527635,0.06331886959843717,0.5731204135315855,PASS,0.6779176400198617,0.03886516745471219,0.9009193281206701,PASS,0.8197580227225802,0.24618439093362382,0.951569616608134,PASS,0.5397388193046293,-0.029149123239213648,0.8014671379621113,PASS,0.2349477101307286,-0.2333314672835892,0.4492237148445274,PASS,0.3746672130691193,0.018602455601481084,0.543837619447023,PASS,0.24436471316014868,-0.15983684591284825,0.43768968692790833,PASS,0.7573939551564681,0.13764135615503426,0.9518559129157264,PASS,0.5434365691284546,0.03331879467960109,0.8019730547278083,PASS,0.6172002054678403,-0.08644176934690784,0.8431139177779327,PASS,0.39583333333333337,0.20625,0.5875,FAIL,42.29565685522321,27.90565979198666,62.63595479284232,PASS,-0.06416428754992817,-0.2514365599564149,0.1364711361072091,PASS,0.9994830541945984,0.9993287108692286,0.9995466678165674,FAIL,5649.691698337692,3402.8061796622806,7547.8221805697885,5,5,38,49,4,7
L03845,G08,P01,16,true,PASS,0.07253224206349207,0.024166666666666666,0.12802083333333333,PASS,6.549945769597185,4.683653904381012,8.55511162591255,FAIL,-0.1255549490942992,-0.3076126662138217,0.06989012421702387,PASS,-0.12871820649971294,-0.13148336609123157,-0.12428015626284353,PASS,-0.0016233263562056481,-0.014180414138799816,0.01628509557191022,PASS,0.6375000494846332,0.6367097361050845,0.6384096201426881,PASS,5.0024023437500045,4.892109375000004,5.119153645833337,PASS,1546.3954578713747,1544.4949499880536,1548.1908353347849,PASS,0.9971537380788722,0.6876739987290357,1.5458903394144334,PASS,0.3165377997043005,0.17213214942687335,0.5194674111315818,FAIL,3.5690035471947557,3.5151477282916455,3.6222266080583623,FAIL,0.279645515717974,0.2216072441908286,0.39185793192396984,FAIL,0.6142751479289941,0.6142751479289941,0.6142751479289941,FAIL,0.0015833221189812052,0.0015833221189812052,0.0015833221189812052,PASS,0.08879022080240917,0.08879022080240917,0.08879022080240917,FAIL,0.2222970516048579,0.2222970516048579,0.2222970516048579,PASS,0.2109926998463887,0.2109926998463887,0.2109926998463887,PASS,0.4370703299516857,0.4370703299516857,0.4370703299516857,PASS,-1.6680219461352594,-3.3729956071624545,-0.7144461544342938,PASS,1.8847143953998757,0.8538182607859811,4.829470142963721,PASS,2.127170188903393,1.0428413186627834,3.049810515842374,PASS,-1.2323770993098075,-1.8227005447674356,-0.8067728102429319,PASS,1.2744443392385874,1.2010438276990791,1.3793031500951067,PASS,2.1829187162102985,1.7878862402081985,2.5245894752902895,PASS,-1.19397579757727,-1.4910131493273506,-0.7874920432845657,PASS,1.7843291808247979,1.0155144001182976,3.081066313486299,PASS,1.8069067171211919,1.0893616585165644,2.271120831547925,PASS,-1.019338363088163,-2.4911263212625308,-0.16895896477113345,PASS,1.533510322060539,0.20890976898525468,3.344826250096908,PASS,1.8850149676632817,0.6343672119463439,2.4170281254677595,PASS,-0.19516536251605612,-0.266445139288179,-0.1255953135661882,PASS,0.20884210786407692,0.09038883052388555,0.33464512752850034,PASS,1.6730551649795045,1.0142092186213496,2.5935991053953757,PASS,-1.4055841099108806,-2.3857478777274364,-0.6771682628380175,FAIL,1.18591652538298,0.6699419384771867,1.6676393862768302,PASS,1.9486006261220907,1.512383054057853,2.3652883828990663,PASS,0.022722852710597978,0.02095279037407595,0.023652529560577184,FAIL,0.184,0.184,0.184,FAIL,4.642957665692496,3.4895977166394263,5.847750607394618,FAIL,0.31823357837603117,0.07639917865318478,0.5414304910059649,PASS,0.5930340546704571,-0.17556738801063348,0.8889627742468655,PASS,0.7728256899833328,0.08676439942550149,0.9394569124691767,FAIL,0.48900449258101386,0.21387892921175158,0.7109238772594745,PASS,0.1580837936141179,-0.27418761211471976,0.4173266345134415,PASS,0.2916792503472658,-0.06347352035084312,0.5115562694162008,PASS,0.15627805589738103,-0.1907632835044995,0.41964401163668985,PASS,0.6969718500784023,0.10145212829398154,0.9417595243810232,PASS,0.45298106590005544,-0.07218874111091943,0.732121158874253,PASS,0.49632833342985166,-0.1513679599826323,0.7785954019074076,PASS,0.4229166666666666,0.2,0.66875,FAIL,42.907912284371754,23.986618468333248,60.18869613796742,FAIL,-0.042656532597937856,-0.2245289864764416,0.11662865844053565,PASS,0.9989439760581176,0.9982920275990939,0.9991902151485399,FAIL,7457.7959133871345,3354.411241248959,11899.245981125736,4,5,36,49,4,7
L03851,G08,P01,16,true,PASS,0.0684796626984127,0.024166666666666666,0.1264236111111111,FAIL,8.00153826704148,4.984377492782141,11.241543181675624,FAIL,-0.26682361953806033,-0.4236296397791376,-0.14199586299081235,PASS,-0.0033705968357509537,-0.0038848015467001914,-0.002881608002844003,PASS,0.00024402321733837593,-0.059222917106873024,0.08649589426155874,FAIL,0.6085379499054563,0.6067033107394844,0.6100643138478472,PASS,4.9961718750000035,4.887434895833337,5.1510807291666705,PASS,1546.496879052679,1543.9752326702708,1548.2669277153248,PASS,1.135777231474826,0.6179567598671959,1.746849139304399,PASS,0.2978707186789139,0.17035597841754072,0.5113299526626076,FAIL,4.300201135146956,4.231551901019245,4.366978475683626,PASS,0.42789880929560375,0.32108870316544186,0.5231583358873789,FAIL,0.6142751479289941,0.6142751479289941,0.6142751479289941,FAIL,0.0015833221189812052,0.0015833221189812052,0.0015833221189812052,PASS,0.08879022080240917,0.08879022080240917,0.08879022080240917,FAIL,0.2222970516048579,0.2222970516048579,0.2222970516048579,PASS,0.2109926998463887,0.2109926998463887,0.2109926998463887,PASS,0.4370703299516857,0.4370703299516857,0.4370703299516857,PASS,-1.7737984554197546,-3.3729956071624545,-0.7771656462360841,PASS,2.264953562481998,0.8729519620908003,4.98575280661108,PASS,2.240842013316235,1.4124000725230994,2.710937019005492,PASS,-1.3096964972988627,-1.953055118724063,-0.9035442882795781,PASS,1.2814961954764439,0.7968539483302642,1.8542168589813302,PASS,2.0872219478042675,1.7582176078353762,2.43284640803322,PASS,-1.547845820333143,-4.2144964126364135,-0.9328783523720369,PASS,1.8917683831131928,0.8137401621635837,3.4983127572192183,PASS,1.9738146476044285,1.3182677220441974,2.479446474766687,PASS,-1.3145679676412636,-4.849218998166645,-0.16937160821817232,PASS,1.8726763571307006,0.35845238886012687,3.9861467549039986,PASS,2.2176875407224266,1.6609550290084327,2.9638820102611243,PASS,-0.19683536579921473,-0.26545420982992285,-0.11451773848055749,PASS,0.2363030352606433,0.11813691504033011,0.33920675969652525,PASS,1.5955221552383727,0.8821292381214596,2.505739699251528,PASS,-1.366866432638469,-2.225241339477322,-0.7018568708765272,FAIL,1.5203323575934178,0.6611446199087853,3.463736582161567,PASS,1.9614090025032849,1.4556223961826762,2.4133170894952998,PASS,0.022959758946470545,0.02166364390055504,0.02465999804613374,FAIL,0.18359375,0.1799375,0.184,FAIL,4.390994098926026,3.5829871264923545,5.012233347044307,FAIL,0.3035633845774435,0.07363370263850309,0.5365527245038305,PASS,0.5695447550925644,-0.03406461186333491,0.886000174610998,PASS,0.7784502242851559,0.29496794499406176,0.9364445708819371,PASS,0.4221114385338266,-0.07998489910441589,0.7316914695521026,PASS,0.17238976851122834,-0.26085386923575976,0.5318581818967675,PASS,0.322341274090266,0.008544413319825826,0.6154019546927287,PASS,0.16596689885616034,-0.2213151557089006,0.4968150296814177,PASS,0.6687804757175398,0.08039083479333806,0.9366800942058515,PASS,0.3878415906299776,-0.06647478639270557,0.7340428582381026,PASS,0.4960888529283475,-0.07068821501066846,0.7990936989540078,PASS,0.4375,0.1375,0.7,FAIL,0.0,0.0,0.0,PASS,-0.184672408080172,-0.29708511025957857,-0.04157267717015616,PASS,0.9999990714724278,0.9999981564993634,0.999999424062567,FAIL,14341.260702296706,7147.506782423137,21549.69684914427,3,5,38,49,3,7
L03853,G08,P01,16,true,PASS,0.07106894841269841,0.041607142857142856,0.11070436507936507,PASS,3.497079339147393,2.2379780922474803,5.213810132821929,FAIL,-0.07369668977473619,-0.2418773128270612,0.044886257074594704,PASS,-0.03442739873954874,-0.0370353879220694,-0.03302191432780584,PASS,-0.013425380398441746,-0.07007828056274881,0.009720605521326656,PASS,0.6376059288628582,0.6366220069366271,0.6382087927141938,PASS,5.015735677083338,4.899804687500004,5.1109244791666715,PASS,1546.1784144238175,1544.6289064908428,1548.0655690481578,PASS,0.9689659764706628,0.611313832570408,1.3586639492541253,PASS,0.27277193928364496,0.0739676100229975,0.4823520014685066,FAIL,3.5235020631916214,3.413875719775913,3.6300590422103367,FAIL,0.29048198784611845,0.19433850088519028,0.3733690580365842,FAIL,0.6142751479289941,0.6142751479289941,0.6142751479289941,FAIL,0.0015833221189812052,0.0015833221189812052,0.0015833221189812052,PASS,0.08879022080240917,0.08879022080240917,0.08879022080240917,FAIL,0.2222970516048579,0.2222970516048579,0.2222970516048579,PASS,0.2109926998463887,0.2109926998463887,0.2109926998463887,PASS,0.4370703299516857,0.4370703299516857,0.4370703299516857,PASS,-1.991410787290755,-3.9388775137579985,-0.8410068226966174,PASS,2.309993501627056,0.678545079930406,4.673187479316361,PASS,2.1501577489454244,0.9494360844582966,2.7125426401542994,PASS,-1.297532231096647,-1.6157939840711173,-0.8936198409192048,PASS,1.2297686896512534,1.0566541186196972,1.3932659071414357,PASS,2.141500258034889,1.9090834749312655,2.457019773585542,PASS,-1.67798828036263,-4.2144964126364135,-1.1515499650443555,PASS,1.8644705875836745,1.0358817489440706,2.6638198697533793,PASS,1.8158963243692203,1.1647447471187211,2.288507840872205,PASS,-1.6432059443988294,-4.849218998166645,-0.24352432162946286,PASS,1.6619624142743716,0.2887471163050335,2.703505745289817,PASS,1.9161353324887198,0.4885897024674423,2.731604199313529,PASS,-0.20964996605210381,-0.2680865702232593,-0.12992365135568543,PASS,0.21940700201123273,0.08825526985274924,0.33464512752850034,PASS,1.3501624948242832,0.8377795581065428,2.455819314616648,PASS,-1.5227470738989477,-2.637002821095421,-0.7155865892449305,FAIL,0.9698294687359419,0.519324392960753,1.4617034074215818,PASS,1.9871348379401665,1.3140639584483051,2.4485425570470833,PASS,0.02250628013428957,0.02145376513718718,0.023676948719868467,FAIL,0.1831875,0.1775,0.184,FAIL,4.538325822569447,3.6326496601061535,5.61194225500647,FAIL,0.38353089182291367,0.13243854897493557,0.5474600367916378,PASS,0.7558150964724857,0.2764152235738182,0.8974732710391518,FAIL,0.8829699143691768,0.7092754851074213,0.9363109132883043,FAIL,0.5911513323485584,0.3111513821972483,0.7853993507800944,PASS,0.28247573636600454,-0.1351865283026413,0.533214597230191,PASS,0.4056948070629419,0.0926195674913076,0.6390009387465068,PASS,0.26430513703197134,-0.003624948533464678,0.5387781864941104,FAIL,0.8369775573025253,0.3643654236984919,0.9439031645106949,PASS,0.5720614778006037,0.061242013187848846,0.7773352227230187,FAIL,0.6731483112679341,0.30318799064448937,0.8366718302851643,PASS,0.375,0.2,0.5625,FAIL,20.18625226468402,7.96958226201594,38.51826110088364,PASS,-0.07931615040815893,-0.28800119285605524,0.09661514501547855,PASS,0.9999383861177308,0.9999174469421768,0.9999510224699564,FAIL,7416.444873784736,4688.3358289845655,9747.284493243404,4,5,34,49,4,7
L03913,G08,P01,16,true,PASS,0.058271329365079366,0.023750000000000004,0.09882936507936507,PASS,4.253963772666891,2.6164272583579384,6.187809313206354,PASS,0.04400226101288649,-0.12223728858094446,0.2017857582727359,PASS,-0.004157026558377595,-0.00434156649763819,-0.0040462957831774475,PASS,-0.0034138643479323973,-0.020490966118637582,0.017416250997016585,PASS,0.6374854486723674,0.636712677924938,0.6383310525256816,PASS,4.998678385416671,4.827604166666671,5.131835937500004,PASS,1546.4560774280164,1544.2885043650845,1549.2408677949388,PASS,1.0778937650481972,0.701239691818898,1.7588914349327158,PASS,0.28595298505775796,0.18580011817275233,0.4040066588482027,FAIL,3.569237413145199,3.454821984051042,3.6241529369169547,PASS,0.3283063933929158,0.2572477607014132,0.4202136318423468,FAIL,0.6142751479289941,0.6142751479289941,0.6142751479289941,FAIL,0.0015833221189812052,0.0015833221189812052,0.0015833221189812052,PASS,0.08879022080240917,0.08879022080240917,0.08879022080240917,FAIL,0.2222970516048579,0.2222970516048579,0.2222970516048579,PASS,0.2109926998463887,0.2109926998463887,0.2109926998463887,PASS,0.4370703299516857,0.4370703299516857,0.4370703299516857,PASS,-1.651982409769133,-4.080347990406885,-0.7378448949106444,PASS,1.9172693551760147,0.8669609307641504,4.98575280661108,PASS,1.8486922181609795,1.1718586790818428,2.6479487281906864,PASS,-1.2433975317062367,-1.9468444811852266,-0.8318773364615677,PASS,1.2320727499094282,1.0901270510213503,1.3793031500951067,PASS,2.0304595544538815,1.712850814615732,2.3562568200611906,PASS,-1.3783223463688041,-3.1931901888955148,-1.0101745744857995,PASS,1.7937007087234988,1.0342538258687948,3.4983127572192183,PASS,1.8039414614507172,1.1457255348626223,2.258999349842056,PASS,-1.0798803722979131,-3.964934244327602,-0.2371008046975237,PASS,1.4772968471740762,0.2932104227065867,3.9861467549039986,PASS,1.9273427340852851,0.7365365287263529,2.7860490849572335,PASS,-0.20486343360851544,-0.2682373420849837,-0.13565547416398271,PASS,0.23478482624607225,0.11762825427453602,0.33464512752850034,PASS,1.715374956322895,0.8363382870272071,2.657369184630182,PASS,-1.4017045638322643,-2.587166922732375,-0.7251500350191253,FAIL,1.2776323879461784,0.7096574190015424,2.8749312805960243,PASS,2.0080539289963206,1.4097273002092323,2.520651553271082,PASS,0.02301134032376715,0.02068567494016124,0.024375408956373325,FAIL,0.184,0.184,0.184,PASS,4.288080458810536,3.1663370007496106,5.183143499141998,FAIL,0.3030254061515464,0.06892086170512705,0.5609092264876826,PASS,0.5667502258853936,0.09324156117883826,0.8994093944986485,PASS,0.7950773428573801,0.532907026568789,0.9435564180199302,FAIL,0.45096298364221854,0.07464571044116984,0.7682994954242315,PASS,0.130835542865381,-0.364929470180599,0.5222809915641307,PASS,0.2967805414699607,-0.005399531872134277,0.5977790117588991,PASS,0.14446377531830656,-0.13673184533944766,0.46947632126676075,PASS,0.6616172473019138,0.15898926868708177,0.9415662742316974,PASS,0.39632922144671073,-0.051937635968366064,0.772005581952153,PASS,0.473065257419005,0.09588744840498184,0.8215566937930804,PASS,0.37499999999999994,0.2,0.6729166666666666,FAIL,45.041947601634476,32.102990312655315,55.72978944229255,FAIL,0.1319846412602268,-0.04143112811611417,0.315483178463621,PASS,0.9999987537435892,0.9999982735665792,0.9999989584357517,FAIL,5153.65216966584,3030.8628515785704,7060.267236147262,5,5,38,49,4,7
L03915,G08,P01,16,true,PASS,0.06446924603174603,0.03111111111111111,0.119484126984127,PASS,3.9639976893733935,2.341200208949108,6.8533845097790325,FAIL,-0.1733398811526613,-0.26789278543053074,-0.06550656903202916,PASS,-0.0697078366017328,-0.07316546181306952,-0.06651958024312257,PASS,-0.005761404156151588,-0.02229021697395613,0.007109255882268556,PASS,0.6352266253108051,0.6339696517141986,0.6363102163100736,PASS,5.042552083333337,4.912083333333338,5.167304687500003,PASS,1545.741890029048,1543.711134881544,1547.8656940764326,PASS,1.0075420565683402,0.6237799903046338,1.6239569098893816,PASS,0.24853136469175524,0.1515897180779674,0.4061637358730881,FAIL,3.540829680657601,3.4462386553359647,3.6207885924717575,PASS,0.4093590179426859,0.30272888771501194,0.550959774139013,FAIL,0.6142751479289941,0.6142751479289941,0.6142751479289941,FAIL,0.0015833221189812052,0.0015833221189812052,0.0015833221189812052,PASS,0.08879022080240917,0.08879022080240917,0.08879022080240917,FAIL,0.2222970516048579,0.2222970516048579,0.2222970516048579,PASS,0.2109926998463887,0.2109926998463887,0.2109926998463887,PASS,0.4370703299516857,0.4370703299516857,0.4370703299516857,PASS,-1.988408362397871,-3.3729956071624545,-0.8941680558792571,PASS,1.9060500056334058,0.8980434753351849,4.205787658965759,PASS,2.1324915202039794,1.1830144911011768,2.747371948736852,PASS,-1.3505197425371693,-1.8227005447674356,-1.0914367065612478,PASS,1.2581450649945127,1.0622843845692351,1.5301638993712545,PASS,2.0991545815598007,1.736456003264469,2.4566500780105494,PASS,-1.4276870996157793,-3.1931901888955148,-1.023529901287147,PASS,1.651509897330303,0.9917327209350784,3.081066313486299,PASS,1.7611028748745428,1.2688569192333767,2.2374237303783895,PASS,-1.435176101057508,-3.964934244327602,-0.2446519415098021,PASS,1.4832260406152016,0.3018116522474019,3.344826250096908,PASS,1.8768711114289558,1.0469945864432233,2.3553420424331346,PASS,-0.21918829858377203,-0.2670396969631327,-0.15610074777556018,PASS,0.24299568460744153,0.10063404928335323,0.3354053995565045,PASS,1.4002041378073402,0.9631571908997314,2.125713275763764,PASS,-1.2872169549900545,-2.3572291727224473,-0.5929402327698586,FAIL,1.063582277760064,0.6958255883291136,1.446208158273754,PASS,1.884815198564847,1.4287032179951984,2.347838120291,PASS,0.02261095099688761,0.020969482437949803,0.023720514086039177,FAIL,0.184,0.184,0.184,FAIL,4.24650874957751,3.372736182012169,5.4248555328868235,FAIL,0.3588529735730238,0.13705536661126194,0.5265319794546365,PASS,0.73773205104923,0.17927910070981518,0.8806684194366624,PASS,0.8375973671851813,0.3353704352884517,0.930808088607389,FAIL,0.5561321779898184,0.10461272732174705,0.7385718059249224,PASS,0.25837706092479157,-0.027684026091630815,0.44253417186548516,PASS,0.3845392390462346,0.10437337862887737,0.5520806169003946,PASS,0.21837986915623944,-0.17622420226049484,0.39070641779079135,PASS,0.8231524140396175,0.3010659723045061,0.9381991364400513,PASS,0.5706494467766281,0.07715274160179597,0.7509044544044554,PASS,0.627043095952248,-0.05458559756694892,0.815470179849386,PASS,0.38958333333333334,0.21666666666666667,0.53125,FAIL,17.33871275056018,8.275162735139148,33.57301612299611,PASS,-0.14310225652208644,-0.29522399199973426,0.0674393658634801,PASS,0.999738654078766,0.9995793085064925,0.999802362887886,FAIL,8928.148622773282,6744.95961993251,11326.596012886293,4,5,38,49,4,7
L03956,G08,P01,16,true,PASS,0.0672470238095238,0.02208333333333333,0.10510416666666667,PASS,5.152419736817459,3.2855188299248472,8.306727534980798,FAIL,-0.006593488757941572,-0.20702959367758922,0.13120229242019205,PASS,-0.003600561695116975,-0.0037280431437213967,-0.003413360326560778,PASS,-0.0020865592007759783,-0.03089225889067854,0.02922668583299043,PASS,0.6374782122447948,0.6370351466822385,0.6380082526544127,PASS,5.00625651041667,4.852044270833337,5.173437500000004,PASS,1546.3327187498148,1543.6113033739275,1548.8430254599148,PASS,1.0175329054355204,0.7446761102348516,1.4145766641581377,PASS,0.33442123778430677,0.18905858432353714,0.4555823203864851,FAIL,3.5848154878109137,3.522061297298681,3.6246871249463988,PASS,0.3034145278984475,0.20928293737335607,0.42099112229862273,FAIL,0.6142751479289941,0.6142751479289941,0.6142751479289941,FAIL,0.0015833221189812052,0.0015833221189812052,0.0015833221189812052,PASS,0.08879022080240917,0.08879022080240917,0.08879022080240917,FAIL,0.2222970516048579,0.2222970516048579,0.2222970516048579,PASS,0.2109926998463887,0.2109926998463887,0.2109926998463887,PASS,0.4370703299516857,0.4370703299516857,0.4370703299516857,PASS,-1.8701776136256436,-3.2315251305135684,-0.7389953017015172,PASS,2.025181589092984,0.8502236419899911,4.829470142963721,PASS,2.064942437162985,0.9030287979897209,2.7385001787762473,PASS,-1.3481481283055388,-1.8227005447674356,-0.955506367913051,PASS,1.1981538074250255,0.8035700060239893,1.3560318883512257,PASS,2.105183868373344,1.7865695534363422,2.341713159094834,PASS,-1.5967942191639874,-4.2144964126364135,-0.833978771205919,PASS,1.6483021153090738,1.0171423231935734,3.081066313486299,PASS,1.66854780442514,1.1967615522453803,2.33521222652565,PASS,-1.6202874890612708,-4.849218998166645,-0.3180121906508602,PASS,1.4454451507792658,0.2898629429054218,3.344826250096908,PASS,1.6706711449617055,0.5145600997938131,2.2955347380127784,PASS,-0.20259877926502134,-0.2554322644808466,-0.1379054606280267,PASS,0.21596061822503204,0.1314322542376897,0.3134310729636533,PASS,1.293727185592811,0.9095430883009374,2.0005800039404606,PASS,-1.3978034230936927,-2.1226881461812863,-0.7785553854919134,FAIL,1.1755664897641291,0.8490548309452645,1.479283907666419,PASS,2.0035284309821986,1.4058352529682476,2.519199107477715,PASS,0.022705649638111287,0.021567682750598498,0.02398131930677235,FAIL,0.1831875,0.1775,0.184,FAIL,4.441846023718507,3.8039419843391515,5.067416357297694,FAIL,0.386771948060581,0.18047400396379187,0.5300425591161251,FAIL,0.7632926331930943,0.40394953698216834,0.8941499956440768,FAIL,0.8830904775524063,0.7090510536510455,0.9378018823494969,FAIL,0.5940474993272451,0.23732702881990816,0.7610070001607168,PASS,0.2847564095389289,-0.027151297374435,0.4879776868413066,PASS,0.4141894345284238,0.20208027428410572,0.5665552501234263,PASS,0.25998481608792795,-0.019640782531411424,0.4636174778978258,FAIL,0.8622404521440314,0.6433577503460904,0.9411659416489294,FAIL,0.6037489039114429,0.22765619937921133,0.749746200642164,FAIL,0.6886450450811002,0.3252293669523235,0.8143268033660835,PASS,0.44999999999999996,0.175,0.6625,FAIL,45.098798552593145,27.88379203592941,59.580346102806075,FAIL,0.01502065498002831,-0.21977976041769196,0.16339225508407346,PASS,0.9999993237253293,0.9999992053442972,0.9999994286613694,FAIL,5956.915714730935,4125.664367660486,8145.096540840116,4,5,32,49,4,7
L03983,G08,P01,16,true,PASS,0.06706349206349206,0.02,0.11438492063492063,PASS,3.779172433172408,1.1127398007106593,6.946757630946527,FAIL,-0.08015430810232405,-0.3862967145150742,0.15874726565517872,PASS,-0.11856632996278099,-0.1225809040994645,-0.11244003798581714,PASS,-0.011563049011464677,-0.03404192329552557,0.008567569876809608,PASS,0.6375364256452043,0.6365196022688691,0.6385013101932059,PASS,5.0076953125000045,4.947161458333338,5.145247395833337,PASS,1546.309297557476,1544.0701891785768,1547.2946832876448,PASS,0.9784446666416988,0.5890015086935873,1.677924752301623,PASS,0.29655392422843224,0.1652729289278017,0.5364681876529416,FAIL,3.589496881464181,3.514691958841481,3.6747452345701412,PASS,0.32963991070516724,0.2546051595951728,0.4524574022741895,FAIL,0.6142751479289941,0.6142751479289941,0.6142751479289941,FAIL,0.0015833221189812052,0.0015833221189812052,0.0015833221189812052,PASS,0.08879022080240917,0.08879022080240917,0.08879022080240917,FAIL,0.2222970516048579,0.2222970516048579,0.2222970516048579,PASS,0.2109926998463887,0.2109926998463887,0.2109926998463887,PASS,0.4370703299516857,0.4370703299516857,0.4370703299516857,PASS,-1.6025022320645617,-3.2315251305135684,-0.7351184483647841,PASS,2.1506917488967163,0.8219229202135608,4.98575280661108,PASS,2.06790810377332,1.028225781970822,2.9069846735344536,PASS,-1.2728413054843242,-1.6173466434558263,-0.9114838461678769,PASS,1.1712988891820648,0.8899872150201918,1.3560318883512257,PASS,2.14198258022925,1.744873788566816,2.528363586246108,PASS,-1.5752324881363375,-4.2144964126364135,-1.0259358317578633,PASS,1.7879654623707095,0.9796988774727253,3.4983127572192183,PASS,1.857526778691276,1.1061988393673257,2.282284370093117,PASS,-1.374320539770161,-4.849218998166645,-0.21659968010863753,PASS,1.4953057392319706,0.2802115205143928,3.9861467549039986,PASS,1.842961786661929,0.407485134230004,2.6330624934596285,PASS,-0.1992902677008211,-0.26941792766294737,-0.1304925434421461,PASS,0.2015166714758016,0.10627220102481448,0.3134310729636533,PASS,1.5506152334261882,1.02423506597414,2.379391801367931,PASS,-1.4324641835456182,-2.476704579890718,-0.7930473395259874,FAIL,1.0755310715077009,0.6193706303352795,1.8770977898079708,PASS,1.8951978980047035,1.3249218347465563,2.5102496000801082,PASS,0.02267815101148831,0.02136990055638244,0.024137587475584088,FAIL,0.1831875,0.175875,0.184,FAIL,4.5659447920679535,3.403646476764202,5.88556428351817,FAIL,0.35264807740782567,0.07059284791455289,0.6183665685359283,PASS,0.5795748856035512,-0.08015587382935527,0.9129619880835842,PASS,0.780063173133554,0.2656233340701947,0.9458201447741967,PASS,0.4378232659049057,-0.0916500042347432,0.7752120877586681,PASS,0.189187191037632,-0.28927796747455276,0.5359347550737454,PASS,0.33805276448060817,0.0082017487231352,0.6170602707920049,PASS,0.14487587886088105,-0.21745887547507503,0.45689217641864827,PASS,0.6939709707753625,0.09688557774106292,0.9552733659431046,PASS,0.4367520238678016,-0.04758379171524475,0.7841180863846203,PASS,0.49701284754607017,-0.13054497143558408,0.8200847462795312,PASS,0.371875,0.1375,0.6625,FAIL,53.174131448591105,33.501404919371936,73.6843506837336,PASS,-0.10985013228937948,-0.4325406270437371,0.18983604456419192,PASS,0.9991299846875801,0.998883727156205,0.9992649383775098,FAIL,6480.148224929972,2890.9880549030895,10272.773595419101,4,5,39,49,4,7
L04012,G08,P01,16,true,PASS,0.05277777777777778,0.01375,0.09746527777777779,FAIL,9.802499421462583,8.52245205684381,11.30703054359426,FAIL,-0.2603524976560182,-0.4040979970646528,-0.11922670806691822,PASS,-0.0035876421678028188,-0.0036945571459428804,-0.003388478727830747,PASS,-0.0005079863367726296,-0.02271900300152358,0.019358373086680924,PASS,0.6371122091834622,0.6361626330516205,0.638055251545379,PASS,5.002708333333338,4.885755208333337,5.108203125000004,PASS,1546.3904768938182,1544.6732053976195,1548.2942701027612,PASS,1.0261838215421926,0.7264788936020622,1.6252593346077007,PASS,0.341680783597065,0.1592915022469949,0.5538390290808909,FAIL,3.5402067621851527,3.4445772964449444,3.602629162622944,FAIL,0.3164192654914508,0.22353468129217322,0.4078479417061243,FAIL,0.6142751479289941,0.6142751479289941,0.6142751479289941,FAIL,0.0015833221189812052,0.0015833221189812052,0.0015833221189812052,PASS,0.08879022080240917,0.08879022080240917,0.08879022080240917,FAIL,0.2222970516048579,0.2222970516048579,0.2222970516048579,PASS,0.2109926998463887,0.2109926998463887,0.2109926998463887,PASS,0.4370703299516857,0.4370703299516857,0.4370703299516857,PASS,-1.9669703840929647,-4.080347990406885,-0.7695500241740599,PASS,2.551290269121301,0.9649169235877276,4.98575280661108,PASS,2.211435427869418,1.3930320876871387,2.9747256079038134,PASS,-1.2216970878132847,-1.9468444811852266,-0.8162200537554869,PASS,1.2768969557607242,1.0622843845692351,1.463079692373079,PASS,2.0770077442587067,1.7288961660214701,2.471720815092675,PASS,-1.394749481603478,-3.1931901888955148,-0.960367931210836,PASS,1.8757633848775321,0.7890908963752661,3.4983127572192183,PASS,1.9183893284089208,1.3220234376593105,2.2967821890904965,PASS,-1.4190229728796462,-3.964934244327602,-0.20194899191135995,PASS,2.0084483799061905,0.6454307971026266,3.9861467549039986,PASS,2.147836900616323,1.6373680456202842,2.7942340587662184,PASS,-0.2095412727245743,-0.26600135347494963,-0.14001865343102424,PASS,0.2542053833216359,0.17038542948624164,0.33993164012409394,PASS,1.6329906144181874,0.9443209229028333,2.5325048213357677,PASS,-1.5582640641899026,-2.496915293267789,-0.7382982583216999,FAIL,1.1120567714894705,0.5444704030987098,1.7071233557296424,PASS,1.9722829274323765,1.4315065750291822,2.4851504131963384,PASS,0.0226551445447842,0.020863131748286416,0.02412017204505174,FAIL,0.1831875,0.175875,0.184,FAIL,4.682396782815472,3.797464447308563,5.8447689699749,PASS,0.31479134375670886,0.010187204853704893,0.6232815149479336,PASS,0.6613527913467135,0.11310470209149152,0.9105955401286178,FAIL,0.8468273063062353,0.6014884183106063,0.9512658600075338,FAIL,0.4766492309632136,0.0818668000267363,0.7345727031776306,PASS,0.17977009683403455,-0.351402095981744,0.558460531401409,PASS,0.33449143710300366,0.009053555322287316,0.622300717935664,PASS,0.1781406858156932,-0.1137574838606604,0.4751584948838823,PASS,0.728765662769489,0.21737723144049198,0.9518942621755734,PASS,0.418788869715751,-0.05990346754664848,0.7497400174673794,PASS,0.5325589729943714,0.11066397455652552,0.7950884882708403,PASS,0.36979166666666663,0.1375,0.625,FAIL,61.62250670980425,34.866586668926686,95.43075134717054,PASS,-0.1447597084831736,-0.33681158581244164,-0.016334920069036647,PASS,0.9999993132465183,0.9999989815368969,0.9999994643022555,FAIL,6774.82989193836,4334.221725508833,9476.844699123785,3,5,37,49,4,7
L04039,G08,P01,16,true,PASS,0.06193452380952381,0.03375,0.09128472222222223,PASS,3.6433517552507877,2.700796297837373,4.554319944316274,FAIL,-0.20165533184452467,-0.3276703827966978,-0.11698350207775186,PASS,-0.07504469477280368,-0.07816785441430595,-0.06944408672777601,PASS,0.00043497288270922,-0.020670444355209563,0.04591842580999957,PASS,0.6376044991015221,0.6371249461012439,0.6381985606250086,PASS,5.022083333333338,4.873867187500004,5.183138020833337,PASS,1546.075085634087,1543.45339578757,1548.4877863797333,PASS,0.8548270045763633,0.5047212043590208,1.6333979492520254,PASS,0.2891251857528929,0.1491254436985254,0.46368983622764187,FAIL,3.5595829416930833,3.492690932977192,3.619260420733139,FAIL,0.3148778164155661,0.23590763722023358,0.3966220883450407,FAIL,0.6142751479289941,0.6142751479289941,0.6142751479289941,FAIL,0.0015833221189812052,0.0015833221189812052,0.0015833221189812052,PASS,0.08879022080240917,0.08879022080240917,0.08879022080240917,FAIL,0.2222970516048579,0.2222970516048579,0.2222970516048579,PASS,0.2109926998463887,0.2109926998463887,0.2109926998463887,PASS,0.4370703299516857,0.4370703299516857,0.4370703299516857,PASS,-1.8747733114122869,-3.3729956071624545,-0.6827675347869431,PASS,2.2842428866532765,0.8546258864663172,4.98575280661108,PASS,2.0369814497693612,0.970938596415333,2.6786071525043127,PASS,-1.186607730543641,-1.6157939840711175,-0.851778963888145,PASS,1.2575751964759543,1.1233794422156125,1.3793031500951067,PASS,2.028365288771184,1.6444354114269701,2.564504494474609,PASS,-1.663891605621652,-4.2144964126364135,-1.0601649398674837,PASS,1.8984115406754756,1.0955512361727162,3.4983127572192183,PASS,1.7520022430920896,1.0990366375445455,2.2941270257600537,PASS,-1.5760000174491733,-4.849218998166645,-0.2325051307894349,PASS,1.77713833967743,0.38461602849745524,3.9861467549039986,PASS,1.8734761285823862,0.7224465923318605,2.7286096103929247,PASS,-0.2190667477680735,-0.27179615836276205,-0.1369573071505923,PASS,0.2226561377088409,0.13758264096017292,0.3451473695188167,PASS,1.432298063787763,1.0515123730678424,2.2920759608257097,PASS,-1.2500182890918852,-2.5939734789803306,-0.37926177857152826,FAIL,1.099464008246255,0.5350752451156504,2.9695527279144716,PASS,2.1877678464248285,1.5708307142025126,2.824605497208875,PASS,0.022457392969317907,0.02053593358008216,0.02419269533771511,FAIL,0.18359375,0.1799375,0.184,FAIL,4.530365962654274,3.6118777263801927,5.55417644583064,FAIL,0.4027151173021748,0.12467974023709784,0.6739712114737045,PASS,0.7539467702825553,0.21242751930901266,0.9339449987786896,FAIL,0.8808623330852645,0.6934816454722907,0.9538216340928979,FAIL,0.5854645710617467,0.16209009308418743,0.754556760927932,PASS,0.28142449805162584,-0.1449445609207589,0.6150175901366245,PASS,0.41178657604413516,0.07982503221285103,0.6780355847798936,PASS,0.2581220325180913,-0.1344175479544737,0.501867233635689,PASS,0.8287592872937619,0.30414124903263967,0.9597535032413547,PASS,0.5750806203750405,0.06454744835520307,0.762673149752804,FAIL,0.6550225169303163,0.17412282093567177,0.8057488030876634,PASS,0.44375000000000003,0.2375,0.6,FAIL,43.552042144214,29.109777445590314,54.883069581398566,PASS,-0.1371544585265393,-0.2803787900134496,0.040208469478209025,PASS,0.9997290897404285,0.9996632036043854,0.9997833268757744,FAIL,7632.927041628283,5164.232529258154,10349.283594796078,4,5,35,49,4,7
L04085,G08,P01,16,true,PASS,0.0699107142857143,0.030000000000000006,0.09834325396825397,PASS,5.908576635670522,4.455001612200278,7.424149273801056,FAIL,-0.006641355067775917,-0.15707192334095701,0.1390708190321108,PASS,-0.11062231409229707,-0.11635753807608631,-0.10596757155361983,PASS,-0.016333948898248032,-0.059547179540946904,0.00810253925243946,PASS,0.6339336425550222,0.6330936933505498,0.6347612758138867,PASS,5.015182291666671,4.89576822916667,5.130299479166671,PASS,1546.187422574717,1544.3135152311115,1548.1312755606016,PASS,1.0177283153329326,0.6111249365880387,1.6492245272241675,PASS,0.2822358380134357,0.16017890144626087,0.4294225714112898,FAIL,3.598030397957757,3.4989086271548366,3.678797550334524,PASS,0.45096888683893904,0.36455224830689825,0.530564124487333,FAIL,0.6142751479289941,0.6142751479289941,0.6142751479289941,FAIL,0.0015833221189812052,0.0015833221189812052,0.0015833221189812052,PASS,0.08879022080240917,0.08879022080240917,0.08879022080240917,FAIL,0.2222970516048579,0.2222970516048579,0.2222970516048579,PASS,0.2109926998463887,0.2109926998463887,0.2109926998463887,PASS,0.4370703299516857,0.4370703299516857,0.4370703299516857,PASS,-2.1657101870787043,-3.3729956071624545,-0.7336804398761931,PASS,2.7824529449441493,0.8522206524322078,4.98575280661108,PASS,2.2908648386738886,1.5424093653288173,2.8752042724359854,PASS,-1.4341816610127556,-1.9483971405699356,-0.955506367913051,PASS,1.2306675953255453,1.0791751824178493,1.3932659071414357,PASS,2.0696345233526166,1.8148800379835284,2.354489652334034,PASS,-2.338937747103441,-4.2144964126364135,-0.953231151583335,PASS,2.0725570429131537,1.038812010479567,3.4983127572192183,PASS,1.8538353228789757,1.1492575970404437,2.4211828499126433,PASS,-2.4034856710562256,-4.849218998166645,-0.24199822284864725,PASS,2.0741976841593277,0.25401136442059336,3.9861467549039986,PASS,1.90531681684278,1.528594013822324,2.19219353184636,PASS,-0.2194997099738198,-0.268681127898213,-0.14882378411619834,PASS,0.219438758485432,0.11667132610372997,0.3354053995565045,PASS,1.3437705841667495,0.8945851163327199,2.077763882946664,PASS,-1.1470460820777029,-2.2846270330144423,-0.5846425637149217,FAIL,1.1608420470636596,0.5697485717171331,1.7852461516915845,PASS,1.905272886692877,1.3262459032153597,2.412767675444204,PASS,0.022493599537168986,0.020494078354895893,0.023795005840981404,FAIL,0.182375,0.1734375,0.184,FAIL,4.638737764412477,3.691490321213662,5.637435759665829,FAIL,0.4049396383371189,0.2269373020926256,0.638911232371278,PASS,0.7014568325413948,-0.1651510322061819,0.9217166598726001,PASS,0.8015857602899848,0.059145147935553186,0.9498531303769544,PASS,0.5528639329049332,0.021593409198932184,0.7455801733817173,PASS,0.2897155663832578,-0.2065996221799181,0.5406367091913643,PASS,0.41683307541430753,0.010757596426839239,0.6447680082463478,PASS,0.2526563413138744,-0.16654438032917845,0.4601366791651747,PASS,0.7914212007119288,0.04708997460301668,0.9584902940947901,PASS,0.5693990210003805,0.07155286983994773,0.7630702332621988,PASS,0.6028949770791296,-0.19894273882764157,0.8097023635642178,PASS,0.43124999999999997,0.175,0.6,FAIL,16.50204169846459,11.448164526866387,25.206620705926973,PASS,-0.13351420442463272,-0.2694865840315945,0.07647206731571408,PASS,0.999063148079647,0.9987374494965756,0.9991726091638905,FAIL,8118.43747947043,6596.632999089029,9857.828891017569,4,5,39,49,4,7
L04089,G08,P01,16,true,PASS,0.062167658730158726,0.037500000000000006,0.11323412698412698,PASS,7.612983669238385,4.498661849603627,11.488075975461527,FAIL,-0.14913138804622555,-0.258584966988442,-0.01235953696583111,PASS,-0.1007878113065072,-0.10808434075772778,-0.09019117576216604,PASS,-0.011762379747725175,-0.04696062334636082,0.031333459806893484,FAIL,0.557944153126838,0.5557949656252782,0.5599899891566694,PASS,4.976347656250004,4.882591145833337,5.080572916666671,PASS,1546.8195828113762,1545.1229770731238,1548.3457755302575,PASS,1.1410877027425785,0.6537866575780986,1.9652890963956722,PASS,0.28098371943770456,0.17185051004845361,0.4954084147651573,FAIL,5.315884852385305,5.186677093346946,5.40933172254766,PASS,0.6602564625913685,0.5231626929823816,0.7649097464854298,FAIL,0.6142751479289941,0.6142751479289941,0.6142751479289941,FAIL,0.0015833221189812052,0.0015833221189812052,0.0015833221189812052,PASS,0.08879022080240917,0.08879022080240917,0.08879022080240917,FAIL,0.2222970516048579,0.2222970516048579,0.2222970516048579,PASS,0.2109926998463887,0.2109926998463887,0.2109926998463887,PASS,0.4370703299516857,0.4370703299516857,0.4370703299516857,PASS,-2.444643271629987,-4.080347990406885,-0.8279367267081388,PASS,3.374559439342496,0.864538053723142,4.98575280661108,PASS,2.338668107652326,1.274230566303676,2.8251645281166207,PASS,-1.4702366903444943,-1.8227005447674356,-0.9015109206891541,PASS,1.2399754571602586,0.9984834587050211,1.3932659071414355,PASS,2.149078707158357,1.7959807950591684,2.3928763570267737,PASS,-2.0698469775734885,-4.2144964126364135,-0.8351951141171128,PASS,2.460710626799293,1.0633388044422516,3.4983127572192183,PASS,2.0285253961804997,1.2031224137733225,2.4544584529327635,PASS,-2.4599634260471164,-4.849218998166645,-0.20654391107874542,PASS,2.5074198255763136,0.24591384342663178,3.9861467549039986,PASS,2.060908869366889,1.2039451228387261,2.6974175267682816,PASS,-0.2121025901925136,-0.26677342547519506,-0.12171244873875194,PASS,0.20859840456033052,0.12938272937212128,0.3121639529169797,PASS,1.292221384687971,0.8548059424956449,2.292553480056868,PASS,-1.807295302257427,-2.727738196106391,-0.8369523940472547,FAIL,1.1170454620029093,0.47610161388489247,2.7450008193759485,PASS,2.1134846449677687,1.4164146788556347,2.670447745719314,PASS,0.02246261207678881,0.020639601302634723,0.024224603396799035,FAIL,0.1831875,0.175875,0.184,FAIL,4.561434020885606,3.8800571248374887,5.113495910480372,FAIL,0.4397207487289969,0.1671445118491049,0.6241267141103871,PASS,0.7351402654688214,-0.08788805169722425,0.9223424752541547,PASS,0.8417293865965506,0.2421366234209324,0.9467447375790743,FAIL,0.5759186665282809,0.12604754725260656,0.7359693356351297,PASS,0.32228371484618606,-0.2964571855079498,0.590548528876078,PASS,0.4454615526861616,-0.04509557356969726,0.6621200498369987,PASS,0.3045178934626678,-0.10486705912847268,0.5201840972246121,PASS,0.8114042605225396,0.08820969099688881,0.9570124603484165,PASS,0.5860341594613052,0.0882319948990641,0.7683990733557897,PASS,0.6438787472724422,-0.05231958412803944,0.8130306150758736,PASS,0.4135416666666667,0.2375,0.5645833333333333,FAIL,0.0,0.0,0.0,PASS,-0.16177635814189723,-0.2684062411575701,-0.01731112673179362,PASS,0.9987372118800675,0.9979017864121784,0.9992841332755151,FAIL,13573.090347639552,6760.9481300138505,20562.559074643657,4,5,37,49,3,7
L04142,G09,P01,16,true,PASS,0.055806051587301585,0.023750000000000004,0.086875,FAIL,15.30948418187863,12.156065913110085,19.698513947451058,FAIL,0.8322721616066855,0.6227939272696642,0.9598058327481682,FAIL,-4.039075479139552,-4.146585742253614,-3.979516258878052,PASS,-0.6162773733601573,-0.7046054101356627,-0.5608890303085875,FAIL,0.5788426101132516,0.5758657475657489,0.5817273785166017,PASS,5.006790364583337,4.87283854166667,5.134765625000004,PASS,1546.324028533653,1544.2408141544397,1548.5045309425823,PASS,0.9692742148739184,0.5630908487968096,1.4239381004354512,PASS,0.3226464326672512,0.1644834408562401,0.47358589222281744,FAIL,4.685063630956009,4.576561689458759,4.764543416868513,FAIL,1.3871200788687932,1.2655915243066025,1.542478185915119,FAIL,0.6142751479289941,0.6142751479289941,0.6142751479289941,FAIL,0.0015833221189812052,0.0015833221189812052,0.0015833221189812052,PASS,0.08879022080240917,0.08879022080240917,0.08879022080240917,FAIL,0.2222970516048579,0.2222970516048579,0.2222970516048579,PASS,0.2109926998463887,0.2109926998463887,0.2109926998463887,PASS,0.4370703299516857,0.4370703299516857,0.4370703299516857,PASS,-1.6154862480215428,-3.689263281511955,-0.7302292195035749,PASS,1.7568856100290895,0.9320528780170031,4.568999036884788,PASS,2.0418654100928135,1.2157526023183596,2.5417638309666595,PASS,-1.2939908512304812,-1.8227005447674356,-0.8556960101264639,PASS,1.2484900456434795,1.0917853820045504,1.3793031500951067,PASS,2.0461471422417152,1.81006798878592,2.3545555048068434,PASS,-1.1692216043436776,-1.4239422182297736,-0.9183793782961207,PASS,1.6444535226144064,0.9655780038971182,2.385655573931433,PASS,1.8198044136900213,1.1232184367293063,2.229407579524741,PASS,-1.0040840760767087,-2.3003849327837953,-0.20692388219204955,PASS,1.3941882161770978,0.3017605258507278,2.2759587420850895,PASS,1.99208077635098,0.6461021971965357,2.433872323092319,PASS,-0.2071355395844564,-0.26677342547519506,-0.14704194040455487,PASS,0.2056529536285246,0.1035388971621306,0.3175854662426591,PASS,1.4231348456915862,0.874331864200112,2.285908721769877,PASS,-1.3502309569824174,-2.3016337274448735,-0.765390584443975,FAIL,1.1447100254470428,0.6361984098662758,1.754218972454568,PASS,2.056679963931936,1.6574173145472206,2.528004571397293,PASS,0.022603977490294733,0.020527371517755615,0.023539203552590534,FAIL,0.18359375,0.1799375,0.184,FAIL,4.402065515342419,3.7342895640110383,5.401330660132725,FAIL,0.3802928165550317,0.1147710067730287,0.54414676641725,FAIL,0.7384545062656342,0.3398908520135596,0.8947826472206927,FAIL,0.8709726626616064,0.6263628822219595,0.938975303714335,FAIL,0.53102764506172,0.06568622920913014,0.7578515786406204,PASS,0.2702825410426618,-0.10370865288628611,0.48532804943097707,PASS,0.3883177372613051,0.11410686267929736,0.5395652024734647,PASS,0.20310926510551075,-0.13069252971364825,0.38691996005747137,FAIL,0.8287162173410949,0.5729032150556747,0.9441955662891374,PASS,0.5227415014335538,0.06655539022339538,0.7743305119194107,PASS,0.5857147977796681,0.07165929407687432,0.8235856816806768,PASS,0.37187499999999996,0.1,0.5625,FAIL,13.093308161121936,10.27286672161437,17.329631313771298,PASS,-0.14387582306548916,-0.20610277751653108,-0.0683983620541389,FAIL,0.8055193622058429,0.7845203747121163,0.8234654929048068,FAIL,317010.5574257811,25686.651904351103,2339998.0353198005,2,5,32,49,3,7
L04244,G09,P01,16,true,PASS,0.060885416666666664,0.01375,0.10954861111111111,FAIL,14.312914991694578,11.701021918592868,17.86454593626152,FAIL,0.8956912654151598,0.8408566962466307,0.9383751417873303,FAIL,-3.9147639598222956,-4.062878490537709,-3.8217038248056197,PASS,-0.611025675352618,-0.7325787082956281,-0.5446307777219037,FAIL,0.570786498471802,0.5661501397475841,0.5737421047468969,PASS,4.995970052083337,4.856679687500003,5.147317708333338,PASS,1546.5001643783014,1544.0364880963878,1548.76756894885,PASS,1.00311460537233,0.6373680034121758,1.474487564302962,PASS,0.2675945693241202,0.14519053491936032,0.447717167030557,FAIL,4.846691995144151,4.767862337976262,4.944840422566985,FAIL,1.4275837570694287,1.28767295702055,1.611837977747318,FAIL,0.6142751479289941,0.6142751479289941,0.6142751479289941,FAIL,0.0015833221189812052,0.0015833221189812052,0.0015833221189812052,PASS,0.08879022080240917,0.08879022080240917,0.08879022080240917,FAIL,0.2222970516048579,0.2222970516048579,0.2222970516048579,PASS,0.2109926998463887,0.2109926998463887,0.2109926998463887,PASS,0.4370703299516857,0.4370703299516857,0.4370703299516857,PASS,-1.6035251296020565,-3.3729956071624545,-0.7036746900657558,PASS,1.7435254569735636,0.9436126762600607,4.205787658965759,PASS,1.9766021211588636,0.8630340060982333,2.66835712106427,PASS,-1.3263777917550428,-1.953055118724063,-0.9889237618775168,PASS,1.2619066404482728,1.0792696551282683,1.463079692373079,PASS,2.0529238597388524,1.7920568117547422,2.3648166536492012,PASS,-1.3769766293348384,-3.1931901888955148,-0.9375885302328503,PASS,1.705352009180048,1.038812010479567,3.081066313486299,PASS,1.6339573085850794,1.0828396789743773,2.20232755078382,PASS,-1.1147334888376528,-3.964934244327602,-0.20698294944090678,PASS,1.5576129040836633,0.30196503143742415,3.344826250096908,PASS,1.76496365752572,0.42343612857327223,2.5533956826562636,PASS,-0.21405702794435041,-0.27073107241101163,-0.13616971498821337,PASS,0.22616345426831455,0.10914298553723265,0.3333780074818268,PASS,1.481079617834175,0.8543813416760875,2.466165200862583,PASS,-1.397708737035879,-2.310277995207318,-0.46855582760827225,FAIL,1.1437955213328896,0.5746635206426883,1.565970141698084,PASS,1.8729046521053512,1.1297669701368496,2.4833316553169276,PASS,0.022754027157737486,0.020979942269785192,0.02425726467811932,FAIL,0.184,0.184,0.184,PASS,4.3695614202383375,3.107305269210584,5.829026136246249,PASS,0.3594128207958508,0.040943486157630604,0.5885027423642519,FAIL,0.7504680590010996,0.33734832606920906,0.9132796674733875,FAIL,0.8803330671003082,0.7392239811341733,0.9468409583962598,FAIL,0.5443043974033354,0.1421958074546889,0.7363532595576073,PASS,0.2543897744786501,-0.10580439519989868,0.507420639859274,PASS,0.3720495333822535,0.08262643353185203,0.5778568752409582,PASS,0.19350794058064874,-0.06170768948405846,0.42047174008986493,FAIL,0.8286877019451547,0.4198731619295341,0.9550199012793408,PASS,0.5300442802811867,-0.02134258045847595,0.7686329805422702,FAIL,0.6159839316351962,0.173949319898249,0.8088936198080593,PASS,0.39375000000000004,0.1,0.6625,FAIL,20.382491820139144,10.565433240683586,62.7677240401309,PASS,-0.18282250974700825,-0.2950085540247667,-0.0979955900566996,FAIL,0.8293979013401336,0.7738125113389769,0.8497783906191245,FAIL,69103379104562.055,49151.969279227225,390438033932162.0,2,5,33,49,3,7
L04248,G09,P01,16,true,PASS,0.06996279761904761,0.04111111111111111,0.1096031746031746,FAIL,13.168397324877601,10.424737313352642,16.78105154769049,FAIL,0.9226428012082492,0.8307370416955301,0.9564905833134759,FAIL,-4.8501125854848945,-4.9359852158692785,-4.743163122709831,PASS,-0.8603913228920412,-0.9183659486100837,-0.7919648818575119,FAIL,0.5465469332924829,0.5423786131489721,0.5503168934576101,PASS,4.973606770833337,4.88764322916667,5.078763020833337,PASS,1546.8641996528904,1545.1524390254774,1548.2635364114567,PASS,1.0562125033188021,0.5724272947385475,1.883392242441217,PASS,0.3099336282408085,0.18832084224363813,0.4947966339538639,FAIL,5.273786429154454,5.135714193520426,5.391699806747036,FAIL,1.528773695768759,1.2992919725746086,1.7355408827255274,FAIL,0.6142751479289941,0.6142751479289941,0.6142751479289941,FAIL,0.0015833221189812052,0.0015833221189812052,0.0015833221189812052,PASS,0.08879022080240917,0.08879022080240917,0.08879022080240917,FAIL,0.2222970516048579,0.2222970516048579,0.2222970516048579,PASS,0.2109926998463887,0.2109926998463887,0.2109926998463887,PASS,0.4370703299516857,0.4370703299516857,0.4370703299516857,PASS,-1.8271687913505064,-3.3729956071624545,-0.7606919211318531,PASS,1.946074981082931,0.8277998943923385,4.829470142963721,PASS,2.084989176284628,1.1846927915491345,3.187768153670502,PASS,-1.2555770673484559,-1.8227005447674356,-0.7841935528115466,PASS,1.241254984979115,1.0792696551282683,1.3342765356260857,PASS,2.1030285645800446,1.6597722082576105,2.5348289318592006,PASS,-1.778061503668693,-4.2144964126364135,-1.0212426067380098,PASS,1.6414311382574984,0.7209363493428185,3.081066313486299,PASS,1.9666335898599212,1.331678726746699,2.3593545996322223,PASS,-1.6608505279524985,-4.849218998166645,-0.19349666641672106,PASS,1.395268134227563,0.30196503143742415,3.344826250096908,PASS,2.0013171963577445,1.0040828202063257,2.6550738730632113,PASS,-0.1959017122481571,-0.2682373420849837,-0.11305753043385999,PASS,0.23432246632582138,0.10636821440933066,0.33920675969652525,PASS,1.6105841452805887,0.9658578505390084,2.4671898624653448,PASS,-1.3130610101701312,-2.23294536063795,-0.7121995641540255,FAIL,1.1810506534639948,0.5930121710335796,2.6320627721498204,PASS,1.939562756013446,1.489621270774917,2.484679653360219,PASS,0.02268697051101558,0.02096310011610332,0.023775671527878746,FAIL,0.182375,0.171,0.184,FAIL,4.673783202647353,3.536708497290483,5.320539067327809,PASS,0.2923534453625988,0.015275943623753918,0.5822721531331962,PASS,0.5522091801408209,-0.06924105889535644,0.9069980336171376,PASS,0.7791113203453677,0.17719510097536695,0.9452790464130107,FAIL,0.475456441897072,0.17345347444607523,0.754911030587966,PASS,0.11991931197136904,-0.3465668686340055,0.4994362990434186,PASS,0.28237216427415124,-0.11011538998734027,0.5840520521351612,PASS,0.1632957321071174,-0.13874419126064444,0.4632272880570833,PASS,0.6444542710932515,0.20583450924446858,0.9503208282029951,PASS,0.4145255899948338,-0.09983961740920946,0.7554329133342477,PASS,0.5083382842887103,-0.005518059751090182,0.8070742969085931,PASS,0.44062500000000004,0.3,0.63125,FAIL,38.94481828249859,16.35861964488005,172.0191545299123,PASS,-0.15403650253927087,-0.27298236126010667,-0.06362496023518444,FAIL,0.6687902215906385,0.6517092240822471,0.7028022855998886,FAIL,204271196037828.62,88860.73726600857,446488884995638.4,2,5,36,49,3,7
L04318,G09,P01,16,true,PASS,0.0689657738095238,0.034444444444444444,0.12410218253968255,FAIL,11.02438759779172,6.8984521000509815,17.438904176001387,FAIL,0.9731438800482454,0.9542572023635257,0.9817864321902053,FAIL,-4.736533991612095,-4.758004411792649,-4.704012311052763,PASS,-0.9702902073862053,-1.096098769314736,-0.8639269589514293,FAIL,0.25415644549347305,0.24456506849007886,0.26154301413432307,PASS,5.008613281250004,4.842760416666671,5.109765625000004,PASS,1546.2943546248073,1544.647770618609,1548.994150438536,PASS,0.9824418301027077,0.5609526205270916,1.6557113450986154,PASS,0.2672155438341999,0.15765848880318348,0.4675269791164283,FAIL,7.813367830634992,7.622585893191085,7.931314128584853,FAIL,1.3521910506386607,1.131345471510151,1.5141789550454103,FAIL,0.6142751479289941,0.6142751479289941,0.6142751479289941,FAIL,0.0015833221189812052,0.0015833221189812052,0.0015833221189812052,PASS,0.08879022080240917,0.08879022080240917,0.08879022080240917,FAIL,0.2222970516048579,0.2222970516048579,0.2222970516048579,PASS,0.2109926998463887,0.2109926998463887,0.2109926998463887,PASS,0.4370703299516857,0.4370703299516857,0.4370703299516857,PASS,-2.004036148638713,-4.080347990406885,-0.7447473356558809,PASS,2.1694764025617332,0.8502236419899911,4.98575280661108,PASS,2.0265604688837424,1.2748984192188741,2.6110434376845193,PASS,-1.2859417786404164,-1.8289111823062723,-0.8617034112485185,PASS,1.1879294363392456,0.8458249959494333,1.3560318883512257,PASS,1.9557912436579037,1.7713271925477767,2.2068733523742705,PASS,-1.7682429796080246,-4.2144964126364135,-0.9834111045840502,PASS,1.8457519295554263,0.7502508824191194,3.4983127572192183,PASS,1.9106104383029439,1.1837041898062979,2.222081750946513,PASS,-1.7968000270204532,-4.849218998166645,-0.19666628847721065,PASS,1.5625539407100972,0.2932104227065867,3.9861467549039986,PASS,1.9485252179925125,1.2232060446542241,2.6411404997496137,PASS,-0.21356974850891727,-0.26677342547519506,-0.12233941347001248,PASS,0.22143610891235294,0.10443658503363104,0.33464512752850034,PASS,1.4358888749233771,0.8360987250121668,2.3667201659749044,PASS,-1.1167402619268485,-2.395858772570896,-0.5280315316019201,FAIL,1.4431869653657072,0.916371903226811,3.3634047406411858,PASS,1.9276921433695071,1.4698798958607804,2.4980380439470373,PASS,0.02286713099807041,0.02173714115929903,0.023949897491479025,FAIL,0.1831875,0.175875,0.184,FAIL,4.449617094999487,3.5211453442860314,4.841379105372603,FAIL,0.3685428528028917,0.05162610923186833,0.6578556171871184,PASS,0.6304374387943615,-0.07689558691317036,0.9254571920394702,PASS,0.800105443606633,0.18124256394161464,0.9547706998756367,FAIL,0.5270640498243234,0.13610292405148727,0.762715075331546,PASS,0.24877405875196063,-0.2550691805868206,0.6017526892538431,PASS,0.37171767009367096,-0.029470949348315418,0.666898794021413,PASS,0.20854442256745814,-0.19812488273439566,0.5275328890470009,PASS,0.718235345693367,0.11831249452654877,0.9566928179256027,PASS,0.5279857627079247,0.04049480136407255,0.7804078497429873,PASS,0.5638747589745742,-0.0750703428134429,0.8213525320808032,PASS,0.446875,0.3,0.73125,FAIL,0.0,0.0,0.0,PASS,-0.07257186351799998,-0.1491385685467647,0.03105126405808234,FAIL,0.651430452835521,0.64315068639234,0.6582029183975407,FAIL,526957728283998.75,490463888557672.9,580776655734757.6,2,5,35,49,3,7
L04652,G10,P01,16,true,PASS,0.0572296626984127,0.0175,0.11347718253968254,FAIL,22.194102578915917,19.75301432454031,24.34883452684954,FAIL,0.3994217905954643,0.22639286962780683,0.7320928081214653,FAIL,-2.5294085851368555,-2.5854663264699203,-2.4920137603484034,PASS,-0.25289040308501853,-0.32540157716996737,-0.20356578913626924,PASS,0.6286991261550867,0.6274947687420973,0.6301369017380917,PASS,4.99170572916667,4.887031250000004,5.097695312500004,PASS,1546.5695801293512,1544.844254286466,1548.2734983665691,PASS,1.1210598652270356,0.7698846183175687,1.846735951488784,FAIL,0.26510243865009964,0.12449074924805294,0.35499852336850407,FAIL,3.6074555495115037,3.5442215983998517,3.6618601627084018,PASS,0.6668289690158664,0.5286443481191485,0.7715910585577173,FAIL,0.6142751479289941,0.6142751479289941,0.6142751479289941,FAIL,0.0015833221189812052,0.0015833221189812052,0.0015833221189812052,PASS,0.08879022080240917,0.08879022080240917,0.08879022080240917,FAIL,0.2222970516048579,0.2222970516048579,0.2222970516048579,PASS,0.2109926998463887,0.2109926998463887,0.2109926998463887,PASS,0.4370703299516857,0.4370703299516857,0.4370703299516857,PASS,-1.572007979218101,-3.9388775137579985,-0.7325300330853204,PASS,2.065389074849376,0.8502236419899911,4.829470142963721,PASS,1.8678736316722753,1.0322143801031047,2.6596132501354663,PASS,-1.297589638317603,-1.8236321403982612,-0.9256371435184317,PASS,1.2802025380791626,1.1236628603468695,1.4491169353267503,PASS,2.1066973888517246,1.6996999122951477,2.3973295346374695,PASS,-1.2527490385745474,-1.8047725240567631,-1.026960843110853,PASS,1.7613986476579369,0.889989627848637,3.081066313486299,PASS,1.8550842945674082,1.218280398085824,2.2457879431374046,PASS,-0.8880694606000792,-2.4911263212625308,-0.17843652867288226,PASS,1.4103892866705494,0.2898322670674174,3.344826250096908,PASS,1.899060938400694,0.5929310146791414,2.7814661209859883,PASS,-0.19633541629160106,-0.26545420982992285,-0.1395609018535627,PASS,0.22333721557297526,0.1035388971621306,0.3354053995565045,PASS,1.5538572384725984,0.9780068112204169,2.29461469412842,PASS,-1.4735895161892838,-2.4747309617929716,-0.6026209458959546,FAIL,1.3843170112881342,0.6824897453782002,4.399567079366556,PASS,2.010086320464341,1.2455108507062769,2.859530223016321,PASS,0.02236975191036923,0.02031351445353055,0.02327640949051624,FAIL,0.1831875,0.175875,0.184,FAIL,4.321829446133735,3.5286420767260633,5.659444136619185,FAIL,0.33541639492585573,0.06609114724573945,0.5375637434441173,PASS,0.5832520719651837,-0.0874407197250583,0.8813425317032562,PASS,0.7711365862212731,0.1443185548249562,0.9336853377063481,FAIL,0.48465389315957325,0.08737351632098123,0.6743820811025703,PASS,0.14816042397127788,-0.31184590649037297,0.432534465178494,PASS,0.31137673847820535,-0.04396141508776298,0.539751487603944,PASS,0.1498337317544095,-0.14410926960322193,0.44164569350380345,PASS,0.6950717994835633,0.14507756761020135,0.9328113846529789,PASS,0.454386087212213,-0.028656611415393437,0.6905734561543575,PASS,0.5123691665206349,-0.06791685587268675,0.7612486728022981,PASS,0.390625,0.1375,0.7,FAIL,56.55217251695302,19.89040587993226,115.27387302599779,PASS,-0.24737358478697555,-0.3986496378041577,-0.05406250999964704,PASS,0.9526881126690225,0.9482981955943345,0.9566315608403535,FAIL,9439.64785013684,6766.2236977094,12294.185883690985,2,5,37,49,4,7
L04683,G10,P01,16,true,PASS,0.06273313492063493,0.03458333333333334,0.11420634920634921,FAIL,21.2894995326371,17.173688256942732,23.333618663354482,FAIL,0.8182897858043514,0.6899122415913173,0.9346041140301895,FAIL,-5.3554416279373065,-5.41648353452447,-5.306332296963072,PASS,-0.8937300488634965,-0.9689109738666906,-0.8285402596373193,PASS,0.6223779306756999,0.6199437653492293,0.6241163566816308,PASS,5.002910156250003,4.896002604166671,5.1253255208333375,PASS,1546.387191568196,1544.3944826109619,1548.12746034375,PASS,0.9284630657543982,0.5709280367341014,1.7646970181515143,PASS,0.26668860405660927,0.1446004981623869,0.454084637817924,FAIL,3.7209742193855777,3.6154363872360498,3.8424696895091395,PASS,0.8640899211101158,0.666945092450587,1.0204616091013339,FAIL,0.6142751479289941,0.6142751479289941,0.6142751479289941,FAIL,0.0015833221189812052,0.0015833221189812052,0.0015833221189812052,PASS,0.08879022080240917,0.08879022080240917,0.08879022080240917,FAIL,0.2222970516048579,0.2222970516048579,0.2222970516048579,PASS,0.2109926998463887,0.2109926998463887,0.2109926998463887,PASS,0.4370703299516857,0.4370703299516857,0.4370703299516857,PASS,-2.305739755581315,-4.504759420353543,-0.706542877329506,PASS,2.8665125383073873,0.8496078276708348,4.98575280661108,PASS,2.3724079395224984,1.6777790695479136,3.157036204483955,PASS,-1.2654530958418708,-1.8227005447674356,-0.8255903335512835,PASS,1.2986222617098713,1.097937759801402,1.5049679635120652,PASS,2.0791647016757446,1.756634428700953,2.3813713739219313,PASS,-1.9651047126022636,-4.2144964126364135,-1.0067436326620935,PASS,2.136131638711385,0.9004840371349745,3.4983127572192183,PASS,1.9084047503379078,1.237632391868694,2.523926948545241,PASS,-1.9494864619775536,-4.849218998166645,-0.20617515465867942,PASS,2.163971986494971,0.2898322670674174,3.9861467549039986,PASS,1.9294746086206254,1.4072032479370722,2.1877776860308185,PASS,-0.20659625905115073,-0.26941792766294737,-0.1234092279405223,PASS,0.2525742538449298,0.1001443859699733,0.3354053995565045,PASS,1.5474183648065727,0.9104505377032431,2.318243736098861,PASS,-1.4262740984506164,-2.53485960255682,-0.6606780380579123,PASS,1.0941828603182082,0.3749912721160568,2.831766307313008,PASS,2.0845181242173627,1.5728314918388282,2.5443985946909415,PASS,0.02281548611656306,0.02106405474940854,0.02418664979001732,FAIL,0.184,0.184,0.184,FAIL,4.46805835178554,3.372018309348341,5.720227244698756,FAIL,0.33466060869487124,0.06544557202722635,0.5675911162400706,PASS,0.6008772485884736,-0.18310653452882714,0.9136294626022737,PASS,0.7221643098758233,-0.046073989286482236,0.9464939620261077,PASS,0.4302775790689933,-0.0778189771177717,0.7332324202114352,PASS,0.20592054498760054,-0.1642925491409259,0.5182146865328576,PASS,0.33963367006798,-0.07571066128391168,0.6017253800100828,PASS,0.1821633698326317,-0.24151837298903273,0.4927249501576564,PASS,0.7087584064626287,0.13871599694277006,0.9489172132385766,PASS,0.4385358135620759,-0.017361998808050047,0.7508034650826245,PASS,0.45925532529345253,-0.24127356376854692,0.8111726029075981,PASS,0.39375000000000004,0.175,0.6625,FAIL,30.642862571873625,11.716880160147005,71.2512290712095,PASS,-0.14398442110318613,-0.20719612205187235,-0.08531159994504081,FAIL,0.7279697178935591,0.7099193439988039,0.7435282615769451,FAIL,28092.567960010387,25260.238194830217,32640.261320964284,2,5,39,49,4,7
L04712,G10,P01,16,true,PASS,0.06601934523809523,0.030416666666666668,0.11563492063492062,FAIL,21.963126016167962,17.764854810977162,24.01383897991656,FAIL,0.9097815903162758,0.835050699005681,0.9732712783887286,FAIL,-6.192882919537228,-6.269961543018598,-6.137251778392829,PASS,-1.030678249301542,-1.200386067083379,-0.9592425652021508,PASS,0.6274920536654229,0.6236272509836563,0.6296703058233359,PASS,5.018261718750004,4.9215885416666705,5.203984375000004,PASS,1546.137294864417,1543.1140534442702,1547.7109658374516,PASS,1.054020011159157,0.6173223287906782,1.4607535128076854,PASS,0.3318352238773751,0.21844363130288616,0.49998472530409543,FAIL,3.643699605096707,3.556135500306058,3.768417954142928,PASS,0.6616993286199373,0.4664952257944692,0.81618064932662,FAIL,0.6142751479289941,0.6142751479289941,0.6142751479289941,FAIL,0.0015833221189812052,0.0015833221189812052,0.0015833221189812052,PASS,0.08879022080240917,0.08879022080240917,0.08879022080240917,FAIL,0.2222970516048579,0.2222970516048579,0.2222970516048579,PASS,0.2109926998463887,0.2109926998463887,0.2109926998463887,PASS,0.4370703299516857,0.4370703299516857,0.4370703299516857,PASS,-1.9644917105011022,-3.3729956071624545,-0.7536054386980877,PASS,2.476478535210049,0.8490254357246612,4.98575280661108,PASS,2.2132979091502762,1.1767661875579176,2.7906817388406226,PASS,-1.447959500405429,-1.9483971405699356,-0.9872784371518889,PASS,1.2490008183161645,1.056484067740943,1.3793031500951067,PASS,2.117651503230981,1.8023935049113908,2.4282164527139924,PASS,-1.3554039574636878,-2.1718839651546165,-0.9172357310215521,PASS,2.064654921111339,0.9655780038971182,3.4983127572192183,PASS,2.0091420556467,1.32747461149327,2.494484960196553,PASS,-1.3700713921699863,-3.0806494904885593,-0.1875787908007296,PASS,1.8565210830263703,0.2243476798273267,3.9861467549039986,PASS,2.0742627448259556,1.156420020762794,2.8015700423994194,PASS,-0.21645264631362332,-0.2663296396619657,-0.1409088329120024,PASS,0.20188213529216334,0.11471220086323239,0.2808724207781867,PASS,1.3394637554851754,0.873756695825461,2.2702237792139175,PASS,-1.352865861876907,-2.395858772570896,-0.7078029321098503,FAIL,1.1575750343076536,0.7599961479147324,1.4976357754699592,PASS,1.8849708497014548,1.2492341043317077,2.4280455396541165,PASS,0.023176815410901937,0.02075404977962143,0.024526458848417435,FAIL,0.184,0.184,0.184,FAIL,4.484009689196396,3.4945438137883755,5.624911715295795,FAIL,0.38771419699186493,0.14265942447261265,0.5765447595697196,PASS,0.6714330928172196,-0.2041227453303623,0.9089324897804513,PASS,0.795887788817226,0.07357524452721852,0.94484978672241,PASS,0.5151564806445487,-0.08064672690024,0.7284372550842922,PASS,0.27821755421296324,-0.1501008455114086,0.5223847725327015,PASS,0.3905827961291051,-0.012152558619521428,0.5995353617851255,PASS,0.22323295240617388,-0.23015537690179289,0.43586978261470843,PASS,0.7539222087440303,-0.01168975690799949,0.9462147440547507,PASS,0.537617351570303,-0.039415473014840136,0.7404652014851235,PASS,0.5760722833804803,-0.20368807745578116,0.8075016588182868,PASS,0.3833333333333333,0.2,0.6625,FAIL,58.033777973602355,19.60295376505666,88.69878783010216,PASS,-0.12798053376445725,-0.21874895466437486,-0.0735081019440269,FAIL,0.6631798653175206,0.6366061310295584,0.680796841462164,FAIL,35355.12136542745,30786.212757346453,48861.1685979919,2,5,38,49,4,7
L04758,G10,P01,16,true,PASS,0.05027777777777777,0.014166666666666668,0.09086805555555555,FAIL,21.954095044566017,19.14692755816522,23.56232338893587,FAIL,0.6637784475223829,0.5067271395863832,0.8247083838401885,FAIL,-3.483057171064587,-3.539939285516058,-3.4402663385655745,PASS,-0.40085583038370143,-0.4480722200822016,-0.3447498823544237,PASS,0.6262108576410814,0.6252900799851204,0.6278681686097536,PASS,5.009375000000004,4.828645833333337,5.205234375000003,PASS,1546.2819551700395,1543.0937056210616,1549.2239112755983,PASS,1.006627966245822,0.628909869222006,1.5539480894658437,PASS,0.31906928525329564,0.12471366377747427,0.5498605385160973,FAIL,3.6681847419552556,3.594050014344333,3.7673627041796616,PASS,0.7549277328595609,0.6381834202958575,0.8958888146061039,FAIL,0.6142751479289941,0.6142751479289941,0.6142751479289941,FAIL,0.0015833221189812052,0.0015833221189812052,0.0015833221189812052,PASS,0.08879022080240917,0.08879022080240917,0.08879022080240917,FAIL,0.2222970516048579,0.2222970516048579,0.2222970516048579,PASS,0.2109926998463887,0.2109926998463887,0.2109926998463887,PASS,0.4370703299516857,0.4370703299516857,0.4370703299516857,PASS,-2.101356634608925,-4.080347990406885,-0.7655350862258847,PASS,2.082009520920968,0.8874899329157073,4.829470142963721,PASS,2.0099584152307424,0.8223921979961782,2.673485184325873,PASS,-1.3346962817777057,-1.6157939840711175,-0.9214082935282503,PASS,1.2554974249139321,1.0623788572796542,1.3793031500951067,PASS,2.135630372592583,1.852756272148202,2.4506793563109963,PASS,-1.7219749034327583,-4.2144964126364135,-1.0396893271583605,PASS,1.75616179326417,1.0700443867303957,3.185377924419529,PASS,1.8092872263891784,0.9945935283207182,2.5046393833440943,PASS,-1.7363470493178432,-4.849218998166645,-0.2309790320086193,PASS,1.6505878395294258,0.2858019400220929,3.5051563762986806,PASS,1.9056107663755735,0.2891426583067994,2.814554993863599,PASS,-0.20775981703907734,-0.270012485337901,-0.14001865343102424,PASS,0.23515280450491496,0.12482722293431482,0.3354053995565045,PASS,1.4797840671484221,1.0264155723897403,2.321956060000678,PASS,-1.3599207018405064,-2.318712061691583,-0.6695800763727546,FAIL,1.1773625161861303,0.7624582661242075,1.7852461516915845,PASS,2.052766149686494,1.3985704376596713,2.5429220747933723,PASS,0.02247959745551778,0.021268794062570335,0.02351930907496047,FAIL,0.1831875,0.175875,0.184,FAIL,4.613682222365023,3.619230776442711,5.577289877684163,FAIL,0.3486416984926209,0.05270667774963823,0.6061062142703596,PASS,0.6732480509630312,0.08140554048255735,0.9168579887741906,FAIL,0.8512819099974758,0.621836266103047,0.9501582033952551,FAIL,0.5485490419978023,0.17239871419445962,0.745820336271233,PASS,0.21688204200643468,-0.24901828796456216,0.5446476229032835,PASS,0.37000156224855935,0.0399824670242659,0.6020728210398447,PASS,0.2285613067716451,-0.05743819519526314,0.44909160353872263,PASS,0.7586357602343674,0.17046905108715335,0.9556617165460948,PASS,0.519155857047793,-0.04256172784813545,0.7601017415832161,FAIL,0.6327675487516231,0.2141748871627635,0.8070077492814516,PASS,0.3375,0.1375,0.5,FAIL,71.88557632152464,30.418642133377343,108.81553485339201,PASS,-0.20967245562299688,-0.26094232311703197,-0.12813424740514992,PASS,0.8732133047673799,0.8608145316283049,0.8847114437166883,FAIL,15324.272957429512,13209.903818934665,18124.854562928715,2,5,36,49,4,7
L05123,G11,P01,16,true,PASS,0.050729166666666665,0.023750000000000004,0.10027777777777779,FAIL,23.227561972282885,19.412110114883458,24.73502850833694,FAIL,0.8209527944376043,0.6570794914024259,0.9415701660221203,FAIL,-3.7254087199652437,-3.7798442550132507,-3.691271211190634,PASS,-0.4731192921870446,-0.5632108318698333,-0.4112829711412357,PASS,0.634403496679073,0.6329413820305707,0.6356132754309081,PASS,5.0253906250000036,4.912734375000005,5.095937500000003,PASS,1546.021248685181,1544.8728684128528,1547.855096251845,PASS,0.9721626379703865,0.6109129102617934,1.5601371111678257,PASS,0.2810514985788125,0.1467918542495812,0.4537496510188831,FAIL,3.5141572890521675,3.4014427368695044,3.5856355633431276,PASS,0.4374176261600414,0.3233569202294443,0.5547154437998763,FAIL,0.6142751479289941,0.6142751479289941,0.6142751479289941,FAIL,0.0015833221189812052,0.0015833221189812052,0.0015833221189812052,PASS,0.08879022080240917,0.08879022080240917,0.08879022080240917,FAIL,0.2222970516048579,0.2222970516048579,0.2222970516048579,PASS,0.2109926998463887,0.2109926998463887,0.2109926998463887,PASS,0.4370703299516857,0.4370703299516857,0.4370703299516857,PASS,-1.8258775664741211,-3.3729956071624545,-0.7389953017015172,PASS,2.3132889346792007,0.8593832184445657,4.98575280661108,PASS,2.2738480846806812,1.2280988639427264,2.8826763678664737,PASS,-1.4303614082310316,-1.9483971405699356,-0.8828090716519953,PASS,1.2690389064284837,1.0799925723121817,1.3932659071414355,PASS,2.121857695035671,1.7915519579950836,2.4082400988935593,PASS,-1.5885281424488475,-4.2144964126364135,-1.0101745744857995,PASS,1.8725473072716619,0.9474897473767314,3.4983127572192183,PASS,1.9025716638510515,1.1739734779397608,2.3910590081011707,PASS,-1.5533509295039847,-4.849218998166645,-0.2309790320086193,PASS,1.730920462229112,0.2857099125080796,3.9861467549039986,PASS,1.924963612358498,0.931729884533027,2.451720907872515,PASS,-0.20975509604928858,-0.26677342547519506,-0.12593730723574662,PASS,0.21675549962134413,0.12195643842189666,0.31938360491377815,PASS,1.367706021475304,1.014673734685844,2.1446853224405142,PASS,-1.3058929013949683,-2.584567656835566,-0.6140791966897724,FAIL,1.2622440239261283,0.6078311263877604,2.087745899412223,PASS,1.8882503400542838,1.237109291648834,2.407978888457257,PASS,0.02260766858474349,0.02138704324490808,0.023918292160235523,FAIL,0.184,0.184,0.184,FAIL,4.209282500234883,3.222105585577962,5.07668258618339,FAIL,0.394462203697462,0.20774547717927253,0.574105467838224,PASS,0.7055119504224456,-0.09167856960053189,0.9097192418461804,PASS,0.7968987963189722,0.0312326882054787,0.9465353720599846,PASS,0.5578240863553763,0.026114383648164693,0.7248295443535394,PASS,0.2705761574090737,-0.18282576243396725,0.5251207011434709,PASS,0.39372016313181923,0.010035978095105948,0.5987610558772275,PASS,0.22665983116783045,-0.17341146956854758,0.4497508084608346,PASS,0.7938114517935474,0.08235848684709277,0.9451983281576972,PASS,0.5845503445696233,0.14185891201806208,0.7327493049874174,PASS,0.6100778316576035,-0.22500648796238104,0.7857957764391351,PASS,0.37916666666666665,0.1,0.6416666666666666,FAIL,58.88898326790918,30.15255528824671,107.66546699960382,PASS,-0.15185118373524847,-0.2489540274251093,-0.04660470641551323,PASS,0.8943919990655481,0.8886575363803604,0.9008430708160912,FAIL,17712.033748019356,16162.161335420924,20499.32555954602,2,5,39,49,4,7
L05168,G11,P01,16,true,PASS,0.050833333333333335,0.023750000000000004,0.09138888888888888,FAIL,23.965068834734023,20.740625954639086,26.357901894023712,PASS,0.1932875595502201,0.05228016971802257,0.36247256335170575,FAIL,-1.443929602977592,-1.4894116724177096,-1.4161330315470906,PASS,-0.04742926126862168,-0.09440434834879777,0.0014866492854074464,PASS,0.6304484575418465,0.6292285873641758,0.6319895245689754,PASS,5.033046875000004,4.916497395833337,5.1595052083333375,PASS,1545.8966182680292,1543.838096820105,1547.7938408257276,PASS,1.0719165882126787,0.6395696666290984,1.7963569645385173,PASS,0.28044094171316086,0.1549356721284017,0.413263233287992,FAIL,3.5594175861859885,3.5148564074407807,3.6344228119310675,PASS,0.6064014581711155,0.5227957892602941,0.7075521153333075,FAIL,0.6142751479289941,0.6142751479289941,0.6142751479289941,FAIL,0.0015833221189812052,0.0015833221189812052,0.0015833221189812052,PASS,0.08879022080240917,0.08879022080240917,0.08879022080240917,FAIL,0.2222970516048579,0.2222970516048579,0.2222970516048579,PASS,0.2109926998463887,0.2109926998463887,0.2109926998463887,PASS,0.4370703299516857,0.4370703299516857,0.4370703299516857,PASS,-2.3636160423152432,-5.64857530152347,-0.7404333101901082,PASS,2.549245950757492,0.8522206524322078,4.98575280661108,PASS,2.1502509862690813,1.1216098697874295,2.8295623833255203,PASS,-1.4028846639745254,-1.9468444811852266,-0.9035442882795781,PASS,1.226717536318704,1.0790996042495142,1.3601825473323117,PASS,2.141795672457559,1.8172571691100496,2.392351912792829,PASS,-1.9525680839461623,-5.5145957630961195,-0.8193262336820537,PASS,2.082485786154817,1.0975047438630472,3.4983127572192183,PASS,1.912478074178222,1.1063494233498492,2.396219342332896,PASS,-2.141040534155377,-6.172111315256025,-0.21145785809282872,PASS,2.020482191277485,0.2898629429054218,3.9861467549039986,PASS,1.973184954873577,0.38481430794612576,2.8008440174020057,PASS,-0.25809458734845553,-0.5952644783074887,-0.13858656700308192,PASS,0.20871976966244032,0.1035388971621306,0.33464512752850034,PASS,1.5747978006647119,0.9022348700675061,2.4097372045641596,PASS,-1.206643042097716,-2.2495429113393453,-0.7595886122703542,FAIL,1.307954017772403,0.6523682250174898,2.987106737048159,PASS,1.8747039128326906,1.164123695239773,2.3980683582033975,PASS,0.02262515341547997,0.02161446594100921,0.02461971334863503,FAIL,0.18278125,0.1734375,0.184,PASS,4.301387915008615,3.197906351463384,4.969718950961557,FAIL,0.3811675052725157,0.09656319942917266,0.7028487894271682,PASS,0.7112209747153673,0.1795153211701505,0.9397418667445442,FAIL,0.8588539801853585,0.5732035498766179,0.9587862384400371,FAIL,0.5370318180194668,0.12766190383878684,0.750242743730986,PASS,0.28350002121411144,-0.09627056723449139,0.6634828292822524,PASS,0.39840087677898695,0.0941271560452619,0.7200008764271248,PASS,0.23108224275031894,-0.13357346171342432,0.5425490977563444,FAIL,0.80323499386094,0.3890163720847212,0.9664007760582001,PASS,0.5111086342789909,-0.018357318769398313,0.774650299596103,PASS,0.5870560445551657,0.11013175022383835,0.8108571367414088,PASS,0.36041666666666666,0.2,0.5,FAIL,66.46407982684292,32.4646683441546,90.83900121752437,FAIL,-0.37118687659081867,-0.4615437143089373,-0.22268804937687398,PASS,0.9721782851964904,0.9679041049057332,0.9764708607583525,FAIL,8447.70234042713,5239.931717469721,11669.609497815904,3,5,36,49,4,7
L05229,G11,P01,16,true,PASS,0.06549355158730158,0.023750000000000004,0.11902777777777776,FAIL,26.088242273150275,21.323762812335094,28.447926525810384,FAIL,0.8744618431346314,0.7371744018709685,0.9598770164037699,FAIL,-4.821857048467312,-4.8702790378105,-4.794321742220482,PASS,-0.7886904191428661,-0.8797904753452046,-0.693995114973369,PASS,0.6359225687648472,0.6338825984946155,0.6375501961959463,PASS,5.001015625000004,4.888984375000004,5.139257812500004,PASS,1546.4180312377464,1544.167689164784,1548.241704892806,PASS,0.9249945043340477,0.5991677497553972,1.4778532845755439,PASS,0.32320729776655877,0.21415434926425456,0.437777754611551,FAIL,3.5013964379478004,3.433574947117417,3.5703266641034626,PASS,0.38293602921719005,0.278202017455159,0.5296374181740104,FAIL,0.6142751479289941,0.6142751479289941,0.6142751479289941,FAIL,0.0015833221189812052,0.0015833221189812052,0.0015833221189812052,PASS,0.08879022080240917,0.08879022080240917,0.08879022080240917,FAIL,0.2222970516048579,0.2222970516048579,0.2222970516048579,PASS,0.2109926998463887,0.2109926998463887,0.2109926998463887,PASS,0.4370703299516857,0.4370703299516857,0.4370703299516857,PASS,-1.7423798678282463,-3.3729956071624545,-0.7536054386980877,PASS,2.048719472857643,0.8626139282351838,4.98575280661108,PASS,2.0360518072117966,1.0530183126796904,2.696866472250465,PASS,-1.2945875622491942,-1.9483971405699356,-0.7897723364156879,PASS,1.2694490856626928,1.0255023846405693,1.5412621816161747,PASS,2.1366566196817853,1.7509233894362666,2.439109608064065,PASS,-1.434673230660709,-3.44851674483074,-1.024410968725105,PASS,1.8318449399437107,0.9787221236275598,3.4983127572192183,PASS,1.8097860498502585,1.0906589143923087,2.3978851551725646,PASS,-1.2819839995400466,-4.186005432787363,-0.17159384299905003,PASS,1.7035704960835485,0.2593460956865261,3.9861467549039986,PASS,1.9167799098797884,0.7346369546299425,2.741340679862983,PASS,-0.20376046805743137,-0.26600135347494963,-0.11118117053485618,PASS,0.20965057836757817,0.07126710899506672,0.3333780074818268,PASS,1.436942273333285,0.805541645695243,2.317570388737828,PASS,-1.309431525742033,-2.4835111361386732,-0.6712647759889528,FAIL,0.9427578084298688,0.6029466345476947,1.5246833933786936,PASS,2.000287135604527,1.5787268052856827,2.600109508721807,PASS,0.022372296370496637,0.020459770769002336,0.023533397376611562,FAIL,0.1831875,0.175875,0.184,FAIL,4.431886793877339,3.419141677542153,5.164821270223046,PASS,0.3573577746569951,0.03242466590373438,0.6227990470812999,PASS,0.6721127285786156,-0.048887728170865535,0.9137837105390472,PASS,0.8127290038479398,0.16364380623864672,0.9496276571271706,FAIL,0.5239905610421616,0.17965989339026672,0.7508574933940986,PASS,0.1922649305484918,-0.3316662998339758,0.5746064939195537,PASS,0.33468759222108985,-0.141626097776478,0.651324198179082,PASS,0.20589966286303246,-0.10289024560374536,0.5262042927407632,PASS,0.7642510341006712,0.25373096412216334,0.9493051367195562,PASS,0.49612561823663315,-0.07186184057970789,0.7793301032835838,PASS,0.5803146688299405,-0.044421270998450335,0.8181611236621189,PASS,0.39791666666666664,0.225,0.6,FAIL,59.390288811549325,37.79577355806876,104.88314319592439,PASS,-0.10638052695825645,-0.17665931889411365,-0.03160934966829872,PASS,0.849453285716629,0.8450336240426299,0.8541241142080658,FAIL,25602.161798148853,23200.516924048,29750.500311653595,2,5,39,49,4,7
L05339,G11,P01,16,true,PASS,0.06170138888888889,0.03375,0.08409722222222223,FAIL,19.91841131136472,16.760231913488276,22.22193158156509,FAIL,0.5159699003412368,0.3680696884604923,0.6728492592155901,FAIL,-2.958722456220345,-3.0142156143864147,-2.904107907553125,PASS,-0.3598390736372663,-0.41763464269287964,-0.3077962710911681,PASS,0.6224637982917101,0.6193967552750489,0.624279744959708,PASS,5.013085937500004,4.927526041666671,5.1014453125000045,PASS,1546.2215475698895,1544.7832108168404,1547.6143136772114,PASS,0.948104766764601,0.5998951616691419,1.4425645226785844,PASS,0.24465686097428824,0.11181591118110504,0.3907934584450721,FAIL,3.758958961232514,3.6464671735294125,3.8617781993677,PASS,0.8679756510909754,0.6803833808468893,0.9939310296831606,FAIL,0.6142751479289941,0.6142751479289941,0.6142751479289941,FAIL,0.0015833221189812052,0.0015833221189812052,0.0015833221189812052,PASS,0.08879022080240917,0.08879022080240917,0.08879022080240917,FAIL,0.2222970516048579,0.2222970516048579,0.2222970516048579,PASS,0.2109926998463887,0.2109926998463887,0.2109926998463887,PASS,0.4370703299516857,0.4370703299516857,0.4370703299516857,PASS,-1.8405630867741696,-4.653762439489204,-0.7652359987082871,PASS,1.8904731961191752,0.885067055874699,5.267711791195908,PASS,2.0304074442313076,1.0597984891518741,3.097990788804584,PASS,-1.2972727798482155,-1.6157939840711175,-0.9156642180397089,PASS,1.2249698503166937,1.0799925723121817,1.3560318883512257,PASS,2.063117943069015,1.7690874867555595,2.4261913318542954,PASS,-1.6381545244153832,-5.02705850667373,-1.023529901287147,PASS,1.7516633418789564,0.8549456553465897,3.828835609953353,PASS,1.8223953134342852,1.1604280576115238,2.401001250619775,PASS,-1.4358509541158782,-5.676026696347508,-0.25077371419870653,PASS,1.4941230559257654,0.30196503143742415,4.063925477545258,PASS,1.902678674635081,0.641167275940589,2.7777559154340303,PASS,-0.22378665742323378,-0.4724131728553006,-0.13784897138125757,PASS,0.21942751220969886,0.12651194485970313,0.3384464876685211,PASS,1.565488689981371,1.0690203804920035,2.5314949732668635,PASS,-1.4013549494862747,-2.332462326682136,-0.5285018505412142,FAIL,1.1559442987773094,0.5567040973113694,1.9312446354372235,PASS,2.033809217818553,1.3788585795778336,2.5199432620147713,PASS,0.022721094965206856,0.021401599297350443,0.023557880478908236,FAIL,0.18278125,0.1734375,0.184,PASS,4.538767113871556,3.176719298342418,5.699507307993419,PASS,0.35044457441631643,-0.024357929197448176,0.6913319033450993,PASS,0.6722282238489943,0.11133573971381429,0.9294348134282693,FAIL,0.8600238294699609,0.6637922395929989,0.9526005946901952,FAIL,0.5295024386162775,0.13597170293172525,0.7531211494466177,PASS,0.20475344503390436,-0.28425451362669274,0.6461513311042992,PASS,0.35772716070805755,0.034950464881842426,0.7086356636192942,PASS,0.1969118561516211,-0.11446813125590753,0.4904302903563295,PASS,0.7309891160879303,0.16365336312164397,0.9576555909572952,PASS,0.49914099058835104,-0.15572392086191789,0.7546069564742707,FAIL,0.6135904002663968,0.20139769151387235,0.8049064209083137,PASS,0.4072916666666667,0.21875,0.58125,FAIL,25.704641032453523,9.055749485485853,49.37341728026047,PASS,-0.2576222990805393,-0.3944467953455572,-0.16475046317624123,PASS,0.9385410345953421,0.9306079876785465,0.9427272624814955,FAIL,12224.624043679623,10046.138223701175,14858.053088927949,2,5,38,49,4,7
L05480,G11,P01,16,true,PASS,0.051493055555555556,0.020416666666666666,0.11045138888888889,FAIL,27.172110864293835,24.269389334451937,28.970798484434088,FAIL,0.2655639302128743,0.1600076272395544,0.44448619028233893,FAIL,-1.4292786387953034,-1.4663274041365324,-1.3923226477382014,PASS,-0.052115999961179,-0.0794519143804145,-0.028852311685339953,PASS,0.635299819459779,0.6335041493671362,0.6375162074709906,PASS,5.05740885416667,4.913580729166671,5.196848958333337,PASS,1545.5000476719556,1543.2302056017518,1547.841319079881,PASS,0.917031613778354,0.631454375331945,1.5835243332201903,PASS,0.30009796682762857,0.20326439049767603,0.477692443846147,FAIL,3.4855284380969307,3.4005621015656393,3.552475988636339,PASS,0.4149529990661177,0.33526560023940455,0.5582894717821261,FAIL,0.6142751479289941,0.6142751479289941,0.6142751479289941,FAIL,0.0015833221189812052,0.0015833221189812052,0.0015833221189812052,PASS,0.08879022080240917,0.08879022080240917,0.08879022080240917,FAIL,0.2222970516048579,0.2222970516048579,0.2222970516048579,PASS,0.2109926998463887,0.2109926998463887,0.2109926998463887,PASS,0.4370703299516857,0.4370703299516857,0.4370703299516857,PASS,-1.7830307233209262,-3.9388775137579985,-0.7302292195035749,PASS,2.131416747374982,0.8325927194536584,4.98575280661108,PASS,2.080955353099279,0.9803672936345033,2.7345535085243835,PASS,-1.4598412258229452,-1.9483971405699356,-0.9653349329599255,PASS,1.251856797556765,1.1018559401534211,1.3793031500951067,PASS,2.132625276332212,1.860157040230881,2.380049501603977,PASS,-1.3923113909399352,-2.1718839651546165,-1.0396893271583605,PASS,1.9065054482632948,1.0371840874042912,3.4983127572192183,PASS,1.9297376714411443,1.2036488613654739,2.460931805120479,PASS,-1.2175135633074285,-3.0806494904885593,-0.20984821827202205,PASS,1.5476644907251638,0.24304596667728132,3.9861467549039986,PASS,1.8817954202669374,0.4390694988625682,2.6672700860026777,PASS,-0.20584298219306432,-0.2554322644808466,-0.13644306632636163,PASS,0.18091002219170355,0.10627220102481448,0.2873547961813258,PASS,1.3625077280421083,0.8776251440147624,2.381994557989036,PASS,-1.4334144996748344,-2.395858772570896,-0.7075922331152087,FAIL,1.2874109018263766,0.726306369751575,2.9926723943067075,PASS,2.097793675978105,1.5520358335169644,2.4698514352416474,PASS,0.022412023824401196,0.020478088699269224,0.023614485702294814,FAIL,0.18115625000000002,0.171,0.184,FAIL,4.65513318758631,3.6168919297540247,5.761819305104205,FAIL,0.4156861296774925,0.18075186925183306,0.5715172026930009,PASS,0.6804621190642055,-0.12565704954672968,0.897253544786398,PASS,0.8181904937147011,0.26769559732078085,0.9428620179869369,FAIL,0.5681275850915127,0.08822800047962245,0.7760500106405812,PASS,0.24729587695121652,-0.19070379449133035,0.4870709568734103,PASS,0.3821790013246427,0.022953971602365248,0.5762230003142588,PASS,0.22227685376261894,-0.1731060817981539,0.46566073185250295,PASS,0.7813640960116255,0.06054559981653802,0.9401065702974428,PASS,0.5728368197858577,0.12644443288822904,0.7512088596491702,PASS,0.6091218590888494,-0.07797058935081781,0.8113926749029533,PASS,0.35625,0.2,0.5625,FAIL,65.80603064372761,37.76598971758517,118.67801816503325,FAIL,-0.33333147033114785,-0.4364324399161287,-0.224532827274827,PASS,0.9702401479321097,0.9678129023355914,0.9736142884378981,FAIL,8248.012188837225,6069.537497310759,10672.080645337997,2,5,37,49,4,7
L05638,G12,P01,16,true,PASS,0.05467757936507936,0.023750000000000004,0.08920138888888889,FAIL,25.20095770801317,20.667906767004876,27.91007167345713,PASS,0.18205524989210092,0.017798791487267467,0.45889200053947365,FAIL,-2.616793061193116,-2.665531278632052,-2.575784288120736,PASS,-0.30313050440334055,-0.36380479015827977,-0.26145866725699607,PASS,0.6372985252946369,0.6361825366789176,0.6387530231547549,PASS,4.985429687500004,4.8364322916666715,5.092070312500004,PASS,1546.671743158377,1544.935819490904,1549.097161293529,PASS,0.8825798737648077,0.5314278469184175,1.4684234769281497,PASS,0.2973426134426281,0.1675654576077077,0.6129434968295079,FAIL,3.550485733663786,3.4787132328559833,3.6123601544565207,FAIL,0.31009741296153304,0.24376386138919323,0.3687429960868205,FAIL,0.6142751479289941,0.6142751479289941,0.6142751479289941,FAIL,0.0015833221189812052,0.0015833221189812052,0.0015833221189812052,PASS,0.08879022080240917,0.08879022080240917,0.08879022080240917,FAIL,0.2222970516048579,0.2222970516048579,0.2222970516048579,PASS,0.2109926998463887,0.2109926998463887,0.2109926998463887,PASS,0.4370703299516857,0.4370703299516857,0.4370703299516857,PASS,-2.0988403339109247,-4.080347990406885,-0.7523629577179051,PASS,2.3877115052445257,0.9649169235877276,4.98575280661108,PASS,2.2883489101214054,1.2256856338799842,2.860708878800318,PASS,-1.4239987526506899,-1.9483971405699356,-0.8472700500456335,PASS,1.2531223191616423,1.019702067812277,1.3932659071414355,PASS,2.11683840275733,1.9090536750987188,2.3254733083995784,PASS,-1.80764953128585,-4.2144964126364135,-1.0852109640986354,PASS,2.1303374495278486,1.3700302430623226,3.4983127572192183,PASS,1.982397728473766,1.2577250937090605,2.4617970543767536,PASS,-1.9090090246300284,-4.849218998166645,-0.24811999553755165,PASS,1.955681881521163,0.36127976025679964,3.9861467549039986,PASS,1.9999599620085617,0.9311097550046346,2.383384042974842,FAIL,-0.23221228080416467,-0.26974621384996345,-0.17077377351458367,PASS,0.19271579490854374,0.13302713452236645,0.30507132486324884,FAIL,1.187002138517213,0.9612842541937583,1.5894886297833317,PASS,-1.2689842634094366,-2.637002821095421,-0.5905591506532526,FAIL,1.0923312852945983,0.6580846171274561,1.5470252471541865,PASS,1.993288412653498,1.6144987307352099,2.5100427262277347,PASS,0.022598284844242977,0.020360681999535515,0.023758618130513578,FAIL,0.1831875,0.175875,0.184,FAIL,4.5579009171206675,3.7913160901844596,5.887178936228313,FAIL,0.46147087827169386,0.27130858426155774,0.5910751834240454,FAIL,0.8503477121639971,0.7630438016844041,0.9202872088493468,FAIL,0.9182259567735641,0.8807876073644966,0.9488972306529108,FAIL,0.6542291527968237,0.5118778532763361,0.7346420709905995,PASS,0.36779654370564924,0.17062138979746433,0.51563796930445,FAIL,0.4692471009964374,0.3365307137083158,0.5811007504196883,PASS,0.3158462249479417,0.1398471283846466,0.42428810835581265,FAIL,0.9090556948573318,0.8292441992024241,0.9562407446577065,FAIL,0.6658303494759322,0.4627924350426705,0.7518577793287495,FAIL,0.7383156409566134,0.634058193263262,0.794699610926697,PASS,0.35,0.16875,0.58125,FAIL,35.78353663312626,21.239860871814738,60.708651076106435,PASS,-0.25060520199243197,-0.4092399503133649,-0.1141769293011742,PASS,0.9415874006520693,0.9329134620696724,0.9467907642828657,FAIL,12129.59615832357,7703.5487104674985,16516.56548973856,3,5,29,49,4,7
L05664,G12,P01,16,true,PASS,0.06184771825396825,0.030416666666666668,0.09711805555555555,FAIL,23.16954125063576,17.668321721865155,25.92133746574469,FAIL,0.2662446725127111,0.043638532698081225,0.3960095298446485,PASS,-0.7035690815799123,-0.731881966795763,-0.6863503627099755,PASS,-0.0056849427782271495,-0.03628414500326822,0.039985909980648854,PASS,0.63593662500029,0.6332903930372537,0.6375425166411279,PASS,5.012838541666671,4.906341145833338,5.131510416666671,PASS,1546.2255747432328,1544.2938032773784,1547.9591668892965,PASS,0.9978305251116568,0.6657661136226429,1.4439809454479433,PASS,0.27434000284802706,0.16207663080371837,0.4756642267136929,FAIL,3.5121720268105934,3.4416194140775693,3.6010579265171088,PASS,0.38288412079073797,0.291102674363685,0.553802977971723,FAIL,0.6142751479289941,0.6142751479289941,0.6142751479289941,FAIL,0.0015833221189812052,0.0015833221189812052,0.0015833221189812052,PASS,0.08879022080240917,0.08879022080240917,0.08879022080240917,FAIL,0.2222970516048579,0.2222970516048579,0.2222970516048579,PASS,0.2109926998463887,0.2109926998463887,0.2109926998463887,PASS,0.4370703299516857,0.4370703299516857,0.4370703299516857,PASS,-2.152478198541927,-4.504759420353543,-0.7351184483647841,PASS,2.477972110713007,0.8718751278503521,4.98575280661108,PASS,2.0100813023297017,1.1212761283701134,2.7588503959701525,PASS,-1.4386299877931719,-1.9493287362007612,-0.8937207138477454,PASS,1.2505583191812177,1.0802759904434387,1.3793031500951067,PASS,2.108725157450424,1.8268435049298877,2.4792182559138793,PASS,-1.9179758239881022,-4.2144964126364135,-1.0335601469216542,PASS,2.013349735607758,0.9685082654326147,3.4983127572192183,PASS,1.8770263929814428,1.1210092034856465,2.481676554485588,PASS,-1.8146100070779267,-4.849218998166645,-0.2691390322654198,PASS,1.842417513044226,0.34171213358672725,3.9861467549039986,PASS,1.860924703935579,0.953870189115476,2.4618111721600737,PASS,-0.20867072706768575,-0.27099734389894925,-0.13291015037207424,PASS,0.24073225077139948,0.11667132610372997,0.3333780074818268,PASS,1.4112669452057016,0.8214096081849181,2.5279166126315813,PASS,-1.4323415807571744,-2.2682706815924125,-0.7075922331152087,FAIL,1.0374298256170207,0.60366074885042,1.681708255894563,PASS,1.993701130991188,1.2917890246866377,2.460428929859952,PASS,0.02280512395000693,0.020801785583942585,0.02447855449699176,FAIL,0.18359375,0.1799375,0.184,FAIL,4.359238431924474,3.291798159029556,5.324538976809963,FAIL,0.39607401961384253,0.0778786229294788,0.591587374909279,PASS,0.7435716174313749,0.2439184984162723,0.9104635933220938,FAIL,0.8785009274877538,0.6851645586620867,0.9440674055246875,FAIL,0.5816655745544612,0.13555074725993463,0.78053359375357,PASS,0.2860290972224052,-0.21225135459249303,0.5461541538454567,PASS,0.40769716678289003,0.015850984132292724,0.6405485519107266,PASS,0.24927182233943923,-0.14165601660162386,0.5038474135442808,FAIL,0.8225975542106323,0.3564080357857897,0.9488556904985861,PASS,0.571564572158877,-0.023732016123312785,0.7797871603495603,PASS,0.6415944837325906,0.09751873819594996,0.8177047490420217,PASS,0.41875,0.3,0.6,FAIL,76.84305447705032,47.967805609281044,124.93855345435682,FAIL,-0.2750328034662625,-0.4327497328044644,-0.1593548242929731,PASS,0.9878865672652818,0.9859205949304768,0.9897213624034196,FAIL,6450.49563359449,3907.3292619295435,8695.663849263246,3,5,35,49,4,7
L05683,G12,P01,16,true,PASS,0.0663343253968254,0.04083333333333333,0.10756944444444444,FAIL,24.518673051284264,20.532913558800587,26.642658762187974,FAIL,0.6258323898725128,0.3968602652459591,0.8016795331221013,FAIL,-1.533040303413108,-1.643767438461064,-1.4632784224769255,PASS,-0.046609746280817,-0.08883595682048079,-0.016032169075436344,PASS,0.6305258359411519,0.6280680850868199,0.6326635100332482,PASS,4.982923177083338,4.897682291666671,5.139257812500004,PASS,1546.71254478304,1544.167689164784,1548.1001179563136,PASS,0.9230803689194602,0.5433073623549467,1.3544388345603156,PASS,0.30401452159404374,0.15728539687381762,0.5103811095685753,FAIL,3.555168443738728,3.492707644674957,3.6348736308324234,PASS,0.6491753089932901,0.5369319375490671,0.8201388356288162,FAIL,0.6142751479289941,0.6142751479289941,0.6142751479289941,FAIL,0.0015833221189812052,0.0015833221189812052,0.0015833221189812052,PASS,0.08879022080240917,0.08879022080240917,0.08879022080240917,FAIL,0.2222970516048579,0.2222970516048579,0.2222970516048579,PASS,0.2109926998463887,0.2109926998463887,0.2109926998463887,PASS,0.4370703299516857,0.4370703299516857,0.4370703299516857,PASS,-1.749375205519844,-4.080347990406885,-0.7566769831836779,PASS,2.016186645608884,0.8490254357246612,4.98575280661108,PASS,2.0820975454765507,1.414714769917071,2.7971110815987634,PASS,-1.223594934221734,-1.8227005447674356,-0.9035442882795781,PASS,1.2058298571912314,0.8458249959494333,1.3560318883512257,PASS,2.0708677369063953,1.7859798324328384,2.575815622806745,PASS,-1.706537826389909,-4.2144964126364135,-1.0178116649143039,PASS,1.796148280881384,0.8137401621635837,3.4983127572192183,PASS,1.7592073024275097,1.165975938089992,2.391347993517288,PASS,-1.4132848165733412,-4.849218998166645,-0.21145785809282872,PASS,1.670565471712824,0.2953451664146046,3.9861467549039986,PASS,1.8196626573438044,1.3811014242583726,2.5330081339394317,PASS,-0.21056277858803785,-0.27099734389894925,-0.11548406370763674,PASS,0.2240571548495024,0.08825195380848265,0.3354053995565045,PASS,1.4587690895508723,1.0145881326120805,2.2875574901088243,PASS,-1.442903356994501,-2.637159074976232,-0.5989303572493407,PASS,1.0133337449680022,0.4575986855884997,1.4906507413770462,PASS,2.050944455105925,1.5431026633891003,2.8131179914989124,PASS,0.022502562671755516,0.02028320737233191,0.02427911970676288,FAIL,0.184,0.184,0.184,FAIL,4.4367571419565435,3.592720676239879,5.493507837321393,PASS,0.3652552118529962,0.005634757623217912,0.5982893132603433,PASS,0.6621553677381089,-0.06684739885685992,0.9144544837834652,PASS,0.8172644578771437,0.2702375689309227,0.9447972869501726,FAIL,0.5501143792964112,0.2273239248820587,0.7146747160331318,PASS,0.2411571130404156,-0.20743046189153133,0.5588361691681885,PASS,0.36285580725544564,-0.028471706965657796,0.6534057985369087,PASS,0.19525103792335813,-0.10800403427418057,0.48052077522312475,PASS,0.7517739579125617,0.14177442438965324,0.9500529002438256,PASS,0.5516460570309227,0.16111796493520444,0.7303729712330403,PASS,0.6074149614802152,-0.005144058047796274,0.7887424897332949,PASS,0.4239583333333333,0.2375,0.6625,FAIL,62.71825310436424,30.02211048768967,104.51265253458259,FAIL,-0.35862164857428125,-0.4576120042993078,-0.2713855009531493,PASS,0.9750506063901907,0.9667811722772176,0.9808307239506873,FAIL,16354.729808326565,10724.466527832283,30847.878559484583,2,5,39,49,4,7
L05870,G12,P01,16,true,PASS,0.0565625,0.02,0.09663194444444445,FAIL,19.794244575957272,16.71584717313823,22.537462015751267,FAIL,0.8801930930140367,0.7995161321177775,0.9523752892756867,FAIL,-4.8114720856001165,-4.908636748645334,-4.72064588728591,PASS,-0.7753776791756597,-0.8334253340933666,-0.698818993561674,PASS,0.6359903448523672,0.6348947420325415,0.6374523640766506,PASS,5.022363281250003,4.856289062500004,5.117643229166671,PASS,1546.0705285695142,1544.5195369410974,1548.7739276436027,PASS,1.06170822489636,0.6357983237982289,1.542811367542088,PASS,0.31886815051151285,0.17601271428340046,0.47842852978651085,FAIL,3.5239259063174964,3.456323511715863,3.5663669362909576,PASS,0.36043911530128014,0.25409898457826474,0.4601650944852867,FAIL,0.6142751479289941,0.6142751479289941,0.6142751479289941,FAIL,0.0015833221189812052,0.0015833221189812052,0.0015833221189812052,PASS,0.08879022080240917,0.08879022080240917,0.08879022080240917,FAIL,0.2222970516048579,0.2222970516048579,0.2222970516048579,PASS,0.2109926998463887,0.2109926998463887,0.2109926998463887,PASS,0.4370703299516857,0.4370703299516857,0.4370703299516857,PASS,-1.8506246234825765,-3.3729956071624545,-0.7310920245967294,PASS,2.1486047176165233,0.8502236419899911,4.98575280661108,PASS,2.1970291956099963,1.0760630975650587,2.7492384535255807,PASS,-1.3016343180478431,-1.8227005447674356,-0.8837962664873721,PASS,1.246166567662213,1.056484067740943,1.3932659071414355,PASS,2.0883425385627112,1.8323493146159306,2.412455533491278,PASS,-1.7762671840407458,-4.2144964126364135,-0.8019910173604818,PASS,1.9739124134509585,1.2248435619602003,3.4983127572192183,PASS,1.8018890202791589,1.2458328366498392,2.3781290786733362,PASS,-1.6427343136574615,-4.849218998166645,-0.20984821827202205,PASS,1.8586680739993144,0.2837259652977842,3.9861467549039986,PASS,1.8837700170345504,0.7245847074888143,2.4865904413450686,PASS,-0.21426898096248176,-0.2684148564102754,-0.13179435267200607,PASS,0.21175474665634486,0.10627220102481448,0.2864407092736373,PASS,1.3948976392736483,0.916028533717207,2.2740307906718655,PASS,-1.4833239041778081,-2.637159074976232,-0.7318594184317245,FAIL,1.141672820105478,0.809055407181407,1.5705102782877725,PASS,2.022652849776665,1.496043146066754,2.6185084294793732,PASS,0.023023787997342823,0.02150485365618596,0.024220907110509702,FAIL,0.184,0.184,0.184,FAIL,4.924941337651626,4.264164489391455,5.728427728455238,FAIL,0.38218993152106345,0.1603489444739605,0.6045323429308967,PASS,0.7267171032007971,0.08064250355913954,0.9096506208350874,PASS,0.8458139708630206,0.33767640917975295,0.9442816235055702,FAIL,0.5561470563392619,0.1748095529786648,0.8090037102340135,PASS,0.2920587539030051,0.002053271322442353,0.5348763132150669,PASS,0.39755541056480526,0.09751189339181375,0.6166015535970475,PASS,0.21036935667125656,-0.17913785883641722,0.4930870485773547,PASS,0.8171645627255497,0.3054505510626758,0.9532422509222913,PASS,0.5546527994527588,0.08558774745811504,0.7968166300630876,PASS,0.5913794871750698,-0.0844963986635445,0.8393517144776449,PASS,0.39375000000000004,0.2,0.6,FAIL,48.72685946160365,29.790787784990762,88.97042072815327,PASS,-0.08889370166722065,-0.1874124681994807,-0.022506035229232946,FAIL,0.6039252028588185,0.5916347363940858,0.6132546712483479,FAIL,22647.751159965104,20153.827639173604,25872.64184415265,2,5,37,49,4,7
L06056,G12,P01,16,true,PASS,0.06644097222222223,0.030000000000000006,0.11649305555555557,FAIL,14.243123685677187,10.893507331518265,18.65514886206862,FAIL,0.47564661049157975,0.2281247014194229,0.8238589960110028,FAIL,-1.5951129955090972,-1.7956883885479935,-1.5004417410416384,PASS,-0.132714349023755,-0.2128912157224612,-0.0558375343187678,FAIL,0.4013004103401027,0.39624231705246665,0.4057217376155597,PASS,5.00115885416667,4.919765625000005,5.158255208333337,PASS,1546.4156997163373,1543.8584446433135,1547.7406397462973,PASS,0.9847107752428103,0.5366786723851726,1.5648746751684008,PASS,0.28407197480939317,0.154398445580678,0.3921559500904935,FAIL,7.015837587591446,6.903464148259099,7.0963342557642175,FAIL,1.0702079021025956,0.8902764208585031,1.2725619205096292,FAIL,0.6142751479289941,0.6142751479289941,0.6142751479289941,FAIL,0.0015833221189812052,0.0015833221189812052,0.0015833221189812052,PASS,0.08879022080240917,0.08879022080240917,0.08879022080240917,FAIL,0.2222970516048579,0.2222970516048579,0.2222970516048579,PASS,0.2109926998463887,0.2109926998463887,0.2109926998463887,PASS,0.4370703299516857,0.4370703299516857,0.4370703299516857,PASS,-1.9357318678842115,-3.9388775137579985,-0.7668695347052863,PASS,1.9792440227958588,0.885067055874699,4.98575280661108,PASS,2.2993892247009593,1.6118215378141365,2.8025999911823525,PASS,-1.343015420663518,-1.9483971405699356,-0.8698493074770188,PASS,1.2570913337706404,1.0630073017531487,1.3932659071414355,PASS,2.044798882455177,1.7904006239696095,2.3424411520453985,PASS,-1.578473046085587,-4.2144964126364135,-0.622741605903954,PASS,1.7544401440240196,0.9474897473767314,3.4983127572192183,PASS,1.7986810742455837,1.2381376590326503,2.3690877781071036,PASS,-1.6134828263389853,-4.849218998166645,-0.18386226444764273,PASS,1.7634643680593747,0.28270333875279813,3.9861467549039986,PASS,1.961803406723284,1.458386757380024,2.503456708193072,PASS,-0.2145187227268694,-0.2663296396619657,-0.13597443130806297,PASS,0.22208376877197897,0.14834712696362778,0.3406919121520981,PASS,1.4921736906026268,0.8852950829809135,2.373820363814096,PASS,-1.3627623080763487,-2.317336646131124,-0.6608956110593429,FAIL,1.151884961380535,0.5865435085760354,1.8541483254192006,PASS,1.913031588756011,1.302069653307061,2.5308691047411904,PASS,0.022526847957362338,0.020832531784653528,0.02435812054904094,FAIL,0.184,0.184,0.184,FAIL,4.400341834843422,3.9317811971727235,4.9198245526695565,FAIL,0.3682194257077026,0.19296506394693191,0.5638635793466762,PASS,0.6670567433390462,-0.13821887625648782,0.9085313865632197,PASS,0.7857104221125824,0.038418971497562945,0.9460233116699344,PASS,0.5085894800040843,-0.0453498000703126,0.7383596894164461,PASS,0.23432397440462294,-0.18341272850038698,0.5340681209246788,PASS,0.366882937412099,0.019566573251329548,0.6083118595943358,PASS,0.19749615974435114,-0.2144793287985685,0.48421658714375365,PASS,0.7664561327565991,0.06857197380498678,0.9504454957212163,PASS,0.5185676548390841,0.0019843050682034594,0.7558163301930773,PASS,0.5579068025230685,-0.21931252514946387,0.8121336100222184,PASS,0.403125,0.21875,0.625,FAIL,0.0,0.0,0.0,PASS,-0.18763935512752744,-0.2973691471341097,-0.05078410054026196,PASS,0.9330100474374028,0.9107933510834588,0.9509855638793349,FAIL,14333864479694.809,11400.82872713683,143338644611743.5,2,5,37,49,3,7
L06103,G12,P01,16,true,PASS,0.05510416666666666,0.02,0.08746527777777778,FAIL,25.7719908933433,24.207467814777154,27.170435399638528,FAIL,0.7463769879237525,0.6328654963234771,0.8888202154684917,FAIL,-5.402200530917965,-5.447147491674077,-5.348768724802061,PASS,-0.8037862504822236,-0.8635262386805638,-0.735834502900181,PASS,0.6333758461687959,0.6323526718102364,0.6348830825542834,PASS,4.9825455729166706,4.82131510416667,5.114270833333338,PASS,1546.7186915213006,1544.5744336724617,1549.3432427804564,PASS,0.9337625262607889,0.5959000231550441,1.42617023653742,PASS,0.3209561027771477,0.17729060266639154,0.497983019661265,FAIL,3.5146764803274912,3.3763558398470908,3.6186145986675817,PASS,0.536296010161877,0.3444909051594256,0.6655846433140669,FAIL,0.6142751479289941,0.6142751479289941,0.6142751479289941,FAIL,0.0015833221189812052,0.0015833221189812052,0.0015833221189812052,PASS,0.08879022080240917,0.08879022080240917,0.08879022080240917,FAIL,0.2222970516048579,0.2222970516048579,0.2222970516048579,PASS,0.2109926998463887,0.2109926998463887,0.2109926998463887,PASS,0.4370703299516857,0.4370703299516857,0.4370703299516857,PASS,-1.6413030006045257,-3.2315251305135684,-0.7695500241740599,PASS,2.0620040439686713,0.8538182607859811,4.868540808875561,PASS,2.0971622023648635,1.42946361515473,2.6090277314479553,PASS,-1.3044392642466187,-1.9468444811852266,-0.9304018416944152,PASS,1.2155703491634409,0.8617614781829339,1.3793031500951067,PASS,2.107434047481391,1.7825263259184918,2.428849307755303,PASS,-1.747506272014696,-4.2144964126364135,-1.0159055861233564,PASS,1.8721527220546919,0.8549173537118688,3.185377924419529,PASS,1.8672046814747951,1.1771258090604206,2.2458313514882517,PASS,-1.511875813385815,-4.849218998166645,-0.21757963078173312,PASS,1.6642071283220483,0.28270333875279813,3.5051563762986806,PASS,1.873583452091613,0.5742848841606452,2.6972673372618634,PASS,-0.20381074841357988,-0.27179615836276205,-0.13211040383115089,PASS,0.19750127978314658,0.08825526985274924,0.3333780074818268,PASS,1.413933052882058,0.9053988052342045,2.0329701910211133,PASS,-1.5105856663002215,-2.483050086096028,-0.7042722048810736,FAIL,1.0330718246449262,0.49999986750754816,1.5456273577703066,PASS,2.094211564802121,1.6309659381719903,2.5547489839282402,PASS,0.02198719179506681,0.020487801864512704,0.023276652785428426,FAIL,0.1831875,0.175875,0.184,FAIL,4.453727050232178,3.6706972621679745,4.918845536694323,FAIL,0.3752423800593738,0.08321366923624621,0.5904297368274365,PASS,0.6428195474890743,0.005903765771225138,0.9199701966326493,PASS,0.7942750289770799,0.2875336940437153,0.9488124270027152,PASS,0.5165618189373681,-0.050646961406216995,0.7542782292113627,PASS,0.2502090646095404,-0.06782260244193059,0.5347313154508325,PASS,0.37041501495818263,0.10270451523886648,0.5991737341969827,PASS,0.19894250103027497,-0.22273923887174518,0.46858987094061155,PASS,0.7541314049074828,0.0350121221709133,0.9570039778663121,PASS,0.5332013490896576,0.0627054582233017,0.7701335194045322,PASS,0.5612815198023804,-0.11696506342276015,0.8124899609892582,PASS,0.375,0.2,0.7,FAIL,63.358003398088684,27.021662520850597,114.50918842012294,PASS,-0.10577224380155698,-0.18329104511685018,-0.06305792209505195,FAIL,0.40412486362048705,0.40240167809050204,0.4057510319903716,FAIL,16542.489345185822,14741.324631754396,18947.221855715703,2,5,38,49,4,7
L06129,G12,P01,16,true,PASS,0.06246527777777777,0.030833333333333338,0.1057638888888889,FAIL,23.524909974184332,21.358073626901767,25.672144175873946,FAIL,0.7392233383767668,0.5961953291093168,0.9119669023165992,FAIL,-2.3384458486605135,-2.4528465373160815,-2.189899310445731,PASS,-0.197967412704823,-0.24992728571753786,-0.13175240972796454,PASS,0.6299380259192686,0.6285307587437872,0.6321323964258362,PASS,4.9685481770833375,4.857916666666671,5.138320312500004,PASS,1546.9465447499374,1544.1829500321905,1548.7474330821333,PASS,1.0295639752437078,0.6270626222081092,1.5928561544741842,PASS,0.29377704891002077,0.1929147694031065,0.4328100155376664,FAIL,3.559212662320329,3.4828052041973163,3.6324836173660113,PASS,0.6540497110094994,0.5028038074304719,0.8098441279434925,FAIL,0.6142751479289941,0.6142751479289941,0.6142751479289941,FAIL,0.0015833221189812052,0.0015833221189812052,0.0015833221189812052,PASS,0.08879022080240917,0.08879022080240917,0.08879022080240917,FAIL,0.2222970516048579,0.2222970516048579,0.2222970516048579,PASS,0.2109926998463887,0.2109926998463887,0.2109926998463887,PASS,0.4370703299516857,0.4370703299516857,0.4370703299516857,PASS,-1.8129101896073643,-2.995741002765425,-0.7447473356558809,PASS,2.2066489056270413,0.8502236419899911,4.634116813404521,PASS,2.146314158699437,0.8225833496999615,2.692652352964145,PASS,-1.3045453950455899,-1.9483971405699356,-0.845824295471921,PASS,1.244494273579441,0.9538613084512193,1.544126656417583,PASS,2.0974293635422563,1.8661047439715441,2.3483078946736082,PASS,-1.42405007489115,-3.1931901888955148,-1.0838922635996597,PASS,1.7447008659754029,1.0502333921264264,2.5595082588201494,PASS,1.8383463015751582,1.0610108741237316,2.2255426242527303,PASS,-1.5027829975029308,-3.964934244327602,-0.2329015743828148,PASS,1.463088089397371,0.2931183951925733,2.543175619088044,PASS,1.9252533488491481,0.2924235618984408,2.674832906098387,PASS,-0.20132604632484402,-0.266445139288179,-0.12233941347001248,PASS,0.20735538084194716,0.08943190235307949,0.31899936145910385,PASS,1.4065159423583289,0.9836513445006348,2.193018725209206,PASS,-1.3106539034946414,-2.53485960255682,-0.6878339185205071,FAIL,1.2491275458021867,0.6900179597594761,2.678727099569468,PASS,1.8782122190920694,1.296518106624867,2.3342698724201667,PASS,0.022878068948768857,0.02091027291884193,0.023864204829387704,FAIL,0.184,0.184,0.184,FAIL,4.311195223263194,3.5511541646722873,5.264615056851456,FAIL,0.36808583312520515,0.12103311430813153,0.5533616111932674,PASS,0.6976625231790706,-0.06704767265786801,0.8856698254483711,PASS,0.8285624586489653,0.25974363568852743,0.9396046220216566,FAIL,0.5801824134429214,0.25818257789348975,0.7513620680825366,PASS,0.25235561755392666,-0.1814822282383608,0.4766508654227308,PASS,0.3758508094126245,-0.0011780901542328068,0.5653035762484565,PASS,0.23639682190245354,-0.11463426564214924,0.4336969553166791,PASS,0.7947850440181627,0.15144426298961758,0.9399751918852506,FAIL,0.5788959206529645,0.2171218049510991,0.7527363867520734,PASS,0.6363179402735938,0.03342990435651261,0.7962705106378917,PASS,0.4,0.2,0.6,FAIL,70.38745288408339,25.756979763129607,112.23200783256917,PASS,-0.23569344383346696,-0.3555185689137154,-0.10716276741017515,PASS,0.8339400115928443,0.8081863765192162,0.850890504431649,FAIL,14931.414598093615,11282.30744208196,24717.85818233024,2,5,37,49,4,7
L06169,G13,P05,16,true,PASS,0.06827380952380951,0.03274305555555555,0.13096230158730157,FAIL,14.289091267032035,10.568815660231078,17.262700491694083,FAIL,-0.16434081026649705,-0.2733507283413076,-0.07954554665646944,PASS,0.0006950394642261351,-0.0012581918357001801,0.0027863944658787893,PASS,-0.0015417676607400455,-0.033527855783945876,0.014336996768409159,FAIL,0.6038860302762268,0.5995292850330264,0.6104867193650058,PASS,5.011679687500004,4.921992187500004,5.12979166666667,PASS,1546.2444388709991,1544.3217815342898,1547.704395186207,PASS,0.9704122103004765,0.48127806431013026,1.3182325795520908,PASS,0.2942427507427574,0.15658556091816406,0.4659510307566584,FAIL,3.3677483559133075,3.161682084765643,3.5243366833643246,PASS,0.290982178151514,0.09328481654351671,0.45628562020587066,FAIL,0.6142751479289941,0.6142751479289941,0.6142751479289941,FAIL,0.0015833221189812052,0.0015833221189812052,0.0015833221189812052,PASS,0.08879022080240917,0.08879022080240917,0.08879022080240917,FAIL,0.2222970516048579,0.2222970516048579,0.2222970516048579,PASS,0.2109926998463887,0.2109926998463887,0.2109926998463887,PASS,0.4370703299516857,0.4370703299516857,0.4370703299516857,PASS,-1.7687802189120427,-2.995741002765425,-0.7404333101901082,PASS,1.9956569877889436,0.8271034057558526,4.829470142963721,PASS,2.2503955675272205,1.4745440850547904,3.0310983292115994,PASS,-1.3632033635211285,-1.9483971405699356,-0.9355615908788051,PASS,1.255837025706808,0.9395333476335312,1.3932659071414357,PASS,2.1224721892927727,1.7958316683511848,2.4200032652619003,PASS,-1.4093272948386404,-3.1931901888955148,-1.0101745744857995,PASS,1.6273528160617623,0.9458618243014555,3.081066313486299,PASS,1.8913048152333685,1.2984744210449028,2.3467720810337895,PASS,-1.344405667088719,-3.964934244327602,-0.19349666641672106,PASS,1.384591682571638,0.23925196752401537,3.344826250096908,PASS,2.0778470052443234,1.4404351818481187,2.636491832386262,PASS,-0.19119597606281952,-0.25642319393910273,-0.11019748105594476,PASS,0.22119219406309243,0.0894219542202797,0.3354053995565045,PASS,1.6653364985053556,0.8207242904882642,2.439237379209134,PASS,-1.3835049388647702,-2.2279271148931628,-0.5032957722138766,FAIL,1.3408256268737713,0.5816647687439594,2.063854369497061,PASS,1.9439150759654438,1.5799709702824154,2.3580836809520074,PASS,0.02297211911715938,0.021529490048989325,0.023809912084575967,FAIL,0.184,0.184,0.184,FAIL,4.300392484459891,3.6559009966241396,4.763101443303844,FAIL,0.2974221300833561,0.07370049982880739,0.559877921034165,PASS,0.5069037316938194,-0.16055517769184552,0.9033743613303464,PASS,0.6928300680900292,-0.01601021356571051,0.9439800766184193,PASS,0.410293751960123,-0.030700745725259136,0.7647684512231395,PASS,0.10167807552149549,-0.20576260624535445,0.43830142148108076,PASS,0.27006709515189664,-0.04637549715757379,0.5441627800300642,PASS,0.14138118865600108,-0.1971062004643996,0.4218475721063163,PASS,0.6313770004912203,0.12309498309477628,0.9508565136719875,PASS,0.3691265557229172,-0.10308442462210128,0.7734274677843117,PASS,0.4246761514018663,-0.22054376818667487,0.8177469385519889,PASS,0.24895833333333334,0.07291666666666666,0.48125,FAIL,42.96120458771884,13.59250554543283,119.38376042206728,PASS,-0.2327059104649469,-0.34473276191651275,-0.13865989961180544,PASS,0.9670162583554663,0.9640877043814341,0.9688501183714736,FAIL,12414.22560233945,7762.901620604884,18185.15313738617,3,5,38,49,3,7
L06196,G13,P05,16,true,PASS,0.05549107142857143,0.023750000000000004,0.0886954365079365,FAIL,7.519486553843992,4.9521536107296384,12.431777695772357,FAIL,0.6665170425802236,0.19491076959083176,0.9398788974802756,PASS,-0.009109065535350978,-0.02077300116844301,-0.0006502762002161127,PASS,-0.01838417789789057,-0.08149370924117341,0.031752946117636,FAIL,0.2718455863505116,0.260261130895972,0.28096707367031504,PASS,4.9880403645833375,4.8929036458333375,5.126796875000005,PASS,1546.6292458817802,1544.3705315273935,1548.1779059887876,PASS,1.0397748328325274,0.74565999414741,1.3581673788268231,PASS,0.28816045315175587,0.20253112540325724,0.4212168056023693,FAIL,3.4012535433799016,3.153686963359646,3.6062596691351367,PASS,0.31555670195818775,0.18369502742992583,0.4407228613700115,FAIL,0.6142751479289941,0.6142751479289941,0.6142751479289941,FAIL,0.0015833221189812052,0.0015833221189812052,0.0015833221189812052,PASS,0.08879022080240917,0.08879022080240917,0.08879022080240917,FAIL,0.2222970516048579,0.2222970516048579,0.2222970516048579,PASS,0.2109926998463887,0.2109926998463887,0.2109926998463887,PASS,0.4370703299516857,0.4370703299516857,0.4370703299516857,PASS,-1.4941563316305975,-2.995741002765425,-0.706542877329506,PASS,1.659281232171732,0.8729519620908003,4.868540808875561,PASS,1.8650220334219565,1.0232007984597182,2.887304965926152,PASS,-1.2288847577465662,-1.6157939840711173,-0.9114838461678769,PASS,1.2291264243050128,1.0841406459834082,1.2786795231062835,PASS,2.091351119838529,1.7427800851284194,2.4287792595632394,PASS,-1.5441487628175024,-4.2144964126364135,-1.0101745744857995,PASS,1.5820387738069246,0.9260004337893881,3.185377924419529,PASS,1.8588335281733066,1.3244032530451555,2.339356969407166,PASS,-1.2137899616469947,-4.849218998166645,-0.21513092170617137,PASS,1.0873548908462451,0.2898322670674174,3.5051563762986806,PASS,1.8660424523938122,0.8620919121700981,2.696542752220407,PASS,-0.19507152161330676,-0.26764278441003,-0.1249777305380778,PASS,0.21178777390778242,0.12482722293431482,0.3206507249604517,PASS,1.660788223403678,1.061605243180003,2.589582144347472,PASS,-1.438285815873492,-2.2207691250233745,-0.9713030851854234,FAIL,1.298067537883003,0.6848847179089418,1.9774815654268827,PASS,1.8873908187816455,1.529555408340063,2.4706812193677172,PASS,0.022784319702236707,0.020993443883386177,0.024306907574978692,FAIL,0.18359375,0.1799375,0.184,FAIL,4.337784093253196,3.5176967779687405,5.014871324290488,FAIL,0.3410410476933677,0.05518953906541691,0.6047556402045373,PASS,0.5545728965607747,-0.15268792113231647,0.8919094494262763,PASS,0.733418730373862,0.02433597376972257,0.937157916252575,FAIL,0.4789955836013079,0.14770276642947855,0.7153317908147977,PASS,0.15333283514461643,-0.2624779963978598,0.5250163055950866,PASS,0.3066232630234137,-0.0390346509747071,0.6251917959851276,PASS,0.1354523972775453,-0.15797811564777858,0.48585933147047966,PASS,0.6547227253740934,0.05299018022459363,0.9422450725890984,PASS,0.45198599500887715,0.05859438921290848,0.712454193004017,PASS,0.46473681066503003,-0.1816115758603188,0.7785513193551595,FAIL,0.19739583333333333,0.1,0.3,FAIL,0.0,0.0,0.0,PASS,-0.2166006561387633,-0.38959498702636836,-0.10498620387166353,PASS,0.9575702263235294,0.9105108688469634,0.9733129533401261,FAIL,205746.81482364878,66815.04067409849,467150.4097161261,3,5,36,49,3,7
L06205,G13,P05,16,true,PASS,0.04884424603174603,0.020416666666666666,0.07770833333333334,PASS,7.18379038048051,3.803930952326623,10.034273989645255,FAIL,0.4590628068715208,-0.07791182318587107,0.8678053151298151,PASS,-0.005961774610969508,-0.021917330309685134,0.0019266047562239473,PASS,-0.02516878054057424,-0.07971223254317883,0.009624097492163081,FAIL,0.28403231571551724,0.2759250506529944,0.2920439270525599,PASS,4.991914062500005,4.88162760416667,5.1241406250000034,PASS,1546.566188825483,1544.4137706517115,1548.3614603106475,PASS,0.9781430990361786,0.6028447911026603,1.3123735007242472,PASS,0.2782398649894373,0.17156866584927774,0.4401068797674547,FAIL,3.4057503622841696,3.195850812583778,3.5510767034101245,PASS,0.29154972288946357,0.18580333540391403,0.4098820615791922,FAIL,0.6142751479289941,0.6142751479289941,0.6142751479289941,FAIL,0.0015833221189812052,0.0015833221189812052,0.0015833221189812052,PASS,0.08879022080240917,0.08879022080240917,0.08879022080240917,FAIL,0.2222970516048579,0.2222970516048579,0.2222970516048579,PASS,0.2109926998463887,0.2109926998463887,0.2109926998463887,PASS,0.4370703299516857,0.4370703299516857,0.4370703299516857,PASS,-1.86063555095209,-3.3729956071624545,-0.7447473356558809,PASS,2.307483578926391,0.9548493158342531,4.98575280661108,PASS,1.9450387304333596,0.8789657198434152,2.766509889758164,PASS,-1.351478304090747,-1.6157939840711173,-0.965135451063966,PASS,1.2306126172179348,1.0630073017531487,1.3932659071414357,PASS,1.9910230144528351,1.799161813972812,2.2525743388788437,PASS,-1.5610482044417027,-4.2144964126364135,-0.9711994250572713,PASS,1.8754411367704638,0.8546606343373935,3.4983127572192183,PASS,1.7886804193931563,1.0182226481942498,2.380493562632058,PASS,-1.520919790680068,-4.849218998166645,-0.1950257810776087,PASS,1.6848606370379118,0.2802115205143928,3.9861467549039986,PASS,1.783046146450401,0.28378868126513623,2.6649192627986373,PASS,-0.22110451387296906,-0.268681127898213,-0.14473564047179263,PASS,0.2299342585144361,0.11893777740996105,0.3333780074818268,PASS,1.495721785184986,1.0793153100992072,2.395369829991904,PASS,-1.347277652570352,-1.7174225779425876,-0.6368112429051229,FAIL,1.4509006228484043,0.7431199650739518,2.0633524364863787,PASS,1.9505079678500241,1.5708220439593752,2.310427485162779,PASS,0.022605697496797007,0.021484531627307894,0.0238653950390855,FAIL,0.18278125,0.1775,0.184,FAIL,4.29810494428458,3.6423971316075217,4.885701504286707,FAIL,0.3630689395496235,0.08320280146505196,0.6314666743847729,PASS,0.6930719706280734,-0.04047474879153329,0.915751281637637,PASS,0.825780101673441,0.2770992864367948,0.9428484861854274,FAIL,0.5024429659097772,0.036038338265656014,0.7187136138899778,PASS,0.24685741020690574,-0.15407860229917772,0.54942527451601,PASS,0.37072042508381,0.04374799903441064,0.6446457905122608,PASS,0.19476054491092215,-0.16320831637705283,0.5005609593708387,PASS,0.7738493701589899,0.09087873113055647,0.9512670404521746,PASS,0.49372968624583286,-0.009562944983525829,0.7201503737620342,PASS,0.5685906378448666,-0.06600882855181611,0.770864811003516,FAIL,0.21145833333333333,0.03958333333333333,0.33749999999999997,FAIL,0.0,0.0,0.0,FAIL,-0.27717027956619344,-0.3995476434167423,-0.11092311323747271,PASS,0.9577895832287003,0.9265718542390022,0.9680564027630643,FAIL,143338.01388361488,50166.462857593855,351567.3842627492,4,5,35,49,3,7
L06296,G13,P05,16,true,PASS,0.06291914682539683,0.0275,0.09865575396825396,FAIL,8.956765931226544,5.691427657040745,14.039239103242531,FAIL,0.2585342348716544,-0.053342172836804445,0.7023959827470077,PASS,-0.002977202302390949,-0.013435197229395995,0.0016955502389358883,PASS,-0.03546269995267096,-0.08502804307926316,-0.007716972403721576,FAIL,0.29306129435826556,0.2878454111831079,0.29844576721075244,PASS,4.978684895833338,4.8437890625000035,5.049635416666671,PASS,1546.7815366211062,1545.6265856975335,1548.9774058756875,PASS,0.9568926229998747,0.687286645972749,1.2745399307189773,PASS,0.3129980132210929,0.17958792875561244,0.4482286734303286,FAIL,3.3832971478445293,3.2444723767920323,3.5677469207032693,PASS,0.3827511445721506,0.22934990733805058,0.5168025675249526,FAIL,0.6142751479289941,0.6142751479289941,0.6142751479289941,FAIL,0.0015833221189812052,0.0015833221189812052,0.0015833221189812052,PASS,0.08879022080240917,0.08879022080240917,0.08879022080240917,FAIL,0.2222970516048579,0.2222970516048579,0.2222970516048579,PASS,0.2109926998463887,0.2109926998463887,0.2109926998463887,PASS,0.4370703299516857,0.4370703299516857,0.4370703299516857,PASS,-1.9931683904577013,-3.9388775137579985,-1.101756468828972,PASS,2.2484358144341403,1.0622371318713137,4.205787658965759,PASS,2.3656081620382263,1.930850461070347,2.922928051278477,PASS,-1.3209345777335941,-1.9468444811852266,-0.8318773364615677,PASS,1.2561858651381648,1.0905805200313614,1.3932659071414357,PASS,2.113071118436416,1.7668413896526776,2.3588159052837923,PASS,-1.3851028629816384,-3.1931901888955148,-1.0101745744857995,PASS,1.932959531392796,1.1189092140981032,3.081066313486299,PASS,1.7778723934326373,1.1207409805848798,2.217264155362507,PASS,-1.4261137303887281,-3.964934244327602,-0.3803239041515505,FAIL,1.9892277784699486,1.355025701048505,3.344826250096908,PASS,1.992175549542032,1.5058853439527569,2.531862298108385,FAIL,-0.2216054142149748,-0.2670396969631327,-0.1714648578707235,FAIL,0.25286226100689674,0.20927083987569928,0.3333780074818268,PASS,1.4635299091802987,1.0469136084937591,2.4862794625955678,PASS,-1.5542979880722334,-2.451359788295779,-0.9687018076988871,FAIL,1.25588967665957,0.6674099552180579,1.7673235468055857,PASS,1.9072722672688336,1.440458358579289,2.3856956460094794,PASS,0.022063796763766075,0.02079036619110424,0.023595610396260472,FAIL,0.18359375,0.1799375,0.184,FAIL,4.4303150500301935,3.487440566831996,4.990810127213954,FAIL,0.3617384096150182,0.08420686550215437,0.5505643672660339,FAIL,0.7608068921672866,0.332009516610158,0.8948582684330851,FAIL,0.8853274927621126,0.7572350329932869,0.9335529720086847,FAIL,0.579603852111559,0.30883473292415714,0.7490794278913964,PASS,0.26892131268117,-0.19975742717541678,0.5401537290374491,PASS,0.4023851401666194,0.10318687045706162,0.612511289923562,PASS,0.2657121205169134,0.038498451095186695,0.47371949441323935,FAIL,0.8260698429419625,0.3451786305997536,0.9363280731371717,PASS,0.5541548149950632,-0.008335957884412437,0.7652986063633016,FAIL,0.6660276103412301,0.312887377420011,0.8116410072877509,PASS,0.2078125,0.07395833333333333,0.45625,FAIL,0.0,0.0,0.0,FAIL,-0.28079729222144745,-0.41549437220743357,-0.09246307872850076,PASS,0.9665041753627751,0.9406279717553402,0.9714000826730459,FAIL,102300.26283977051,52930.87935194427,232697.05368062953,3,5,29,49,3,7
L06916,G14,P05,16,true,PASS,0.056634424603174596,0.024444444444444446,0.09628472222222222,FAIL,17.29127550292594,14.335541144409307,19.48436456447161,FAIL,-0.12113762270853148,-0.2734780533870025,0.05390241043136766,PASS,0.0006537985931097607,-0.00126335040764027,0.002349257294210493,PASS,0.004938218958841135,-0.018020811639840817,0.022456258523347483,PASS,0.6246914856922354,0.6209393938171401,0.6286864120531463,PASS,4.980904947916671,4.860716145833337,5.14662760416667,PASS,1546.745398039262,1544.0477217904509,1548.701862436406,PASS,0.9534730168365861,0.7967416812203398,1.2721730634678496,PASS,0.30713243291977194,0.1449434260812636,0.47198288162652263,FAIL,3.3909558936630546,3.141149722551162,3.5302973668516646,FAIL,0.27108208664646277,0.1284222731306272,0.40965074160879766,FAIL,0.6142751479289941,0.6142751479289941,0.6142751479289941,FAIL,0.0015833221189812052,0.0015833221189812052,0.0015833221189812052,PASS,0.08879022080240917,0.08879022080240917,0.08879022080240917,FAIL,0.2222970516048579,0.2222970516048579,0.2222970516048579,PASS,0.2109926998463887,0.2109926998463887,0.2109926998463887,PASS,0.4370703299516857,0.4370703299516857,0.4370703299516857,PASS,-1.8064077958225122,-3.3729956071624545,-0.7394324738305569,PASS,2.349459436335345,0.8538182607859811,4.98575280661108,PASS,2.04202142672091,0.9278690009911523,2.7597911296983697,PASS,-1.2668417149304148,-1.9468444811852266,-0.9035442882795781,PASS,1.230903495239086,1.0792696551282683,1.3932659071414357,PASS,2.097165119789633,1.8873090731266209,2.4026331019941565,PASS,-1.7599171454125861,-4.2144964126364135,-1.026960843110853,PASS,1.9677876230929074,1.0247265426841061,3.4983127572192183,PASS,1.7262721225189295,1.0811687199556275,2.4109974006776094,PASS,-1.6432706204318708,-4.849218998166645,-0.2710234696999025,PASS,1.75134810700267,0.2752518307914407,3.9861467549039986,PASS,1.7482436649386022,0.48879329667202376,2.6520419607514363,PASS,-0.21352302227126518,-0.26600135347494963,-0.1512235746292747,PASS,0.2028621123436456,0.10157574865401268,0.27899504808092135,PASS,1.3338126624554132,0.915829267806278,2.0333327004355413,PASS,-1.564340091581331,-2.148575551526065,-0.9415454914657078,FAIL,1.3400967514012714,0.6208155192991504,2.1311009386926907,PASS,1.9014612162071185,1.4198531424561018,2.2421750419755386,PASS,0.02278505915440776,0.021683098519849658,0.024323908808449146,FAIL,0.1831875,0.1775,0.184,FAIL,4.2599872330368935,3.2122114854604384,5.550357234206056,FAIL,0.3885332528365397,0.15588243387339085,0.5848128726889603,FAIL,0.7550571009121088,0.3206817744139737,0.9047437563228958,FAIL,0.8832323272582883,0.710296775269043,0.941022549865501,FAIL,0.6114043769310734,0.35384784631564037,0.7009370158971546,PASS,0.2703291237887965,-0.08965125752324041,0.5584139893215351,PASS,0.40758180680211253,0.14566072993138027,0.6407243417768986,PASS,0.2728534936706234,-0.006415289208122517,0.4943642393685367,FAIL,0.8350612687321705,0.4123795837112454,0.9453593272706698,FAIL,0.5973070430267786,0.22777632414049065,0.727920389236134,FAIL,0.6870645792204444,0.34390404919786377,0.7825201502374441,PASS,0.24583333333333332,0.1,0.46875,FAIL,36.1023008075713,8.858460834072046,93.56763649885896,PASS,-0.21889486458286772,-0.3924177437088183,0.0028166069796223825,PASS,0.962801048155741,0.9611625602959913,0.9674847866844051,FAIL,11554.14918738577,8165.897610886171,18055.228618773486,3,5,32,49,4,7
L07006,G14,P05,16,true,PASS,0.054419642857142854,0.01375,0.0851736111111111,FAIL,18.67489117041655,16.603219815527034,19.98091697494791,FAIL,-0.14607950034621997,-0.2757778604065276,-0.05817411946293794,PASS,0.0012258722214878205,-0.0010860734470588742,0.004015394078451544,PASS,0.005228447047751706,-0.006863326442998873,0.023019174720594913,PASS,0.630904741017362,0.6261772713435606,0.6374165285779159,PASS,4.996061197916671,4.8798437500000045,5.130377604166671,PASS,1546.4986806828592,1544.3122434921609,1548.3904983500179,PASS,0.9328231435224212,0.5015960017875706,1.328831711176721,PASS,0.3086992609847656,0.18743549349772443,0.4483614734011467,FAIL,3.3940812499530004,3.209279081708746,3.563522129133886,PASS,0.30961573505390727,0.16617291220936647,0.4588191243859848,FAIL,0.6142751479289941,0.6142751479289941,0.6142751479289941,FAIL,0.0015833221189812052,0.0015833221189812052,0.0015833221189812052,PASS,0.08879022080240917,0.08879022080240917,0.08879022080240917,FAIL,0.2222970516048579,0.2222970516048579,0.2222970516048579,PASS,0.2109926998463887,0.2109926998463887,0.2109926998463887,PASS,0.4370703299516857,0.4370703299516857,0.4370703299516857,PASS,-1.6124444635609034,-2.995741002765425,-0.8569514081725895,PASS,1.6155810043614027,0.8618063025548477,2.905845746223557,PASS,2.0564515492450828,1.2722395910926514,2.7021517758666658,PASS,-1.3239319690218367,-1.9483971405699356,-0.8696429691368172,PASS,1.2609289025347499,1.0126175718753976,1.3932659071414357,PASS,2.0620772038413353,1.7573031711609186,2.4270864231582436,PASS,-1.1831884953723955,-1.4910131493273506,-0.9023575878799768,PASS,1.601842072573223,0.7337841300897295,2.385655573931433,PASS,1.8016877723801576,1.107024701120001,2.2011678840739806,PASS,-0.9104469881015582,-2.4911263212625308,-0.17843652867288226,PASS,1.4941821231874068,0.4898764626480032,2.2759587420850895,PASS,2.162970242193878,1.4263936790273126,2.853468104989134,PASS,-0.18473885856924457,-0.26677342547519506,-0.11332652279765375,PASS,0.23413583772110197,0.12651194485970313,0.33464512752850034,PASS,1.574556046198098,0.9924379945568019,2.5088688856321397,PASS,-1.4103239618167456,-2.345141312945066,-0.8372711986488413,FAIL,1.2018709616203607,0.6702550835810558,1.9331554396260018,PASS,1.8807235165129979,1.3865650079629457,2.231402498688415,PASS,0.022358271602478587,0.020661066921437387,0.02395577056668989,FAIL,0.184,0.184,0.184,FAIL,4.423068394974926,3.2500463589017947,5.493420040127352,PASS,0.2921150926523851,0.022526249274915,0.5043669232885084,PASS,0.5905849400812015,0.036462074201110806,0.883989733770061,FAIL,0.8133035154622821,0.598071167363236,0.9333840846296045,FAIL,0.4727027879200222,0.0759093086666458,0.7069635840893246,PASS,0.1318565507421805,-0.28688657606927215,0.48507882134158953,PASS,0.3043863350008874,-0.009296733541177373,0.5408912425420692,PASS,0.1530050570470438,-0.16513150487411005,0.37919700024982406,PASS,0.6621379012402946,0.1196891069419236,0.9325401203250706,PASS,0.4364066560492521,-0.028364364344281485,0.7166376785816011,PASS,0.5663895972717892,0.15925414986609965,0.7743802333225864,PASS,0.23750000000000002,0.037500000000000006,0.38125,FAIL,29.743013492863142,13.336235820170772,54.60684668443583,PASS,-0.22975752445973815,-0.35954021452927165,-0.08864292200161775,PASS,0.9608307411295074,0.9581317472105412,0.9641121425661088,FAIL,12192.037261487185,8465.566730267641,16854.57180366534,3,5,38,49,4,7
L07102,G14,P05,16,true,PASS,0.06441716269841269,0.035277777777777776,0.09966269841269842,FAIL,17.544475603731073,14.353762899753818,20.51192124136729,FAIL,-0.15496405510874978,-0.3283151163640813,-0.02677646273138355,PASS,0.000852769846193202,-0.0011705079219048392,0.0026315375727231603,PASS,0.006789874985785776,-0.014242950194654231,0.03180603939061876,PASS,0.6256736534924013,0.6212624434196852,0.6306306428106576,PASS,5.010143229166671,4.825976562500004,5.177825520833338,PASS,1546.2694497370262,1543.539874036206,1549.2673623564083,PASS,0.9528451925093243,0.5126448661257835,1.335996747271558,PASS,0.32695088615478807,0.23465509465113174,0.4493051740202802,FAIL,3.340722033587556,3.085634801112006,3.54430831332769,PASS,0.34907640110464344,0.17180195866630452,0.5109526256800706,FAIL,0.6142751479289941,0.6142751479289941,0.6142751479289941,FAIL,0.0015833221189812052,0.0015833221189812052,0.0015833221189812052,PASS,0.08879022080240917,0.08879022080240917,0.08879022080240917,FAIL,0.2222970516048579,0.2222970516048579,0.2222970516048579,PASS,0.2109926998463887,0.2109926998463887,0.2109926998463887,PASS,0.4370703299516857,0.4370703299516857,0.4370703299516857,PASS,-1.703757324107511,-4.080347990406885,-0.7404333101901082,PASS,1.9632236994250345,0.8538182607859811,4.98575280661108,PASS,2.006136559164595,1.1650059335344671,2.915628625898809,PASS,-1.3627785226360944,-1.963836028626632,-0.851778963888145,PASS,1.3066081056703678,1.1233794422156125,1.5162011423249258,PASS,2.0617614421602526,1.627238674039413,2.4449581366102544,PASS,-1.550758199838699,-4.2144964126364135,-1.026960843110853,PASS,1.739235389985555,0.8779790658981388,3.4983127572192183,PASS,1.6541709952938732,1.1373836215171484,2.3529084117574244,PASS,-1.1840402787915678,-4.849218998166645,-0.19349666641672106,PASS,1.5218560385642592,0.25388866106857555,3.9861467549039986,PASS,1.7310878779240468,0.9937310351034798,2.2728254296392327,PASS,-0.19904681329511437,-0.2682373420849837,-0.1258764945771674,PASS,0.22327304576607682,0.08943190235307949,0.3406919121520981,PASS,1.563315010907627,0.9019045948770582,2.605337539339244,PASS,-1.346111356551839,-2.33979226122345,-0.561366943247037,FAIL,1.3881957455503908,0.6244463441455121,2.012148117319446,PASS,1.9621852172552907,1.485128032727198,2.56674804443189,PASS,0.022738154337972626,0.020566640802766583,0.024022603451565587,FAIL,0.184,0.184,0.184,FAIL,4.531765455869644,3.438601029740102,5.334719860873381,FAIL,0.3001723036867068,0.11137246547173192,0.5665759312222873,PASS,0.5988597952202916,-0.07783431872219732,0.9082534818800692,PASS,0.7848143882680381,0.2623391826614357,0.9413204064008619,FAIL,0.4809276531985399,0.06891994262815573,0.7227473672926056,PASS,0.14681351651369132,-0.3047042567351506,0.5132823321337311,PASS,0.3040301537079282,-0.02140247205083054,0.6070138687107148,PASS,0.16044224362340054,-0.20199457810855248,0.5205089330833391,PASS,0.7113530453254922,0.153438702924949,0.9473037275937883,PASS,0.47680267274320165,0.05456140934702641,0.7392737259675634,PASS,0.5292531276655837,-0.1030490005325522,0.8057518439731128,FAIL,0.2209375,0.09583333333333333,0.36666666666666664,FAIL,36.01982970386955,11.390276091673677,97.4326799977745,PASS,-0.20327467303286897,-0.39830442092903035,-0.027873051170200898,PASS,0.9556809727282599,0.9539431051713652,0.9588896548307873,FAIL,14487.533901198769,9445.637405630834,19178.992073893613,3,5,37,49,4,7
L07124,G14,P05,16,true,PASS,0.08151537698412699,0.035138888888888886,0.1192906746031746,FAIL,18.1697986734783,15.289087114827382,20.768419997967605,FAIL,-0.23177797634150787,-0.3354822238282757,-0.09020156907813281,PASS,0.000360350103094921,-0.001212816017631032,0.0019163280382377178,PASS,0.005725559151875891,-0.005814781661028156,0.016162247453492914,PASS,0.6285901150028707,0.6246042375302184,0.6330656156087638,PASS,4.999726562500004,4.808710937500004,5.118893229166671,PASS,1546.43901493043,1544.499189117889,1549.5484166644753,PASS,0.9237774078212269,0.5765344695640972,1.2851458511175513,PASS,0.30158588976790346,0.12052202632312001,0.4979145078052116,FAIL,3.3448277638001453,3.1492868281005566,3.5008442103241597,PASS,0.29225764917556474,0.11764436605897,0.47619437924737146,FAIL,0.6142751479289941,0.6142751479289941,0.6142751479289941,FAIL,0.0015833221189812052,0.0015833221189812052,0.0015833221189812052,PASS,0.08879022080240917,0.08879022080240917,0.08879022080240917,FAIL,0.2222970516048579,0.2222970516048579,0.2222970516048579,PASS,0.2109926998463887,0.2109926998463887,0.2109926998463887,PASS,0.4370703299516857,0.4370703299516857,0.4370703299516857,PASS,-1.6148911311313958,-2.746126770519381,-0.6836303398800976,PASS,1.988516423864365,0.7029344879142433,4.568999036884788,PASS,2.077027214326541,1.1068884897111197,2.6192799291375337,PASS,-1.2525857281441835,-1.8242532041521446,-0.9136654908819913,PASS,1.2420301297442824,1.0792696551282683,1.3932659071414357,PASS,2.0459240517578277,1.6926497819018176,2.5079921218303447,PASS,-1.1636725510493875,-1.410387562322061,-0.9711994250572713,PASS,1.6367113459324614,0.7750590602655172,2.385655573931433,PASS,1.8876320179032458,1.0814292839039674,2.250371985106922,PASS,-1.0835608757434851,-2.3003849327837953,-0.20617515465867942,PASS,1.4466988151796953,0.28681551382913306,2.2759587420850895,PASS,2.008007340991563,0.7003201778263721,2.6623990071703174,PASS,-0.21069291571324222,-0.26545420982992285,-0.1304925434421461,PASS,0.2423934517594919,0.11264644475448247,0.33464512752850034,PASS,1.5604051922042335,1.048074571916026,2.3307262223509375,PASS,-1.4918284280164706,-2.1880570356919082,-0.812947579879528,FAIL,1.380392426330721,0.7388708794159289,2.146101260893503,PASS,1.9543912317435388,1.4927266101780425,2.4338467796935843,PASS,0.022454621228504335,0.020418999983771877,0.023746052171887314,FAIL,0.184,0.184,0.184,FAIL,4.265021051632694,3.4863456020151338,4.929394179165336,PASS,0.30826713872358713,0.0016193022883701953,0.5142593215706311,PASS,0.5591327982894004,-0.13770067817668966,0.8872292566744017,PASS,0.7094350931892961,-0.0005908459561516644,0.9356803447310464,PASS,0.455616234498563,0.007085919180868108,0.7010889657496697,PASS,0.1575720618370199,-0.22000144072616254,0.46417689686781505,PASS,0.29849588747231925,-0.03883756965866533,0.5393278138687719,PASS,0.13704475358415752,-0.22073878534960048,0.34672682351810535,PASS,0.6533660564381161,0.025155944866357326,0.9289514815953365,PASS,0.4495446355996425,-0.09995697001435866,0.7128128819262287,PASS,0.4819093252781376,-0.2648535293353687,0.8062919490489605,PASS,0.2778125,0.15312499999999998,0.521875,FAIL,32.056420140933874,8.326423047321494,97.73730012964683,PASS,-0.21111735774383938,-0.36938299371371397,-0.056608883243083774,PASS,0.9775998388833398,0.9770096378743891,0.9781815354538002,FAIL,13922.574315802845,9076.030072284313,19190.0977739726,3,5,40,49,4,7
L07247,G15,P05,16,true,PASS,0.07091765873015873,0.01,0.14020833333333332,FAIL,15.653239457407368,13.445986505299363,17.80799249815385,FAIL,-0.0763343846924289,-0.25925131826388625,0.06386924197465861,PASS,-0.0005195550223088239,-0.005998311320554459,0.0030847181696065642,PASS,-0.012256205780482872,-0.03524399313731779,0.0055664474611707105,PASS,0.6378825811491604,0.6357646673977171,0.6421393441530481,PASS,5.019309895833338,4.832578125000004,5.202291666666671,PASS,1546.1202323668308,1543.1416077881986,1549.1599004150885,PASS,0.976920342144775,0.8049953035969195,1.3424749300364285,PASS,0.2751826662552316,0.14141450989478904,0.42609936120063674,FAIL,3.2881925081869086,2.9236713854675713,3.511292006639801,PASS,0.32807716092018324,0.14989287490143055,0.6185394168967755,FAIL,0.6142751479289941,0.6142751479289941,0.6142751479289941,FAIL,0.0015833221189812052,0.0015833221189812052,0.0015833221189812052,PASS,0.08879022080240917,0.08879022080240917,0.08879022080240917,FAIL,0.2222970516048579,0.2222970516048579,0.2222970516048579,PASS,0.2109926998463887,0.2109926998463887,0.2109926998463887,PASS,0.4370703299516857,0.4370703299516857,0.4370703299516857,PASS,-1.680658996985767,-4.653762439489204,-0.6836303398800976,PASS,2.133403104491842,0.8966974325346247,4.829470142963721,PASS,1.8541570276360952,0.9067926274417785,2.7798147976298186,PASS,-1.4328091858878131,-1.9493287362007612,-0.9361806058994101,PASS,1.2972617147761438,1.0088446719191952,1.5860149275565691,PASS,2.0336640240942216,1.7243328685115715,2.4187953731213496,PASS,-1.599172149186546,-5.02705850667373,-0.9172357310215521,PASS,1.6896450685949738,0.827306330403492,3.185377924419529,PASS,1.8271763539887922,1.1625162760598033,2.361849791074424,PASS,-1.3724759296236544,-5.676026696347508,-0.2309790320086193,PASS,1.316971449099928,0.28270333875279813,3.5051563762986806,PASS,1.755540686449712,0.3171615613981824,2.729658331778192,PASS,-0.22444221947956675,-0.4736643029042864,-0.12578494426167508,PASS,0.2242354171599441,0.10039911615368244,0.34831927707617283,PASS,1.6604205618877774,0.9817259364160187,2.411593415889535,PASS,-1.5440052303137388,-2.3668258787811687,-0.8223793433177897,FAIL,1.315227561050604,0.7398463651363981,2.0625822225278907,PASS,1.9977905325601524,1.5560748903276131,2.3362983636549757,PASS,0.02275125503327321,0.020853966437403733,0.023956154170650515,FAIL,0.184,0.184,0.184,FAIL,4.317951486475275,3.5207879468304606,5.6772419701699555,FAIL,0.3437287621984951,0.05253480772411073,0.6216469563281463,PASS,0.5957699258546943,-0.10590201757554518,0.9185983604083766,PASS,0.7568483456168165,0.04027441670497151,0.9488104339766781,FAIL,0.5039772864792129,0.033194054777126614,0.8014735227567978,PASS,0.1626581974480868,-0.1687279459714816,0.5418691414357071,PASS,0.32108459351294705,0.049883186524460416,0.634097931551136,PASS,0.135151944702338,-0.2014112766930568,0.5005235783260147,PASS,0.6738695756714227,-0.017280430022579327,0.95461165198128,PASS,0.4706698785013082,-0.07142848660928694,0.7868413948943083,PASS,0.4909922243625454,-0.256458954579461,0.8220688023271054,FAIL,0.16178571428571428,0.009375000000000001,0.35416666666666663,FAIL,37.80822042021591,10.493598773588227,69.90129962404885,PASS,-0.20931446676041432,-0.4068599221581804,-0.01865559154699705,PASS,0.9453509958059249,0.9406333984015376,0.9508792952222429,FAIL,13536.814187677373,8620.27934215197,24742.86558643086,3,5,37,49,4,7
L07348,G15,P05,16,true,PASS,0.06421626984126985,0.03375,0.11095238095238096,FAIL,21.415715940438897,18.478653794259674,22.704723028122743,FAIL,-0.19895472329602004,-0.36805392249596647,-0.06525269738335737,PASS,0.0002493268614090074,-0.0007517113424341009,0.0008780675979385748,PASS,0.004742600252881483,-0.009890596392073568,0.024940516443738178,PASS,0.6335590108590945,0.6298172135525252,0.6376380620429892,PASS,5.023059895833337,4.89076822916667,5.141419270833338,PASS,1546.0591888972053,1544.132504387153,1548.2126668534356,PASS,0.8830473325383141,0.5166629021298592,1.3725008345117309,PASS,0.3053062049198719,0.1387734747795441,0.4710023169151597,FAIL,3.403639461064678,3.269481057012409,3.5184618737942888,FAIL,0.2995336240052554,0.20068320292735092,0.39504353540474807,FAIL,0.6142751479289941,0.6142751479289941,0.6142751479289941,FAIL,0.0015833221189812052,0.0015833221189812052,0.0015833221189812052,PASS,0.08879022080240917,0.08879022080240917,0.08879022080240917,FAIL,0.2222970516048579,0.2222970516048579,0.2222970516048579,PASS,0.2109926998463887,0.2109926998463887,0.2109926998463887,PASS,0.4370703299516857,0.4370703299516857,0.4370703299516857,PASS,-1.9410187685164009,-3.2315251305135684,-0.7536054386980877,PASS,2.4952153813163465,1.0622371318713137,4.98575280661108,PASS,2.1489474651158824,1.4667922181004303,2.754172157926575,PASS,-1.3635796823802646,-1.9468444811852266,-0.7892779534919918,PASS,1.3147834088074957,1.110258827196549,1.4630796923730793,PASS,2.150411121100019,1.7882994858100354,2.412576197555247,PASS,-1.9416190531576052,-4.2144964126364135,-1.0082684956948518,PASS,1.9821902320540814,0.8322709125807096,3.4983127572192183,PASS,1.878915037425731,1.2130786396907647,2.318874480878987,PASS,-1.9230808204878662,-4.849218998166645,-0.20984821827202205,PASS,2.139009145566854,0.7531881238139483,3.9861467549039986,PASS,2.0945924856925564,1.315362078369264,2.7164476933275576,PASS,-0.2021496266322555,-0.2670396969631327,-0.14001865343102424,PASS,0.23592718630182888,0.10627220102481448,0.33464512752850034,PASS,1.666124174171065,0.7987954891051918,2.6473101396961556,PASS,-1.5345510033823457,-2.1843547307826476,-0.646406480075646,FAIL,1.3882730946739934,0.8024508732637896,2.0181251766592996,PASS,2.0347410828956134,1.6793536044846555,2.3751762115403054,PASS,0.022697789156394754,0.021715437289361275,0.023890337506936817,FAIL,0.184,0.184,0.184,FAIL,4.601276523830482,3.8479092132844395,5.593604774664336,PASS,0.31357467511263126,0.009999144599048935,0.5656853819547677,PASS,0.6557469226097448,0.1722417863092797,0.904104308301824,FAIL,0.8539091419106368,0.6493903950875838,0.9441061341532229,FAIL,0.5111324026018931,0.22134817536689438,0.7656573363742321,PASS,0.1582807483172771,-0.33653740673433363,0.4563371677242172,PASS,0.3239876646259941,-0.013563939126784046,0.5603486948753661,PASS,0.1876143742009349,-0.13731511961562987,0.42212381744791977,PASS,0.7310716212187891,0.2522476435607644,0.948770934145616,PASS,0.43718795308598646,-0.06161624379507026,0.7683793184395449,PASS,0.5447195852720634,0.12870879390227966,0.8228216169922463,PASS,0.24114583333333334,0.1,0.4,FAIL,26.958791108256847,8.5486001298459,51.83695905235404,PASS,-0.1773381014665831,-0.34132398259692404,-0.03805966557628357,PASS,0.9830275076572155,0.9824122289826116,0.9841085798571693,FAIL,13414.757433638617,6320.221512662572,20766.693501350634,3,5,37,49,4,7
L07468,G15,P05,16,true,PASS,0.05906001984126984,0.029027777777777777,0.09348710317460317,FAIL,19.943306691308635,18.12524030392877,22.012827641394892,FAIL,-0.10996508410042677,-0.2623217876324999,-0.007457731454934075,PASS,0.0007413572818174406,-0.0005636877830950306,0.002949325492652968,PASS,0.010301337390617078,-0.017593048077849484,0.03944895194782271,PASS,0.6357570122499996,0.6315568448485706,0.6397835670087025,PASS,5.02281901041667,4.883085937500004,5.163385416666671,PASS,1546.0631100923028,1543.774933785562,1548.337721183571,PASS,0.8370195792811276,0.49192549783714723,1.340582903563553,PASS,0.2681295835511168,0.17884641100428467,0.39658196023159065,FAIL,3.312970846813806,3.0849494253010756,3.4974103899122952,PASS,0.30998899062790686,0.16527495982544,0.5111934672775105,FAIL,0.6142751479289941,0.6142751479289941,0.6142751479289941,FAIL,0.0015833221189812052,0.0015833221189812052,0.0015833221189812052,PASS,0.08879022080240917,0.08879022080240917,0.08879022080240917,FAIL,0.2222970516048579,0.2222970516048579,0.2222970516048579,PASS,0.2109926998463887,0.2109926998463887,0.2109926998463887,PASS,0.4370703299516857,0.4370703299516857,0.4370703299516857,PASS,-2.138451705034059,-3.2315251305135684,-0.749291413232315,PASS,3.246474638477421,0.9152735317612124,4.98575280661108,PASS,2.3767259727537438,1.1517032185811829,2.999943887899572,PASS,-1.3341161073219834,-1.9493287362007612,-0.7758253774053346,PASS,1.2808093999772512,1.0902971019001044,1.4630796923730793,PASS,2.085474249287117,1.844442910935901,2.361432565425704,PASS,-2.1562452560636403,-4.2144964126364135,-1.026960843110853,PASS,2.25661264500218,1.0950302877310585,3.4983127572192183,PASS,1.9019763393373248,1.1366912821556272,2.45727346718805,PASS,-2.311088319725372,-4.849218998166645,-0.2691390322654198,PASS,2.3869727151042435,0.5224889589409043,3.9861467549039986,PASS,2.0346593758330433,0.821444816699683,2.8244896466948335,PASS,-0.21980084024319047,-0.270012485337901,-0.14944173091763122,PASS,0.2241641142411812,0.13302713452236645,0.3354053995565045,PASS,1.5431260885806517,0.9260186243750397,2.4443001464436223,PASS,-1.2960474215667799,-2.162087228268328,-0.7774599371521208,FAIL,1.2147976954713338,0.6849582337960495,2.0389014782337584,PASS,1.9712041357005599,1.6305486019748623,2.373025766208383,PASS,0.02276628832136555,0.021378514561288704,0.024466846462171874,FAIL,0.18278125,0.1734375,0.184,FAIL,4.5793698387050785,3.7030007059788126,5.7125904020250875,FAIL,0.36514258038067127,0.08067543125768181,0.654640745969225,PASS,0.7289949557389197,0.2742418426308866,0.9319667663387077,FAIL,0.8780026877294196,0.7077259147406789,0.9581472985213112,FAIL,0.5406630315520615,0.13208454736304417,0.8005186729273356,PASS,0.233428932348636,-0.28371319303118747,0.5774969684947324,PASS,0.382250124819731,0.05137133426971174,0.6548050195784337,PASS,0.2509808330241884,-0.0982040009632135,0.48919227983260033,FAIL,0.7969143176739026,0.3873081716801289,0.9607541959139874,PASS,0.45114892126658124,-0.13831030300411926,0.7830870665199061,PASS,0.5974682454583846,0.140587300209009,0.8201929804009322,FAIL,0.14572916666666666,0.04,0.28125,FAIL,31.18113633627166,12.416831026538436,57.431257379150765,PASS,-0.17234411670309288,-0.32379270734647503,0.0028634591468702855,PASS,0.9582655708350452,0.9534570699093808,0.9700463397690897,FAIL,11389.888818347352,7939.035305440068,17064.03707702668,3,5,35,49,4,7
L07494,G15,P05,16,true,PASS,0.05803819444444444,0.02,0.08555555555555557,FAIL,21.278977648362968,18.90913719586088,23.913134633334764,FAIL,-0.12315525632515491,-0.22270928410918084,0.012774948017245595,PASS,0.0001866725740824281,-0.001146652139340822,0.0013774994424862411,PASS,0.0009537683347606066,-0.013481565009753657,0.008325796003637528,PASS,0.6360743517495301,0.6340868317981806,0.6391434365843163,PASS,5.026731770833338,4.887812500000004,5.1477864583333375,PASS,1545.9994171665303,1544.0288576626845,1548.2607809770639,PASS,0.9574808888635608,0.6360672163124299,1.3516504046055462,PASS,0.33164619630188746,0.17190288172340018,0.42958911731092436,FAIL,3.4108186320530587,3.224683435663924,3.554453201851937,PASS,0.2853609586104582,0.15795139309617767,0.44738381532748134,FAIL,0.6142751479289941,0.6142751479289941,0.6142751479289941,FAIL,0.0015833221189812052,0.0015833221189812052,0.0015833221189812052,PASS,0.08879022080240917,0.08879022080240917,0.08879022080240917,FAIL,0.2222970516048579,0.2222970516048579,0.2222970516048579,PASS,0.2109926998463887,0.2109926998463887,0.2109926998463887,PASS,0.4370703299516857,0.4370703299516857,0.4370703299516857,PASS,-1.7468410125902927,-3.9388775137579985,-0.7961243333006802,PASS,2.184985262061508,0.8458676108883014,4.98575280661108,PASS,2.106424058477753,1.2067643513018378,2.8283730659627757,PASS,-1.184761565400746,-1.781319232628172,-0.7766671336677514,PASS,1.2113333694464072,1.0069873059258596,1.379303150095107,PASS,1.9915092131695666,1.6797642403326134,2.3439226298331635,PASS,-1.4929727958448653,-4.2144964126364135,-0.6021078130174979,PASS,1.7476103283727076,0.8619727067659524,3.4983127572192183,PASS,1.8087177709708717,1.188519449383888,2.425434177073989,PASS,-1.3116050402572759,-4.849218998166645,-0.17924811499804363,PASS,1.6208095655152297,0.2572189945655433,3.9861467549039986,PASS,1.907648037612026,0.6088034377134519,2.7781074311945355,PASS,-0.20118023888700579,-0.2670396969631327,-0.12224786315452017,PASS,0.2435041173842488,0.11263649662168268,0.3414875757805377,PASS,1.6609028286342795,1.0063297475884232,2.422230344463726,PASS,-1.6467360380916585,-2.3039021391823566,-0.9742497762970302,FAIL,1.2191335216611536,0.7808956925072172,1.8541288321833709,PASS,1.9593657156397812,1.6677537549834744,2.2895424110858267,PASS,0.022592301587874807,0.02040763989031044,0.02363638695940804,FAIL,0.1831875,0.175875,0.184,FAIL,4.8953230018648135,3.3427856864691488,6.446619024043021,FAIL,0.2883279679796559,0.06521018053764233,0.5075118774377747,PASS,0.5784190277506847,-0.10759401043718994,0.8808478656885168,PASS,0.7765845816880572,0.2194906946453375,0.9328773996414871,PASS,0.43660244595243447,-0.008932062746720495,0.7010723023251607,PASS,0.1587574870841806,-0.23239644981848875,0.47060133376337593,PASS,0.30446234027324004,-0.051196432927564615,0.5718887504248643,PASS,0.13109446242633832,-0.15974048863389828,0.4667774180669005,PASS,0.6856528131961185,0.13058435340585126,0.9355502899379872,PASS,0.38018399729635177,-0.22956194353751425,0.7144638231374277,PASS,0.46627501503090807,-0.06184658600435708,0.7867532491938773,PASS,0.2505208333333333,0.1,0.41875,FAIL,32.50478260049376,13.942393954247063,60.8036120751003,PASS,-0.15124796615540226,-0.24403252693474942,-0.006165294368639752,PASS,0.9756300179096647,0.974531410259746,0.9785442746732801,FAIL,12462.1033275862,7224.863078042567,18051.98667212815,3,5,39,49,4,7
L07595,G15,P05,16,true,PASS,0.057611607142857145,0.024166666666666666,0.10840277777777779,FAIL,14.836864269622279,13.173821630786342,15.954478076128144,FAIL,-0.13630568296411505,-0.2851069906226449,-0.02018988575472895,PASS,-8.304534726785332e-05,-0.0025187736435997856,0.0014786025059982325,PASS,-0.006130714412027748,-0.0514439160585846,0.020803762699662536,PASS,0.6369620612295733,0.6346909303622599,0.6392376866937156,PASS,4.98863932291667,4.8654817708333375,5.163567708333337,PASS,1546.6194958831593,1543.7719663946777,1548.6242863604236,PASS,0.9018022606676432,0.5613028468137149,1.259435482650468,PASS,0.27272413746729707,0.1408761195323926,0.42212492530062024,FAIL,3.4050882468134036,3.2693070551570798,3.517003477036765,PASS,0.30788823827398465,0.16927804349189857,0.4823727846808367,FAIL,0.6142751479289941,0.6142751479289941,0.6142751479289941,FAIL,0.0015833221189812052,0.0015833221189812052,0.0015833221189812052,PASS,0.08879022080240917,0.08879022080240917,0.08879022080240917,FAIL,0.2222970516048579,0.2222970516048579,0.2222970516048579,PASS,0.2109926998463887,0.2109926998463887,0.2109926998463887,PASS,0.4370703299516857,0.4370703299516857,0.4370703299516857,PASS,-2.1167588429413495,-4.504759420353543,-0.7404333101901082,PASS,2.752888424395011,0.8502236419899911,4.98575280661108,PASS,1.9848626815789934,0.8323485414695567,2.8925078123036005,PASS,-1.3637604870963855,-1.9468444811852266,-0.8472700500456335,PASS,1.1754001663047575,0.7360817965388126,1.3932659071414357,PASS,2.0781992374320244,1.776378803554825,2.4439324751127334,PASS,-1.7369344672538143,-4.2144964126364135,-1.0101745744857995,PASS,2.202488190640338,1.0358817489440706,3.4983127572192183,PASS,1.8924121997166157,1.0504254586537678,2.499432304942265,PASS,-1.7214535478002133,-4.849218998166645,-0.2309790320086193,PASS,2.068173519513668,0.2861427544753123,3.9861467549039986,PASS,1.7126037077909548,0.29258018884859704,2.9507536399151557,PASS,-0.20861969171671385,-0.2680865702232593,-0.1424395559359185,PASS,0.21802856830508552,0.11922313455921278,0.3333780074818268,PASS,1.4308172974512758,0.9237709635774638,2.3054257793310553,PASS,-1.5137606771318088,-2.3477998034059855,-0.8352288526905738,FAIL,1.3739026931703964,0.7830160074454785,1.83408652366321,PASS,1.8853913659899426,1.52401138836772,2.2617639053956573,PASS,0.022992886706557428,0.022099261978664967,0.024123030538294486,FAIL,0.184,0.184,0.184,FAIL,4.574171160097354,4.174976073321377,5.576833057305202,PASS,0.36210146715631825,-0.0207900733384273,0.6076946013131859,PASS,0.652642803571147,-0.057257001688113596,0.9194324997153632,PASS,0.8170176994579159,0.26621822195797434,0.9449076812941635,PASS,0.5264255676319143,-0.08165441073645799,0.7179035562463045,PASS,0.2471735670884493,-0.2659436622997642,0.5868134739401067,PASS,0.37226181428892713,0.03886325208865736,0.6600459810936138,PASS,0.22795554149817085,-0.14986497374258817,0.566774649060663,PASS,0.7325262048629564,0.1328083826103308,0.9465438966814347,PASS,0.5069797964491491,-0.112946675233512,0.7366859497258371,PASS,0.6062491368827594,-0.04346265483024579,0.8067682482942524,PASS,0.22645833333333334,0.043750000000000004,0.43125,FAIL,26.728222643950495,15.29250560023484,42.233957258709324,PASS,-0.22097361102139784,-0.373997186576818,-0.024224641144617042,PASS,0.9745859012043334,0.9730145359197077,0.9770889349349645,FAIL,12305.517549706336,7411.892148015563,18302.579816859517,3,5,40,49,4,7
L07928,G16,P05,16,true,PASS,0.06487103174603175,0.018854166666666665,0.13094246031746032,FAIL,7.391814291426986,5.1463398556638476,10.067334817636434,FAIL,-0.2275783117941887,-0.38512088873684197,-0.11906391287459236,PASS,6.349641651586783e-05,-0.0035075886565813464,0.0022513579120061866,PASS,-0.006012323102564385,-0.046064753685195484,0.009039835806469507,PASS,0.6295630391508769,0.6263922475545604,0.635221019128663,PASS,4.972578125000004,4.848906250000004,5.0855729166666706,PASS,1546.8809442157392,1545.0415857802898,1548.8941069744278,PASS,0.8929914983230416,0.551524316289352,1.238502617255112,FAIL,0.2522577345946416,0.15024580340966714,0.3356101967794857,FAIL,3.256064420506813,2.9173510818029786,3.5616696378185795,PASS,0.30296498605797195,0.1673291055113656,0.502634485338125,FAIL,0.6142751479289941,0.6142751479289941,0.6142751479289941,FAIL,0.0015833221189812052,0.0015833221189812052,0.0015833221189812052,PASS,0.08879022080240917,0.08879022080240917,0.08879022080240917,FAIL,0.2222970516048579,0.2222970516048579,0.2222970516048579,PASS,0.2109926998463887,0.2109926998463887,0.2109926998463887,PASS,0.4370703299516857,0.4370703299516857,0.4370703299516857,PASS,-1.7146668922742074,-4.080347990406885,-0.7394324738305569,PASS,1.780805718451611,0.8325927194536584,4.829470142963721,PASS,1.7343442074560642,0.8375397170118558,2.5498361561295892,PASS,-1.422197287607483,-1.9539867143548888,-0.9581241100913735,PASS,1.2547054131471396,1.0173485191400335,1.4491169353267506,PASS,2.0692623834070742,1.8311930613293301,2.4137844793242036,PASS,-1.3744655694348307,-3.1931901888955148,-0.9615115784854045,PASS,1.6358723920621228,0.8778375960038152,3.081066313486299,PASS,1.4926285220059894,1.0467768739921748,2.17996552451259,PASS,-1.1025552137694326,-3.964934244327602,-0.2664853136042649,PASS,1.3365708090485833,0.2878789956951264,3.344826250096908,PASS,1.423854379944045,0.2976764453128216,2.5025644910225986,PASS,-0.21001164877475095,-0.26600135347494963,-0.13858656700308192,PASS,0.2350627423848095,0.10444653316643084,0.33920675969652525,PASS,1.368962421239923,0.9416552621550579,1.9909129043096367,PASS,-1.3735612085324904,-2.352675239891541,-0.750052786677118,FAIL,1.449830473759759,0.6417479264641559,2.025246002697864,PASS,1.9226231615175022,1.4257267198387849,2.267333778491863,PASS,0.02283196723987929,0.021585799454709936,0.024573463925897522,FAIL,0.1831875,0.1775,0.184,FAIL,4.155877275557058,3.2736835577140346,4.809858646506102,FAIL,0.34526307370406667,0.10359100025524401,0.4962067237417736,FAIL,0.7485430298156974,0.3796507862816121,0.8865249392924441,FAIL,0.8776293390843005,0.7585931051853156,0.9285509367918197,FAIL,0.5752784247241158,0.29335455103358454,0.6918863006701146,PASS,0.2253804008282107,-0.11282613790760543,0.4632817032147851,PASS,0.36828272206224283,0.15915815548393353,0.5871415190381002,PASS,0.20491539098917494,-0.018665006191820224,0.4953674747731998,FAIL,0.8329003141814137,0.42538370197593767,0.9338106738403406,PASS,0.5717530371574495,0.14651821723960906,0.7145412464485832,FAIL,0.6683072346693144,0.40560824631633113,0.7814095233820557,FAIL,0.108125,0.019999999999999997,0.2270833333333333,FAIL,25.588350110668816,12.88602470375248,72.63732987610287,PASS,-0.243590823171968,-0.41524248924352336,-0.06718149529828493,PASS,0.9365681164956619,0.9286400271672285,0.9383971637807564,FAIL,14331.120563681121,7404.590251494318,19928.941637959902,3,5,32,49,4,7
L07973,G16,P05,16,true,PASS,0.06031994047619048,0.03111111111111111,0.10222222222222221,FAIL,18.03523535555488,15.850006666419144,19.882366088150214,PASS,0.013982164651970691,-0.1430063367139738,0.15138370562344233,PASS,-8.813083226388209e-06,-0.0008047832657939917,0.000869743550854778,PASS,-0.005336628615844519,-0.01458083832006958,0.0013517640874189318,PASS,0.6375199607511639,0.63585386740525,0.6386307457807593,PASS,4.995546875000004,4.89248697916667,5.154023437500004,PASS,1546.5070529642835,1543.9273305031338,1548.184688596524,PASS,0.9639100631806106,0.47912092498936787,1.3759801528517652,PASS,0.31620383194702417,0.1941877521057245,0.5188936109321302,FAIL,3.412168249352025,3.2933963234435963,3.5344736911663066,PASS,0.28080177539084783,0.15591828736432597,0.49774092081257426,FAIL,0.6142751479289941,0.6142751479289941,0.6142751479289941,FAIL,0.0015833221189812052,0.0015833221189812052,0.0015833221189812052,PASS,0.08879022080240917,0.08879022080240917,0.08879022080240917,FAIL,0.2222970516048579,0.2222970516048579,0.2222970516048579,PASS,0.2109926998463887,0.2109926998463887,0.2109926998463887,PASS,0.4370703299516857,0.4370703299516857,0.4370703299516857,PASS,-1.483650047963319,-2.9819108982675244,-0.7421589203764173,PASS,2.115481824908165,0.8538182607859811,4.829470142963721,PASS,2.1809311893032133,1.425753143213874,2.95285718169955,PASS,-1.265330524200702,-1.8242532041521446,-0.845824295471921,PASS,1.220596875414842,0.9397033985122855,1.379303150095107,PASS,2.154135774053397,1.7678479340495281,2.4531879101119842,PASS,-1.1931142798901657,-1.4239422182297736,-1.0101745744857995,PASS,1.7552179659108929,0.8976952454938014,3.081066313486299,PASS,1.8759169695605293,1.1551874203265664,2.2174184518286686,PASS,-0.8351156808743426,-2.3003849327837953,-0.17895667013435135,PASS,1.6135362397854354,0.24407311564565676,3.344826250096908,PASS,2.1546951184543524,1.4560587212008944,2.819479561275709,PASS,-0.19273526889079468,-0.2682373420849837,-0.12992365135568543,PASS,0.2088269764115495,0.10300137413170277,0.33993164012409394,PASS,1.6396767498921692,0.9615216239751496,2.406082775612937,PASS,-1.401314582244865,-2.315275371354417,-0.7664557101730269,FAIL,1.039730266083989,0.6677757467891363,1.7750828023216945,PASS,1.9044101701068887,1.5444146431853825,2.2186198004235176,PASS,0.02249452939830194,0.021041000210943246,0.02400034630622374,FAIL,0.1831875,0.175875,0.184,FAIL,4.538090787871179,3.62289949929855,6.094337606413129,FAIL,0.316108407283834,0.08221556757667746,0.5525477856905847,PASS,0.5647967524276766,-0.1798748286027997,0.8926561087954273,PASS,0.746209058138791,-0.012960365156542863,0.9353577372712443,FAIL,0.46901287071154907,0.175594899263659,0.6933647946054214,PASS,0.17906620523601058,-0.19237306911933122,0.4995469665211244,PASS,0.30453083480802245,-0.0643821909561485,0.5608520343382564,PASS,0.1435637137860191,-0.167325380290447,0.3803551470925745,PASS,0.6733451150318759,0.13750033198275435,0.9411988697948543,PASS,0.4335278765604025,0.0401929072862184,0.7096530324038127,PASS,0.48131713963452594,-0.17314222974062216,0.7699187794255609,PASS,0.28020833333333334,0.15,0.44166666666666665,FAIL,40.75120931477192,28.82476702135993,56.36524016468675,FAIL,-0.013689049581115938,-0.21807604703739222,0.15599630516439664,PASS,0.996658232413985,0.9963615693480551,0.9972363707164439,FAIL,15752.613199527683,9156.741936252622,22509.223123817545,4,5,37,49,4,7
L08129,G16,P05,16,true,PASS,0.048896329365079365,0.02,0.07507936507936508,FAIL,13.060506324266045,10.853346454885344,14.434990672019119,PASS,0.16576407405859828,-0.0014426308852905287,0.3140261035640555,PASS,-0.0009119948405695991,-0.008892445277685105,0.004137488554523167,PASS,-0.009758294203535457,-0.03632644974021283,0.00225045931141634,PASS,0.6379903821014798,0.6363536715392598,0.6399922530591352,PASS,5.008691406250004,4.925794270833338,5.1032291666666705,PASS,1546.2930828858566,1544.75417277747,1547.6425038906145,PASS,0.8611694748699384,0.428599014844918,1.1915318278408182,PASS,0.27377417903947737,0.11549996291701134,0.452145540139827,FAIL,3.4447143415161356,3.281327078103039,3.5671120720160987,PASS,0.30086252463173246,0.1578532765614667,0.47470324639032374,FAIL,0.6142751479289941,0.6142751479289941,0.6142751479289941,FAIL,0.0015833221189812052,0.0015833221189812052,0.0015833221189812052,PASS,0.08879022080240917,0.08879022080240917,0.08879022080240917,FAIL,0.2222970516048579,0.2222970516048579,0.2222970516048579,PASS,0.2109926998463887,0.2109926998463887,0.2109926998463887,PASS,0.4370703299516857,0.4370703299516857,0.4370703299516857,PASS,-2.1799213727463433,-4.795232916138089,-0.8080539808284772,PASS,2.430893739521221,0.8805966928032664,4.98575280661108,PASS,2.1636100843480355,1.1854227052864361,2.7283334592294266,PASS,-1.405774940407258,-1.8227005447674356,-0.9345743960434284,PASS,1.3045875992247722,1.0566541186196972,1.8358957269777973,PASS,2.091409348918237,1.7849339522116496,2.397209079796685,PASS,-1.6046069922604467,-4.261078838868055,-0.7874920432845657,PASS,1.9926296357103257,1.0934023646557827,3.4983127572192183,PASS,1.8548570423877964,1.2232083812802106,2.4438550569098116,PASS,-1.5824143242740085,-5.012813130968225,-0.21145785809282872,PASS,1.9240094993321395,0.3189797260536714,3.9861467549039986,PASS,1.8941886908629413,1.0444509651430922,2.3510470528706855,PASS,-0.2327918870031161,-0.4744631173680992,-0.1324415153537756,PASS,0.23577208108310982,0.13758264096017292,0.33464512752850034,PASS,1.4740388607189643,1.021469403185759,2.2021767581948613,PASS,-1.481103101174658,-2.204172503493381,-0.7898384238703028,FAIL,1.33074072852391,0.5501857083648863,2.0384904808429787,PASS,1.9449474333592383,1.583804183239013,2.3169652853407467,PASS,0.02253320578323052,0.020605561653234794,0.023722972494639484,FAIL,0.184,0.184,0.184,FAIL,4.632009852999738,3.653674204951636,5.892945139803599,FAIL,0.38195843688263453,0.15420882354936413,0.6643742949600456,PASS,0.6984977959064977,-0.008507786809335907,0.9301138768311451,PASS,0.8314226271019585,0.31458378893278455,0.9549919818163638,PASS,0.5049377930048198,-0.10991467637536037,0.7662527489173336,PASS,0.2564902715753593,-0.2054897526990907,0.6115877516452799,PASS,0.39341707603425985,0.06248453264852186,0.6659808598031272,PASS,0.22106519974491007,-0.2093973581546697,0.49959851362708246,PASS,0.7749877192064919,0.044345450005648344,0.9613953967694324,PASS,0.5249498785841508,0.002809935211139108,0.7946155200199236,PASS,0.5914588149190185,-0.10059930565255645,0.8302892159383788,FAIL,0.17812499999999998,0.05,0.35,FAIL,44.627468150694426,26.75880181302872,62.675408524133616,FAIL,0.04484585691790422,-0.21214324141115135,0.2677356424740505,PASS,0.908557422795942,0.8982160989531047,0.9285471789225117,FAIL,12501.996111046867,6791.550519163956,19167.99199767842,4,5,37,49,4,7
L08175,G16,P05,16,true,PASS,0.058916170634920634,0.03222222222222222,0.0928422619047619,FAIL,20.49119626981232,19.051614365570735,21.996235362244402,PASS,0.03847243137617012,-0.14920448039287876,0.2074852225332382,PASS,0.000998699087359336,-0.0018856374783857038,0.0066702648595063745,PASS,0.00247830935028964,-0.017136172643874476,0.03253506996572694,PASS,0.6384308226753268,0.6363457353068285,0.6410373816291679,PASS,5.011582031250004,4.879140625000003,5.141106770833337,PASS,1546.2460285446873,1544.1375913429547,1548.401944000573,PASS,0.8992774687828956,0.36727615446799666,1.3304822967435628,PASS,0.270319867993991,0.16546968457197306,0.386820112945159,FAIL,3.2791505329298074,2.9637066025639456,3.453241348789025,FAIL,0.27317935248280956,0.16573613998979986,0.3963752830433505,FAIL,0.6142751479289941,0.6142751479289941,0.6142751479289941,FAIL,0.0015833221189812052,0.0015833221189812052,0.0015833221189812052,PASS,0.08879022080240917,0.08879022080240917,0.08879022080240917,FAIL,0.2222970516048579,0.2222970516048579,0.2222970516048579,PASS,0.2109926998463887,0.2109926998463887,0.2109926998463887,PASS,0.4370703299516857,0.4370703299516857,0.4370703299516857,PASS,-1.8217013963967372,-3.3729956071624545,-0.7351184483647841,PASS,1.7561595930418576,0.9548493158342531,3.9453165528868266,PASS,2.0487827430528496,1.2164390292527794,2.50987711188849,PASS,-1.3167604611973425,-1.8227005447674356,-0.9889237618775168,PASS,1.2047312625074476,1.056484067740943,1.3560318883512257,PASS,2.066417629978328,1.8056744627039891,2.4204068697062957,PASS,-1.4005329735576229,-3.1931901888955148,-1.0036939065965773,PASS,1.4040849523962748,0.7890908963752661,2.202040674400096,PASS,1.9451138619328616,1.450331949640761,2.2112965018752178,PASS,-1.2982151752102342,-3.964934244327602,-0.21145785809282872,PASS,1.2301916067978795,0.28477931347710683,2.1302240801376726,PASS,2.021838663936996,1.130888626963712,2.7264743931771074,PASS,-0.19632447913524956,-0.2554322644808466,-0.13912698920035893,PASS,0.23634443893970902,0.12682024973929285,0.3354053995565045,PASS,1.6234325944818386,1.11157395295196,2.535238088247024,PASS,-1.2275977986967006,-1.9946193604670577,-0.5209195602499173,FAIL,1.2379734327994267,0.6243793757357632,2.020892471530305,PASS,1.9095154905821907,1.5257336011010794,2.3522546441017393,PASS,0.02242395555935336,0.020308195782037096,0.023618068755867104,FAIL,0.184,0.184,0.184,FAIL,4.540863298565905,3.7693758135401136,5.89143583034931,PASS,0.32357877374757743,0.043920583900986535,0.512066392457174,PASS,0.5549340990669056,-0.14996045298010888,0.8694249428787931,PASS,0.705740309213166,-0.011274694695483943,0.9286822287418216,PASS,0.47551215942046055,-0.004273064825046885,0.7717939006849306,PASS,0.1823301945540746,-0.22881319355834984,0.454832280956753,PASS,0.32356158350891073,-0.03681844480087379,0.5564027715744535,PASS,0.16834507921226138,-0.20863069118566036,0.43201797914797857,PASS,0.6627375134015061,0.0002345995375716975,0.9338127223144785,PASS,0.47403489871417315,0.03127082719017865,0.7745048613369364,PASS,0.4801054129701523,-0.2581921908767947,0.8221926417636372,FAIL,0.13374999999999998,0.043750000000000004,0.25,FAIL,31.47841895108153,13.065204553212588,62.08862873722637,PASS,-0.09345668864115848,-0.29878067676689535,0.13387950594903358,PASS,0.9349366925514686,0.9262236358182978,0.9447716823967668,FAIL,11237.212990681564,4063.2035820544443,18858.44815481144,4,5,38,49,4,7
